url,post_id,user_url,user_username_raw,content,date_posted,hashtags,num_comments,num_shares,num_likes_type,page_name,profile_id,page_intro,page_category,page_logo,page_external_website,page_likes,page_followers,page_is_verified,original_post,attachments,other_posts_url,post_external_link,post_external_title,post_external_image,page_url,header_image,avatar_image_url,profile_handle,has_handshake,is_sponsored,sponsor_name,shortcode,video_view_count,likes,post_image,post_type,following,link_description_text,count_reactions_type,is_page,page_phone,page_email,page_creation_time,page_reviews_score,page_reviewers_amount,page_price_range,about,active_ads_urls,delegate_page_id,privacy_and_legal_info,play_count,timestamp,input_url,input_num_of_posts,input_start_date,input_end_date,input_posts_to_not_include,error,error_code,warning,warning_code
https://www.facebook.com/AttijariBankTunisie/posts/pfbid02Dirfj3eFPNR2r9xRzNXiXqzHC6qghdEtqLAsM1tmNcMABzdmgyrkpxSXnJfYcBXwl,1330574249284221,https://www.facebook.com/AttijariBankTunisie,Attijari bank Tunisie,"🏡 تحب تجدّد دارك ولا تعمل فيها تحسينات؟

مع Crédit Tahssin من التجاري بنك، تنجم تموّل أشغال التهيئة والتجديد بقرض يتماشى مع احتياجاتك.

سواء كنت حريف لدى التجاري بنك أو لا، تنجم تقدّم مطلبك بالطريقة اللّي تناسبك أكثر:
🏦 في الفرع مع مرافقة مكلّف بالحرفاء
💻 100% en ligne، بكل سهولة و 100% sécurisée

للمزيد من المعلومات : https://shorturl.at/IlhHG 

#Attijaribank #croire_en_vous",2026-07-09T13:00:19.000Z,"[""attijaribank"",""croire_en_vous""]",0,0,"{""type"":""Like"",""num"":3}",Attijari bank Tunisie,1.0007E+14,Attijari bank Tunisie est une banque tunisienne universelle,Financial service,https://scontent-ams2-1.xx.fbcdn.net/v/t39.30808-1/492478744_979737447701238_8591043563280545417_n.jpg?stp=dst-jpg_tt6&cstp=mx960x958&ctp=s200x200&_nc_cat=101&ccb=1-7&_nc_sid=2d3e12&_nc_ohc=7qhny1HiUU4Q7kNvwGUHfu_&_nc_oc=Adqmv86mKyNozRy76LzxSoB6YrWgehGEupCzcTBCgFCuZOLAtjOvUWudkMlUAy-Kai4&_nc_zt=24&_nc_ht=scontent-ams2-1.xx&_nc_gid=pHEthhionI1_ISFZQ62BKQ&_nc_ss=79289&oh=00_AQCEYe4PnN3-bfPyIyifppFTv6OLA4pimsNwMxflvCEQcQ&oe=6A55DBD1,attijaribank.com.tn,,539000,TRUE,,"[{""id"":""1330574212617558"",""type"":""Photo"",""url"":""https://scontent-ams2-1.xx.fbcdn.net/v/t39.99422-6/741000963_1562755868909160_4523789248746186626_n.png?stp=dst-jpg_tt6&cstp=mx1080x1350&ctp=s640x640&_nc_cat=102&ccb=1-7&_nc_sid=127cfc&_nc_ohc=XegXncp4McYQ7kNvwEoXU02&_nc_oc=Adq3FgYAiPyCFuftIr9IxBwGd1jYqJDYoEZLl71DurkTmMEqs6aQGDLBSeGZfkUrXd0&_nc_zt=14&_nc_ht=scontent-ams2-1.xx&_nc_gid=OrtRDFe74SuDwGDBH-9rfQ&_nc_ss=79289&oh=00_AQCE0e1apZTH9GU68qHhugJYCFVQnr6YRZO0ORa217ZzSw&oe=6A55CBC1"",""video_url"":null,""thumbnail_url"":null}]",,,,,https://www.facebook.com/AttijariBankTunisie,https://scontent-ams2-1.xx.fbcdn.net/v/t39.99422-6/735505058_1573365627779035_1628699429943343082_n.png?stp=dst-jpg_tt6&cstp=mx2048x899&ctp=s960x960&_nc_cat=108&ccb=1-7&_nc_sid=cc71e4&_nc_ohc=BBX5LF9bDUYQ7kNvwHEA-eQ&_nc_oc=AdpdjWXuXMe-wo25uJiPD1S8BY1gFl-X1UyOK4lqhQQFEpvImywh3444n8Jue4SQ1jk&_nc_zt=14&_nc_ht=scontent-ams2-1.xx&_nc_gid=pHEthhionI1_ISFZQ62BKQ&_nc_ss=79289&oh=00_AQARo1bJHBa6sLjsDjvyHSFrK236nIVssR3wH8TWwK7KuQ&oe=6A55D4F7,https://scontent-ams2-1.xx.fbcdn.net/v/t39.30808-1/492478744_979737447701238_8591043563280545417_n.jpg?stp=dst-jpg_tt6&cstp=mx960x958&ctp=s200x200&_nc_cat=101&ccb=1-7&_nc_sid=2d3e12&_nc_ohc=7qhny1HiUU4Q7kNvwGUHfu_&_nc_oc=Adqmv86mKyNozRy76LzxSoB6YrWgehGEupCzcTBCgFCuZOLAtjOvUWudkMlUAy-Kai4&_nc_zt=24&_nc_ht=scontent-ams2-1.xx&_nc_gid=pHEthhionI1_ISFZQ62BKQ&_nc_ss=79289&oh=00_AQCEYe4PnN3-bfPyIyifppFTv6OLA4pimsNwMxflvCEQcQ&oe=6A55DBD1,AttijariBankTunisie,,FALSE,,1330574249284221,,3,https://scontent-ams2-1.xx.fbcdn.net/v/t39.99422-6/741000963_1562755868909160_4523789248746186626_n.png?stp=dst-jpg_tt6&cstp=mx1080x1350&ctp=s640x640&_nc_cat=102&ccb=1-7&_nc_sid=127cfc&_nc_ohc=XegXncp4McYQ7kNvwEoXU02&_nc_oc=Adq3FgYAiPyCFuftIr9IxBwGd1jYqJDYoEZLl71DurkTmMEqs6aQGDLBSeGZfkUrXd0&_nc_zt=14&_nc_ht=scontent-ams2-1.xx&_nc_gid=OrtRDFe74SuDwGDBH-9rfQ&_nc_ss=79289&oh=00_AQCE0e1apZTH9GU68qHhugJYCFVQnr6YRZO0ORa217ZzSw&oe=6A55CBC1,Post,9,,"[{""type"":""Like"",""reaction_count"":3}]",TRUE,+216 70 012 000,,2016-05-31T00:00:00.000Z,,,,"[{""type"":""INFLUENCER CATEGORY"",""value"":""Page · Financial service"",""link"":null},{""type"":""ADDRESS"",""value"":""24, rue Hédi Karray Centre Urbain Nord -, Tunis, Tunisia"",""link"":""https://maps.google.com/maps?q=36.84626860%2C10.18824175&hl=en""},{""type"":""PROFILE PHONE"",""value"":""+216 70 012 000"",""link"":null},{""type"":""OTHER ACCOUNT"",""value"":""Attijari_bank_tunisie"",""link"":""https://www.instagram.com/Attijari_bank_tunisie""},{""type"":""OTHER ACCOUNT"",""value"":""Attijari-bank-tunisie"",""link"":""https://linkedin.com/in/Attijari-bank-tunisie""},{""type"":""WEBSITE"",""value"":""attijaribank.com.tn"",""link"":""http://www.attijaribank.com.tn/""},{""type"":""BUSINESS HOURS"",""value"":""Closed now"",""link"":null}]",[],1757021657886917,,,2026-07-09T19:38:53.497Z,https://www.facebook.com/AttijariBankTunisie,10,,,,,,,
https://www.facebook.com/AttijariBankTunisie/posts/pfbid0wKXYgNWNX5tFmQRDCppJkYcZptAodTD3BjvrtUdgjDpxwL6pCB2BcCcNieARmZgZl,1329931096015203,https://www.facebook.com/AttijariBankTunisie,Attijari bank Tunisie,"Plus qu’une mise à jour… une nouvelle ère pour votre expérience bancaire. 🚀
Avec Attijari Up, profitez d’une application pensée pour vous accompagner au quotidien avec encore plus de fluidité, d’autonomie et de simplicité.

✨ Passez à une expérience bancaire plus intuitive et plus riche…

📱Téléchargez dès maintenant l’application Attijari Up, disponible sur tous les stores, en cliquant sur le lien suivant : https://www.attijariup.com.tn 

☎️Pour toute assistance, nous sommes à votre disposition au 71 111 345 et sur contact@attijariup.com.tn

#Attijaribank #croire_en_vous",2026-07-08T17:00:53.000Z,"[""attijaribank"",""croire_en_vous""]",0,1,"{""type"":""Like"",""num"":29}",Attijari bank Tunisie,1.0007E+14,Attijari bank Tunisie est une banque tunisienne universelle,Financial service,https://scontent-ams2-1.xx.fbcdn.net/v/t39.30808-1/492478744_979737447701238_8591043563280545417_n.jpg?stp=dst-jpg_tt6&cstp=mx960x958&ctp=s200x200&_nc_cat=101&ccb=1-7&_nc_sid=2d3e12&_nc_ohc=7qhny1HiUU4Q7kNvwGUHfu_&_nc_oc=Adqmv86mKyNozRy76LzxSoB6YrWgehGEupCzcTBCgFCuZOLAtjOvUWudkMlUAy-Kai4&_nc_zt=24&_nc_ht=scontent-ams2-1.xx&_nc_gid=pHEthhionI1_ISFZQ62BKQ&_nc_ss=79289&oh=00_AQCEYe4PnN3-bfPyIyifppFTv6OLA4pimsNwMxflvCEQcQ&oe=6A55DBD1,attijaribank.com.tn,,539000,TRUE,,"[{""id"":""1329931082681871"",""type"":""Photo"",""url"":""https://scontent-ams2-1.xx.fbcdn.net/v/t39.99422-6/741977938_1035827752271025_2097629633426058312_n.png?stp=dst-jpg_tt6&cstp=mx1200x1200&ctp=p526x296&_nc_cat=105&ccb=1-7&_nc_sid=833d8c&_nc_ohc=mzOuLiJ3fIQQ7kNvwFq_ZmF&_nc_oc=AdpNlq_MeU7gUYCE0fdX5QD47B4TyEvwxZPfXvuKHRxSWTesydyVB74DbF1aUbvOrwg&_nc_zt=14&_nc_ht=scontent-ams2-1.xx&_nc_gid=GLGOGt-GLHfoNlVbmbVWAg&_nc_ss=79289&oh=00_AQBF2Mb6v2_0oDs7jS71tsIVRUAzoE1GV9Tagf783LM5hw&oe=6A55D769"",""video_url"":null,""thumbnail_url"":null}]",,,,,https://www.facebook.com/AttijariBankTunisie,https://scontent-ams2-1.xx.fbcdn.net/v/t39.99422-6/735505058_1573365627779035_1628699429943343082_n.png?stp=dst-jpg_tt6&cstp=mx2048x899&ctp=s960x960&_nc_cat=108&ccb=1-7&_nc_sid=cc71e4&_nc_ohc=BBX5LF9bDUYQ7kNvwHEA-eQ&_nc_oc=AdpdjWXuXMe-wo25uJiPD1S8BY1gFl-X1UyOK4lqhQQFEpvImywh3444n8Jue4SQ1jk&_nc_zt=14&_nc_ht=scontent-ams2-1.xx&_nc_gid=pHEthhionI1_ISFZQ62BKQ&_nc_ss=79289&oh=00_AQARo1bJHBa6sLjsDjvyHSFrK236nIVssR3wH8TWwK7KuQ&oe=6A55D4F7,https://scontent-ams2-1.xx.fbcdn.net/v/t39.30808-1/492478744_979737447701238_8591043563280545417_n.jpg?stp=dst-jpg_tt6&cstp=mx960x958&ctp=s200x200&_nc_cat=101&ccb=1-7&_nc_sid=2d3e12&_nc_ohc=7qhny1HiUU4Q7kNvwGUHfu_&_nc_oc=Adqmv86mKyNozRy76LzxSoB6YrWgehGEupCzcTBCgFCuZOLAtjOvUWudkMlUAy-Kai4&_nc_zt=24&_nc_ht=scontent-ams2-1.xx&_nc_gid=pHEthhionI1_ISFZQ62BKQ&_nc_ss=79289&oh=00_AQCEYe4PnN3-bfPyIyifppFTv6OLA4pimsNwMxflvCEQcQ&oe=6A55DBD1,AttijariBankTunisie,,FALSE,,1329931096015203,,38,https://scontent-ams2-1.xx.fbcdn.net/v/t39.99422-6/741977938_1035827752271025_2097629633426058312_n.png?stp=dst-jpg_tt6&cstp=mx1200x1200&ctp=p526x296&_nc_cat=105&ccb=1-7&_nc_sid=833d8c&_nc_ohc=mzOuLiJ3fIQQ7kNvwFq_ZmF&_nc_oc=AdpNlq_MeU7gUYCE0fdX5QD47B4TyEvwxZPfXvuKHRxSWTesydyVB74DbF1aUbvOrwg&_nc_zt=14&_nc_ht=scontent-ams2-1.xx&_nc_gid=GLGOGt-GLHfoNlVbmbVWAg&_nc_ss=79289&oh=00_AQBF2Mb6v2_0oDs7jS71tsIVRUAzoE1GV9Tagf783LM5hw&oe=6A55D769,Post,9,,"[{""type"":""Like"",""reaction_count"":29},{""type"":""Love"",""reaction_count"":8},{""type"":""Haha"",""reaction_count"":1}]",TRUE,+216 70 012 000,,2016-05-31T00:00:00.000Z,,,,"[{""type"":""INFLUENCER CATEGORY"",""value"":""Page · Financial service"",""link"":null},{""type"":""ADDRESS"",""value"":""24, rue Hédi Karray Centre Urbain Nord -, Tunis, Tunisia"",""link"":""https://maps.google.com/maps?q=36.84626860%2C10.18824175&hl=en""},{""type"":""PROFILE PHONE"",""value"":""+216 70 012 000"",""link"":null},{""type"":""OTHER ACCOUNT"",""value"":""Attijari_bank_tunisie"",""link"":""https://www.instagram.com/Attijari_bank_tunisie""},{""type"":""OTHER ACCOUNT"",""value"":""Attijari-bank-tunisie"",""link"":""https://linkedin.com/in/Attijari-bank-tunisie""},{""type"":""WEBSITE"",""value"":""attijaribank.com.tn"",""link"":""http://www.attijaribank.com.tn/""},{""type"":""BUSINESS HOURS"",""value"":""Closed now"",""link"":null}]",[],1757021657886917,,,2026-07-09T19:38:53.497Z,https://www.facebook.com/AttijariBankTunisie,10,,,,,,,
https://www.facebook.com/AttijariBankTunisie/posts/pfbid0fVwiMZDxMizX2ejbjZndQYcjEiAdFFHrvgThRCHHkdphCPeZeXG64iTS1wFw1z7Pl,1329728772702102,https://www.facebook.com/AttijariBankTunisie,Attijari bank Tunisie,"Cinq artistes de cinq pays différents, chacun un regard singulier et une sensibilité qui traverse les frontières, se rejoignent cette résidence : Au nom de Toumaï, espoir de vie.

Ensemble, ils viendront tisser des liens entre les cultures africaines, faire dialoguer leurs univers créatifs et nourrir cette rencontre unique où l'art devient un langage commun.

#AfriqueDev #JAMSALAM #Positivelmpact",2026-07-08T12:00:59.000Z,"[""afriquedev"",""jamsalam"",""positivelmpact""]",0,1,"{""type"":""Like"",""num"":8}",Attijari bank Tunisie,1.0007E+14,Attijari bank Tunisie est une banque tunisienne universelle,Financial service,https://scontent-ams2-1.xx.fbcdn.net/v/t39.30808-1/492478744_979737447701238_8591043563280545417_n.jpg?stp=dst-jpg_tt6&cstp=mx960x958&ctp=s200x200&_nc_cat=101&ccb=1-7&_nc_sid=2d3e12&_nc_ohc=7qhny1HiUU4Q7kNvwGUHfu_&_nc_oc=Adqmv86mKyNozRy76LzxSoB6YrWgehGEupCzcTBCgFCuZOLAtjOvUWudkMlUAy-Kai4&_nc_zt=24&_nc_ht=scontent-ams2-1.xx&_nc_gid=pHEthhionI1_ISFZQ62BKQ&_nc_ss=79289&oh=00_AQCEYe4PnN3-bfPyIyifppFTv6OLA4pimsNwMxflvCEQcQ&oe=6A55DBD1,attijaribank.com.tn,,539000,TRUE,,"[{""id"":""1329728752702104"",""type"":""Photo"",""url"":""https://scontent-ams2-1.xx.fbcdn.net/v/t39.99422-6/741757252_1660817421657267_4184851062400864715_n.png?stp=dst-jpg_tt6&cstp=mx1080x1080&ctp=p526x296&_nc_cat=105&ccb=1-7&_nc_sid=833d8c&_nc_ohc=B6sVCE1hlFIQ7kNvwFJo0Ab&_nc_oc=AdpQErXry2uMYkABHT0jkbyKzsU_bJekv6-e87_uK99sjpN1LpAO2LPTTUrlezG7-Ok&_nc_zt=14&_nc_ht=scontent-ams2-1.xx&_nc_gid=GLGOGt-GLHfoNlVbmbVWAg&_nc_ss=79289&oh=00_AQAMdtUeVXgJ2Cqe98o6rm69oek6TlHZUKyPaYQgEe-Wmg&oe=6A55E568"",""video_url"":null,""thumbnail_url"":null}]",,,,,https://www.facebook.com/AttijariBankTunisie,https://scontent-ams2-1.xx.fbcdn.net/v/t39.99422-6/735505058_1573365627779035_1628699429943343082_n.png?stp=dst-jpg_tt6&cstp=mx2048x899&ctp=s960x960&_nc_cat=108&ccb=1-7&_nc_sid=cc71e4&_nc_ohc=BBX5LF9bDUYQ7kNvwHEA-eQ&_nc_oc=AdpdjWXuXMe-wo25uJiPD1S8BY1gFl-X1UyOK4lqhQQFEpvImywh3444n8Jue4SQ1jk&_nc_zt=14&_nc_ht=scontent-ams2-1.xx&_nc_gid=pHEthhionI1_ISFZQ62BKQ&_nc_ss=79289&oh=00_AQARo1bJHBa6sLjsDjvyHSFrK236nIVssR3wH8TWwK7KuQ&oe=6A55D4F7,https://scontent-ams2-1.xx.fbcdn.net/v/t39.30808-1/492478744_979737447701238_8591043563280545417_n.jpg?stp=dst-jpg_tt6&cstp=mx960x958&ctp=s200x200&_nc_cat=101&ccb=1-7&_nc_sid=2d3e12&_nc_ohc=7qhny1HiUU4Q7kNvwGUHfu_&_nc_oc=Adqmv86mKyNozRy76LzxSoB6YrWgehGEupCzcTBCgFCuZOLAtjOvUWudkMlUAy-Kai4&_nc_zt=24&_nc_ht=scontent-ams2-1.xx&_nc_gid=pHEthhionI1_ISFZQ62BKQ&_nc_ss=79289&oh=00_AQCEYe4PnN3-bfPyIyifppFTv6OLA4pimsNwMxflvCEQcQ&oe=6A55DBD1,AttijariBankTunisie,,FALSE,,1329728772702102,,10,https://scontent-ams2-1.xx.fbcdn.net/v/t39.99422-6/741757252_1660817421657267_4184851062400864715_n.png?stp=dst-jpg_tt6&cstp=mx1080x1080&ctp=p526x296&_nc_cat=105&ccb=1-7&_nc_sid=833d8c&_nc_ohc=B6sVCE1hlFIQ7kNvwFJo0Ab&_nc_oc=AdpQErXry2uMYkABHT0jkbyKzsU_bJekv6-e87_uK99sjpN1LpAO2LPTTUrlezG7-Ok&_nc_zt=14&_nc_ht=scontent-ams2-1.xx&_nc_gid=GLGOGt-GLHfoNlVbmbVWAg&_nc_ss=79289&oh=00_AQAMdtUeVXgJ2Cqe98o6rm69oek6TlHZUKyPaYQgEe-Wmg&oe=6A55E568,Post,9,,"[{""type"":""Like"",""reaction_count"":8},{""type"":""Love"",""reaction_count"":2}]",TRUE,+216 70 012 000,,2016-05-31T00:00:00.000Z,,,,"[{""type"":""INFLUENCER CATEGORY"",""value"":""Page · Financial service"",""link"":null},{""type"":""ADDRESS"",""value"":""24, rue Hédi Karray Centre Urbain Nord -, Tunis, Tunisia"",""link"":""https://maps.google.com/maps?q=36.84626860%2C10.18824175&hl=en""},{""type"":""PROFILE PHONE"",""value"":""+216 70 012 000"",""link"":null},{""type"":""OTHER ACCOUNT"",""value"":""Attijari_bank_tunisie"",""link"":""https://www.instagram.com/Attijari_bank_tunisie""},{""type"":""OTHER ACCOUNT"",""value"":""Attijari-bank-tunisie"",""link"":""https://linkedin.com/in/Attijari-bank-tunisie""},{""type"":""WEBSITE"",""value"":""attijaribank.com.tn"",""link"":""http://www.attijaribank.com.tn/""},{""type"":""BUSINESS HOURS"",""value"":""Closed now"",""link"":null}]",[],1757021657886917,,,2026-07-09T19:38:53.497Z,https://www.facebook.com/AttijariBankTunisie,10,,,,,,,
https://www.facebook.com/reel/1742160706921774/,1328821399459506,https://www.facebook.com/AttijariBankTunisie,Attijari bank Tunisie,"عام كامل وإنت تستنا في اللحظة الي باش تروح فيها لبلادك 🇹🇳✈️
في التجاري بنك نسهلوها عليك بالـ  rubrique  الجديدةMon pass  على الـ Attijari Up 👌

En savoir plus : https://www.attijariup.com.tn/mon-pass/

#Attijaribank #croire_en_vous",2026-07-07T11:21:48.000Z,"[""attijaribank"",""croire_en_vous""]",7,8,"{""type"":""Like"",""num"":221}",Attijari bank Tunisie,1.0007E+14,Attijari bank Tunisie est une banque tunisienne universelle,Financial service,https://scontent-ams2-1.xx.fbcdn.net/v/t39.30808-1/492478744_979737447701238_8591043563280545417_n.jpg?stp=dst-jpg_tt6&cstp=mx960x958&ctp=s200x200&_nc_cat=101&ccb=1-7&_nc_sid=2d3e12&_nc_ohc=7qhny1HiUU4Q7kNvwGUHfu_&_nc_oc=Adqmv86mKyNozRy76LzxSoB6YrWgehGEupCzcTBCgFCuZOLAtjOvUWudkMlUAy-Kai4&_nc_zt=24&_nc_ht=scontent-ams2-1.xx&_nc_gid=pHEthhionI1_ISFZQ62BKQ&_nc_ss=79289&oh=00_AQCEYe4PnN3-bfPyIyifppFTv6OLA4pimsNwMxflvCEQcQ&oe=6A55DBD1,attijaribank.com.tn,,539000,TRUE,,"[{""id"":""1742160706921774"",""type"":""Video"",""url"":""https://scontent-ams2-1.xx.fbcdn.net/v/t15.5256-10/741678759_2377341519459618_757786180724249657_n.jpg?stp=dst-jpg_tt6&cstp=mx1280x720&ctp=s526x296&_nc_cat=111&ccb=1-7&_nc_sid=5fad0e&_nc_ohc=WInOMIi_6noQ7kNvwHCTZrw&_nc_oc=AdpfvSKdBvfOM1LaHUnmqM_61sBqqWsBEJRpF2v9dVilYKhPclkdwNLnWFo8EkT3KHA&_nc_zt=23&_nc_ht=scontent-ams2-1.xx&_nc_gid=GLGOGt-GLHfoNlVbmbVWAg&_nc_ss=79289&oh=00_AQCt5uSUT-GPOwOYDxNPMJiLQpnAbD79hqFd0jx0lIF42g&oe=6A55D6D2"",""video_length"":""32880"",""attachment_url"":""https://www.facebook.com/reel/1742160706921774/"",""video_url"":""https://video-ams2-1.xx.fbcdn.net/o1/v/t2/f2/m366/AQOT-ekV91H_5qd9o7s91H7pDd-vLmeTC66t6Tzb0VtKQjB3fI-tjyqRr4ZM88f9H3EJkVnsKX5YDL-GGWyXvfEDVg528NoPgIXTH8j8RLmv1g.mp4?_nc_cat=103&_nc_sid=5e9851&_nc_ht=video-ams2-1.xx.fbcdn.net&_nc_ohc=f_g6Kw1otMcQ7kNvwEQC5TZ&efg=eyJ2ZW5jb2RlX3RhZyI6Inhwdl9wcm9ncmVzc2l2ZS5GQUNFQk9PSy4uQzMuMTI4MC5kYXNoX2gyNjQtYmFzaWMtZ2VuMl83MjBwIiwieHB2X2Fzc2V0X2lkIjoyMDE1MTI5NjgyNDU2NzM1LCJhc3NldF9hZ2VfZGF5cyI6MiwidmlfdXNlY2FzZV9pZCI6MTAxMjIsImR1cmF0aW9uX3MiOjMyLCJ1cmxnZW5fc291cmNlIjoid3d3In0%3D&ccb=17-1&vs=73566295ad2591d8&_nc_vs=HBksFQIYRWZiX2VwaGVtZXJhbC9BODRFMkI5Q0ZFNTUwN0FFNEI0NjNENEJGN0ZCMjRBMl9tdF8xX3ZpZGVvX2Rhc2hpbml0Lm1wNBUAAsgBEgAVAhhAZmJfcGVybWFuZW50LzhCNEYzMkYxNzMzM0YxNDM1QkFERDYxNTYyM0ZBN0JGX2F1ZGlvX2Rhc2hpbml0Lm1wNBUCAsgBEgAoABgAGwKIB3VzZV9vaWwBMRJwcm9ncmVzc2l2ZV9yZWNpcGUBMRUAACa-wrGO_q-UBxUCKAJDMywXQEBwo9cKPXEYGWRhc2hfaDI2NC1iYXNpYy1nZW4yXzcyMHARAHUCZZSeAQA&_nc_gid=GLGOGt-GLHfoNlVbmbVWAg&_nc_ss=79289&_nc_zt=28&oh=00_AQD9mZQZZO1Vc2zLdykHhxbRuWeDu0-cDhMem9zq-wQCCQ&oe=6A55C86D&bitrate=1294284&tag=dash_h264-basic-gen2_720p"",""thumbnail_url"":""https://scontent-ams2-1.xx.fbcdn.net/v/t15.5256-10/741678759_2377341519459618_757786180724249657_n.jpg?stp=dst-jpg_tt6&cstp=mx1280x720&ctp=s960x960&_nc_cat=111&ccb=1-7&_nc_sid=50ce42&_nc_ohc=WInOMIi_6noQ7kNvwHCTZrw&_nc_oc=AdpfvSKdBvfOM1LaHUnmqM_61sBqqWsBEJRpF2v9dVilYKhPclkdwNLnWFo8EkT3KHA&_nc_zt=23&_nc_ht=scontent-ams2-1.xx&_nc_gid=GLGOGt-GLHfoNlVbmbVWAg&_nc_ss=79289&oh=00_AQCt5uSUT-GPOwOYDxNPMJiLQpnAbD79hqFd0jx0lIF42g&oe=6A55D6D2""}]",,,,,https://www.facebook.com/AttijariBankTunisie,https://scontent-ams2-1.xx.fbcdn.net/v/t39.99422-6/735505058_1573365627779035_1628699429943343082_n.png?stp=dst-jpg_tt6&cstp=mx2048x899&ctp=s960x960&_nc_cat=108&ccb=1-7&_nc_sid=cc71e4&_nc_ohc=BBX5LF9bDUYQ7kNvwHEA-eQ&_nc_oc=AdpdjWXuXMe-wo25uJiPD1S8BY1gFl-X1UyOK4lqhQQFEpvImywh3444n8Jue4SQ1jk&_nc_zt=14&_nc_ht=scontent-ams2-1.xx&_nc_gid=pHEthhionI1_ISFZQ62BKQ&_nc_ss=79289&oh=00_AQARo1bJHBa6sLjsDjvyHSFrK236nIVssR3wH8TWwK7KuQ&oe=6A55D4F7,https://scontent-ams2-1.xx.fbcdn.net/v/t39.30808-1/492478744_979737447701238_8591043563280545417_n.jpg?stp=dst-jpg_tt6&cstp=mx960x958&ctp=s200x200&_nc_cat=101&ccb=1-7&_nc_sid=2d3e12&_nc_ohc=7qhny1HiUU4Q7kNvwGUHfu_&_nc_oc=Adqmv86mKyNozRy76LzxSoB6YrWgehGEupCzcTBCgFCuZOLAtjOvUWudkMlUAy-Kai4&_nc_zt=24&_nc_ht=scontent-ams2-1.xx&_nc_gid=pHEthhionI1_ISFZQ62BKQ&_nc_ss=79289&oh=00_AQCEYe4PnN3-bfPyIyifppFTv6OLA4pimsNwMxflvCEQcQ&oe=6A55DBD1,AttijariBankTunisie,,FALSE,,1328821399459506,36349,252,,Reel,9,,"[{""type"":""Like"",""reaction_count"":221},{""type"":""Love"",""reaction_count"":23},{""type"":""Haha"",""reaction_count"":5},{""type"":""Care"",""reaction_count"":2},{""type"":""Wow"",""reaction_count"":1}]",TRUE,+216 70 012 000,,2016-05-31T00:00:00.000Z,,,,"[{""type"":""INFLUENCER CATEGORY"",""value"":""Page · Financial service"",""link"":null},{""type"":""ADDRESS"",""value"":""24, rue Hédi Karray Centre Urbain Nord -, Tunis, Tunisia"",""link"":""https://maps.google.com/maps?q=36.84626860%2C10.18824175&hl=en""},{""type"":""PROFILE PHONE"",""value"":""+216 70 012 000"",""link"":null},{""type"":""OTHER ACCOUNT"",""value"":""Attijari_bank_tunisie"",""link"":""https://www.instagram.com/Attijari_bank_tunisie""},{""type"":""OTHER ACCOUNT"",""value"":""Attijari-bank-tunisie"",""link"":""https://linkedin.com/in/Attijari-bank-tunisie""},{""type"":""WEBSITE"",""value"":""attijaribank.com.tn"",""link"":""http://www.attijaribank.com.tn/""},{""type"":""BUSINESS HOURS"",""value"":""Closed now"",""link"":null}]",[],1757021657886917,,176466,2026-07-09T19:38:53.497Z,https://www.facebook.com/AttijariBankTunisie,10,,,,,,,
https://www.facebook.com/reel/1672214970739937/,1326983986309914,https://www.facebook.com/AttijariBankTunisie,Attijari bank Tunisie,"مع l’app  الجديدة: Attijari Up، كل معاملاتك البنكية أسرع و أسهل . 

تنجم تيلشرجي Attijari Up وتسجل دخولك عبر الرابط التالي : 

🔗 https://www.attijariup.com.tn

للمزيد من الإستفسار والمعلومات، تنجم تتواصل  على : 

📞 71 111 345
📧 contact@attijariup.com.tn

#Attijaribank #croire_en_vous",2026-07-05T09:00:54.000Z,"[""attijaribank"",""croire_en_vous""]",50,14,"{""type"":""Like"",""num"":256}",Attijari bank Tunisie,1.0007E+14,Attijari bank Tunisie est une banque tunisienne universelle,Financial service,https://scontent-ams2-1.xx.fbcdn.net/v/t39.30808-1/492478744_979737447701238_8591043563280545417_n.jpg?stp=dst-jpg_tt6&cstp=mx960x958&ctp=s200x200&_nc_cat=101&ccb=1-7&_nc_sid=2d3e12&_nc_ohc=7qhny1HiUU4Q7kNvwGUHfu_&_nc_oc=Adqmv86mKyNozRy76LzxSoB6YrWgehGEupCzcTBCgFCuZOLAtjOvUWudkMlUAy-Kai4&_nc_zt=24&_nc_ht=scontent-ams2-1.xx&_nc_gid=pHEthhionI1_ISFZQ62BKQ&_nc_ss=79289&oh=00_AQCEYe4PnN3-bfPyIyifppFTv6OLA4pimsNwMxflvCEQcQ&oe=6A55DBD1,attijaribank.com.tn,,539000,TRUE,,"[{""id"":""1672214970739937"",""type"":""Video"",""url"":""https://scontent-ams2-1.xx.fbcdn.net/v/t15.5256-10/738472768_2131884991007585_4270402617855379285_n.jpg?stp=dst-jpg_tt6&cstp=mx1920x1080&ctp=s526x296&_nc_cat=104&ccb=1-7&_nc_sid=5fad0e&_nc_ohc=KC6P0C_A6zsQ7kNvwH1lbm3&_nc_oc=Ado5LwJjsX7Yp3Tj0jyQ7VqUqdHF6cSZGr9dP07xzHJ7r0S80NW_tasXG_8WR-fr5PU&_nc_zt=23&_nc_ht=scontent-ams2-1.xx&_nc_gid=OeWPdkuA7O187QjRDMoL1g&_nc_ss=79289&oh=00_AQBdbeYhcHMeopJyi5AqcZRlKC8v3S-ivFMWp4jzHlZGwg&oe=6A55B10C"",""video_length"":""28736"",""attachment_url"":""https://www.facebook.com/reel/1672214970739937/"",""video_url"":""https://video-ams2-1.xx.fbcdn.net/o1/v/t2/f2/m366/AQNQF302o9hr3KinMcr3GHvfqGyw37gD0QvISvsC03CjXtdnH2ykEpyNYqwDLkUwdM66o-bP_qnIzG56YWtkpZE1_wEd_n6kRPKlx6DWIaowrQ.mp4?_nc_cat=110&_nc_sid=5e9851&_nc_ht=video-ams2-1.xx.fbcdn.net&_nc_ohc=nVelns_06_4Q7kNvwEfYM3a&efg=eyJ2ZW5jb2RlX3RhZyI6Inhwdl9wcm9ncmVzc2l2ZS5GQUNFQk9PSy4uQzMuMTI4MC5kYXNoX2gyNjQtYmFzaWMtZ2VuMl83MjBwIiwieHB2X2Fzc2V0X2lkIjoxMzMzOTcyNzgyMjI1MTcxLCJhc3NldF9hZ2VfZGF5cyI6NCwidmlfdXNlY2FzZV9pZCI6MTAxMjIsImR1cmF0aW9uX3MiOjI4LCJ1cmxnZW5fc291cmNlIjoid3d3In0%3D&ccb=17-1&vs=8ae20e9c2e809f76&_nc_vs=HBksFQIYRWZiX2VwaGVtZXJhbC85NTQwMjlDN0RGMkM5OTZENTdBODcwRTcwODFDNURCN19tdF8xX3ZpZGVvX2Rhc2hpbml0Lm1wNBUAAsgBEgAVAhhAZmJfcGVybWFuZW50L0VGNDJCQ0Q4QTA0QTVGRkNDRUM4MEFBNTcwRDY3MjhCX2F1ZGlvX2Rhc2hpbml0Lm1wNBUCAsgBEgAoABgAGwKIB3VzZV9vaWwBMRJwcm9ncmVzc2l2ZV9yZWNpcGUBMRUAACam3Jjdt8_eBBUCKAJDMywXQDy4UeuFHrgYGWRhc2hfaDI2NC1iYXNpYy1nZW4yXzcyMHARAHUCZZSeAQA&_nc_gid=OeWPdkuA7O187QjRDMoL1g&_nc_ss=79289&_nc_zt=28&oh=00_AQB397uJuoKbyz-0U9ymKX2XU_qZo-avaoP5fcEsiJutfg&oe=6A55E4E6&bitrate=661447&tag=dash_h264-basic-gen2_720p"",""thumbnail_url"":""https://scontent-ams2-1.xx.fbcdn.net/v/t15.5256-10/738472768_2131884991007585_4270402617855379285_n.jpg?stp=dst-jpg_tt6&cstp=mx1920x1080&ctp=s960x960&_nc_cat=104&ccb=1-7&_nc_sid=50ce42&_nc_ohc=KC6P0C_A6zsQ7kNvwH1lbm3&_nc_oc=Ado5LwJjsX7Yp3Tj0jyQ7VqUqdHF6cSZGr9dP07xzHJ7r0S80NW_tasXG_8WR-fr5PU&_nc_zt=23&_nc_ht=scontent-ams2-1.xx&_nc_gid=OeWPdkuA7O187QjRDMoL1g&_nc_ss=79289&oh=00_AQBdbeYhcHMeopJyi5AqcZRlKC8v3S-ivFMWp4jzHlZGwg&oe=6A55B10C""}]",,,,,https://www.facebook.com/AttijariBankTunisie,https://scontent-ams2-1.xx.fbcdn.net/v/t39.99422-6/735505058_1573365627779035_1628699429943343082_n.png?stp=dst-jpg_tt6&cstp=mx2048x899&ctp=s960x960&_nc_cat=108&ccb=1-7&_nc_sid=cc71e4&_nc_ohc=BBX5LF9bDUYQ7kNvwHEA-eQ&_nc_oc=AdpdjWXuXMe-wo25uJiPD1S8BY1gFl-X1UyOK4lqhQQFEpvImywh3444n8Jue4SQ1jk&_nc_zt=14&_nc_ht=scontent-ams2-1.xx&_nc_gid=pHEthhionI1_ISFZQ62BKQ&_nc_ss=79289&oh=00_AQARo1bJHBa6sLjsDjvyHSFrK236nIVssR3wH8TWwK7KuQ&oe=6A55D4F7,https://scontent-ams2-1.xx.fbcdn.net/v/t39.30808-1/492478744_979737447701238_8591043563280545417_n.jpg?stp=dst-jpg_tt6&cstp=mx960x958&ctp=s200x200&_nc_cat=101&ccb=1-7&_nc_sid=2d3e12&_nc_ohc=7qhny1HiUU4Q7kNvwGUHfu_&_nc_oc=Adqmv86mKyNozRy76LzxSoB6YrWgehGEupCzcTBCgFCuZOLAtjOvUWudkMlUAy-Kai4&_nc_zt=24&_nc_ht=scontent-ams2-1.xx&_nc_gid=pHEthhionI1_ISFZQ62BKQ&_nc_ss=79289&oh=00_AQCEYe4PnN3-bfPyIyifppFTv6OLA4pimsNwMxflvCEQcQ&oe=6A55DBD1,AttijariBankTunisie,,FALSE,,1326983986309914,35120,273,,Reel,9,,"[{""type"":""Like"",""reaction_count"":256},{""type"":""Love"",""reaction_count"":13},{""type"":""Haha"",""reaction_count"":3},{""type"":""Care"",""reaction_count"":1}]",TRUE,+216 70 012 000,,2016-05-31T00:00:00.000Z,,,,"[{""type"":""INFLUENCER CATEGORY"",""value"":""Page · Financial service"",""link"":null},{""type"":""ADDRESS"",""value"":""24, rue Hédi Karray Centre Urbain Nord -, Tunis, Tunisia"",""link"":""https://maps.google.com/maps?q=36.84626860%2C10.18824175&hl=en""},{""type"":""PROFILE PHONE"",""value"":""+216 70 012 000"",""link"":null},{""type"":""OTHER ACCOUNT"",""value"":""Attijari_bank_tunisie"",""link"":""https://www.instagram.com/Attijari_bank_tunisie""},{""type"":""OTHER ACCOUNT"",""value"":""Attijari-bank-tunisie"",""link"":""https://linkedin.com/in/Attijari-bank-tunisie""},{""type"":""WEBSITE"",""value"":""attijaribank.com.tn"",""link"":""http://www.attijaribank.com.tn/""},{""type"":""BUSINESS HOURS"",""value"":""Closed now"",""link"":null}]",[],1757021657886917,,132498,2026-07-09T19:38:53.497Z,https://www.facebook.com/AttijariBankTunisie,10,,,,,,,
https://www.facebook.com/AttijariBankTunisie/posts/pfbid0tLRtNNtgtcde2zgZDHNSXsyQyULSW1P3NvtXow2UWbcph5cRtrq1frsrMEYP1LJel,1325439536464359,https://www.facebook.com/AttijariBankTunisie,Attijari bank Tunisie,"‎صيفك في تونس يبدا قبل ما توصل 
‎بالـ rubrique الجديدة Mon Pass على Attijari Up :

✈️ Réservation de vos fonds
🗓️ Prise de rendez-vous en agence
💰 Simulation de vos commissions
🏠 Demande de crédit immobilier en ligne
➡️ Virement Devise-Dinar

‎التجاري بنك يخلي عطلتك في بلادك أرتح وأسهل.🙌

En savoir plus : https://www.attijariup.com.tn/mon-pass

#Attijaribank #croire_en_vous",2026-07-03T14:58:28.000Z,"[""attijaribank"",""croire_en_vous""]",23,9,"{""type"":""Like"",""num"":1296}",Attijari bank Tunisie,1.0007E+14,Attijari bank Tunisie est une banque tunisienne universelle,Financial service,https://scontent-ams2-1.xx.fbcdn.net/v/t39.30808-1/492478744_979737447701238_8591043563280545417_n.jpg?stp=dst-jpg_tt6&cstp=mx960x958&ctp=s200x200&_nc_cat=101&ccb=1-7&_nc_sid=2d3e12&_nc_ohc=7qhny1HiUU4Q7kNvwGUHfu_&_nc_oc=Adqmv86mKyNozRy76LzxSoB6YrWgehGEupCzcTBCgFCuZOLAtjOvUWudkMlUAy-Kai4&_nc_zt=24&_nc_ht=scontent-ams2-1.xx&_nc_gid=pHEthhionI1_ISFZQ62BKQ&_nc_ss=79289&oh=00_AQCEYe4PnN3-bfPyIyifppFTv6OLA4pimsNwMxflvCEQcQ&oe=6A55DBD1,attijaribank.com.tn,,539000,TRUE,,"[{""id"":""1325457609795885"",""type"":""Photo"",""url"":""https://scontent-ams2-1.xx.fbcdn.net/v/t39.99422-6/736272949_1696002271712581_7672442508296882242_n.png?stp=dst-jpg_tt6&cstp=mx1080x1350&ctp=s640x640&_nc_cat=107&ccb=1-7&_nc_sid=833d8c&_nc_ohc=ajSkz3omxXoQ7kNvwFE7zZK&_nc_oc=Ado0fS6s4X5RxBVIm5Lmc8HpWwxF8atJ_qvZsWoTIFUjx0G16tgcK2yGgMk48V3m8xs&_nc_zt=14&_nc_ht=scontent-ams2-1.xx&_nc_gid=OeWPdkuA7O187QjRDMoL1g&_nc_ss=79289&oh=00_AQCXvVZuK0fMIHIaF_dTP7nWXenpTn_tXgWFbKHxMEvhoQ&oe=6A55B79E"",""video_url"":null,""thumbnail_url"":null}]",,,,,https://www.facebook.com/AttijariBankTunisie,https://scontent-ams2-1.xx.fbcdn.net/v/t39.99422-6/735505058_1573365627779035_1628699429943343082_n.png?stp=dst-jpg_tt6&cstp=mx2048x899&ctp=s960x960&_nc_cat=108&ccb=1-7&_nc_sid=cc71e4&_nc_ohc=BBX5LF9bDUYQ7kNvwHEA-eQ&_nc_oc=AdpdjWXuXMe-wo25uJiPD1S8BY1gFl-X1UyOK4lqhQQFEpvImywh3444n8Jue4SQ1jk&_nc_zt=14&_nc_ht=scontent-ams2-1.xx&_nc_gid=pHEthhionI1_ISFZQ62BKQ&_nc_ss=79289&oh=00_AQARo1bJHBa6sLjsDjvyHSFrK236nIVssR3wH8TWwK7KuQ&oe=6A55D4F7,https://scontent-ams2-1.xx.fbcdn.net/v/t39.30808-1/492478744_979737447701238_8591043563280545417_n.jpg?stp=dst-jpg_tt6&cstp=mx960x958&ctp=s200x200&_nc_cat=101&ccb=1-7&_nc_sid=2d3e12&_nc_ohc=7qhny1HiUU4Q7kNvwGUHfu_&_nc_oc=Adqmv86mKyNozRy76LzxSoB6YrWgehGEupCzcTBCgFCuZOLAtjOvUWudkMlUAy-Kai4&_nc_zt=24&_nc_ht=scontent-ams2-1.xx&_nc_gid=pHEthhionI1_ISFZQ62BKQ&_nc_ss=79289&oh=00_AQCEYe4PnN3-bfPyIyifppFTv6OLA4pimsNwMxflvCEQcQ&oe=6A55DBD1,AttijariBankTunisie,,FALSE,,1325439536464359,,1315,https://scontent-ams2-1.xx.fbcdn.net/v/t39.99422-6/736272949_1696002271712581_7672442508296882242_n.png?stp=dst-jpg_tt6&cstp=mx1080x1350&ctp=s640x640&_nc_cat=107&ccb=1-7&_nc_sid=833d8c&_nc_ohc=ajSkz3omxXoQ7kNvwFE7zZK&_nc_oc=Ado0fS6s4X5RxBVIm5Lmc8HpWwxF8atJ_qvZsWoTIFUjx0G16tgcK2yGgMk48V3m8xs&_nc_zt=14&_nc_ht=scontent-ams2-1.xx&_nc_gid=OeWPdkuA7O187QjRDMoL1g&_nc_ss=79289&oh=00_AQCXvVZuK0fMIHIaF_dTP7nWXenpTn_tXgWFbKHxMEvhoQ&oe=6A55B79E,Post,9,,"[{""type"":""Like"",""reaction_count"":1296},{""type"":""Love"",""reaction_count"":17},{""type"":""Care"",""reaction_count"":1},{""type"":""Haha"",""reaction_count"":1}]",TRUE,+216 70 012 000,,2016-05-31T00:00:00.000Z,,,,"[{""type"":""INFLUENCER CATEGORY"",""value"":""Page · Financial service"",""link"":null},{""type"":""ADDRESS"",""value"":""24, rue Hédi Karray Centre Urbain Nord -, Tunis, Tunisia"",""link"":""https://maps.google.com/maps?q=36.84626860%2C10.18824175&hl=en""},{""type"":""PROFILE PHONE"",""value"":""+216 70 012 000"",""link"":null},{""type"":""OTHER ACCOUNT"",""value"":""Attijari_bank_tunisie"",""link"":""https://www.instagram.com/Attijari_bank_tunisie""},{""type"":""OTHER ACCOUNT"",""value"":""Attijari-bank-tunisie"",""link"":""https://linkedin.com/in/Attijari-bank-tunisie""},{""type"":""WEBSITE"",""value"":""attijaribank.com.tn"",""link"":""http://www.attijaribank.com.tn/""},{""type"":""BUSINESS HOURS"",""value"":""Closed now"",""link"":null}]",[],1757021657886917,,,2026-07-09T19:38:53.497Z,https://www.facebook.com/AttijariBankTunisie,10,,,,,,,
https://www.facebook.com/AttijariBankTunisie/posts/pfbid0T1zPk55xCCc7JMzMYGnRWnth4aLgd19xHezSEdJdg4Rgt9EeDLNFvoBNPUkBEfc2l,1324491246559188,https://www.facebook.com/AttijariBankTunisie,Attijari bank Tunisie,"🚗 تحب تشري سيارة جديدة ولا مستعملة؟

مع Crédit Auto من التجاري بنك، تنجم تموّل شراء سيارتك بقرض يتماشى مع احتياجاتك وبإجراءات بسيطة وسريعة.

سواء كنت حريف لدى التجاري بنك أو لا، تنجم تقدّم مطلبك بالطريقة اللّي تناسبك أكثر:

🏦 في الفرع مع مرافقة مكلّف بالحرفاء

💻 100% en ligne، بكل سهولة و 100% sécurisée

للمزيد من المعلومات: https://shorturl.at/IlhHG

#Atijaribank #croire_en_vous",2026-07-02T13:41:50.000Z,"[""atijaribank"",""croire_en_vous""]",264,117,"{""type"":""Like"",""num"":7146}",Attijari bank Tunisie,1.0007E+14,Attijari bank Tunisie est une banque tunisienne universelle,Financial service,https://scontent-ams2-1.xx.fbcdn.net/v/t39.30808-1/492478744_979737447701238_8591043563280545417_n.jpg?stp=dst-jpg_tt6&cstp=mx960x958&ctp=s200x200&_nc_cat=101&ccb=1-7&_nc_sid=2d3e12&_nc_ohc=7qhny1HiUU4Q7kNvwGUHfu_&_nc_oc=Adqmv86mKyNozRy76LzxSoB6YrWgehGEupCzcTBCgFCuZOLAtjOvUWudkMlUAy-Kai4&_nc_zt=24&_nc_ht=scontent-ams2-1.xx&_nc_gid=pHEthhionI1_ISFZQ62BKQ&_nc_ss=79289&oh=00_AQCEYe4PnN3-bfPyIyifppFTv6OLA4pimsNwMxflvCEQcQ&oe=6A55DBD1,attijaribank.com.tn,,539000,TRUE,,"[{""id"":""1324491219892524"",""type"":""Photo"",""url"":""https://scontent-ams2-1.xx.fbcdn.net/v/t39.99422-6/737551217_845897448358639_109538201718752587_n.png?stp=dst-jpg_tt6&cstp=mx1080x1350&ctp=s640x640&_nc_cat=104&ccb=1-7&_nc_sid=833d8c&_nc_ohc=FLUeEheEAnsQ7kNvwGaLtsv&_nc_oc=Adrs05CDZdxIcWkMuQ6tcb0whQjsvnUxRB0BjchzpLuI_qifvaApB911cavoUgnG0nw&_nc_zt=14&_nc_ht=scontent-ams2-1.xx&_nc_gid=OeWPdkuA7O187QjRDMoL1g&_nc_ss=79289&oh=00_AQB_fEWB9CoLXSQLtywGftoZG8w5Q1kPl3XginR49ofIAA&oe=6A55DD1D"",""video_url"":null,""thumbnail_url"":null}]",,,,,https://www.facebook.com/AttijariBankTunisie,https://scontent-ams2-1.xx.fbcdn.net/v/t39.99422-6/735505058_1573365627779035_1628699429943343082_n.png?stp=dst-jpg_tt6&cstp=mx2048x899&ctp=s960x960&_nc_cat=108&ccb=1-7&_nc_sid=cc71e4&_nc_ohc=BBX5LF9bDUYQ7kNvwHEA-eQ&_nc_oc=AdpdjWXuXMe-wo25uJiPD1S8BY1gFl-X1UyOK4lqhQQFEpvImywh3444n8Jue4SQ1jk&_nc_zt=14&_nc_ht=scontent-ams2-1.xx&_nc_gid=pHEthhionI1_ISFZQ62BKQ&_nc_ss=79289&oh=00_AQARo1bJHBa6sLjsDjvyHSFrK236nIVssR3wH8TWwK7KuQ&oe=6A55D4F7,https://scontent-ams2-1.xx.fbcdn.net/v/t39.30808-1/492478744_979737447701238_8591043563280545417_n.jpg?stp=dst-jpg_tt6&cstp=mx960x958&ctp=s200x200&_nc_cat=101&ccb=1-7&_nc_sid=2d3e12&_nc_ohc=7qhny1HiUU4Q7kNvwGUHfu_&_nc_oc=Adqmv86mKyNozRy76LzxSoB6YrWgehGEupCzcTBCgFCuZOLAtjOvUWudkMlUAy-Kai4&_nc_zt=24&_nc_ht=scontent-ams2-1.xx&_nc_gid=pHEthhionI1_ISFZQ62BKQ&_nc_ss=79289&oh=00_AQCEYe4PnN3-bfPyIyifppFTv6OLA4pimsNwMxflvCEQcQ&oe=6A55DBD1,AttijariBankTunisie,,FALSE,,1324491246559188,,7609,https://scontent-ams2-1.xx.fbcdn.net/v/t39.99422-6/737551217_845897448358639_109538201718752587_n.png?stp=dst-jpg_tt6&cstp=mx1080x1350&ctp=s640x640&_nc_cat=104&ccb=1-7&_nc_sid=833d8c&_nc_ohc=FLUeEheEAnsQ7kNvwGaLtsv&_nc_oc=Adrs05CDZdxIcWkMuQ6tcb0whQjsvnUxRB0BjchzpLuI_qifvaApB911cavoUgnG0nw&_nc_zt=14&_nc_ht=scontent-ams2-1.xx&_nc_gid=OeWPdkuA7O187QjRDMoL1g&_nc_ss=79289&oh=00_AQB_fEWB9CoLXSQLtywGftoZG8w5Q1kPl3XginR49ofIAA&oe=6A55DD1D,Post,9,,"[{""type"":""Like"",""reaction_count"":7146},{""type"":""Love"",""reaction_count"":371},{""type"":""Care"",""reaction_count"":46},{""type"":""Haha"",""reaction_count"":35},{""type"":""Wow"",""reaction_count"":7},{""type"":""Sad"",""reaction_count"":3},{""type"":""Angry"",""reaction_count"":1}]",TRUE,+216 70 012 000,,2016-05-31T00:00:00.000Z,,,,"[{""type"":""INFLUENCER CATEGORY"",""value"":""Page · Financial service"",""link"":null},{""type"":""ADDRESS"",""value"":""24, rue Hédi Karray Centre Urbain Nord -, Tunis, Tunisia"",""link"":""https://maps.google.com/maps?q=36.84626860%2C10.18824175&hl=en""},{""type"":""PROFILE PHONE"",""value"":""+216 70 012 000"",""link"":null},{""type"":""OTHER ACCOUNT"",""value"":""Attijari_bank_tunisie"",""link"":""https://www.instagram.com/Attijari_bank_tunisie""},{""type"":""OTHER ACCOUNT"",""value"":""Attijari-bank-tunisie"",""link"":""https://linkedin.com/in/Attijari-bank-tunisie""},{""type"":""WEBSITE"",""value"":""attijaribank.com.tn"",""link"":""http://www.attijaribank.com.tn/""},{""type"":""BUSINESS HOURS"",""value"":""Closed now"",""link"":null}]",[],1757021657886917,,,2026-07-09T19:38:53.497Z,https://www.facebook.com/AttijariBankTunisie,10,,,,,,,
https://www.facebook.com/AttijariBankTunisie/posts/pfbid032uzNxWZj7P5XDNCxetqFcdvgXRoHLs6bN7SDnLcjQ1pzJhNunpJKnH3XpBYGvxQsl,1323682996640013,https://www.facebook.com/AttijariBankTunisie,Attijari bank Tunisie,"5 artistes parmi les 15 participants à la résidence JAMSALAM. 5 visions du monde.

Photographie, son, digital, arts plastiques — leurs univers se rencontrent à la résidence JAMSALAM, au cœur d'une création multiculturelle et panafricaine.
L'art comme pont entre les récits, les regards et les cultures.

#AfriqueDev #JAMSALAM",2026-07-01T14:29:19.000Z,"[""afriquedev"",""jamsalam""]",0,1,"{""type"":""Like"",""num"":23}",Attijari bank Tunisie,1.0007E+14,Attijari bank Tunisie est une banque tunisienne universelle,Financial service,https://scontent-ams2-1.xx.fbcdn.net/v/t39.30808-1/492478744_979737447701238_8591043563280545417_n.jpg?stp=dst-jpg_tt6&cstp=mx960x958&ctp=s200x200&_nc_cat=101&ccb=1-7&_nc_sid=2d3e12&_nc_ohc=7qhny1HiUU4Q7kNvwGUHfu_&_nc_oc=Adqmv86mKyNozRy76LzxSoB6YrWgehGEupCzcTBCgFCuZOLAtjOvUWudkMlUAy-Kai4&_nc_zt=24&_nc_ht=scontent-ams2-1.xx&_nc_gid=pHEthhionI1_ISFZQ62BKQ&_nc_ss=79289&oh=00_AQCEYe4PnN3-bfPyIyifppFTv6OLA4pimsNwMxflvCEQcQ&oe=6A55DBD1,attijaribank.com.tn,,539000,TRUE,,"[{""id"":""1323682349973411"",""type"":""Photo"",""url"":""https://scontent-ams2-1.xx.fbcdn.net/v/t39.99422-6/734960018_1304915335046333_8880152859076236603_n.png?stp=dst-jpg_tt6&cstp=mx1080x1080&ctp=p526x296&_nc_cat=107&ccb=1-7&_nc_sid=127cfc&_nc_ohc=ursKkcyPTVEQ7kNvwEndjuM&_nc_oc=Adr54BkJMGblGQ0GMlxy3QJtsZbQkGoPis8Pnw7-z0j-_Q5gOZfhVsabNTIvsRO0MyU&_nc_zt=14&_nc_ht=scontent-ams2-1.xx&_nc_gid=l3eTBq9Y3pGMfq7gt5VDoQ&_nc_ss=79289&oh=00_AQBLg3VOBdGEnFSzFTwISvuX3Lq8qOWWYBcAo5K77U0TeQ&oe=6A55C712"",""video_url"":null,""thumbnail_url"":null}]",,,,,https://www.facebook.com/AttijariBankTunisie,https://scontent-ams2-1.xx.fbcdn.net/v/t39.99422-6/735505058_1573365627779035_1628699429943343082_n.png?stp=dst-jpg_tt6&cstp=mx2048x899&ctp=s960x960&_nc_cat=108&ccb=1-7&_nc_sid=cc71e4&_nc_ohc=BBX5LF9bDUYQ7kNvwHEA-eQ&_nc_oc=AdpdjWXuXMe-wo25uJiPD1S8BY1gFl-X1UyOK4lqhQQFEpvImywh3444n8Jue4SQ1jk&_nc_zt=14&_nc_ht=scontent-ams2-1.xx&_nc_gid=pHEthhionI1_ISFZQ62BKQ&_nc_ss=79289&oh=00_AQARo1bJHBa6sLjsDjvyHSFrK236nIVssR3wH8TWwK7KuQ&oe=6A55D4F7,https://scontent-ams2-1.xx.fbcdn.net/v/t39.30808-1/492478744_979737447701238_8591043563280545417_n.jpg?stp=dst-jpg_tt6&cstp=mx960x958&ctp=s200x200&_nc_cat=101&ccb=1-7&_nc_sid=2d3e12&_nc_ohc=7qhny1HiUU4Q7kNvwGUHfu_&_nc_oc=Adqmv86mKyNozRy76LzxSoB6YrWgehGEupCzcTBCgFCuZOLAtjOvUWudkMlUAy-Kai4&_nc_zt=24&_nc_ht=scontent-ams2-1.xx&_nc_gid=pHEthhionI1_ISFZQ62BKQ&_nc_ss=79289&oh=00_AQCEYe4PnN3-bfPyIyifppFTv6OLA4pimsNwMxflvCEQcQ&oe=6A55DBD1,AttijariBankTunisie,,FALSE,,1323682996640013,,25,https://scontent-ams2-1.xx.fbcdn.net/v/t39.99422-6/734960018_1304915335046333_8880152859076236603_n.png?stp=dst-jpg_tt6&cstp=mx1080x1080&ctp=p526x296&_nc_cat=107&ccb=1-7&_nc_sid=127cfc&_nc_ohc=ursKkcyPTVEQ7kNvwEndjuM&_nc_oc=Adr54BkJMGblGQ0GMlxy3QJtsZbQkGoPis8Pnw7-z0j-_Q5gOZfhVsabNTIvsRO0MyU&_nc_zt=14&_nc_ht=scontent-ams2-1.xx&_nc_gid=l3eTBq9Y3pGMfq7gt5VDoQ&_nc_ss=79289&oh=00_AQBLg3VOBdGEnFSzFTwISvuX3Lq8qOWWYBcAo5K77U0TeQ&oe=6A55C712,Post,9,,"[{""type"":""Like"",""reaction_count"":23},{""type"":""Love"",""reaction_count"":2}]",TRUE,+216 70 012 000,,2016-05-31T00:00:00.000Z,,,,"[{""type"":""INFLUENCER CATEGORY"",""value"":""Page · Financial service"",""link"":null},{""type"":""ADDRESS"",""value"":""24, rue Hédi Karray Centre Urbain Nord -, Tunis, Tunisia"",""link"":""https://maps.google.com/maps?q=36.84626860%2C10.18824175&hl=en""},{""type"":""PROFILE PHONE"",""value"":""+216 70 012 000"",""link"":null},{""type"":""OTHER ACCOUNT"",""value"":""Attijari_bank_tunisie"",""link"":""https://www.instagram.com/Attijari_bank_tunisie""},{""type"":""OTHER ACCOUNT"",""value"":""Attijari-bank-tunisie"",""link"":""https://linkedin.com/in/Attijari-bank-tunisie""},{""type"":""WEBSITE"",""value"":""attijaribank.com.tn"",""link"":""http://www.attijaribank.com.tn/""},{""type"":""BUSINESS HOURS"",""value"":""Closed now"",""link"":null}]",[],1757021657886917,,,2026-07-09T19:38:53.497Z,https://www.facebook.com/AttijariBankTunisie,10,,,,,,,
https://www.facebook.com/AttijariBankTunisie/posts/pfbid0QSUv7rVb6TVpAbN4iLxWNGki2G1dUh8zduhR18ELm7TEkwHaj9ur2uxny1PdqeqEl,1322992643375715,https://www.facebook.com/AttijariBankTunisie,Attijari bank Tunisie,"حرفاءنا الكرام،

نعلمكم أنّ أوقات العمل بفروعنا ستكون، ابتداءً من يوم الأربعاء 01 جويلية إلى غاية يوم الإثنين 31 أوت 2026، على النحو التالي:

من يوم الاثنين الى يوم الجمعة من الساعة 08:15 إلى الساعة 13:30.

شكراً على ثقتكم.

Chers clients,

Nous vous informons que, du mercredi 1er juillet au lundi 31 août 2026, les horaires d'ouverture de nos agences seront les suivants :

Du lundi au Vendredi, de 08h15 à 13h30.

Nous vous remercions de votre confiance.
#Attijaribank #croire_en_vous",2026-06-30T19:27:10.000Z,"[""attijaribank"",""croire_en_vous""]",41,19,"{""type"":""Like"",""num"":688}",Attijari bank Tunisie,1.0007E+14,Attijari bank Tunisie est une banque tunisienne universelle,Financial service,https://scontent-ams2-1.xx.fbcdn.net/v/t39.30808-1/492478744_979737447701238_8591043563280545417_n.jpg?stp=dst-jpg_tt6&cstp=mx960x958&ctp=s200x200&_nc_cat=101&ccb=1-7&_nc_sid=2d3e12&_nc_ohc=7qhny1HiUU4Q7kNvwGUHfu_&_nc_oc=Adqmv86mKyNozRy76LzxSoB6YrWgehGEupCzcTBCgFCuZOLAtjOvUWudkMlUAy-Kai4&_nc_zt=24&_nc_ht=scontent-ams2-1.xx&_nc_gid=pHEthhionI1_ISFZQ62BKQ&_nc_ss=79289&oh=00_AQCEYe4PnN3-bfPyIyifppFTv6OLA4pimsNwMxflvCEQcQ&oe=6A55DBD1,attijaribank.com.tn,,539000,TRUE,,"[{""id"":""1322998866708426"",""type"":""Photo"",""url"":""https://scontent-ams2-1.xx.fbcdn.net/v/t39.99422-6/734472427_1501579408407227_8798409747156465971_n.png?stp=dst-jpg_tt6&cstp=mx1080x1350&ctp=s640x640&_nc_cat=109&ccb=1-7&_nc_sid=127cfc&_nc_ohc=bw-Q60A-m-EQ7kNvwFegx4g&_nc_oc=Ado9tGy9ya7nXNZOB8kKh_8zpHVFmdKhx4nMVBoHVhBDDE-G8hWTpGd4pmK1l_9wxLM&_nc_zt=14&_nc_ht=scontent-ams2-1.xx&_nc_gid=l3eTBq9Y3pGMfq7gt5VDoQ&_nc_ss=79289&oh=00_AQBETZyaYLm9Rc1cU2JslfloS1jIwwB0NjdekcnrIc8F8w&oe=6A55D5DD"",""video_url"":null,""thumbnail_url"":null}]",,,,,https://www.facebook.com/AttijariBankTunisie,https://scontent-ams2-1.xx.fbcdn.net/v/t39.99422-6/735505058_1573365627779035_1628699429943343082_n.png?stp=dst-jpg_tt6&cstp=mx2048x899&ctp=s960x960&_nc_cat=108&ccb=1-7&_nc_sid=cc71e4&_nc_ohc=BBX5LF9bDUYQ7kNvwHEA-eQ&_nc_oc=AdpdjWXuXMe-wo25uJiPD1S8BY1gFl-X1UyOK4lqhQQFEpvImywh3444n8Jue4SQ1jk&_nc_zt=14&_nc_ht=scontent-ams2-1.xx&_nc_gid=pHEthhionI1_ISFZQ62BKQ&_nc_ss=79289&oh=00_AQARo1bJHBa6sLjsDjvyHSFrK236nIVssR3wH8TWwK7KuQ&oe=6A55D4F7,https://scontent-ams2-1.xx.fbcdn.net/v/t39.30808-1/492478744_979737447701238_8591043563280545417_n.jpg?stp=dst-jpg_tt6&cstp=mx960x958&ctp=s200x200&_nc_cat=101&ccb=1-7&_nc_sid=2d3e12&_nc_ohc=7qhny1HiUU4Q7kNvwGUHfu_&_nc_oc=Adqmv86mKyNozRy76LzxSoB6YrWgehGEupCzcTBCgFCuZOLAtjOvUWudkMlUAy-Kai4&_nc_zt=24&_nc_ht=scontent-ams2-1.xx&_nc_gid=pHEthhionI1_ISFZQ62BKQ&_nc_ss=79289&oh=00_AQCEYe4PnN3-bfPyIyifppFTv6OLA4pimsNwMxflvCEQcQ&oe=6A55DBD1,AttijariBankTunisie,,FALSE,,1322992643375715,,795,https://scontent-ams2-1.xx.fbcdn.net/v/t39.99422-6/734472427_1501579408407227_8798409747156465971_n.png?stp=dst-jpg_tt6&cstp=mx1080x1350&ctp=s640x640&_nc_cat=109&ccb=1-7&_nc_sid=127cfc&_nc_ohc=bw-Q60A-m-EQ7kNvwFegx4g&_nc_oc=Ado9tGy9ya7nXNZOB8kKh_8zpHVFmdKhx4nMVBoHVhBDDE-G8hWTpGd4pmK1l_9wxLM&_nc_zt=14&_nc_ht=scontent-ams2-1.xx&_nc_gid=l3eTBq9Y3pGMfq7gt5VDoQ&_nc_ss=79289&oh=00_AQBETZyaYLm9Rc1cU2JslfloS1jIwwB0NjdekcnrIc8F8w&oe=6A55D5DD,Post,9,,"[{""type"":""Like"",""reaction_count"":688},{""type"":""Love"",""reaction_count"":93},{""type"":""Care"",""reaction_count"":7},{""type"":""Haha"",""reaction_count"":4},{""type"":""Wow"",""reaction_count"":1},{""type"":""Sad"",""reaction_count"":1},{""type"":""Angry"",""reaction_count"":1}]",TRUE,+216 70 012 000,,2016-05-31T00:00:00.000Z,,,,"[{""type"":""INFLUENCER CATEGORY"",""value"":""Page · Financial service"",""link"":null},{""type"":""ADDRESS"",""value"":""24, rue Hédi Karray Centre Urbain Nord -, Tunis, Tunisia"",""link"":""https://maps.google.com/maps?q=36.84626860%2C10.18824175&hl=en""},{""type"":""PROFILE PHONE"",""value"":""+216 70 012 000"",""link"":null},{""type"":""OTHER ACCOUNT"",""value"":""Attijari_bank_tunisie"",""link"":""https://www.instagram.com/Attijari_bank_tunisie""},{""type"":""OTHER ACCOUNT"",""value"":""Attijari-bank-tunisie"",""link"":""https://linkedin.com/in/Attijari-bank-tunisie""},{""type"":""WEBSITE"",""value"":""attijaribank.com.tn"",""link"":""http://www.attijaribank.com.tn/""},{""type"":""BUSINESS HOURS"",""value"":""Closed now"",""link"":null}]",[],1757021657886917,,,2026-07-09T19:38:53.497Z,https://www.facebook.com/AttijariBankTunisie,10,,,,,,,
https://www.facebook.com/reel/1578216940335065/,1322825423392437,https://www.facebook.com/AttijariBankTunisie,Attijari bank Tunisie,"التجاري بنك يخلي عطلتك في بلادك أرتح وأسهل.
بالـ rubrique الجديدة Mon Pass على Attijari Up :

✔️ Réservation de vos fonds
✔️ Prise de rendez-vous en agence
✔️ Simulation de vos commissions
✔️ Virement devise ➡️ dinar
Préparez votre séjour avant même votre arrivée et profitez pleinement de vos vacances.

En savoir plus : https://www.attijariup.com.tn/mon-pass/

#Attijaribank #croire_en_vous",2026-06-30T15:11:25.000Z,"[""attijaribank"",""croire_en_vous""]",32,9,"{""type"":""Like"",""num"":459}",Attijari bank Tunisie,1.0007E+14,Attijari bank Tunisie est une banque tunisienne universelle,Financial service,https://scontent-ams2-1.xx.fbcdn.net/v/t39.30808-1/492478744_979737447701238_8591043563280545417_n.jpg?stp=dst-jpg_tt6&cstp=mx960x958&ctp=s200x200&_nc_cat=101&ccb=1-7&_nc_sid=2d3e12&_nc_ohc=7qhny1HiUU4Q7kNvwGUHfu_&_nc_oc=Adqmv86mKyNozRy76LzxSoB6YrWgehGEupCzcTBCgFCuZOLAtjOvUWudkMlUAy-Kai4&_nc_zt=24&_nc_ht=scontent-ams2-1.xx&_nc_gid=pHEthhionI1_ISFZQ62BKQ&_nc_ss=79289&oh=00_AQCEYe4PnN3-bfPyIyifppFTv6OLA4pimsNwMxflvCEQcQ&oe=6A55DBD1,attijaribank.com.tn,,539000,TRUE,,"[{""id"":""1578216940335065"",""type"":""Video"",""url"":""https://scontent-ams2-1.xx.fbcdn.net/v/t15.5256-10/736715022_2003330890574230_3321730978771860432_n.jpg?stp=dst-jpg_tt6&cstp=mx1280x720&ctp=s526x296&_nc_cat=101&ccb=1-7&_nc_sid=5fad0e&_nc_ohc=P31HZWAU7sYQ7kNvwGhbfXF&_nc_oc=AdqhfvkgdnD3gzm15F7Dfc2VU5PfmqSl0VSqZ5vWeBVtVxWXgC1M9_kv6hLeSiCjD1U&_nc_zt=23&_nc_ht=scontent-ams2-1.xx&_nc_gid=l3eTBq9Y3pGMfq7gt5VDoQ&_nc_ss=79289&oh=00_AQCTKnH6Y5R--4fF9ASW0dAhVQCc2JpPrSlCPD00eJn9Ug&oe=6A55D163"",""video_length"":""38480"",""attachment_url"":""https://www.facebook.com/reel/1578216940335065/"",""video_url"":""https://video-ams2-1.xx.fbcdn.net/o1/v/t2/f2/m366/AQM1uvdIvtpWLybwcGvrSXcIkTTjtMm8BFjcnaPMycRPgOtQSmr8k1_r52bI-Rk4H8Y7KDj3gV0OCOlpr38QU74qqbzU8ZqfZDQh8BvnhcXsDQ.mp4?_nc_cat=100&_nc_sid=5e9851&_nc_ht=video-ams2-1.xx.fbcdn.net&_nc_ohc=yL5Q8miGHAUQ7kNvwHkn-KH&efg=eyJ2ZW5jb2RlX3RhZyI6Inhwdl9wcm9ncmVzc2l2ZS5GQUNFQk9PSy4uQzMuMTI4MC5kYXNoX2gyNjQtYmFzaWMtZ2VuMl83MjBwIiwieHB2X2Fzc2V0X2lkIjo0NTY2MTgyMzMzNjExOTQzLCJhc3NldF9hZ2VfZGF5cyI6OSwidmlfdXNlY2FzZV9pZCI6MTAxMjIsImR1cmF0aW9uX3MiOjM4LCJ1cmxnZW5fc291cmNlIjoid3d3In0%3D&ccb=17-1&vs=cf17036b759a5c62&_nc_vs=HBksFQIYRWZiX2VwaGVtZXJhbC9FQzQzNjM4NUNBQTczNkI5NTM3ODA2QTY0NUZCOTJBOV9tdF8xX3ZpZGVvX2Rhc2hpbml0Lm1wNBUAAsgBEgAVAhhAZmJfcGVybWFuZW50L0Y0NEM2OERFQzVDRDVERDFBMDRCOTMwQjk1MjVGN0JFX2F1ZGlvX2Rhc2hpbml0Lm1wNBUCAsgBEgAoABgAGwKIB3VzZV9vaWwBMRJwcm9ncmVzc2l2ZV9yZWNpcGUBMRUAACbO_su_5bqcEBUCKAJDMywXQEM9cKPXCj0YGWRhc2hfaDI2NC1iYXNpYy1nZW4yXzcyMHARAHUCZZSeAQA&_nc_gid=l3eTBq9Y3pGMfq7gt5VDoQ&_nc_ss=79289&_nc_zt=28&oh=00_AQC19LHszTx9W_GcqeVbgBhw-ofdFfoGE7Ki5E4lYKE6zg&oe=6A55E2F0&bitrate=416791&tag=dash_h264-basic-gen2_720p"",""thumbnail_url"":""https://scontent-ams2-1.xx.fbcdn.net/v/t15.5256-10/736715022_2003330890574230_3321730978771860432_n.jpg?stp=dst-jpg_tt6&cstp=mx1280x720&ctp=s960x960&_nc_cat=101&ccb=1-7&_nc_sid=50ce42&_nc_ohc=P31HZWAU7sYQ7kNvwGhbfXF&_nc_oc=AdqhfvkgdnD3gzm15F7Dfc2VU5PfmqSl0VSqZ5vWeBVtVxWXgC1M9_kv6hLeSiCjD1U&_nc_zt=23&_nc_ht=scontent-ams2-1.xx&_nc_gid=l3eTBq9Y3pGMfq7gt5VDoQ&_nc_ss=79289&oh=00_AQCTKnH6Y5R--4fF9ASW0dAhVQCc2JpPrSlCPD00eJn9Ug&oe=6A55D163""}]",,,,,https://www.facebook.com/AttijariBankTunisie,https://scontent-ams2-1.xx.fbcdn.net/v/t39.99422-6/735505058_1573365627779035_1628699429943343082_n.png?stp=dst-jpg_tt6&cstp=mx2048x899&ctp=s960x960&_nc_cat=108&ccb=1-7&_nc_sid=cc71e4&_nc_ohc=BBX5LF9bDUYQ7kNvwHEA-eQ&_nc_oc=AdpdjWXuXMe-wo25uJiPD1S8BY1gFl-X1UyOK4lqhQQFEpvImywh3444n8Jue4SQ1jk&_nc_zt=14&_nc_ht=scontent-ams2-1.xx&_nc_gid=pHEthhionI1_ISFZQ62BKQ&_nc_ss=79289&oh=00_AQARo1bJHBa6sLjsDjvyHSFrK236nIVssR3wH8TWwK7KuQ&oe=6A55D4F7,https://scontent-ams2-1.xx.fbcdn.net/v/t39.30808-1/492478744_979737447701238_8591043563280545417_n.jpg?stp=dst-jpg_tt6&cstp=mx960x958&ctp=s200x200&_nc_cat=101&ccb=1-7&_nc_sid=2d3e12&_nc_ohc=7qhny1HiUU4Q7kNvwGUHfu_&_nc_oc=Adqmv86mKyNozRy76LzxSoB6YrWgehGEupCzcTBCgFCuZOLAtjOvUWudkMlUAy-Kai4&_nc_zt=24&_nc_ht=scontent-ams2-1.xx&_nc_gid=pHEthhionI1_ISFZQ62BKQ&_nc_ss=79289&oh=00_AQCEYe4PnN3-bfPyIyifppFTv6OLA4pimsNwMxflvCEQcQ&oe=6A55DBD1,AttijariBankTunisie,,FALSE,,1322825423392437,80590,483,,Reel,9,,"[{""type"":""Like"",""reaction_count"":459},{""type"":""Love"",""reaction_count"":17},{""type"":""Haha"",""reaction_count"":6},{""type"":""Care"",""reaction_count"":1}]",TRUE,+216 70 012 000,,2016-05-31T00:00:00.000Z,,,,"[{""type"":""INFLUENCER CATEGORY"",""value"":""Page · Financial service"",""link"":null},{""type"":""ADDRESS"",""value"":""24, rue Hédi Karray Centre Urbain Nord -, Tunis, Tunisia"",""link"":""https://maps.google.com/maps?q=36.84626860%2C10.18824175&hl=en""},{""type"":""PROFILE PHONE"",""value"":""+216 70 012 000"",""link"":null},{""type"":""OTHER ACCOUNT"",""value"":""Attijari_bank_tunisie"",""link"":""https://www.instagram.com/Attijari_bank_tunisie""},{""type"":""OTHER ACCOUNT"",""value"":""Attijari-bank-tunisie"",""link"":""https://linkedin.com/in/Attijari-bank-tunisie""},{""type"":""WEBSITE"",""value"":""attijaribank.com.tn"",""link"":""http://www.attijaribank.com.tn/""},{""type"":""BUSINESS HOURS"",""value"":""Closed now"",""link"":null}]",[],1757021657886917,,490530,2026-07-09T19:38:53.497Z,https://www.facebook.com/AttijariBankTunisie,10,,,,,,,
https://www.facebook.com/stbbank/posts/pfbid02jXSAksb3cozdZzmT2NkZeS4TMeEdCRANWvRMtxPWGH3RXgcUhVnSQfoJQVurNWYsl,1003967759008520,https://www.facebook.com/stbbank,STB Bank  الشركة التونسية للبنك,"مسافر🌍✈️ ؟
ا STB BANK تحط على ذمتك 💳 La Carte STB Travel                        
✅هكا تتهنى على فلوسك و تتمتع بال        Assistance de Voyage gratuitement
و أكثر امتيازات موجودة في الرابط التالي 
https://www.stb.com.tn/fr/particuliers/la-banque-au-quotidien/carte-stb-travel/
#STBBANK  #TRAVEL #voyage Voir moins",2026-07-08T12:30:34.000Z,"[""stbbank"",""travel"",""voyage""]",1,9,"{""type"":""Like"",""num"":44}",STB Bank  الشركة التونسية للبنك,1.00082E+14,"-La Meilleure Banque Digitale en Afrique du Nord.
(Arab Digital Banking Excellence Award 2018)
-Prix « Transformation »:Meilleure transformation agile et intégrée.
-Prix « Solution / Parcours Client »:DigiCarte",Financial service,https://scontent.fcuz1-1.fna.fbcdn.net/v/t39.30808-1/324247302_842138200191708_8249912920870434123_n.jpg?stp=dst-jpg_tt6&cstp=mx595x595&ctp=s200x200&_nc_cat=108&ccb=1-7&_nc_sid=2d3e12&_nc_ohc=thf9kfv66zEQ7kNvwGjdg8w&_nc_oc=AdrYj0bxMrnJjIN_LECFkw4QTKw6IpXMC7EDW3V_3ZiXbFoGQQg2IaCrV4fWoFSj2Yk&_nc_zt=24&_nc_ht=scontent.fcuz1-1.fna&_nc_gid=kIBhwe8oZbyrxTJ3W2yjZg&_nc_ss=7a289&oh=00_AQDTUrd2RyVCDhE2ZYToV4G_uaAcZuhN7Tc6IA6cDQc9cw&oe=6A55DEAF,stb.com.tn,,890000,TRUE,,"[{""id"":""1003966782341951"",""type"":""Photo"",""url"":""https://scontent.fcuz1-1.fna.fbcdn.net/v/t39.99422-6/741325006_1007540565460803_6880011320342776452_n.png?stp=dst-jpg_tt6&cstp=mx1080x1350&ctp=s640x640&_nc_cat=105&ccb=1-7&_nc_sid=127cfc&_nc_ohc=m1g6TVsuVcoQ7kNvwEJnVrb&_nc_oc=AdojqgvARjHMdbQARP6qhFM5hlcIqODZI_lCu3UrRp6Z66xLvrd8PTiGucnRslqOdqQ&_nc_zt=14&_nc_ht=scontent.fcuz1-1.fna&_nc_gid=GDZN3yWR5VLWopEWAhSAcw&_nc_ss=7a289&oh=00_AQBfolWf34DlPcXrIoEbKgFvlvxVvKwx3pGAAr5FeQEUjQ&oe=6A55E72C"",""video_url"":null,""thumbnail_url"":null}]",,,,,https://www.facebook.com/stbbank,https://scontent.fcuz1-1.fna.fbcdn.net/v/t39.30808-6/694297121_954471323958164_4401829465648402961_n.jpg?stp=dst-jpg_tt6&cstp=mx3171x1321&ctp=s960x960&_nc_cat=105&ccb=1-7&_nc_sid=cc71e4&_nc_ohc=yxz951qwgv0Q7kNvwFXJH45&_nc_oc=AdqrOaounTAWfrOgicuzpalV7MI-qLFE2GOtdfimBZkR1ZopN6U48ia2_yajdcnGF_k&_nc_zt=23&_nc_ht=scontent.fcuz1-1.fna&_nc_gid=kIBhwe8oZbyrxTJ3W2yjZg&_nc_ss=7a289&oh=00_AQBiINfZobkeMcJo-zACcfanye2hIAUtTDvmM_5tAxNgnQ&oe=6A55DDED,https://scontent.fcuz1-1.fna.fbcdn.net/v/t39.30808-1/324247302_842138200191708_8249912920870434123_n.jpg?stp=dst-jpg_tt6&cstp=mx595x595&ctp=s200x200&_nc_cat=108&ccb=1-7&_nc_sid=2d3e12&_nc_ohc=thf9kfv66zEQ7kNvwGjdg8w&_nc_oc=AdrYj0bxMrnJjIN_LECFkw4QTKw6IpXMC7EDW3V_3ZiXbFoGQQg2IaCrV4fWoFSj2Yk&_nc_zt=24&_nc_ht=scontent.fcuz1-1.fna&_nc_gid=kIBhwe8oZbyrxTJ3W2yjZg&_nc_ss=7a289&oh=00_AQDTUrd2RyVCDhE2ZYToV4G_uaAcZuhN7Tc6IA6cDQc9cw&oe=6A55DEAF,stbbank,,FALSE,,1003967759008520,,54,https://scontent.fcuz1-1.fna.fbcdn.net/v/t39.99422-6/741325006_1007540565460803_6880011320342776452_n.png?stp=dst-jpg_tt6&cstp=mx1080x1350&ctp=s640x640&_nc_cat=105&ccb=1-7&_nc_sid=127cfc&_nc_ohc=m1g6TVsuVcoQ7kNvwEJnVrb&_nc_oc=AdojqgvARjHMdbQARP6qhFM5hlcIqODZI_lCu3UrRp6Z66xLvrd8PTiGucnRslqOdqQ&_nc_zt=14&_nc_ht=scontent.fcuz1-1.fna&_nc_gid=GDZN3yWR5VLWopEWAhSAcw&_nc_ss=7a289&oh=00_AQBfolWf34DlPcXrIoEbKgFvlvxVvKwx3pGAAr5FeQEUjQ&oe=6A55E72C,Post,14,,"[{""type"":""Like"",""reaction_count"":44},{""type"":""Love"",""reaction_count"":8},{""type"":""Care"",""reaction_count"":2}]",TRUE,+216 70 140 000,stb@stb.com.tn,2015-08-25T00:00:00.000Z,,,,"[{""type"":""INFLUENCER CATEGORY"",""value"":""Page · Financial service"",""link"":null},{""type"":""ADDRESS"",""value"":""Rue Hédi Nouira , Tunis, Tunisia"",""link"":""https://maps.google.com/maps?q=36.80775569%2C10.18444419&hl=en""},{""type"":""PROFILE PHONE"",""value"":""+216 70 140 000"",""link"":null},{""type"":""PROFILE EMAIL"",""value"":""stb@stb.com.tn"",""link"":null},{""type"":""WEBSITE"",""value"":""stb.com.tn"",""link"":""https://www.stb.com.tn/""},{""type"":""BUSINESS HOURS"",""value"":""Closed now"",""link"":null}]",[],4.21002E+14,,,2026-07-09T19:39:17.002Z,https://www.facebook.com/stbbank,10,,,,,,,
https://www.facebook.com/stbbank/posts/pfbid0Y8iQFxLiQtSbjnWaCQEmc34sBSUTCLqFnjVrB9gezjkUdkcmKoXvawdSuCDgMTCil,1002913149113981,https://www.facebook.com/stbbank,STB Bank  الشركة التونسية للبنك,"مرحبا بكم في كامل فروعنا أينما كنتم
الشركة التونسية للبنك قريبة ليكم 🤝
📍فروعنا في كامل تراب الجمهورية 🇹🇳 على ذمتكم لخدمتكم في أفضل الظروف :
🔎 https://www.stb.com.tn/fr/reseau-stb/
#Agences_STBBANK #STBBANK #proximitéclient",2026-07-07T07:35:23.000Z,"[""agences_stbbank"",""stbbank"",""proximitéclient""]",15,9,"{""type"":""Like"",""num"":76}",STB Bank  الشركة التونسية للبنك,1.00082E+14,"-La Meilleure Banque Digitale en Afrique du Nord.
(Arab Digital Banking Excellence Award 2018)
-Prix « Transformation »:Meilleure transformation agile et intégrée.
-Prix « Solution / Parcours Client »:DigiCarte",Financial service,https://scontent.fcuz1-1.fna.fbcdn.net/v/t39.30808-1/324247302_842138200191708_8249912920870434123_n.jpg?stp=dst-jpg_tt6&cstp=mx595x595&ctp=s200x200&_nc_cat=108&ccb=1-7&_nc_sid=2d3e12&_nc_ohc=thf9kfv66zEQ7kNvwGjdg8w&_nc_oc=AdrYj0bxMrnJjIN_LECFkw4QTKw6IpXMC7EDW3V_3ZiXbFoGQQg2IaCrV4fWoFSj2Yk&_nc_zt=24&_nc_ht=scontent.fcuz1-1.fna&_nc_gid=kIBhwe8oZbyrxTJ3W2yjZg&_nc_ss=7a289&oh=00_AQDTUrd2RyVCDhE2ZYToV4G_uaAcZuhN7Tc6IA6cDQc9cw&oe=6A55DEAF,stb.com.tn,,890000,TRUE,,"[{""id"":""1002910799114216"",""type"":""Photo"",""url"":""https://scontent.fcuz1-1.fna.fbcdn.net/v/t39.99422-6/739809354_1014744324261719_7068726545655638349_n.png?stp=dst-jpg_tt6&cstp=mx1080x1350&ctp=s640x640&_nc_cat=108&ccb=1-7&_nc_sid=127cfc&_nc_ohc=GOWOiohBgkYQ7kNvwHfME9Z&_nc_oc=AdqpchQVkQsQ1-9ncO8KfvmlMVDM74g9ZMbGdTtUf7dY_tjofx12lfPx-zvhvpzezUk&_nc_zt=14&_nc_ht=scontent.fcuz1-1.fna&_nc_gid=xRKvdkjTE-9R6WRAO79KiA&_nc_ss=7a289&oh=00_AQBvPrNGcVekeJAOPTWAOoX0WMGymapQfcdTkE6a2pFuMg&oe=6A55B090"",""video_url"":null,""thumbnail_url"":null}]",,,,,https://www.facebook.com/stbbank,https://scontent.fcuz1-1.fna.fbcdn.net/v/t39.30808-6/694297121_954471323958164_4401829465648402961_n.jpg?stp=dst-jpg_tt6&cstp=mx3171x1321&ctp=s960x960&_nc_cat=105&ccb=1-7&_nc_sid=cc71e4&_nc_ohc=yxz951qwgv0Q7kNvwFXJH45&_nc_oc=AdqrOaounTAWfrOgicuzpalV7MI-qLFE2GOtdfimBZkR1ZopN6U48ia2_yajdcnGF_k&_nc_zt=23&_nc_ht=scontent.fcuz1-1.fna&_nc_gid=kIBhwe8oZbyrxTJ3W2yjZg&_nc_ss=7a289&oh=00_AQBiINfZobkeMcJo-zACcfanye2hIAUtTDvmM_5tAxNgnQ&oe=6A55DDED,https://scontent.fcuz1-1.fna.fbcdn.net/v/t39.30808-1/324247302_842138200191708_8249912920870434123_n.jpg?stp=dst-jpg_tt6&cstp=mx595x595&ctp=s200x200&_nc_cat=108&ccb=1-7&_nc_sid=2d3e12&_nc_ohc=thf9kfv66zEQ7kNvwGjdg8w&_nc_oc=AdrYj0bxMrnJjIN_LECFkw4QTKw6IpXMC7EDW3V_3ZiXbFoGQQg2IaCrV4fWoFSj2Yk&_nc_zt=24&_nc_ht=scontent.fcuz1-1.fna&_nc_gid=kIBhwe8oZbyrxTJ3W2yjZg&_nc_ss=7a289&oh=00_AQDTUrd2RyVCDhE2ZYToV4G_uaAcZuhN7Tc6IA6cDQc9cw&oe=6A55DEAF,stbbank,,FALSE,,1002913149113981,,105,https://scontent.fcuz1-1.fna.fbcdn.net/v/t39.99422-6/739809354_1014744324261719_7068726545655638349_n.png?stp=dst-jpg_tt6&cstp=mx1080x1350&ctp=s640x640&_nc_cat=108&ccb=1-7&_nc_sid=127cfc&_nc_ohc=GOWOiohBgkYQ7kNvwHfME9Z&_nc_oc=AdqpchQVkQsQ1-9ncO8KfvmlMVDM74g9ZMbGdTtUf7dY_tjofx12lfPx-zvhvpzezUk&_nc_zt=14&_nc_ht=scontent.fcuz1-1.fna&_nc_gid=xRKvdkjTE-9R6WRAO79KiA&_nc_ss=7a289&oh=00_AQBvPrNGcVekeJAOPTWAOoX0WMGymapQfcdTkE6a2pFuMg&oe=6A55B090,Post,14,,"[{""type"":""Like"",""reaction_count"":76},{""type"":""Love"",""reaction_count"":25},{""type"":""Care"",""reaction_count"":3},{""type"":""Haha"",""reaction_count"":1}]",TRUE,+216 70 140 000,stb@stb.com.tn,2015-08-25T00:00:00.000Z,,,,"[{""type"":""INFLUENCER CATEGORY"",""value"":""Page · Financial service"",""link"":null},{""type"":""ADDRESS"",""value"":""Rue Hédi Nouira , Tunis, Tunisia"",""link"":""https://maps.google.com/maps?q=36.80775569%2C10.18444419&hl=en""},{""type"":""PROFILE PHONE"",""value"":""+216 70 140 000"",""link"":null},{""type"":""PROFILE EMAIL"",""value"":""stb@stb.com.tn"",""link"":null},{""type"":""WEBSITE"",""value"":""stb.com.tn"",""link"":""https://www.stb.com.tn/""},{""type"":""BUSINESS HOURS"",""value"":""Closed now"",""link"":null}]",[],4.21002E+14,,,2026-07-09T19:39:17.002Z,https://www.facebook.com/stbbank,10,,,,,,,
https://www.facebook.com/stbbank/posts/pfbid02o1h5iDMexXKrVAzrZArWGVL3niZst13dkqUcs4RzmMDLuyH3e1QrC5R49LdLhbmyl,9.99558E+14,https://www.facebook.com/stbbank,STB Bank  الشركة التونسية للبنك,"مرحبا بالتوانسة 🇹🇳 العايشين بالخارج ! 🌍
ال STB تفرح بيكم و تحط على ذمتكم
✅Le Crédit IMMO 48H Chrono
خوذ دارك 🏘 في 48 ساعة و عدي الباقي خلاعة
https://www.stb.com.tn/fr/tunisiens-a-l-etranger/credits-et-financement/offre-credit-immo-48h-chrono/
#تـونسي_عايش_في_الخارج   #PackMarhba",2026-07-03T11:13:28.000Z,"[""تـونسي_عايش_في_الخارج"",""packmarhba""]",10,14,"{""type"":""Like"",""num"":81}",STB Bank  الشركة التونسية للبنك,1.00082E+14,"-La Meilleure Banque Digitale en Afrique du Nord.
(Arab Digital Banking Excellence Award 2018)
-Prix « Transformation »:Meilleure transformation agile et intégrée.
-Prix « Solution / Parcours Client »:DigiCarte",Financial service,https://scontent.fcuz1-1.fna.fbcdn.net/v/t39.30808-1/324247302_842138200191708_8249912920870434123_n.jpg?stp=dst-jpg_tt6&cstp=mx595x595&ctp=s200x200&_nc_cat=108&ccb=1-7&_nc_sid=2d3e12&_nc_ohc=thf9kfv66zEQ7kNvwGjdg8w&_nc_oc=AdrYj0bxMrnJjIN_LECFkw4QTKw6IpXMC7EDW3V_3ZiXbFoGQQg2IaCrV4fWoFSj2Yk&_nc_zt=24&_nc_ht=scontent.fcuz1-1.fna&_nc_gid=kIBhwe8oZbyrxTJ3W2yjZg&_nc_ss=7a289&oh=00_AQDTUrd2RyVCDhE2ZYToV4G_uaAcZuhN7Tc6IA6cDQc9cw&oe=6A55DEAF,stb.com.tn,,890000,TRUE,,"[{""id"":""999556799449616"",""type"":""Photo"",""url"":""https://scontent.fcuz1-1.fna.fbcdn.net/v/t39.99422-6/736372215_888691063675393_174149309064187535_n.png?stp=dst-jpg_tt6&cstp=mx1080x1350&ctp=s640x640&_nc_cat=104&ccb=1-7&_nc_sid=127cfc&_nc_ohc=qfKefYnCXqkQ7kNvwF2VuEo&_nc_oc=AdpOd4YlcT_TUA57fCKu93JQ5CiE9WjvrPzEBr8IFqXS-stYX429gIQfSInBxpdvfMM&_nc_zt=14&_nc_ht=scontent.fcuz1-1.fna&_nc_gid=xRKvdkjTE-9R6WRAO79KiA&_nc_ss=7a289&oh=00_AQByR4bI_wdxGbuAvvbVPRcyuPAloZrLX5VbfkJQvRVX9w&oe=6A55D056"",""video_url"":null,""thumbnail_url"":null}]",,,,,https://www.facebook.com/stbbank,https://scontent.fcuz1-1.fna.fbcdn.net/v/t39.30808-6/694297121_954471323958164_4401829465648402961_n.jpg?stp=dst-jpg_tt6&cstp=mx3171x1321&ctp=s960x960&_nc_cat=105&ccb=1-7&_nc_sid=cc71e4&_nc_ohc=yxz951qwgv0Q7kNvwFXJH45&_nc_oc=AdqrOaounTAWfrOgicuzpalV7MI-qLFE2GOtdfimBZkR1ZopN6U48ia2_yajdcnGF_k&_nc_zt=23&_nc_ht=scontent.fcuz1-1.fna&_nc_gid=kIBhwe8oZbyrxTJ3W2yjZg&_nc_ss=7a289&oh=00_AQBiINfZobkeMcJo-zACcfanye2hIAUtTDvmM_5tAxNgnQ&oe=6A55DDED,https://scontent.fcuz1-1.fna.fbcdn.net/v/t39.30808-1/324247302_842138200191708_8249912920870434123_n.jpg?stp=dst-jpg_tt6&cstp=mx595x595&ctp=s200x200&_nc_cat=108&ccb=1-7&_nc_sid=2d3e12&_nc_ohc=thf9kfv66zEQ7kNvwGjdg8w&_nc_oc=AdrYj0bxMrnJjIN_LECFkw4QTKw6IpXMC7EDW3V_3ZiXbFoGQQg2IaCrV4fWoFSj2Yk&_nc_zt=24&_nc_ht=scontent.fcuz1-1.fna&_nc_gid=kIBhwe8oZbyrxTJ3W2yjZg&_nc_ss=7a289&oh=00_AQDTUrd2RyVCDhE2ZYToV4G_uaAcZuhN7Tc6IA6cDQc9cw&oe=6A55DEAF,stbbank,,FALSE,,9.99558E+14,,107,https://scontent.fcuz1-1.fna.fbcdn.net/v/t39.99422-6/736372215_888691063675393_174149309064187535_n.png?stp=dst-jpg_tt6&cstp=mx1080x1350&ctp=s640x640&_nc_cat=104&ccb=1-7&_nc_sid=127cfc&_nc_ohc=qfKefYnCXqkQ7kNvwF2VuEo&_nc_oc=AdpOd4YlcT_TUA57fCKu93JQ5CiE9WjvrPzEBr8IFqXS-stYX429gIQfSInBxpdvfMM&_nc_zt=14&_nc_ht=scontent.fcuz1-1.fna&_nc_gid=xRKvdkjTE-9R6WRAO79KiA&_nc_ss=7a289&oh=00_AQByR4bI_wdxGbuAvvbVPRcyuPAloZrLX5VbfkJQvRVX9w&oe=6A55D056,Post,14,,"[{""type"":""Like"",""reaction_count"":81},{""type"":""Love"",""reaction_count"":23},{""type"":""Haha"",""reaction_count"":2},{""type"":""Wow"",""reaction_count"":1}]",TRUE,+216 70 140 000,stb@stb.com.tn,2015-08-25T00:00:00.000Z,,,,"[{""type"":""INFLUENCER CATEGORY"",""value"":""Page · Financial service"",""link"":null},{""type"":""ADDRESS"",""value"":""Rue Hédi Nouira , Tunis, Tunisia"",""link"":""https://maps.google.com/maps?q=36.80775569%2C10.18444419&hl=en""},{""type"":""PROFILE PHONE"",""value"":""+216 70 140 000"",""link"":null},{""type"":""PROFILE EMAIL"",""value"":""stb@stb.com.tn"",""link"":null},{""type"":""WEBSITE"",""value"":""stb.com.tn"",""link"":""https://www.stb.com.tn/""},{""type"":""BUSINESS HOURS"",""value"":""Closed now"",""link"":null}]",[],4.21002E+14,,,2026-07-09T19:39:17.002Z,https://www.facebook.com/stbbank,10,,,,,,,
https://www.facebook.com/stbbank/posts/2798619223841338:2798619223841338,9.54471E+14,https://www.facebook.com/stbbank,STB Bank  الشركة التونسية للبنك,,2026-07-02T07:25:36.000Z,,19,4,"{""type"":""Like"",""num"":77}",STB Bank  الشركة التونسية للبنك,1.00082E+14,"-La Meilleure Banque Digitale en Afrique du Nord.
(Arab Digital Banking Excellence Award 2018)
-Prix « Transformation »:Meilleure transformation agile et intégrée.
-Prix « Solution / Parcours Client »:DigiCarte",Financial service,https://scontent.fcuz1-1.fna.fbcdn.net/v/t39.30808-1/324247302_842138200191708_8249912920870434123_n.jpg?stp=dst-jpg_tt6&cstp=mx595x595&ctp=s200x200&_nc_cat=108&ccb=1-7&_nc_sid=2d3e12&_nc_ohc=thf9kfv66zEQ7kNvwGjdg8w&_nc_oc=AdrYj0bxMrnJjIN_LECFkw4QTKw6IpXMC7EDW3V_3ZiXbFoGQQg2IaCrV4fWoFSj2Yk&_nc_zt=24&_nc_ht=scontent.fcuz1-1.fna&_nc_gid=kIBhwe8oZbyrxTJ3W2yjZg&_nc_ss=7a289&oh=00_AQDTUrd2RyVCDhE2ZYToV4G_uaAcZuhN7Tc6IA6cDQc9cw&oe=6A55DEAF,stb.com.tn,,890000,TRUE,,"[{""id"":""954471320624831"",""type"":""Photo"",""url"":""https://scontent.fcuz1-1.fna.fbcdn.net/v/t39.30808-6/694297121_954471323958164_4401829465648402961_n.jpg?stp=dst-jpg_tt6&cstp=mx3171x1321&ctp=p180x540&_nc_cat=105&ccb=1-7&_nc_sid=cc71e4&_nc_ohc=yxz951qwgv0Q7kNvwFXJH45&_nc_oc=AdqrOaounTAWfrOgicuzpalV7MI-qLFE2GOtdfimBZkR1ZopN6U48ia2_yajdcnGF_k&_nc_zt=23&_nc_ht=scontent.fcuz1-1.fna&_nc_gid=xRKvdkjTE-9R6WRAO79KiA&_nc_ss=7a289&oh=00_AQCpJSJbuujDfFgtxx4-vnnOmH568RToQYcvIFMr2jyzEQ&oe=6A55DDED"",""video_url"":null,""thumbnail_url"":null}]",,,,,https://www.facebook.com/stbbank,https://scontent.fcuz1-1.fna.fbcdn.net/v/t39.30808-6/694297121_954471323958164_4401829465648402961_n.jpg?stp=dst-jpg_tt6&cstp=mx3171x1321&ctp=s960x960&_nc_cat=105&ccb=1-7&_nc_sid=cc71e4&_nc_ohc=yxz951qwgv0Q7kNvwFXJH45&_nc_oc=AdqrOaounTAWfrOgicuzpalV7MI-qLFE2GOtdfimBZkR1ZopN6U48ia2_yajdcnGF_k&_nc_zt=23&_nc_ht=scontent.fcuz1-1.fna&_nc_gid=kIBhwe8oZbyrxTJ3W2yjZg&_nc_ss=7a289&oh=00_AQBiINfZobkeMcJo-zACcfanye2hIAUtTDvmM_5tAxNgnQ&oe=6A55DDED,https://scontent.fcuz1-1.fna.fbcdn.net/v/t39.30808-1/324247302_842138200191708_8249912920870434123_n.jpg?stp=dst-jpg_tt6&cstp=mx595x595&ctp=s200x200&_nc_cat=108&ccb=1-7&_nc_sid=2d3e12&_nc_ohc=thf9kfv66zEQ7kNvwGjdg8w&_nc_oc=AdrYj0bxMrnJjIN_LECFkw4QTKw6IpXMC7EDW3V_3ZiXbFoGQQg2IaCrV4fWoFSj2Yk&_nc_zt=24&_nc_ht=scontent.fcuz1-1.fna&_nc_gid=kIBhwe8oZbyrxTJ3W2yjZg&_nc_ss=7a289&oh=00_AQDTUrd2RyVCDhE2ZYToV4G_uaAcZuhN7Tc6IA6cDQc9cw&oe=6A55DEAF,stbbank,,FALSE,,9.54471E+14,,128,https://scontent.fcuz1-1.fna.fbcdn.net/v/t39.30808-6/694297121_954471323958164_4401829465648402961_n.jpg?stp=dst-jpg_tt6&cstp=mx3171x1321&ctp=p180x540&_nc_cat=105&ccb=1-7&_nc_sid=cc71e4&_nc_ohc=yxz951qwgv0Q7kNvwFXJH45&_nc_oc=AdqrOaounTAWfrOgicuzpalV7MI-qLFE2GOtdfimBZkR1ZopN6U48ia2_yajdcnGF_k&_nc_zt=23&_nc_ht=scontent.fcuz1-1.fna&_nc_gid=xRKvdkjTE-9R6WRAO79KiA&_nc_ss=7a289&oh=00_AQCpJSJbuujDfFgtxx4-vnnOmH568RToQYcvIFMr2jyzEQ&oe=6A55DDED,Post,14,,"[{""type"":""Like"",""reaction_count"":77},{""type"":""Love"",""reaction_count"":50},{""type"":""Angry"",""reaction_count"":1}]",TRUE,+216 70 140 000,stb@stb.com.tn,2015-08-25T00:00:00.000Z,,,,"[{""type"":""INFLUENCER CATEGORY"",""value"":""Page · Financial service"",""link"":null},{""type"":""ADDRESS"",""value"":""Rue Hédi Nouira , Tunis, Tunisia"",""link"":""https://maps.google.com/maps?q=36.80775569%2C10.18444419&hl=en""},{""type"":""PROFILE PHONE"",""value"":""+216 70 140 000"",""link"":null},{""type"":""PROFILE EMAIL"",""value"":""stb@stb.com.tn"",""link"":null},{""type"":""WEBSITE"",""value"":""stb.com.tn"",""link"":""https://www.stb.com.tn/""},{""type"":""BUSINESS HOURS"",""value"":""Closed now"",""link"":null}]",[],4.21002E+14,,,2026-07-09T19:39:17.002Z,https://www.facebook.com/stbbank,10,,,,,,,
https://www.facebook.com/reel/3086971498167646/,9.97142E+14,https://www.facebook.com/stbbank,STB Bank  الشركة التونسية للبنك,"Retour en vidéo sur notre participation au Think Tank annuel du média Univers News, « La Tunisie 🇹🇳 dragon de la Méditerranée, Utopie ou Réalité », tenu le 29 juin 2026.

Le thème débattu est d’actualité et vise à engager une réflexion collective sur les leviers permettant à la Tunisie de renforcer sa compétitivité, d’attirer les investissements et de s’affirmer comme hub régional.#STBBank",2026-06-30T15:10:18.000Z,"[""stbbank""]",7,14,"{""type"":""Like"",""num"":129}",STB Bank  الشركة التونسية للبنك,1.00082E+14,"-La Meilleure Banque Digitale en Afrique du Nord.
(Arab Digital Banking Excellence Award 2018)
-Prix « Transformation »:Meilleure transformation agile et intégrée.
-Prix « Solution / Parcours Client »:DigiCarte",Financial service,https://scontent.fcuz1-1.fna.fbcdn.net/v/t39.30808-1/324247302_842138200191708_8249912920870434123_n.jpg?stp=dst-jpg_tt6&cstp=mx595x595&ctp=s200x200&_nc_cat=108&ccb=1-7&_nc_sid=2d3e12&_nc_ohc=thf9kfv66zEQ7kNvwGjdg8w&_nc_oc=AdrYj0bxMrnJjIN_LECFkw4QTKw6IpXMC7EDW3V_3ZiXbFoGQQg2IaCrV4fWoFSj2Yk&_nc_zt=24&_nc_ht=scontent.fcuz1-1.fna&_nc_gid=kIBhwe8oZbyrxTJ3W2yjZg&_nc_ss=7a289&oh=00_AQDTUrd2RyVCDhE2ZYToV4G_uaAcZuhN7Tc6IA6cDQc9cw&oe=6A55DEAF,stb.com.tn,,890000,TRUE,,"[{""id"":""3086971498167646"",""type"":""Video"",""url"":""https://scontent.fcuz1-1.fna.fbcdn.net/v/t15.5256-10/733831215_1039213275347269_5459264169715754424_n.jpg?stp=dst-jpg_tt6&cstp=mx1152x2048&ctp=p296x100&_nc_cat=110&ccb=1-7&_nc_sid=d2b52d&_nc_ohc=TdJoXxVpHbkQ7kNvwEfv-H3&_nc_oc=AdoK0TtCHwuQs0Plqb9BRg8fUtedKcdIZ-MkXw_zsk_zkfqwvKp6G0cTrOQipUuNCTY&_nc_zt=23&_nc_ht=scontent.fcuz1-1.fna&_nc_gid=F3QBzrZQjEIDUOkOlDAr7Q&_nc_ss=7a289&oh=00_AQATY_eiMZekzi0Bmwellvx4izoE9NQNq-x4E3S9_Kh7aA&oe=6A55BD70"",""video_length"":""115698"",""attachment_url"":""https://www.facebook.com/reel/3086971498167646/"",""video_url"":""https://video.fcuz1-1.fna.fbcdn.net/o1/v/t2/f2/m366/AQMMP-mFF80SBPnI-KZ-OzipQKbzi87ovpGRqczyKEknsJ3ogCs6S0EP9MV23mRcvcjrHMfuS8B94K6_X2IPCW702qxrqyDwMOQ3syGLH5zXWw.mp4?_nc_cat=109&_nc_oc=Adp-N0xphvEsCQ-Bi-c6AGUGujUOjuDKeXmPZrlTzqKwCFUoOHbK9YCKOQHQPqcsm2s&_nc_sid=5e9851&_nc_ht=video.fcuz1-1.fna.fbcdn.net&_nc_ohc=dmW1B_l034YQ7kNvwGZGobP&efg=eyJ2ZW5jb2RlX3RhZyI6Inhwdl9wcm9ncmVzc2l2ZS5GQUNFQk9PSy4uQzMuNzIwLmRhc2hfaDI2NC1iYXNpYy1nZW4yXzcyMHAiLCJ4cHZfYXNzZXRfaWQiOjI4NjI3MTcxNTQwNjY2ODksImFzc2V0X2FnZV9kYXlzIjo5LCJ2aV91c2VjYXNlX2lkIjoxMDEyMiwiZHVyYXRpb25fcyI6MTE1LCJ1cmxnZW5fc291cmNlIjoid3d3In0%3D&ccb=17-1&vs=cfb7241038585598&_nc_vs=HBksFQIYRWZiX2VwaGVtZXJhbC9GRjQ4MEE0QjUwRDdBREVCN0ZGMDU1NUFGNDc1ODZCMF9tdF8xX3ZpZGVvX2Rhc2hpbml0Lm1wNBUAAsgBEgAVAhhAZmJfcGVybWFuZW50L0QwNERGRTQ2MUZCRjRCRDJFRTQ1N0RDMjc1NDJEMDk3X2F1ZGlvX2Rhc2hpbml0Lm1wNBUCAsgBEgAoABgAGwKIB3VzZV9vaWwBMRJwcm9ncmVzc2l2ZV9yZWNpcGUBMRUAACaChPzwiOiVChUCKAJDMywXQFzsvGp--dsYGWRhc2hfaDI2NC1iYXNpYy1nZW4yXzcyMHARAHUCZZSeAQA&_nc_gid=F3QBzrZQjEIDUOkOlDAr7Q&_nc_ss=7a289&_nc_zt=28&oh=00_AQBEJXjUmENTFIN4Qm-49o1BztLJSq2O0JmsnLm9rES4BQ&oe=6A55CFE3&bitrate=1302097&tag=dash_h264-basic-gen2_720p"",""thumbnail_url"":""https://scontent.fcuz1-1.fna.fbcdn.net/v/t15.5256-10/733831215_1039213275347269_5459264169715754424_n.jpg?stp=dst-jpg_tt6&cstp=mx1152x2048&ctp=s960x960&_nc_cat=110&ccb=1-7&_nc_sid=be8305&_nc_ohc=TdJoXxVpHbkQ7kNvwEfv-H3&_nc_oc=AdoK0TtCHwuQs0Plqb9BRg8fUtedKcdIZ-MkXw_zsk_zkfqwvKp6G0cTrOQipUuNCTY&_nc_zt=23&_nc_ht=scontent.fcuz1-1.fna&_nc_gid=F3QBzrZQjEIDUOkOlDAr7Q&_nc_ss=7a289&oh=00_AQATY_eiMZekzi0Bmwellvx4izoE9NQNq-x4E3S9_Kh7aA&oe=6A55BD70""}]",,,,,https://www.facebook.com/stbbank,https://scontent.fcuz1-1.fna.fbcdn.net/v/t39.30808-6/694297121_954471323958164_4401829465648402961_n.jpg?stp=dst-jpg_tt6&cstp=mx3171x1321&ctp=s960x960&_nc_cat=105&ccb=1-7&_nc_sid=cc71e4&_nc_ohc=yxz951qwgv0Q7kNvwFXJH45&_nc_oc=AdqrOaounTAWfrOgicuzpalV7MI-qLFE2GOtdfimBZkR1ZopN6U48ia2_yajdcnGF_k&_nc_zt=23&_nc_ht=scontent.fcuz1-1.fna&_nc_gid=kIBhwe8oZbyrxTJ3W2yjZg&_nc_ss=7a289&oh=00_AQBiINfZobkeMcJo-zACcfanye2hIAUtTDvmM_5tAxNgnQ&oe=6A55DDED,https://scontent.fcuz1-1.fna.fbcdn.net/v/t39.30808-1/324247302_842138200191708_8249912920870434123_n.jpg?stp=dst-jpg_tt6&cstp=mx595x595&ctp=s200x200&_nc_cat=108&ccb=1-7&_nc_sid=2d3e12&_nc_ohc=thf9kfv66zEQ7kNvwGjdg8w&_nc_oc=AdrYj0bxMrnJjIN_LECFkw4QTKw6IpXMC7EDW3V_3ZiXbFoGQQg2IaCrV4fWoFSj2Yk&_nc_zt=24&_nc_ht=scontent.fcuz1-1.fna&_nc_gid=kIBhwe8oZbyrxTJ3W2yjZg&_nc_ss=7a289&oh=00_AQDTUrd2RyVCDhE2ZYToV4G_uaAcZuhN7Tc6IA6cDQc9cw&oe=6A55DEAF,stbbank,,FALSE,,9.97142E+14,4177,159,,Reel,14,,"[{""type"":""Like"",""reaction_count"":129},{""type"":""Love"",""reaction_count"":24},{""type"":""Care"",""reaction_count"":4},{""type"":""Angry"",""reaction_count"":2}]",TRUE,+216 70 140 000,stb@stb.com.tn,2015-08-25T00:00:00.000Z,,,,"[{""type"":""INFLUENCER CATEGORY"",""value"":""Page · Financial service"",""link"":null},{""type"":""ADDRESS"",""value"":""Rue Hédi Nouira , Tunis, Tunisia"",""link"":""https://maps.google.com/maps?q=36.80775569%2C10.18444419&hl=en""},{""type"":""PROFILE PHONE"",""value"":""+216 70 140 000"",""link"":null},{""type"":""PROFILE EMAIL"",""value"":""stb@stb.com.tn"",""link"":null},{""type"":""WEBSITE"",""value"":""stb.com.tn"",""link"":""https://www.stb.com.tn/""},{""type"":""BUSINESS HOURS"",""value"":""Closed now"",""link"":null}]",[],4.21002E+14,,14349,2026-07-09T19:39:17.002Z,https://www.facebook.com/stbbank,10,,,,,,,
https://www.facebook.com/stbbank/posts/pfbid0X9bd3xcasmjuSb2d7hgkJppSg3nmY6bf29hbpgveWcGSLxTqxnGZkBdgFo8NFCEHl,9.97048E+14,https://www.facebook.com/stbbank,STB Bank  الشركة التونسية للبنك,"نرحب بكم في كل فروعنا
 من يوم الاثنين الى يوم الجمعة في الأوقات التالية:  
 🕗🕐 8:15 - 12:45
Horaires d'ouverture des guichets STB BANK
#توقيت_صيفي  ☀️ لغاية 31 أوت 2026",2026-06-30T12:55:47.000Z,"[""توقيت_صيفي""]",76,32,"{""type"":""Like"",""num"":265}",STB Bank  الشركة التونسية للبنك,1.00082E+14,"-La Meilleure Banque Digitale en Afrique du Nord.
(Arab Digital Banking Excellence Award 2018)
-Prix « Transformation »:Meilleure transformation agile et intégrée.
-Prix « Solution / Parcours Client »:DigiCarte",Financial service,https://scontent.fcuz1-1.fna.fbcdn.net/v/t39.30808-1/324247302_842138200191708_8249912920870434123_n.jpg?stp=dst-jpg_tt6&cstp=mx595x595&ctp=s200x200&_nc_cat=108&ccb=1-7&_nc_sid=2d3e12&_nc_ohc=thf9kfv66zEQ7kNvwGjdg8w&_nc_oc=AdrYj0bxMrnJjIN_LECFkw4QTKw6IpXMC7EDW3V_3ZiXbFoGQQg2IaCrV4fWoFSj2Yk&_nc_zt=24&_nc_ht=scontent.fcuz1-1.fna&_nc_gid=kIBhwe8oZbyrxTJ3W2yjZg&_nc_ss=7a289&oh=00_AQDTUrd2RyVCDhE2ZYToV4G_uaAcZuhN7Tc6IA6cDQc9cw&oe=6A55DEAF,stb.com.tn,,890000,TRUE,,"[{""id"":""997044056367557"",""type"":""Photo"",""url"":""https://scontent.fcuz1-1.fna.fbcdn.net/v/t39.99422-6/736207191_1317413133456266_774089511055318146_n.png?stp=dst-jpg_tt6&cstp=mx1080x1350&ctp=s640x640&_nc_cat=101&ccb=1-7&_nc_sid=127cfc&_nc_ohc=VbymxxSZ4wEQ7kNvwGeOLDA&_nc_oc=AdpM-gHgb-HGlHStE3KsXiGDUtYdvIS7Bs7KLiHSuB1rMKFjfJlsgCiF82IxiH9ZKOw&_nc_zt=14&_nc_ht=scontent.fcuz1-1.fna&_nc_gid=F3QBzrZQjEIDUOkOlDAr7Q&_nc_ss=7a289&oh=00_AQDxITNzUY7Fi98ntPxjpCz-A-7O9BWFpT4B-tklVvsdvQ&oe=6A55B0D9"",""video_url"":null,""thumbnail_url"":null}]",,,,,https://www.facebook.com/stbbank,https://scontent.fcuz1-1.fna.fbcdn.net/v/t39.30808-6/694297121_954471323958164_4401829465648402961_n.jpg?stp=dst-jpg_tt6&cstp=mx3171x1321&ctp=s960x960&_nc_cat=105&ccb=1-7&_nc_sid=cc71e4&_nc_ohc=yxz951qwgv0Q7kNvwFXJH45&_nc_oc=AdqrOaounTAWfrOgicuzpalV7MI-qLFE2GOtdfimBZkR1ZopN6U48ia2_yajdcnGF_k&_nc_zt=23&_nc_ht=scontent.fcuz1-1.fna&_nc_gid=kIBhwe8oZbyrxTJ3W2yjZg&_nc_ss=7a289&oh=00_AQBiINfZobkeMcJo-zACcfanye2hIAUtTDvmM_5tAxNgnQ&oe=6A55DDED,https://scontent.fcuz1-1.fna.fbcdn.net/v/t39.30808-1/324247302_842138200191708_8249912920870434123_n.jpg?stp=dst-jpg_tt6&cstp=mx595x595&ctp=s200x200&_nc_cat=108&ccb=1-7&_nc_sid=2d3e12&_nc_ohc=thf9kfv66zEQ7kNvwGjdg8w&_nc_oc=AdrYj0bxMrnJjIN_LECFkw4QTKw6IpXMC7EDW3V_3ZiXbFoGQQg2IaCrV4fWoFSj2Yk&_nc_zt=24&_nc_ht=scontent.fcuz1-1.fna&_nc_gid=kIBhwe8oZbyrxTJ3W2yjZg&_nc_ss=7a289&oh=00_AQDTUrd2RyVCDhE2ZYToV4G_uaAcZuhN7Tc6IA6cDQc9cw&oe=6A55DEAF,stbbank,,FALSE,,9.97048E+14,,341,https://scontent.fcuz1-1.fna.fbcdn.net/v/t39.99422-6/736207191_1317413133456266_774089511055318146_n.png?stp=dst-jpg_tt6&cstp=mx1080x1350&ctp=s640x640&_nc_cat=101&ccb=1-7&_nc_sid=127cfc&_nc_ohc=VbymxxSZ4wEQ7kNvwGeOLDA&_nc_oc=AdpM-gHgb-HGlHStE3KsXiGDUtYdvIS7Bs7KLiHSuB1rMKFjfJlsgCiF82IxiH9ZKOw&_nc_zt=14&_nc_ht=scontent.fcuz1-1.fna&_nc_gid=F3QBzrZQjEIDUOkOlDAr7Q&_nc_ss=7a289&oh=00_AQDxITNzUY7Fi98ntPxjpCz-A-7O9BWFpT4B-tklVvsdvQ&oe=6A55B0D9,Post,14,,"[{""type"":""Like"",""reaction_count"":265},{""type"":""Love"",""reaction_count"":65},{""type"":""Care"",""reaction_count"":9},{""type"":""Haha"",""reaction_count"":2}]",TRUE,+216 70 140 000,stb@stb.com.tn,2015-08-25T00:00:00.000Z,,,,"[{""type"":""INFLUENCER CATEGORY"",""value"":""Page · Financial service"",""link"":null},{""type"":""ADDRESS"",""value"":""Rue Hédi Nouira , Tunis, Tunisia"",""link"":""https://maps.google.com/maps?q=36.80775569%2C10.18444419&hl=en""},{""type"":""PROFILE PHONE"",""value"":""+216 70 140 000"",""link"":null},{""type"":""PROFILE EMAIL"",""value"":""stb@stb.com.tn"",""link"":null},{""type"":""WEBSITE"",""value"":""stb.com.tn"",""link"":""https://www.stb.com.tn/""},{""type"":""BUSINESS HOURS"",""value"":""Closed now"",""link"":null}]",[],4.21002E+14,,,2026-07-09T19:39:17.002Z,https://www.facebook.com/stbbank,10,,,,,,,
https://www.facebook.com/stbbank/posts/pfbid035ktzzYDQx5h6ZgjaEuwv4oRjCoivdYzLJykyUcdG5DtBNbSUXCVhcH5NcRCwQjUql,9.96092E+14,https://www.facebook.com/stbbank,STB Bank  الشركة التونسية للبنك,"Marhaba ! 
Cet été, facilitez votre retour au bled avec le Pack Marhaba, spécialement conçu pour vous, chers Tunisiens résidents à l’étranger 🌍
✅ Transferts d’argent 100% gratuits vers la Tunisie
✅ Services bancaires digitaux 24/7, où que vous soyez
📲 Découvrez tous les avantages et ouvrez votre Pack Marhaba en ligne dès maintenant : https://www.stb.com.tn/fr/tunisiens-a-l-etranger/pack-marhaba/
#STBBank",2026-06-29T10:45:16.000Z,"[""stbbank""]",2,8,"{""type"":""Like"",""num"":41}",STB Bank  الشركة التونسية للبنك,1.00082E+14,"-La Meilleure Banque Digitale en Afrique du Nord.
(Arab Digital Banking Excellence Award 2018)
-Prix « Transformation »:Meilleure transformation agile et intégrée.
-Prix « Solution / Parcours Client »:DigiCarte",Financial service,https://scontent.fcuz1-1.fna.fbcdn.net/v/t39.30808-1/324247302_842138200191708_8249912920870434123_n.jpg?stp=dst-jpg_tt6&cstp=mx595x595&ctp=s200x200&_nc_cat=108&ccb=1-7&_nc_sid=2d3e12&_nc_ohc=thf9kfv66zEQ7kNvwGjdg8w&_nc_oc=AdrYj0bxMrnJjIN_LECFkw4QTKw6IpXMC7EDW3V_3ZiXbFoGQQg2IaCrV4fWoFSj2Yk&_nc_zt=24&_nc_ht=scontent.fcuz1-1.fna&_nc_gid=kIBhwe8oZbyrxTJ3W2yjZg&_nc_ss=7a289&oh=00_AQDTUrd2RyVCDhE2ZYToV4G_uaAcZuhN7Tc6IA6cDQc9cw&oe=6A55DEAF,stb.com.tn,,890000,TRUE,,"[{""id"":""996167106455252"",""type"":""Photo"",""url"":""https://scontent.fcuz1-1.fna.fbcdn.net/v/t39.99422-6/734988995_2077697493141851_1394868964797546308_n.png?stp=dst-jpg_tt6&cstp=mx1080x1350&ctp=s640x640&_nc_cat=110&ccb=1-7&_nc_sid=127cfc&_nc_ohc=rIJGsigTy1oQ7kNvwFai47E&_nc_oc=Adoli7r1psate4DIS0hpcwZMhDPFxBen7xpyC0F3sZ8sIINXdZaIFnjKIE9ZytRAExA&_nc_zt=14&_nc_ht=scontent.fcuz1-1.fna&_nc_gid=F3QBzrZQjEIDUOkOlDAr7Q&_nc_ss=7a289&oh=00_AQCJyABNpkLoSa9zfIDUXw5orzZXQDSinh7GhgZhTK7hqA&oe=6A55B1BF"",""video_url"":null,""thumbnail_url"":null}]",,,,,https://www.facebook.com/stbbank,https://scontent.fcuz1-1.fna.fbcdn.net/v/t39.30808-6/694297121_954471323958164_4401829465648402961_n.jpg?stp=dst-jpg_tt6&cstp=mx3171x1321&ctp=s960x960&_nc_cat=105&ccb=1-7&_nc_sid=cc71e4&_nc_ohc=yxz951qwgv0Q7kNvwFXJH45&_nc_oc=AdqrOaounTAWfrOgicuzpalV7MI-qLFE2GOtdfimBZkR1ZopN6U48ia2_yajdcnGF_k&_nc_zt=23&_nc_ht=scontent.fcuz1-1.fna&_nc_gid=kIBhwe8oZbyrxTJ3W2yjZg&_nc_ss=7a289&oh=00_AQBiINfZobkeMcJo-zACcfanye2hIAUtTDvmM_5tAxNgnQ&oe=6A55DDED,https://scontent.fcuz1-1.fna.fbcdn.net/v/t39.30808-1/324247302_842138200191708_8249912920870434123_n.jpg?stp=dst-jpg_tt6&cstp=mx595x595&ctp=s200x200&_nc_cat=108&ccb=1-7&_nc_sid=2d3e12&_nc_ohc=thf9kfv66zEQ7kNvwGjdg8w&_nc_oc=AdrYj0bxMrnJjIN_LECFkw4QTKw6IpXMC7EDW3V_3ZiXbFoGQQg2IaCrV4fWoFSj2Yk&_nc_zt=24&_nc_ht=scontent.fcuz1-1.fna&_nc_gid=kIBhwe8oZbyrxTJ3W2yjZg&_nc_ss=7a289&oh=00_AQDTUrd2RyVCDhE2ZYToV4G_uaAcZuhN7Tc6IA6cDQc9cw&oe=6A55DEAF,stbbank,,FALSE,,9.96092E+14,,58,https://scontent.fcuz1-1.fna.fbcdn.net/v/t39.99422-6/734988995_2077697493141851_1394868964797546308_n.png?stp=dst-jpg_tt6&cstp=mx1080x1350&ctp=s640x640&_nc_cat=110&ccb=1-7&_nc_sid=127cfc&_nc_ohc=rIJGsigTy1oQ7kNvwFai47E&_nc_oc=Adoli7r1psate4DIS0hpcwZMhDPFxBen7xpyC0F3sZ8sIINXdZaIFnjKIE9ZytRAExA&_nc_zt=14&_nc_ht=scontent.fcuz1-1.fna&_nc_gid=F3QBzrZQjEIDUOkOlDAr7Q&_nc_ss=7a289&oh=00_AQCJyABNpkLoSa9zfIDUXw5orzZXQDSinh7GhgZhTK7hqA&oe=6A55B1BF,Post,14,,"[{""type"":""Like"",""reaction_count"":41},{""type"":""Love"",""reaction_count"":17}]",TRUE,+216 70 140 000,stb@stb.com.tn,2015-08-25T00:00:00.000Z,,,,"[{""type"":""INFLUENCER CATEGORY"",""value"":""Page · Financial service"",""link"":null},{""type"":""ADDRESS"",""value"":""Rue Hédi Nouira , Tunis, Tunisia"",""link"":""https://maps.google.com/maps?q=36.80775569%2C10.18444419&hl=en""},{""type"":""PROFILE PHONE"",""value"":""+216 70 140 000"",""link"":null},{""type"":""PROFILE EMAIL"",""value"":""stb@stb.com.tn"",""link"":null},{""type"":""WEBSITE"",""value"":""stb.com.tn"",""link"":""https://www.stb.com.tn/""},{""type"":""BUSINESS HOURS"",""value"":""Closed now"",""link"":null}]",[],4.21002E+14,,,2026-07-09T19:39:17.002Z,https://www.facebook.com/stbbank,10,,,,,,,
https://www.facebook.com/stbbank/posts/pfbid02ASippy1XFge55bxJA1SU3LS8tp2KbZVmxaXwKZQMaqigSE5aJYRGzxPmfvxssrpFl,9.93678E+14,https://www.facebook.com/stbbank,STB Bank  الشركة التونسية للبنك,"Retour en photos sur la distinction de la STB à la cérémonie Internationale de certification d’entreprises conjointement organisée par COFICERT et l’IGSF en collaboration avec Euronext, par l’obtention de la certification AML 30001 (Norme internationale dédiée à la lutte contre le blanchiment d’argent et le financement du terrorisme), tenue le 25 juin 2026 à la bourse de Paris.

A cette cérémonie, la STB était représentée par son secrétaire général M. Sami Derbel. #STBBank",2026-06-26T12:57:20.000Z,"[""stbbank""]",43,12,"{""type"":""Like"",""num"":101}",STB Bank  الشركة التونسية للبنك,1.00082E+14,"-La Meilleure Banque Digitale en Afrique du Nord.
(Arab Digital Banking Excellence Award 2018)
-Prix « Transformation »:Meilleure transformation agile et intégrée.
-Prix « Solution / Parcours Client »:DigiCarte",Financial service,https://scontent.fcuz1-1.fna.fbcdn.net/v/t39.30808-1/324247302_842138200191708_8249912920870434123_n.jpg?stp=dst-jpg_tt6&cstp=mx595x595&ctp=s200x200&_nc_cat=108&ccb=1-7&_nc_sid=2d3e12&_nc_ohc=thf9kfv66zEQ7kNvwGjdg8w&_nc_oc=AdrYj0bxMrnJjIN_LECFkw4QTKw6IpXMC7EDW3V_3ZiXbFoGQQg2IaCrV4fWoFSj2Yk&_nc_zt=24&_nc_ht=scontent.fcuz1-1.fna&_nc_gid=kIBhwe8oZbyrxTJ3W2yjZg&_nc_ss=7a289&oh=00_AQDTUrd2RyVCDhE2ZYToV4G_uaAcZuhN7Tc6IA6cDQc9cw&oe=6A55DEAF,stb.com.tn,,890000,TRUE,,"[{""id"":""993677340037562"",""type"":""Photo"",""url"":""https://scontent.fcuz1-1.fna.fbcdn.net/v/t39.99422-6/730621341_4351254351795963_7151668373957751866_n.png?stp=dst-jpg_tt6&cstp=mx960x1280&ctp=s960x1280&_nc_cat=101&ccb=1-7&_nc_sid=127cfc&_nc_ohc=ymdggpULpegQ7kNvwHgy0fc&_nc_oc=AdqdjFOGC6QG_0R4xhpNRNDZS-EcJqEweVS4UR8Q2YlyNrOm-NglIqXCbtpe_y_4tPg&_nc_zt=14&_nc_ht=scontent.fcuz1-1.fna&_nc_gid=rsEbCkjkQaLulgE0hBTZYw&_nc_ss=7a289&oh=00_AQAGnPcPwsgMgXpbdNBJTTmVGmNasYuoWYtcQMNAlW0jBw&oe=6A55CEB6"",""attachment_url"":""https://www.facebook.com/photo.php?fbid=993677340037562&set=a.168995932505711&type=3"",""video_url"":null,""thumbnail_url"":null},{""id"":""993677403370889"",""type"":""Photo"",""url"":""https://scontent.fcuz1-1.fna.fbcdn.net/v/t39.99422-6/730628750_1986913328628352_1817934453550979044_n.png?stp=dst-jpg_tt6&cstp=mx1392x3013&ctp=s1392x3013&_nc_cat=101&ccb=1-7&_nc_sid=127cfc&_nc_ohc=O8sze1THG8cQ7kNvwGHwTz2&_nc_oc=AdpALQkK2E-ZMyIcCSh3uTOHCXRVO_TbGjIFheUsvjeFKUBoINcX14UoxXlhw8tHJps&_nc_zt=14&_nc_ht=scontent.fcuz1-1.fna&_nc_gid=rsEbCkjkQaLulgE0hBTZYw&_nc_ss=7a289&oh=00_AQBaWzAogBGXdDSDdAEw5NkcQZ2Ll9cPhLb8Yq3Q6yvNOw&oe=6A55B3C4"",""attachment_url"":""https://www.facebook.com/photo.php?fbid=993677403370889&set=a.168995932505711&type=3"",""video_url"":null,""thumbnail_url"":null}]",,,,,https://www.facebook.com/stbbank,https://scontent.fcuz1-1.fna.fbcdn.net/v/t39.30808-6/694297121_954471323958164_4401829465648402961_n.jpg?stp=dst-jpg_tt6&cstp=mx3171x1321&ctp=s960x960&_nc_cat=105&ccb=1-7&_nc_sid=cc71e4&_nc_ohc=yxz951qwgv0Q7kNvwFXJH45&_nc_oc=AdqrOaounTAWfrOgicuzpalV7MI-qLFE2GOtdfimBZkR1ZopN6U48ia2_yajdcnGF_k&_nc_zt=23&_nc_ht=scontent.fcuz1-1.fna&_nc_gid=kIBhwe8oZbyrxTJ3W2yjZg&_nc_ss=7a289&oh=00_AQBiINfZobkeMcJo-zACcfanye2hIAUtTDvmM_5tAxNgnQ&oe=6A55DDED,https://scontent.fcuz1-1.fna.fbcdn.net/v/t39.30808-1/324247302_842138200191708_8249912920870434123_n.jpg?stp=dst-jpg_tt6&cstp=mx595x595&ctp=s200x200&_nc_cat=108&ccb=1-7&_nc_sid=2d3e12&_nc_ohc=thf9kfv66zEQ7kNvwGjdg8w&_nc_oc=AdrYj0bxMrnJjIN_LECFkw4QTKw6IpXMC7EDW3V_3ZiXbFoGQQg2IaCrV4fWoFSj2Yk&_nc_zt=24&_nc_ht=scontent.fcuz1-1.fna&_nc_gid=kIBhwe8oZbyrxTJ3W2yjZg&_nc_ss=7a289&oh=00_AQDTUrd2RyVCDhE2ZYToV4G_uaAcZuhN7Tc6IA6cDQc9cw&oe=6A55DEAF,stbbank,,FALSE,,9.93678E+14,,159,https://scontent.fcuz1-1.fna.fbcdn.net/v/t39.99422-6/730621341_4351254351795963_7151668373957751866_n.png?stp=dst-jpg_tt6&cstp=mx960x1280&ctp=s960x1280&_nc_cat=101&ccb=1-7&_nc_sid=127cfc&_nc_ohc=ymdggpULpegQ7kNvwHgy0fc&_nc_oc=AdqdjFOGC6QG_0R4xhpNRNDZS-EcJqEweVS4UR8Q2YlyNrOm-NglIqXCbtpe_y_4tPg&_nc_zt=14&_nc_ht=scontent.fcuz1-1.fna&_nc_gid=rsEbCkjkQaLulgE0hBTZYw&_nc_ss=7a289&oh=00_AQAGnPcPwsgMgXpbdNBJTTmVGmNasYuoWYtcQMNAlW0jBw&oe=6A55CEB6,Post,14,,"[{""type"":""Like"",""reaction_count"":101},{""type"":""Love"",""reaction_count"":57},{""type"":""Care"",""reaction_count"":1}]",TRUE,+216 70 140 000,stb@stb.com.tn,2015-08-25T00:00:00.000Z,,,,"[{""type"":""INFLUENCER CATEGORY"",""value"":""Page · Financial service"",""link"":null},{""type"":""ADDRESS"",""value"":""Rue Hédi Nouira , Tunis, Tunisia"",""link"":""https://maps.google.com/maps?q=36.80775569%2C10.18444419&hl=en""},{""type"":""PROFILE PHONE"",""value"":""+216 70 140 000"",""link"":null},{""type"":""PROFILE EMAIL"",""value"":""stb@stb.com.tn"",""link"":null},{""type"":""WEBSITE"",""value"":""stb.com.tn"",""link"":""https://www.stb.com.tn/""},{""type"":""BUSINESS HOURS"",""value"":""Closed now"",""link"":null}]",[],4.21002E+14,,,2026-07-09T19:39:17.002Z,https://www.facebook.com/stbbank,10,,,,,,,
https://www.facebook.com/reel/863917563455916/,9.93548E+14,https://www.facebook.com/stbbank,STB Bank  الشركة التونسية للبنك,Retour en vidéo sur la participation du groupe STB à la conférence annuelle de l’Association Tunisienne des Investisseurs en Capital (ATIC),2026-06-26T09:40:19.000Z,,16,11,"{""type"":""Like"",""num"":176}",STB Bank  الشركة التونسية للبنك,1.00082E+14,"-La Meilleure Banque Digitale en Afrique du Nord.
(Arab Digital Banking Excellence Award 2018)
-Prix « Transformation »:Meilleure transformation agile et intégrée.
-Prix « Solution / Parcours Client »:DigiCarte",Financial service,https://scontent.fcuz1-1.fna.fbcdn.net/v/t39.30808-1/324247302_842138200191708_8249912920870434123_n.jpg?stp=dst-jpg_tt6&cstp=mx595x595&ctp=s200x200&_nc_cat=108&ccb=1-7&_nc_sid=2d3e12&_nc_ohc=thf9kfv66zEQ7kNvwGjdg8w&_nc_oc=AdrYj0bxMrnJjIN_LECFkw4QTKw6IpXMC7EDW3V_3ZiXbFoGQQg2IaCrV4fWoFSj2Yk&_nc_zt=24&_nc_ht=scontent.fcuz1-1.fna&_nc_gid=kIBhwe8oZbyrxTJ3W2yjZg&_nc_ss=7a289&oh=00_AQDTUrd2RyVCDhE2ZYToV4G_uaAcZuhN7Tc6IA6cDQc9cw&oe=6A55DEAF,stb.com.tn,,890000,TRUE,,"[{""id"":""863917563455916"",""type"":""Video"",""url"":""https://scontent.fcuz1-1.fna.fbcdn.net/v/t15.5256-10/731865299_27449325878085386_7853190172406278400_n.jpg?stp=dst-jpg_tt6&cstp=mx1152x2048&ctp=p296x100&_nc_cat=110&ccb=1-7&_nc_sid=d2b52d&_nc_ohc=LCvbg93b3pkQ7kNvwFaPqnd&_nc_oc=Adp9y42hDAsnH4G_KHNgfQ3A33jyj7-C6NPELXGK-zQwK9Y3FIiu3VoyOprLYixypDw&_nc_zt=23&_nc_ht=scontent.fcuz1-1.fna&_nc_gid=rsEbCkjkQaLulgE0hBTZYw&_nc_ss=7a289&oh=00_AQBrryaKErgDDb9N4Y-WkULR8PzYtixGPFtAlmjykRURQg&oe=6A55BB5D"",""video_length"":""120245"",""attachment_url"":""https://www.facebook.com/reel/863917563455916/"",""video_url"":""https://video.fcuz1-1.fna.fbcdn.net/o1/v/t2/f2/m366/AQMGv8YKZfTiKfwDaLG3dNzJMLLFHumS57H08mdO4-1rKdDwAfqZ1spVPyeTSjbsTkLE0vKqFXz7Wif8yns_agumQobs2Jc5jZst-73ZkXMdRw.mp4?_nc_cat=109&_nc_oc=Ado3tcUXhc6eZAHoLxVFZttPGVFoJqaC0yPJiwZBMlCe204G3gZmukP9-3CsAS6TNfs&_nc_sid=5e9851&_nc_ht=video.fcuz1-1.fna.fbcdn.net&_nc_ohc=XXJgCY7UggYQ7kNvwEh5Kn3&efg=eyJ2ZW5jb2RlX3RhZyI6Inhwdl9wcm9ncmVzc2l2ZS5GQUNFQk9PSy4uQzMuNzIwLmRhc2hfaDI2NC1iYXNpYy1nZW4yXzcyMHAiLCJ4cHZfYXNzZXRfaWQiOjEwMTcyNzU5NTQ0ODMwNDMsImFzc2V0X2FnZV9kYXlzIjoxMywidmlfdXNlY2FzZV9pZCI6MTAxMjIsImR1cmF0aW9uX3MiOjEyMCwidXJsZ2VuX3NvdXJjZSI6Ind3dyJ9&ccb=17-1&vs=18307df3049fc570&_nc_vs=HBksFQIYRWZiX2VwaGVtZXJhbC9ERTQ5Q0Q1NTIzOTc3MEVFRTFGQTVGN0YyMUJEQ0JCM19tdF8xX3ZpZGVvX2Rhc2hpbml0Lm1wNBUAAsgBEgAVAhhAZmJfcGVybWFuZW50L0JGNEZDOUQwQzYxMTJDODg1NDE2MTZGMTg4RTAwQ0IwX2F1ZGlvX2Rhc2hpbml0Lm1wNBUCAsgBEgAoABgAGwKIB3VzZV9vaWwBMRJwcm9ncmVzc2l2ZV9yZWNpcGUBMRUAACbGvb6-oM3OAxUCKAJDMywXQF4PrhR64UgYGWRhc2hfaDI2NC1iYXNpYy1nZW4yXzcyMHARAHUCZZSeAQA&_nc_gid=rsEbCkjkQaLulgE0hBTZYw&_nc_ss=7a289&_nc_zt=28&oh=00_AQDtJzxivkDGeZiO0WZiykpXzdcQiZrhOVZRdAo4wAkevA&oe=6A55CC7B&bitrate=1060269&tag=dash_h264-basic-gen2_720p"",""thumbnail_url"":""https://scontent.fcuz1-1.fna.fbcdn.net/v/t15.5256-10/731865299_27449325878085386_7853190172406278400_n.jpg?stp=dst-jpg_tt6&cstp=mx1152x2048&ctp=s960x960&_nc_cat=110&ccb=1-7&_nc_sid=be8305&_nc_ohc=LCvbg93b3pkQ7kNvwFaPqnd&_nc_oc=Adp9y42hDAsnH4G_KHNgfQ3A33jyj7-C6NPELXGK-zQwK9Y3FIiu3VoyOprLYixypDw&_nc_zt=23&_nc_ht=scontent.fcuz1-1.fna&_nc_gid=rsEbCkjkQaLulgE0hBTZYw&_nc_ss=7a289&oh=00_AQBrryaKErgDDb9N4Y-WkULR8PzYtixGPFtAlmjykRURQg&oe=6A55BB5D""}]",,,,,https://www.facebook.com/stbbank,https://scontent.fcuz1-1.fna.fbcdn.net/v/t39.30808-6/694297121_954471323958164_4401829465648402961_n.jpg?stp=dst-jpg_tt6&cstp=mx3171x1321&ctp=s960x960&_nc_cat=105&ccb=1-7&_nc_sid=cc71e4&_nc_ohc=yxz951qwgv0Q7kNvwFXJH45&_nc_oc=AdqrOaounTAWfrOgicuzpalV7MI-qLFE2GOtdfimBZkR1ZopN6U48ia2_yajdcnGF_k&_nc_zt=23&_nc_ht=scontent.fcuz1-1.fna&_nc_gid=kIBhwe8oZbyrxTJ3W2yjZg&_nc_ss=7a289&oh=00_AQBiINfZobkeMcJo-zACcfanye2hIAUtTDvmM_5tAxNgnQ&oe=6A55DDED,https://scontent.fcuz1-1.fna.fbcdn.net/v/t39.30808-1/324247302_842138200191708_8249912920870434123_n.jpg?stp=dst-jpg_tt6&cstp=mx595x595&ctp=s200x200&_nc_cat=108&ccb=1-7&_nc_sid=2d3e12&_nc_ohc=thf9kfv66zEQ7kNvwGjdg8w&_nc_oc=AdrYj0bxMrnJjIN_LECFkw4QTKw6IpXMC7EDW3V_3ZiXbFoGQQg2IaCrV4fWoFSj2Yk&_nc_zt=24&_nc_ht=scontent.fcuz1-1.fna&_nc_gid=kIBhwe8oZbyrxTJ3W2yjZg&_nc_ss=7a289&oh=00_AQDTUrd2RyVCDhE2ZYToV4G_uaAcZuhN7Tc6IA6cDQc9cw&oe=6A55DEAF,stbbank,,FALSE,,9.93548E+14,5518,212,,Reel,14,,"[{""type"":""Like"",""reaction_count"":176},{""type"":""Love"",""reaction_count"":32},{""type"":""Care"",""reaction_count"":3},{""type"":""Angry"",""reaction_count"":1}]",TRUE,+216 70 140 000,stb@stb.com.tn,2015-08-25T00:00:00.000Z,,,,"[{""type"":""INFLUENCER CATEGORY"",""value"":""Page · Financial service"",""link"":null},{""type"":""ADDRESS"",""value"":""Rue Hédi Nouira , Tunis, Tunisia"",""link"":""https://maps.google.com/maps?q=36.80775569%2C10.18444419&hl=en""},{""type"":""PROFILE PHONE"",""value"":""+216 70 140 000"",""link"":null},{""type"":""PROFILE EMAIL"",""value"":""stb@stb.com.tn"",""link"":null},{""type"":""WEBSITE"",""value"":""stb.com.tn"",""link"":""https://www.stb.com.tn/""},{""type"":""BUSINESS HOURS"",""value"":""Closed now"",""link"":null}]",[],4.21002E+14,,21093,2026-07-09T19:39:17.002Z,https://www.facebook.com/stbbank,10,,,,,,,
https://www.facebook.com/stbbank/posts/pfbid022fMf8aL697iogPfcTb5Gd9s5FFqTvc9aEyQv7Gu6wnB1aZUGPKb3khPdgGpJcTT2l,9.89896E+14,https://www.facebook.com/stbbank,STB Bank  الشركة التونسية للبنك,"Envie d’investir dans un véhicule à caractère écologique 🍃? ​
La STB met à votre disposition le crédit Eco-Car 🚗
✔️Plus d'informations via ce lien : https://www.stb.com.tn/fr/particuliers/credits-et-financements/eco-car/
#STBBANK",2026-06-22T11:02:31.000Z,"[""stbbank""]",1,7,"{""type"":""Like"",""num"":38}",STB Bank  الشركة التونسية للبنك,1.00082E+14,"-La Meilleure Banque Digitale en Afrique du Nord.
(Arab Digital Banking Excellence Award 2018)
-Prix « Transformation »:Meilleure transformation agile et intégrée.
-Prix « Solution / Parcours Client »:DigiCarte",Financial service,https://scontent.fcuz1-1.fna.fbcdn.net/v/t39.30808-1/324247302_842138200191708_8249912920870434123_n.jpg?stp=dst-jpg_tt6&cstp=mx595x595&ctp=s200x200&_nc_cat=108&ccb=1-7&_nc_sid=2d3e12&_nc_ohc=thf9kfv66zEQ7kNvwGjdg8w&_nc_oc=AdrYj0bxMrnJjIN_LECFkw4QTKw6IpXMC7EDW3V_3ZiXbFoGQQg2IaCrV4fWoFSj2Yk&_nc_zt=24&_nc_ht=scontent.fcuz1-1.fna&_nc_gid=kIBhwe8oZbyrxTJ3W2yjZg&_nc_ss=7a289&oh=00_AQDTUrd2RyVCDhE2ZYToV4G_uaAcZuhN7Tc6IA6cDQc9cw&oe=6A55DEAF,stb.com.tn,,890000,TRUE,,"[{""id"":""989894857082477"",""type"":""Photo"",""url"":""https://scontent.fcuz1-1.fna.fbcdn.net/v/t39.99422-6/728618775_1155964663393773_6919715711245241750_n.png?stp=dst-jpg_tt6&cstp=mx1080x1350&ctp=s640x640&_nc_cat=108&ccb=1-7&_nc_sid=127cfc&_nc_ohc=KdQtlNYdsqEQ7kNvwFE5AQN&_nc_oc=AdojvyPXF7DzMh2OQrqNquOgcF1To1Ko9t6XjOh00flSb2O7c-EA51dwyyR4xgWPPos&_nc_zt=14&_nc_ht=scontent.fcuz1-1.fna&_nc_gid=rsEbCkjkQaLulgE0hBTZYw&_nc_ss=7a289&oh=00_AQB19T0hI3H2vTfJWoU3n-BmX2AX8sNRXuMfz0AfL7c5Mw&oe=6A55E73D"",""video_url"":null,""thumbnail_url"":null}]",,,,,https://www.facebook.com/stbbank,https://scontent.fcuz1-1.fna.fbcdn.net/v/t39.30808-6/694297121_954471323958164_4401829465648402961_n.jpg?stp=dst-jpg_tt6&cstp=mx3171x1321&ctp=s960x960&_nc_cat=105&ccb=1-7&_nc_sid=cc71e4&_nc_ohc=yxz951qwgv0Q7kNvwFXJH45&_nc_oc=AdqrOaounTAWfrOgicuzpalV7MI-qLFE2GOtdfimBZkR1ZopN6U48ia2_yajdcnGF_k&_nc_zt=23&_nc_ht=scontent.fcuz1-1.fna&_nc_gid=kIBhwe8oZbyrxTJ3W2yjZg&_nc_ss=7a289&oh=00_AQBiINfZobkeMcJo-zACcfanye2hIAUtTDvmM_5tAxNgnQ&oe=6A55DDED,https://scontent.fcuz1-1.fna.fbcdn.net/v/t39.30808-1/324247302_842138200191708_8249912920870434123_n.jpg?stp=dst-jpg_tt6&cstp=mx595x595&ctp=s200x200&_nc_cat=108&ccb=1-7&_nc_sid=2d3e12&_nc_ohc=thf9kfv66zEQ7kNvwGjdg8w&_nc_oc=AdrYj0bxMrnJjIN_LECFkw4QTKw6IpXMC7EDW3V_3ZiXbFoGQQg2IaCrV4fWoFSj2Yk&_nc_zt=24&_nc_ht=scontent.fcuz1-1.fna&_nc_gid=kIBhwe8oZbyrxTJ3W2yjZg&_nc_ss=7a289&oh=00_AQDTUrd2RyVCDhE2ZYToV4G_uaAcZuhN7Tc6IA6cDQc9cw&oe=6A55DEAF,stbbank,,FALSE,,9.89896E+14,,42,https://scontent.fcuz1-1.fna.fbcdn.net/v/t39.99422-6/728618775_1155964663393773_6919715711245241750_n.png?stp=dst-jpg_tt6&cstp=mx1080x1350&ctp=s640x640&_nc_cat=108&ccb=1-7&_nc_sid=127cfc&_nc_ohc=KdQtlNYdsqEQ7kNvwFE5AQN&_nc_oc=AdojvyPXF7DzMh2OQrqNquOgcF1To1Ko9t6XjOh00flSb2O7c-EA51dwyyR4xgWPPos&_nc_zt=14&_nc_ht=scontent.fcuz1-1.fna&_nc_gid=rsEbCkjkQaLulgE0hBTZYw&_nc_ss=7a289&oh=00_AQB19T0hI3H2vTfJWoU3n-BmX2AX8sNRXuMfz0AfL7c5Mw&oe=6A55E73D,Post,14,,"[{""type"":""Like"",""reaction_count"":38},{""type"":""Love"",""reaction_count"":3},{""type"":""Angry"",""reaction_count"":1}]",TRUE,+216 70 140 000,stb@stb.com.tn,2015-08-25T00:00:00.000Z,,,,"[{""type"":""INFLUENCER CATEGORY"",""value"":""Page · Financial service"",""link"":null},{""type"":""ADDRESS"",""value"":""Rue Hédi Nouira , Tunis, Tunisia"",""link"":""https://maps.google.com/maps?q=36.80775569%2C10.18444419&hl=en""},{""type"":""PROFILE PHONE"",""value"":""+216 70 140 000"",""link"":null},{""type"":""PROFILE EMAIL"",""value"":""stb@stb.com.tn"",""link"":null},{""type"":""WEBSITE"",""value"":""stb.com.tn"",""link"":""https://www.stb.com.tn/""},{""type"":""BUSINESS HOURS"",""value"":""Closed now"",""link"":null}]",[],4.21002E+14,,,2026-07-09T19:39:17.002Z,https://www.facebook.com/stbbank,10,,,,,,,
https://www.facebook.com/reel/1056022523652756/,1487506203416914,https://www.facebook.com/BanqueZitouna,Banque Zitouna - مصرف الزيتونة,"مع مصرف الزيتونة، تونس ديما دارك 🇹🇳🏡

مع برنامج تمويل منزل للتوانسة المقيمين بالخارج، أختار الدار ولا الأرض اللي تحب عليها… وأحنا نرافقوك  في كل مرحلة باجرائات مبسطة و مدّة التسديد نتفاهمو عليها بالمسبق✨🏡",2026-07-01T17:27:32.000Z,,6,13,"{""type"":""Like"",""num"":114}",Banque Zitouna - مصرف الزيتونة,1.00065E+14,"Bienvenue sur la page officielle de Banque Zitouna
مرحبا بكم في الصفحة الرسمية لمصرف الزيتونة
Pour plus d'informations - 81 10 55 55 - لمزيد الارشادات",Financial service,https://scontent-for2-2.xx.fbcdn.net/v/t39.30808-1/348282802_632108921779379_7457718821559958426_n.jpg?stp=dst-jpg_tt6&cstp=mx768x768&ctp=s200x200&_nc_cat=100&ccb=1-7&_nc_sid=2d3e12&_nc_ohc=graVAClUjAAQ7kNvwFuUPGI&_nc_oc=AdqyiALIGk2t6otcoJucNSzHKtU2jpl_zkyAAALFGMzOzeJjmDhB1m_IZTECCtl-z6I&_nc_zt=24&_nc_ht=scontent-for2-2.xx&_nc_gid=H5AIm0EAcPG12zZXLA5xhQ&_nc_ss=79289&oh=00_AQBW1001isK_F4ZlFddCZGqHLPpYCSuVbmguTMN3d-w5zQ&oe=6A55C08C,banquezitouna.com,,1300000,TRUE,,"[{""id"":""1056022523652756"",""type"":""Video"",""url"":""https://scontent-for2-2.xx.fbcdn.net/v/t15.5256-10/736198401_1575891694187498_6689397666645070063_n.jpg?stp=dst-jpg_tt6&cstp=mx1928x1072&ctp=p280x280&_nc_cat=100&ccb=1-7&_nc_sid=d2b52d&_nc_ohc=bu3lNkdbtRMQ7kNvwEItxKv&_nc_oc=Adp_SuJYU00XMLeNjSZrh56oaqC6PlnHDCz75GJw266vv9Lr9p1B6QZGOJYe4IuoWbA&_nc_zt=23&_nc_ht=scontent-for2-2.xx&_nc_gid=h65487XuUsT44O90AjROYQ&_nc_ss=79289&oh=00_AQDkk25Rp-lJ0g5cWVPAIuMappplb3fObiUO28Aqj9-9sw&oe=6A55B970"",""video_length"":""24618"",""attachment_url"":""https://www.facebook.com/reel/1056022523652756/"",""video_url"":""https://video-for2-2.xx.fbcdn.net/o1/v/t2/f2/m366/AQPpKBabTslWn2K7-tnYnrNN47poiwSF89-exTqqzFHY6CR8C2Dmk8KxdZAF10Ix27H1KV1m4CJOIFSSUGucb7ssDzhDO0sMaeXaD9acA3X8HQ.mp4?_nc_cat=110&_nc_sid=5e9851&_nc_ht=video-for2-2.xx.fbcdn.net&_nc_ohc=-hbCYinxP3MQ7kNvwFf2cdl&efg=eyJ2ZW5jb2RlX3RhZyI6Inhwdl9wcm9ncmVzc2l2ZS5GQUNFQk9PSy4uQzMuMTI4MC5kYXNoX2gyNjQtYmFzaWMtZ2VuMl83MjBwIiwieHB2X2Fzc2V0X2lkIjozNDk3MzQyMDMzNzYyMzk3LCJhc3NldF9hZ2VfZGF5cyI6OCwidmlfdXNlY2FzZV9pZCI6MTAxMjIsImR1cmF0aW9uX3MiOjI0LCJ1cmxnZW5fc291cmNlIjoid3d3In0%3D&ccb=17-1&vs=3e3cba70ca9f6cbe&_nc_vs=HBksFQIYRWZiX2VwaGVtZXJhbC9BMjQ2NzhDOTMzMkQwRkE1NTZFOEY5MTlDRjFBNURCNF9tdF8xX3ZpZGVvX2Rhc2hpbml0Lm1wNBUAAsgBEgAVAhhAZmJfcGVybWFuZW50LzlDNDc4QjhBNjM3NzEwNDY1RTgzRjc5RTI5RTMyNUJFX2F1ZGlvX2Rhc2hpbml0Lm1wNBUCAsgBEgAoABgAGwKIB3VzZV9vaWwBMRJwcm9ncmVzc2l2ZV9yZWNpcGUBMRUAACa64aTZjLS2DBUCKAJDMywXQDiZmZmZmZoYGWRhc2hfaDI2NC1iYXNpYy1nZW4yXzcyMHARAHUCZZSeAQA&_nc_gid=h65487XuUsT44O90AjROYQ&_nc_ss=79289&_nc_zt=28&oh=00_AQBrPtYyWrHVzFzVdJbu01zD6PlhvMfkVd-z9fshiArejQ&oe=6A55BA7E&bitrate=1337710&tag=dash_h264-basic-gen2_720p"",""thumbnail_url"":""https://scontent-for2-2.xx.fbcdn.net/v/t15.5256-10/736198401_1575891694187498_6689397666645070063_n.jpg?stp=dst-jpg_tt6&cstp=mx1928x1072&ctp=s960x960&_nc_cat=100&ccb=1-7&_nc_sid=be8305&_nc_ohc=bu3lNkdbtRMQ7kNvwEItxKv&_nc_oc=Adp_SuJYU00XMLeNjSZrh56oaqC6PlnHDCz75GJw266vv9Lr9p1B6QZGOJYe4IuoWbA&_nc_zt=23&_nc_ht=scontent-for2-2.xx&_nc_gid=h65487XuUsT44O90AjROYQ&_nc_ss=79289&oh=00_AQDkk25Rp-lJ0g5cWVPAIuMappplb3fObiUO28Aqj9-9sw&oe=6A55B970""}]",,,,,https://www.facebook.com/BanqueZitouna,https://scontent-for2-1.xx.fbcdn.net/v/t39.30808-6/691908865_1438863731614495_7926280554259547047_n.jpg?stp=dst-jpg_tt6&cstp=mx3319x1263&ctp=s960x960&_nc_cat=102&ccb=1-7&_nc_sid=cc71e4&_nc_ohc=t44i_C1RODsQ7kNvwFrHcGg&_nc_oc=AdpU4SRG9pInpAv_4JthYlD3dpjuEU7cY9A-mMuNJAN6HlVliO4ROEm54F2g8aGwVys&_nc_zt=23&_nc_ht=scontent-for2-1.xx&_nc_gid=H5AIm0EAcPG12zZXLA5xhQ&_nc_ss=79289&oh=00_AQACBxpvFO1G15DQLP06XQahHgCCWRfBga1iWPFCnKv2Iw&oe=6A55DF01,https://scontent-for2-2.xx.fbcdn.net/v/t39.30808-1/348282802_632108921779379_7457718821559958426_n.jpg?stp=dst-jpg_tt6&cstp=mx768x768&ctp=s200x200&_nc_cat=100&ccb=1-7&_nc_sid=2d3e12&_nc_ohc=graVAClUjAAQ7kNvwFuUPGI&_nc_oc=AdqyiALIGk2t6otcoJucNSzHKtU2jpl_zkyAAALFGMzOzeJjmDhB1m_IZTECCtl-z6I&_nc_zt=24&_nc_ht=scontent-for2-2.xx&_nc_gid=H5AIm0EAcPG12zZXLA5xhQ&_nc_ss=79289&oh=00_AQBW1001isK_F4ZlFddCZGqHLPpYCSuVbmguTMN3d-w5zQ&oe=6A55C08C,BanqueZitouna,,FALSE,,1487506203416914,43505,134,,Reel,4,,"[{""type"":""Like"",""reaction_count"":114},{""type"":""Love"",""reaction_count"":12},{""type"":""Haha"",""reaction_count"":3},{""type"":""Care"",""reaction_count"":2},{""type"":""Wow"",""reaction_count"":2},{""type"":""Sad"",""reaction_count"":1}]",TRUE,+216 81 105 555,contact@banquezitouna.com,2013-01-25T00:00:00.000Z,,,,"[{""type"":""INFLUENCER CATEGORY"",""value"":""Page · Financial service"",""link"":null},{""type"":""ADDRESS"",""value"":""2. Boulevard Qualité de la Vie  , Kram, Tunisia"",""link"":""https://maps.google.com/maps?q=2.+Boulevard+Qualit%C3%A9+de+la+Vie++%2C+Kram%2C+Tunisia&hl=en""},{""type"":""PROFILE PHONE"",""value"":""+216 81 105 555"",""link"":null},{""type"":""PROFILE EMAIL"",""value"":""contact@banquezitouna.com"",""link"":null},{""type"":""WEBSITE"",""value"":""banquezitouna.com"",""link"":""http://www.banquezitouna.com/""},{""type"":""BUSINESS HOURS"",""value"":""Closed now"",""link"":null}]",[],5.40907E+14,,83883,2026-07-09T19:39:17.781Z,https://www.facebook.com/BanqueZitouna,10,,,,,,,
https://www.facebook.com/BanqueZitouna/posts/pfbid0319maep8gA5LpsDNjYJENR5LSMLPEAma7e8Em58vZYWJUJnAHC76Dn7HWnxApWdpil,1486517796849088,https://www.facebook.com/BanqueZitouna,Banque Zitouna - مصرف الزيتونة,"حرفائنا الكرام،
 نعلمكم أن أوقات العمل الصيفي بفروعنا ستكون ابتداءً من 01 جويلية إلى 31 أوت 2026، من الاثنين إلى الجمعة، من الساعة 08:15 إلى الساعة 12:45🕒",2026-06-30T18:20:01.000Z,,2,13,"{""type"":""Like"",""num"":138}",Banque Zitouna - مصرف الزيتونة,1.00065E+14,"Bienvenue sur la page officielle de Banque Zitouna
مرحبا بكم في الصفحة الرسمية لمصرف الزيتونة
Pour plus d'informations - 81 10 55 55 - لمزيد الارشادات",Financial service,https://scontent-for2-2.xx.fbcdn.net/v/t39.30808-1/348282802_632108921779379_7457718821559958426_n.jpg?stp=dst-jpg_tt6&cstp=mx768x768&ctp=s200x200&_nc_cat=100&ccb=1-7&_nc_sid=2d3e12&_nc_ohc=graVAClUjAAQ7kNvwFuUPGI&_nc_oc=AdqyiALIGk2t6otcoJucNSzHKtU2jpl_zkyAAALFGMzOzeJjmDhB1m_IZTECCtl-z6I&_nc_zt=24&_nc_ht=scontent-for2-2.xx&_nc_gid=H5AIm0EAcPG12zZXLA5xhQ&_nc_ss=79289&oh=00_AQBW1001isK_F4ZlFddCZGqHLPpYCSuVbmguTMN3d-w5zQ&oe=6A55C08C,banquezitouna.com,,1300000,TRUE,,"[{""id"":""1486509300183271"",""type"":""Photo"",""url"":""https://scontent-for2-2.xx.fbcdn.net/v/t39.99422-6/732984998_994031940090095_8837818106543707948_n.png?stp=dst-jpg_tt6&cstp=mx1080x1350&ctp=s640x640&_nc_cat=103&ccb=1-7&_nc_sid=127cfc&_nc_ohc=HnHJ-OyLMEIQ7kNvwEE_UuA&_nc_oc=AdoDA1dZR3waGA2qRMrqSbin65vJk52zfrCQFc2XjXIGzt-YsVBXFIbkIt9YEdrmlr4&_nc_zt=14&_nc_ht=scontent-for2-2.xx&_nc_gid=TDWtDmjjF06ehVfYX93dmw&_nc_ss=79289&oh=00_AQDpljdNHXXnfa2F8a2wjsu3Gm5jByLpnCb63dMJd0xxZw&oe=6A55B56B"",""video_url"":null,""thumbnail_url"":null}]",,,,,https://www.facebook.com/BanqueZitouna,https://scontent-for2-1.xx.fbcdn.net/v/t39.30808-6/691908865_1438863731614495_7926280554259547047_n.jpg?stp=dst-jpg_tt6&cstp=mx3319x1263&ctp=s960x960&_nc_cat=102&ccb=1-7&_nc_sid=cc71e4&_nc_ohc=t44i_C1RODsQ7kNvwFrHcGg&_nc_oc=AdpU4SRG9pInpAv_4JthYlD3dpjuEU7cY9A-mMuNJAN6HlVliO4ROEm54F2g8aGwVys&_nc_zt=23&_nc_ht=scontent-for2-1.xx&_nc_gid=H5AIm0EAcPG12zZXLA5xhQ&_nc_ss=79289&oh=00_AQACBxpvFO1G15DQLP06XQahHgCCWRfBga1iWPFCnKv2Iw&oe=6A55DF01,https://scontent-for2-2.xx.fbcdn.net/v/t39.30808-1/348282802_632108921779379_7457718821559958426_n.jpg?stp=dst-jpg_tt6&cstp=mx768x768&ctp=s200x200&_nc_cat=100&ccb=1-7&_nc_sid=2d3e12&_nc_ohc=graVAClUjAAQ7kNvwFuUPGI&_nc_oc=AdqyiALIGk2t6otcoJucNSzHKtU2jpl_zkyAAALFGMzOzeJjmDhB1m_IZTECCtl-z6I&_nc_zt=24&_nc_ht=scontent-for2-2.xx&_nc_gid=H5AIm0EAcPG12zZXLA5xhQ&_nc_ss=79289&oh=00_AQBW1001isK_F4ZlFddCZGqHLPpYCSuVbmguTMN3d-w5zQ&oe=6A55C08C,BanqueZitouna,,FALSE,,1486517796849088,,173,https://scontent-for2-2.xx.fbcdn.net/v/t39.99422-6/732984998_994031940090095_8837818106543707948_n.png?stp=dst-jpg_tt6&cstp=mx1080x1350&ctp=s640x640&_nc_cat=103&ccb=1-7&_nc_sid=127cfc&_nc_ohc=HnHJ-OyLMEIQ7kNvwEE_UuA&_nc_oc=AdoDA1dZR3waGA2qRMrqSbin65vJk52zfrCQFc2XjXIGzt-YsVBXFIbkIt9YEdrmlr4&_nc_zt=14&_nc_ht=scontent-for2-2.xx&_nc_gid=TDWtDmjjF06ehVfYX93dmw&_nc_ss=79289&oh=00_AQDpljdNHXXnfa2F8a2wjsu3Gm5jByLpnCb63dMJd0xxZw&oe=6A55B56B,Post,4,,"[{""type"":""Like"",""reaction_count"":138},{""type"":""Love"",""reaction_count"":23},{""type"":""Haha"",""reaction_count"":7},{""type"":""Angry"",""reaction_count"":2},{""type"":""Care"",""reaction_count"":1},{""type"":""Wow"",""reaction_count"":1},{""type"":""Sad"",""reaction_count"":1}]",TRUE,+216 81 105 555,contact@banquezitouna.com,2013-01-25T00:00:00.000Z,,,,"[{""type"":""INFLUENCER CATEGORY"",""value"":""Page · Financial service"",""link"":null},{""type"":""ADDRESS"",""value"":""2. Boulevard Qualité de la Vie  , Kram, Tunisia"",""link"":""https://maps.google.com/maps?q=2.+Boulevard+Qualit%C3%A9+de+la+Vie++%2C+Kram%2C+Tunisia&hl=en""},{""type"":""PROFILE PHONE"",""value"":""+216 81 105 555"",""link"":null},{""type"":""PROFILE EMAIL"",""value"":""contact@banquezitouna.com"",""link"":null},{""type"":""WEBSITE"",""value"":""banquezitouna.com"",""link"":""http://www.banquezitouna.com/""},{""type"":""BUSINESS HOURS"",""value"":""Closed now"",""link"":null}]",[],5.40907E+14,,,2026-07-09T19:39:17.781Z,https://www.facebook.com/BanqueZitouna,10,,,,,,,
https://www.facebook.com/BanqueZitouna/posts/pfbid0dn1xXMHGjmkfUyRRzKL9LYTEX8oUhnyTBUCqddQWJcQjFsKUkWEMaWroGt1X8Jn3l,1486256050208596,https://www.facebook.com/BanqueZitouna,Banque Zitouna - مصرف الزيتونة,"Développez votre activité avec Banque Zitouna et FIAT Professional. 🚚

En partenariat avec Italcar Tunisie , Banque Zitouna vous fait bénéficier d'une offre exclusive sur la gamme FIAT Professional. ✅

Profitez de solutions de financement adaptées à vos besoins pour acquérir le véhicule qui accompagnera le développement de votre activité.

📍 Rendez-vous dans les agences Banque Zitouna.",2026-06-30T09:46:40.000Z,,0,1,"{""type"":""Like"",""num"":15}",Banque Zitouna - مصرف الزيتونة,1.00065E+14,"Bienvenue sur la page officielle de Banque Zitouna
مرحبا بكم في الصفحة الرسمية لمصرف الزيتونة
Pour plus d'informations - 81 10 55 55 - لمزيد الارشادات",Financial service,https://scontent-for2-2.xx.fbcdn.net/v/t39.30808-1/348282802_632108921779379_7457718821559958426_n.jpg?stp=dst-jpg_tt6&cstp=mx768x768&ctp=s200x200&_nc_cat=100&ccb=1-7&_nc_sid=2d3e12&_nc_ohc=graVAClUjAAQ7kNvwFuUPGI&_nc_oc=AdqyiALIGk2t6otcoJucNSzHKtU2jpl_zkyAAALFGMzOzeJjmDhB1m_IZTECCtl-z6I&_nc_zt=24&_nc_ht=scontent-for2-2.xx&_nc_gid=H5AIm0EAcPG12zZXLA5xhQ&_nc_ss=79289&oh=00_AQBW1001isK_F4ZlFddCZGqHLPpYCSuVbmguTMN3d-w5zQ&oe=6A55C08C,banquezitouna.com,,1300000,TRUE,,"[{""id"":""1486251223542412"",""type"":""Photo"",""url"":""https://scontent-for2-1.xx.fbcdn.net/v/t39.99422-6/735238430_2472249093253940_5564263589454172471_n.png?stp=dst-jpg_tt6&cstp=mx1920x1080&ctp=s1920x1080&_nc_cat=104&ccb=1-7&_nc_sid=127cfc&_nc_ohc=7DY_xQVb3YMQ7kNvwG4ZvHr&_nc_oc=AdrIEKjjoajwqCqRf8e-Tv_k1-VXRhLTWI8WrvTCNiH7yVrAPeniKVNLfes9OOrTsVk&_nc_zt=14&_nc_ht=scontent-for2-1.xx&_nc_gid=TDWtDmjjF06ehVfYX93dmw&_nc_ss=79289&oh=00_AQBwqQhdZ89CRTXyeAppwTIJ6s3ITnbX2YEV8jlnxE3RSg&oe=6A55BF06"",""attachment_url"":""https://www.facebook.com/photo.php?fbid=1486251223542412&set=a.639258488241694&type=3"",""video_url"":null,""thumbnail_url"":null},{""id"":""1486251233542411"",""type"":""Photo"",""url"":""https://scontent-for2-1.xx.fbcdn.net/v/t39.99422-6/736260625_1568874581561659_6601920239704855001_n.png?stp=dst-jpg_tt6&cstp=mx1920x1080&ctp=s1920x1080&_nc_cat=106&ccb=1-7&_nc_sid=127cfc&_nc_ohc=Pc6XqH5h4rMQ7kNvwGV09_k&_nc_oc=AdrJ0w9gG_Yj0gvn9zbR8hnaxFUNQhYQZIZu6UEM5Z2NDj_gIKdLFw5TvkWlUduAf_A&_nc_zt=14&_nc_ht=scontent-for2-1.xx&_nc_gid=TDWtDmjjF06ehVfYX93dmw&_nc_ss=79289&oh=00_AQCE6lF5PmP0apGDvhd-wbyv9dhTUZMZOdYuqTmNCAGFOg&oe=6A55CC36"",""attachment_url"":""https://www.facebook.com/photo.php?fbid=1486251233542411&set=a.639258488241694&type=3"",""video_url"":null,""thumbnail_url"":null}]",,,,,https://www.facebook.com/BanqueZitouna,https://scontent-for2-1.xx.fbcdn.net/v/t39.30808-6/691908865_1438863731614495_7926280554259547047_n.jpg?stp=dst-jpg_tt6&cstp=mx3319x1263&ctp=s960x960&_nc_cat=102&ccb=1-7&_nc_sid=cc71e4&_nc_ohc=t44i_C1RODsQ7kNvwFrHcGg&_nc_oc=AdpU4SRG9pInpAv_4JthYlD3dpjuEU7cY9A-mMuNJAN6HlVliO4ROEm54F2g8aGwVys&_nc_zt=23&_nc_ht=scontent-for2-1.xx&_nc_gid=H5AIm0EAcPG12zZXLA5xhQ&_nc_ss=79289&oh=00_AQACBxpvFO1G15DQLP06XQahHgCCWRfBga1iWPFCnKv2Iw&oe=6A55DF01,https://scontent-for2-2.xx.fbcdn.net/v/t39.30808-1/348282802_632108921779379_7457718821559958426_n.jpg?stp=dst-jpg_tt6&cstp=mx768x768&ctp=s200x200&_nc_cat=100&ccb=1-7&_nc_sid=2d3e12&_nc_ohc=graVAClUjAAQ7kNvwFuUPGI&_nc_oc=AdqyiALIGk2t6otcoJucNSzHKtU2jpl_zkyAAALFGMzOzeJjmDhB1m_IZTECCtl-z6I&_nc_zt=24&_nc_ht=scontent-for2-2.xx&_nc_gid=H5AIm0EAcPG12zZXLA5xhQ&_nc_ss=79289&oh=00_AQBW1001isK_F4ZlFddCZGqHLPpYCSuVbmguTMN3d-w5zQ&oe=6A55C08C,BanqueZitouna,,FALSE,,1486256050208596,,19,https://scontent-for2-1.xx.fbcdn.net/v/t39.99422-6/735238430_2472249093253940_5564263589454172471_n.png?stp=dst-jpg_tt6&cstp=mx1920x1080&ctp=s1920x1080&_nc_cat=104&ccb=1-7&_nc_sid=127cfc&_nc_ohc=7DY_xQVb3YMQ7kNvwG4ZvHr&_nc_oc=AdrIEKjjoajwqCqRf8e-Tv_k1-VXRhLTWI8WrvTCNiH7yVrAPeniKVNLfes9OOrTsVk&_nc_zt=14&_nc_ht=scontent-for2-1.xx&_nc_gid=TDWtDmjjF06ehVfYX93dmw&_nc_ss=79289&oh=00_AQBwqQhdZ89CRTXyeAppwTIJ6s3ITnbX2YEV8jlnxE3RSg&oe=6A55BF06,Post,4,,"[{""type"":""Like"",""reaction_count"":15},{""type"":""Love"",""reaction_count"":4}]",TRUE,+216 81 105 555,contact@banquezitouna.com,2013-01-25T00:00:00.000Z,,,,"[{""type"":""INFLUENCER CATEGORY"",""value"":""Page · Financial service"",""link"":null},{""type"":""ADDRESS"",""value"":""2. Boulevard Qualité de la Vie  , Kram, Tunisia"",""link"":""https://maps.google.com/maps?q=2.+Boulevard+Qualit%C3%A9+de+la+Vie++%2C+Kram%2C+Tunisia&hl=en""},{""type"":""PROFILE PHONE"",""value"":""+216 81 105 555"",""link"":null},{""type"":""PROFILE EMAIL"",""value"":""contact@banquezitouna.com"",""link"":null},{""type"":""WEBSITE"",""value"":""banquezitouna.com"",""link"":""http://www.banquezitouna.com/""},{""type"":""BUSINESS HOURS"",""value"":""Closed now"",""link"":null}]",[],5.40907E+14,,,2026-07-09T19:39:17.781Z,https://www.facebook.com/BanqueZitouna,10,,,,,,,
https://www.facebook.com/BanqueZitouna/posts/pfbid031z9boMqjauv7QdE4G3VZAR1EeAYM4uYv2WgTSuVh598cP8YEZmDHQF6synYxiUQil,1477673634400171,https://www.facebook.com/BanqueZitouna,Banque Zitouna - مصرف الزيتونة,مبروك للناجحين في الدورة الرئيسية للبكالوريا و حظ أوفر للبقية💪🏻🎓,2026-06-20T16:40:39.000Z,,1,1,"{""type"":""Like"",""num"":33}",Banque Zitouna - مصرف الزيتونة,1.00065E+14,"Bienvenue sur la page officielle de Banque Zitouna
مرحبا بكم في الصفحة الرسمية لمصرف الزيتونة
Pour plus d'informations - 81 10 55 55 - لمزيد الارشادات",Financial service,https://scontent-for2-2.xx.fbcdn.net/v/t39.30808-1/348282802_632108921779379_7457718821559958426_n.jpg?stp=dst-jpg_tt6&cstp=mx768x768&ctp=s200x200&_nc_cat=100&ccb=1-7&_nc_sid=2d3e12&_nc_ohc=graVAClUjAAQ7kNvwFuUPGI&_nc_oc=AdqyiALIGk2t6otcoJucNSzHKtU2jpl_zkyAAALFGMzOzeJjmDhB1m_IZTECCtl-z6I&_nc_zt=24&_nc_ht=scontent-for2-2.xx&_nc_gid=H5AIm0EAcPG12zZXLA5xhQ&_nc_ss=79289&oh=00_AQBW1001isK_F4ZlFddCZGqHLPpYCSuVbmguTMN3d-w5zQ&oe=6A55C08C,banquezitouna.com,,1300000,TRUE,,"[{""id"":""1477673371066864"",""type"":""Photo"",""url"":""https://scontent-for2-2.xx.fbcdn.net/v/t39.99422-6/725439661_1012718144454498_3584321951615899172_n.png?stp=dst-jpg_tt6&cstp=mx1080x1350&ctp=s640x640&_nc_cat=100&ccb=1-7&_nc_sid=127cfc&_nc_ohc=VG8eL4sllfkQ7kNvwH4SZE-&_nc_oc=Adr3cE-O0Nd0QblvGvEgg6uFl6XgnsdiRsMm5vKbFffQz_yJQJoMXEewfMZR-mIpAww&_nc_zt=14&_nc_ht=scontent-for2-2.xx&_nc_gid=TDWtDmjjF06ehVfYX93dmw&_nc_ss=79289&oh=00_AQA71NwBHD1rFpZYF-i6oQiugxS4a70VZCmviPmvZEZUIw&oe=6A55DD2B"",""video_url"":null,""thumbnail_url"":null}]",,,,,https://www.facebook.com/BanqueZitouna,https://scontent-for2-1.xx.fbcdn.net/v/t39.30808-6/691908865_1438863731614495_7926280554259547047_n.jpg?stp=dst-jpg_tt6&cstp=mx3319x1263&ctp=s960x960&_nc_cat=102&ccb=1-7&_nc_sid=cc71e4&_nc_ohc=t44i_C1RODsQ7kNvwFrHcGg&_nc_oc=AdpU4SRG9pInpAv_4JthYlD3dpjuEU7cY9A-mMuNJAN6HlVliO4ROEm54F2g8aGwVys&_nc_zt=23&_nc_ht=scontent-for2-1.xx&_nc_gid=H5AIm0EAcPG12zZXLA5xhQ&_nc_ss=79289&oh=00_AQACBxpvFO1G15DQLP06XQahHgCCWRfBga1iWPFCnKv2Iw&oe=6A55DF01,https://scontent-for2-2.xx.fbcdn.net/v/t39.30808-1/348282802_632108921779379_7457718821559958426_n.jpg?stp=dst-jpg_tt6&cstp=mx768x768&ctp=s200x200&_nc_cat=100&ccb=1-7&_nc_sid=2d3e12&_nc_ohc=graVAClUjAAQ7kNvwFuUPGI&_nc_oc=AdqyiALIGk2t6otcoJucNSzHKtU2jpl_zkyAAALFGMzOzeJjmDhB1m_IZTECCtl-z6I&_nc_zt=24&_nc_ht=scontent-for2-2.xx&_nc_gid=H5AIm0EAcPG12zZXLA5xhQ&_nc_ss=79289&oh=00_AQBW1001isK_F4ZlFddCZGqHLPpYCSuVbmguTMN3d-w5zQ&oe=6A55C08C,BanqueZitouna,,FALSE,,1477673634400171,,48,https://scontent-for2-2.xx.fbcdn.net/v/t39.99422-6/725439661_1012718144454498_3584321951615899172_n.png?stp=dst-jpg_tt6&cstp=mx1080x1350&ctp=s640x640&_nc_cat=100&ccb=1-7&_nc_sid=127cfc&_nc_ohc=VG8eL4sllfkQ7kNvwH4SZE-&_nc_oc=Adr3cE-O0Nd0QblvGvEgg6uFl6XgnsdiRsMm5vKbFffQz_yJQJoMXEewfMZR-mIpAww&_nc_zt=14&_nc_ht=scontent-for2-2.xx&_nc_gid=TDWtDmjjF06ehVfYX93dmw&_nc_ss=79289&oh=00_AQA71NwBHD1rFpZYF-i6oQiugxS4a70VZCmviPmvZEZUIw&oe=6A55DD2B,Post,4,,"[{""type"":""Like"",""reaction_count"":33},{""type"":""Love"",""reaction_count"":13},{""type"":""Care"",""reaction_count"":1},{""type"":""Angry"",""reaction_count"":1}]",TRUE,+216 81 105 555,contact@banquezitouna.com,2013-01-25T00:00:00.000Z,,,,"[{""type"":""INFLUENCER CATEGORY"",""value"":""Page · Financial service"",""link"":null},{""type"":""ADDRESS"",""value"":""2. Boulevard Qualité de la Vie  , Kram, Tunisia"",""link"":""https://maps.google.com/maps?q=2.+Boulevard+Qualit%C3%A9+de+la+Vie++%2C+Kram%2C+Tunisia&hl=en""},{""type"":""PROFILE PHONE"",""value"":""+216 81 105 555"",""link"":null},{""type"":""PROFILE EMAIL"",""value"":""contact@banquezitouna.com"",""link"":null},{""type"":""WEBSITE"",""value"":""banquezitouna.com"",""link"":""http://www.banquezitouna.com/""},{""type"":""BUSINESS HOURS"",""value"":""Closed now"",""link"":null}]",[],5.40907E+14,,,2026-07-09T19:39:17.781Z,https://www.facebook.com/BanqueZitouna,10,,,,,,,
https://www.facebook.com/BanqueZitouna/posts/pfbid0dKUkW6t39K9zMqp86GzziEBacrtgLsF7rC4XkdyVpu34t2ZNspTfWVqhRcViFDmhl,1473379768162891,https://www.facebook.com/BanqueZitouna,Banque Zitouna - مصرف الزيتونة,مصرف الزيتونة يتمنالكم سنة هجرية مباركة، وكل عام وأنتم بخير 🌙,2026-06-15T19:15:32.000Z,,15,5,"{""type"":""Like"",""num"":74}",Banque Zitouna - مصرف الزيتونة,1.00065E+14,"Bienvenue sur la page officielle de Banque Zitouna
مرحبا بكم في الصفحة الرسمية لمصرف الزيتونة
Pour plus d'informations - 81 10 55 55 - لمزيد الارشادات",Financial service,https://scontent-for2-2.xx.fbcdn.net/v/t39.30808-1/348282802_632108921779379_7457718821559958426_n.jpg?stp=dst-jpg_tt6&cstp=mx768x768&ctp=s200x200&_nc_cat=100&ccb=1-7&_nc_sid=2d3e12&_nc_ohc=graVAClUjAAQ7kNvwFuUPGI&_nc_oc=AdqyiALIGk2t6otcoJucNSzHKtU2jpl_zkyAAALFGMzOzeJjmDhB1m_IZTECCtl-z6I&_nc_zt=24&_nc_ht=scontent-for2-2.xx&_nc_gid=H5AIm0EAcPG12zZXLA5xhQ&_nc_ss=79289&oh=00_AQBW1001isK_F4ZlFddCZGqHLPpYCSuVbmguTMN3d-w5zQ&oe=6A55C08C,banquezitouna.com,,1300000,TRUE,,"[{""id"":""1473379651496236"",""type"":""Photo"",""url"":""https://scontent-for2-2.xx.fbcdn.net/v/t39.99422-6/723675627_1020866947049902_5465850658063253068_n.png?stp=dst-jpg_tt6&cstp=mx1080x1350&ctp=s640x640&_nc_cat=107&ccb=1-7&_nc_sid=127cfc&_nc_ohc=whpQfD1xerYQ7kNvwEcN-WL&_nc_oc=AdoCLtXpUnf6DLguv9hMXrPUEDnULYa3ElBLY3zpwQuoZe4dE3TAALNR145Z1gKJDgw&_nc_zt=14&_nc_ht=scontent-for2-2.xx&_nc_gid=iIb5q4jsgkJZTh4KjhtB4A&_nc_ss=79289&oh=00_AQCoCkxQ_r_aXAPCobpQ0Ns43YB54IjfzubyfQQDz5uAuQ&oe=6A55E0BB"",""video_url"":null,""thumbnail_url"":null}]",,,,,https://www.facebook.com/BanqueZitouna,https://scontent-for2-1.xx.fbcdn.net/v/t39.30808-6/691908865_1438863731614495_7926280554259547047_n.jpg?stp=dst-jpg_tt6&cstp=mx3319x1263&ctp=s960x960&_nc_cat=102&ccb=1-7&_nc_sid=cc71e4&_nc_ohc=t44i_C1RODsQ7kNvwFrHcGg&_nc_oc=AdpU4SRG9pInpAv_4JthYlD3dpjuEU7cY9A-mMuNJAN6HlVliO4ROEm54F2g8aGwVys&_nc_zt=23&_nc_ht=scontent-for2-1.xx&_nc_gid=H5AIm0EAcPG12zZXLA5xhQ&_nc_ss=79289&oh=00_AQACBxpvFO1G15DQLP06XQahHgCCWRfBga1iWPFCnKv2Iw&oe=6A55DF01,https://scontent-for2-2.xx.fbcdn.net/v/t39.30808-1/348282802_632108921779379_7457718821559958426_n.jpg?stp=dst-jpg_tt6&cstp=mx768x768&ctp=s200x200&_nc_cat=100&ccb=1-7&_nc_sid=2d3e12&_nc_ohc=graVAClUjAAQ7kNvwFuUPGI&_nc_oc=AdqyiALIGk2t6otcoJucNSzHKtU2jpl_zkyAAALFGMzOzeJjmDhB1m_IZTECCtl-z6I&_nc_zt=24&_nc_ht=scontent-for2-2.xx&_nc_gid=H5AIm0EAcPG12zZXLA5xhQ&_nc_ss=79289&oh=00_AQBW1001isK_F4ZlFddCZGqHLPpYCSuVbmguTMN3d-w5zQ&oe=6A55C08C,BanqueZitouna,,FALSE,,1473379768162891,,119,https://scontent-for2-2.xx.fbcdn.net/v/t39.99422-6/723675627_1020866947049902_5465850658063253068_n.png?stp=dst-jpg_tt6&cstp=mx1080x1350&ctp=s640x640&_nc_cat=107&ccb=1-7&_nc_sid=127cfc&_nc_ohc=whpQfD1xerYQ7kNvwEcN-WL&_nc_oc=AdoCLtXpUnf6DLguv9hMXrPUEDnULYa3ElBLY3zpwQuoZe4dE3TAALNR145Z1gKJDgw&_nc_zt=14&_nc_ht=scontent-for2-2.xx&_nc_gid=iIb5q4jsgkJZTh4KjhtB4A&_nc_ss=79289&oh=00_AQCoCkxQ_r_aXAPCobpQ0Ns43YB54IjfzubyfQQDz5uAuQ&oe=6A55E0BB,Post,4,,"[{""type"":""Like"",""reaction_count"":74},{""type"":""Love"",""reaction_count"":42},{""type"":""Care"",""reaction_count"":2},{""type"":""Haha"",""reaction_count"":1}]",TRUE,+216 81 105 555,contact@banquezitouna.com,2013-01-25T00:00:00.000Z,,,,"[{""type"":""INFLUENCER CATEGORY"",""value"":""Page · Financial service"",""link"":null},{""type"":""ADDRESS"",""value"":""2. Boulevard Qualité de la Vie  , Kram, Tunisia"",""link"":""https://maps.google.com/maps?q=2.+Boulevard+Qualit%C3%A9+de+la+Vie++%2C+Kram%2C+Tunisia&hl=en""},{""type"":""PROFILE PHONE"",""value"":""+216 81 105 555"",""link"":null},{""type"":""PROFILE EMAIL"",""value"":""contact@banquezitouna.com"",""link"":null},{""type"":""WEBSITE"",""value"":""banquezitouna.com"",""link"":""http://www.banquezitouna.com/""},{""type"":""BUSINESS HOURS"",""value"":""Closed now"",""link"":null}]",[],5.40907E+14,,,2026-07-09T19:39:17.781Z,https://www.facebook.com/BanqueZitouna,10,,,,,,,
https://www.facebook.com/BanqueZitouna/posts/pfbid02Qj5eqSKAn5cDsxMAS4efe93X8qhkmtGdm8HLSH3bkvpRJww1VVskfaHZPrFW6Feql,1464176012416600,https://www.facebook.com/BanqueZitouna,Banque Zitouna - مصرف الزيتونة,"🌍 5 Juin | Journée Mondiale de l’Environnement

🌱 Un petit geste pour vous, un grand impact pour la planète.

À l’occasion de la Journée Mondiale de l’Environnement, Banque Zitouna réaffirme son engagement en faveur d’un avenir plus durable et encourage l’adoption de gestes simples et responsables au quotidien.",2026-06-05T16:24:40.000Z,,10,0,"{""type"":""Like"",""num"":30}",Banque Zitouna - مصرف الزيتونة,1.00065E+14,"Bienvenue sur la page officielle de Banque Zitouna
مرحبا بكم في الصفحة الرسمية لمصرف الزيتونة
Pour plus d'informations - 81 10 55 55 - لمزيد الارشادات",Financial service,https://scontent-for2-2.xx.fbcdn.net/v/t39.30808-1/348282802_632108921779379_7457718821559958426_n.jpg?stp=dst-jpg_tt6&cstp=mx768x768&ctp=s200x200&_nc_cat=100&ccb=1-7&_nc_sid=2d3e12&_nc_ohc=graVAClUjAAQ7kNvwFuUPGI&_nc_oc=AdqyiALIGk2t6otcoJucNSzHKtU2jpl_zkyAAALFGMzOzeJjmDhB1m_IZTECCtl-z6I&_nc_zt=24&_nc_ht=scontent-for2-2.xx&_nc_gid=H5AIm0EAcPG12zZXLA5xhQ&_nc_ss=79289&oh=00_AQBW1001isK_F4ZlFddCZGqHLPpYCSuVbmguTMN3d-w5zQ&oe=6A55C08C,banquezitouna.com,,1300000,TRUE,,"[{""id"":""1466636312170570"",""type"":""Photo"",""url"":""https://scontent-for2-2.xx.fbcdn.net/v/t39.99422-6/719557001_1718277089199635_787606998654019622_n.png?stp=dst-jpg_tt6&cstp=mx1080x1350&ctp=s640x640&_nc_cat=105&ccb=1-7&_nc_sid=127cfc&_nc_ohc=YWo6jEKOR8IQ7kNvwGhAqOE&_nc_oc=AdraNEFiIDnlvHgktcVUIAxFg8CY69StvZRzjH-mhzFrYuiRUpEZ19x8Ytc8Y7FHAP4&_nc_zt=14&_nc_ht=scontent-for2-2.xx&_nc_gid=iIb5q4jsgkJZTh4KjhtB4A&_nc_ss=79289&oh=00_AQDbBSmhXOReUDghlBRV3XGtmVG8KrG-1af7Up93aBVchA&oe=6A55CC7B"",""video_url"":null,""thumbnail_url"":null}]",,,,,https://www.facebook.com/BanqueZitouna,https://scontent-for2-1.xx.fbcdn.net/v/t39.30808-6/691908865_1438863731614495_7926280554259547047_n.jpg?stp=dst-jpg_tt6&cstp=mx3319x1263&ctp=s960x960&_nc_cat=102&ccb=1-7&_nc_sid=cc71e4&_nc_ohc=t44i_C1RODsQ7kNvwFrHcGg&_nc_oc=AdpU4SRG9pInpAv_4JthYlD3dpjuEU7cY9A-mMuNJAN6HlVliO4ROEm54F2g8aGwVys&_nc_zt=23&_nc_ht=scontent-for2-1.xx&_nc_gid=H5AIm0EAcPG12zZXLA5xhQ&_nc_ss=79289&oh=00_AQACBxpvFO1G15DQLP06XQahHgCCWRfBga1iWPFCnKv2Iw&oe=6A55DF01,https://scontent-for2-2.xx.fbcdn.net/v/t39.30808-1/348282802_632108921779379_7457718821559958426_n.jpg?stp=dst-jpg_tt6&cstp=mx768x768&ctp=s200x200&_nc_cat=100&ccb=1-7&_nc_sid=2d3e12&_nc_ohc=graVAClUjAAQ7kNvwFuUPGI&_nc_oc=AdqyiALIGk2t6otcoJucNSzHKtU2jpl_zkyAAALFGMzOzeJjmDhB1m_IZTECCtl-z6I&_nc_zt=24&_nc_ht=scontent-for2-2.xx&_nc_gid=H5AIm0EAcPG12zZXLA5xhQ&_nc_ss=79289&oh=00_AQBW1001isK_F4ZlFddCZGqHLPpYCSuVbmguTMN3d-w5zQ&oe=6A55C08C,BanqueZitouna,,FALSE,,1464176012416600,,42,https://scontent-for2-2.xx.fbcdn.net/v/t39.99422-6/719557001_1718277089199635_787606998654019622_n.png?stp=dst-jpg_tt6&cstp=mx1080x1350&ctp=s640x640&_nc_cat=105&ccb=1-7&_nc_sid=127cfc&_nc_ohc=YWo6jEKOR8IQ7kNvwGhAqOE&_nc_oc=AdraNEFiIDnlvHgktcVUIAxFg8CY69StvZRzjH-mhzFrYuiRUpEZ19x8Ytc8Y7FHAP4&_nc_zt=14&_nc_ht=scontent-for2-2.xx&_nc_gid=iIb5q4jsgkJZTh4KjhtB4A&_nc_ss=79289&oh=00_AQDbBSmhXOReUDghlBRV3XGtmVG8KrG-1af7Up93aBVchA&oe=6A55CC7B,Post,4,,"[{""type"":""Like"",""reaction_count"":30},{""type"":""Love"",""reaction_count"":12}]",TRUE,+216 81 105 555,contact@banquezitouna.com,2013-01-25T00:00:00.000Z,,,,"[{""type"":""INFLUENCER CATEGORY"",""value"":""Page · Financial service"",""link"":null},{""type"":""ADDRESS"",""value"":""2. Boulevard Qualité de la Vie  , Kram, Tunisia"",""link"":""https://maps.google.com/maps?q=2.+Boulevard+Qualit%C3%A9+de+la+Vie++%2C+Kram%2C+Tunisia&hl=en""},{""type"":""PROFILE PHONE"",""value"":""+216 81 105 555"",""link"":null},{""type"":""PROFILE EMAIL"",""value"":""contact@banquezitouna.com"",""link"":null},{""type"":""WEBSITE"",""value"":""banquezitouna.com"",""link"":""http://www.banquezitouna.com/""},{""type"":""BUSINESS HOURS"",""value"":""Closed now"",""link"":null}]",[],5.40907E+14,,,2026-07-09T19:39:17.781Z,https://www.facebook.com/BanqueZitouna,10,,,,,,,
https://www.facebook.com/BanqueZitouna/posts/pfbid02pyGdpzHGTqrWzzhpd7jLmt5XXT8j5WTcybTa4NLnmDbxS8FbQ6CGe1wRWWz3k2uil,1459002672933934,https://www.facebook.com/BanqueZitouna,Banque Zitouna - مصرف الزيتونة,بمناسبة عيد الأمهات، مصرف الزيتونة يتمنالكم عيد سعيد وكل عام وأمهاتنا بألف خير🌸💚,2026-05-31T08:38:44.000Z,,3,0,"{""type"":""Like"",""num"":25}",Banque Zitouna - مصرف الزيتونة,1.00065E+14,"Bienvenue sur la page officielle de Banque Zitouna
مرحبا بكم في الصفحة الرسمية لمصرف الزيتونة
Pour plus d'informations - 81 10 55 55 - لمزيد الارشادات",Financial service,https://scontent-for2-2.xx.fbcdn.net/v/t39.30808-1/348282802_632108921779379_7457718821559958426_n.jpg?stp=dst-jpg_tt6&cstp=mx768x768&ctp=s200x200&_nc_cat=100&ccb=1-7&_nc_sid=2d3e12&_nc_ohc=graVAClUjAAQ7kNvwFuUPGI&_nc_oc=AdqyiALIGk2t6otcoJucNSzHKtU2jpl_zkyAAALFGMzOzeJjmDhB1m_IZTECCtl-z6I&_nc_zt=24&_nc_ht=scontent-for2-2.xx&_nc_gid=H5AIm0EAcPG12zZXLA5xhQ&_nc_ss=79289&oh=00_AQBW1001isK_F4ZlFddCZGqHLPpYCSuVbmguTMN3d-w5zQ&oe=6A55C08C,banquezitouna.com,,1300000,TRUE,,"[{""id"":""1459002472933954"",""type"":""Photo"",""url"":""https://scontent-for2-2.xx.fbcdn.net/v/t39.30808-6/710710198_1459002476267287_6220950395602363830_n.jpg?stp=dst-jpg_tt6&cstp=mx1080x1350&ctp=s640x640&_nc_cat=108&ccb=1-7&_nc_sid=127cfc&_nc_ohc=37fk5zP3NvMQ7kNvwFhCKga&_nc_oc=AdoXBaqo9_IirG_sbzuH7gX6DQub5PtEQ93W94Cdz-1pKjbE1_R4AWGCy2s53uS3O2E&_nc_zt=23&_nc_ht=scontent-for2-2.xx&_nc_gid=iIb5q4jsgkJZTh4KjhtB4A&_nc_ss=79289&oh=00_AQCZ3zXtMRFjqWQfTHzZWu8tLHHbm8Md5GFmG_FYdoxRGg&oe=6A55D9B0"",""video_url"":null,""thumbnail_url"":null}]",,,,,https://www.facebook.com/BanqueZitouna,https://scontent-for2-1.xx.fbcdn.net/v/t39.30808-6/691908865_1438863731614495_7926280554259547047_n.jpg?stp=dst-jpg_tt6&cstp=mx3319x1263&ctp=s960x960&_nc_cat=102&ccb=1-7&_nc_sid=cc71e4&_nc_ohc=t44i_C1RODsQ7kNvwFrHcGg&_nc_oc=AdpU4SRG9pInpAv_4JthYlD3dpjuEU7cY9A-mMuNJAN6HlVliO4ROEm54F2g8aGwVys&_nc_zt=23&_nc_ht=scontent-for2-1.xx&_nc_gid=H5AIm0EAcPG12zZXLA5xhQ&_nc_ss=79289&oh=00_AQACBxpvFO1G15DQLP06XQahHgCCWRfBga1iWPFCnKv2Iw&oe=6A55DF01,https://scontent-for2-2.xx.fbcdn.net/v/t39.30808-1/348282802_632108921779379_7457718821559958426_n.jpg?stp=dst-jpg_tt6&cstp=mx768x768&ctp=s200x200&_nc_cat=100&ccb=1-7&_nc_sid=2d3e12&_nc_ohc=graVAClUjAAQ7kNvwFuUPGI&_nc_oc=AdqyiALIGk2t6otcoJucNSzHKtU2jpl_zkyAAALFGMzOzeJjmDhB1m_IZTECCtl-z6I&_nc_zt=24&_nc_ht=scontent-for2-2.xx&_nc_gid=H5AIm0EAcPG12zZXLA5xhQ&_nc_ss=79289&oh=00_AQBW1001isK_F4ZlFddCZGqHLPpYCSuVbmguTMN3d-w5zQ&oe=6A55C08C,BanqueZitouna,,FALSE,,1459002672933934,,45,https://scontent-for2-2.xx.fbcdn.net/v/t39.30808-6/710710198_1459002476267287_6220950395602363830_n.jpg?stp=dst-jpg_tt6&cstp=mx1080x1350&ctp=s640x640&_nc_cat=108&ccb=1-7&_nc_sid=127cfc&_nc_ohc=37fk5zP3NvMQ7kNvwFhCKga&_nc_oc=AdoXBaqo9_IirG_sbzuH7gX6DQub5PtEQ93W94Cdz-1pKjbE1_R4AWGCy2s53uS3O2E&_nc_zt=23&_nc_ht=scontent-for2-2.xx&_nc_gid=iIb5q4jsgkJZTh4KjhtB4A&_nc_ss=79289&oh=00_AQCZ3zXtMRFjqWQfTHzZWu8tLHHbm8Md5GFmG_FYdoxRGg&oe=6A55D9B0,Post,4,,"[{""type"":""Like"",""reaction_count"":25},{""type"":""Love"",""reaction_count"":20}]",TRUE,+216 81 105 555,contact@banquezitouna.com,2013-01-25T00:00:00.000Z,,,,"[{""type"":""INFLUENCER CATEGORY"",""value"":""Page · Financial service"",""link"":null},{""type"":""ADDRESS"",""value"":""2. Boulevard Qualité de la Vie  , Kram, Tunisia"",""link"":""https://maps.google.com/maps?q=2.+Boulevard+Qualit%C3%A9+de+la+Vie++%2C+Kram%2C+Tunisia&hl=en""},{""type"":""PROFILE PHONE"",""value"":""+216 81 105 555"",""link"":null},{""type"":""PROFILE EMAIL"",""value"":""contact@banquezitouna.com"",""link"":null},{""type"":""WEBSITE"",""value"":""banquezitouna.com"",""link"":""http://www.banquezitouna.com/""},{""type"":""BUSINESS HOURS"",""value"":""Closed now"",""link"":null}]",[],5.40907E+14,,,2026-07-09T19:39:17.781Z,https://www.facebook.com/BanqueZitouna,10,,,,,,,
https://www.facebook.com/BanqueZitouna/posts/pfbid02X7xXQTkhgSz6N7utp62HRkcnbqmDRybnDYkUj4iuyVDpV69bqT5u47V3q2449Urhl,1453792413454960,https://www.facebook.com/BanqueZitouna,Banque Zitouna - مصرف الزيتونة,مصرف الزيتونة يتمنالكم عيد  إضحى مبارك💚,2026-05-27T08:00:12.000Z,,26,5,"{""type"":""Like"",""num"":69}",Banque Zitouna - مصرف الزيتونة,1.00065E+14,"Bienvenue sur la page officielle de Banque Zitouna
مرحبا بكم في الصفحة الرسمية لمصرف الزيتونة
Pour plus d'informations - 81 10 55 55 - لمزيد الارشادات",Financial service,https://scontent-for2-2.xx.fbcdn.net/v/t39.30808-1/348282802_632108921779379_7457718821559958426_n.jpg?stp=dst-jpg_tt6&cstp=mx768x768&ctp=s200x200&_nc_cat=100&ccb=1-7&_nc_sid=2d3e12&_nc_ohc=graVAClUjAAQ7kNvwFuUPGI&_nc_oc=AdqyiALIGk2t6otcoJucNSzHKtU2jpl_zkyAAALFGMzOzeJjmDhB1m_IZTECCtl-z6I&_nc_zt=24&_nc_ht=scontent-for2-2.xx&_nc_gid=H5AIm0EAcPG12zZXLA5xhQ&_nc_ss=79289&oh=00_AQBW1001isK_F4ZlFddCZGqHLPpYCSuVbmguTMN3d-w5zQ&oe=6A55C08C,banquezitouna.com,,1300000,TRUE,,"[{""id"":""1453791803455021"",""type"":""Photo"",""url"":""https://scontent-for2-1.xx.fbcdn.net/v/t39.30808-6/706377286_1453791806788354_5847043996074382657_n.jpg?stp=dst-jpg_tt6&cstp=mx1080x1350&ctp=s640x640&_nc_cat=111&ccb=1-7&_nc_sid=127cfc&_nc_ohc=Ox7Za4tQfbMQ7kNvwHUzvac&_nc_oc=Ado6Xp8iJCayfHYVPWcyt9k1tzbz-2DxeO-UQ3ijW-wu6jaC_MgGOzUWJMmTFE6DEQ0&_nc_zt=23&_nc_ht=scontent-for2-1.xx&_nc_gid=RpFFvJHprnfXev5aqLFMVQ&_nc_ss=79289&oh=00_AQDiztIkdjUNqqcH4N8wpWubiCa2PavndNFrCzljJ05qpQ&oe=6A55CA52"",""video_url"":null,""thumbnail_url"":null}]",,,,,https://www.facebook.com/BanqueZitouna,https://scontent-for2-1.xx.fbcdn.net/v/t39.30808-6/691908865_1438863731614495_7926280554259547047_n.jpg?stp=dst-jpg_tt6&cstp=mx3319x1263&ctp=s960x960&_nc_cat=102&ccb=1-7&_nc_sid=cc71e4&_nc_ohc=t44i_C1RODsQ7kNvwFrHcGg&_nc_oc=AdpU4SRG9pInpAv_4JthYlD3dpjuEU7cY9A-mMuNJAN6HlVliO4ROEm54F2g8aGwVys&_nc_zt=23&_nc_ht=scontent-for2-1.xx&_nc_gid=H5AIm0EAcPG12zZXLA5xhQ&_nc_ss=79289&oh=00_AQACBxpvFO1G15DQLP06XQahHgCCWRfBga1iWPFCnKv2Iw&oe=6A55DF01,https://scontent-for2-2.xx.fbcdn.net/v/t39.30808-1/348282802_632108921779379_7457718821559958426_n.jpg?stp=dst-jpg_tt6&cstp=mx768x768&ctp=s200x200&_nc_cat=100&ccb=1-7&_nc_sid=2d3e12&_nc_ohc=graVAClUjAAQ7kNvwFuUPGI&_nc_oc=AdqyiALIGk2t6otcoJucNSzHKtU2jpl_zkyAAALFGMzOzeJjmDhB1m_IZTECCtl-z6I&_nc_zt=24&_nc_ht=scontent-for2-2.xx&_nc_gid=H5AIm0EAcPG12zZXLA5xhQ&_nc_ss=79289&oh=00_AQBW1001isK_F4ZlFddCZGqHLPpYCSuVbmguTMN3d-w5zQ&oe=6A55C08C,BanqueZitouna,,FALSE,,1453792413454960,,148,https://scontent-for2-1.xx.fbcdn.net/v/t39.30808-6/706377286_1453791806788354_5847043996074382657_n.jpg?stp=dst-jpg_tt6&cstp=mx1080x1350&ctp=s640x640&_nc_cat=111&ccb=1-7&_nc_sid=127cfc&_nc_ohc=Ox7Za4tQfbMQ7kNvwHUzvac&_nc_oc=Ado6Xp8iJCayfHYVPWcyt9k1tzbz-2DxeO-UQ3ijW-wu6jaC_MgGOzUWJMmTFE6DEQ0&_nc_zt=23&_nc_ht=scontent-for2-1.xx&_nc_gid=RpFFvJHprnfXev5aqLFMVQ&_nc_ss=79289&oh=00_AQDiztIkdjUNqqcH4N8wpWubiCa2PavndNFrCzljJ05qpQ&oe=6A55CA52,Post,4,,"[{""type"":""Love"",""reaction_count"":77},{""type"":""Like"",""reaction_count"":69},{""type"":""Care"",""reaction_count"":1},{""type"":""Angry"",""reaction_count"":1}]",TRUE,+216 81 105 555,contact@banquezitouna.com,2013-01-25T00:00:00.000Z,,,,"[{""type"":""INFLUENCER CATEGORY"",""value"":""Page · Financial service"",""link"":null},{""type"":""ADDRESS"",""value"":""2. Boulevard Qualité de la Vie  , Kram, Tunisia"",""link"":""https://maps.google.com/maps?q=2.+Boulevard+Qualit%C3%A9+de+la+Vie++%2C+Kram%2C+Tunisia&hl=en""},{""type"":""PROFILE PHONE"",""value"":""+216 81 105 555"",""link"":null},{""type"":""PROFILE EMAIL"",""value"":""contact@banquezitouna.com"",""link"":null},{""type"":""WEBSITE"",""value"":""banquezitouna.com"",""link"":""http://www.banquezitouna.com/""},{""type"":""BUSINESS HOURS"",""value"":""Closed now"",""link"":null}]",[],5.40907E+14,,,2026-07-09T19:39:17.781Z,https://www.facebook.com/BanqueZitouna,10,,,,,,,
https://www.facebook.com/BanqueZitouna/posts/pfbid02zCqTfdrwMFvx5kwPYDDfoEJUa8zH3ChBTz9ZDSYJo4V65Bb3zbTuQ9kCnEBaim4Yl,1449253130575555,https://www.facebook.com/BanqueZitouna,Banque Zitouna - مصرف الزيتونة,"تخمم تطوّر مشروعك وتحسن فيه ؟
مع مصرف الزيتونة إكسب ال Ford Transit
و تمتع بتمويل على 5 سنين ومعاه 5 entretiens بلاش 🚗✨",2026-05-20T10:26:39.000Z,,40,13,"{""type"":""Like"",""num"":631}",Banque Zitouna - مصرف الزيتونة,1.00065E+14,"Bienvenue sur la page officielle de Banque Zitouna
مرحبا بكم في الصفحة الرسمية لمصرف الزيتونة
Pour plus d'informations - 81 10 55 55 - لمزيد الارشادات",Financial service,https://scontent-for2-2.xx.fbcdn.net/v/t39.30808-1/348282802_632108921779379_7457718821559958426_n.jpg?stp=dst-jpg_tt6&cstp=mx768x768&ctp=s200x200&_nc_cat=100&ccb=1-7&_nc_sid=2d3e12&_nc_ohc=graVAClUjAAQ7kNvwFuUPGI&_nc_oc=AdqyiALIGk2t6otcoJucNSzHKtU2jpl_zkyAAALFGMzOzeJjmDhB1m_IZTECCtl-z6I&_nc_zt=24&_nc_ht=scontent-for2-2.xx&_nc_gid=H5AIm0EAcPG12zZXLA5xhQ&_nc_ss=79289&oh=00_AQBW1001isK_F4ZlFddCZGqHLPpYCSuVbmguTMN3d-w5zQ&oe=6A55C08C,banquezitouna.com,,1300000,TRUE,,"[{""id"":""1449252917242243"",""type"":""Photo"",""url"":""https://scontent-for2-2.xx.fbcdn.net/v/t39.30808-6/703097718_1449252920575576_6636485847174017666_n.jpg?stp=dst-jpg_tt6&cstp=mx1080x1350&ctp=s640x640&_nc_cat=110&ccb=1-7&_nc_sid=127cfc&_nc_ohc=YR9s5QIEBjgQ7kNvwFycHYY&_nc_oc=AdrIBaXwh2cOpBGwpexEcMa_IBOhu5LrCWRJyfz4sNnTRf2J5eZGJTS9KoODurxrIis&_nc_zt=23&_nc_ht=scontent-for2-2.xx&_nc_gid=RpFFvJHprnfXev5aqLFMVQ&_nc_ss=79289&oh=00_AQA6idMPz164uiKWB2GdO-H1mwfvn3XZIEeOechXASIKvw&oe=6A55DF8B"",""video_url"":null,""thumbnail_url"":null}]",,,,,https://www.facebook.com/BanqueZitouna,https://scontent-for2-1.xx.fbcdn.net/v/t39.30808-6/691908865_1438863731614495_7926280554259547047_n.jpg?stp=dst-jpg_tt6&cstp=mx3319x1263&ctp=s960x960&_nc_cat=102&ccb=1-7&_nc_sid=cc71e4&_nc_ohc=t44i_C1RODsQ7kNvwFrHcGg&_nc_oc=AdpU4SRG9pInpAv_4JthYlD3dpjuEU7cY9A-mMuNJAN6HlVliO4ROEm54F2g8aGwVys&_nc_zt=23&_nc_ht=scontent-for2-1.xx&_nc_gid=H5AIm0EAcPG12zZXLA5xhQ&_nc_ss=79289&oh=00_AQACBxpvFO1G15DQLP06XQahHgCCWRfBga1iWPFCnKv2Iw&oe=6A55DF01,https://scontent-for2-2.xx.fbcdn.net/v/t39.30808-1/348282802_632108921779379_7457718821559958426_n.jpg?stp=dst-jpg_tt6&cstp=mx768x768&ctp=s200x200&_nc_cat=100&ccb=1-7&_nc_sid=2d3e12&_nc_ohc=graVAClUjAAQ7kNvwFuUPGI&_nc_oc=AdqyiALIGk2t6otcoJucNSzHKtU2jpl_zkyAAALFGMzOzeJjmDhB1m_IZTECCtl-z6I&_nc_zt=24&_nc_ht=scontent-for2-2.xx&_nc_gid=H5AIm0EAcPG12zZXLA5xhQ&_nc_ss=79289&oh=00_AQBW1001isK_F4ZlFddCZGqHLPpYCSuVbmguTMN3d-w5zQ&oe=6A55C08C,BanqueZitouna,,FALSE,,1449253130575555,,687,https://scontent-for2-2.xx.fbcdn.net/v/t39.30808-6/703097718_1449252920575576_6636485847174017666_n.jpg?stp=dst-jpg_tt6&cstp=mx1080x1350&ctp=s640x640&_nc_cat=110&ccb=1-7&_nc_sid=127cfc&_nc_ohc=YR9s5QIEBjgQ7kNvwFycHYY&_nc_oc=AdrIBaXwh2cOpBGwpexEcMa_IBOhu5LrCWRJyfz4sNnTRf2J5eZGJTS9KoODurxrIis&_nc_zt=23&_nc_ht=scontent-for2-2.xx&_nc_gid=RpFFvJHprnfXev5aqLFMVQ&_nc_ss=79289&oh=00_AQA6idMPz164uiKWB2GdO-H1mwfvn3XZIEeOechXASIKvw&oe=6A55DF8B,Post,4,,"[{""type"":""Like"",""reaction_count"":631},{""type"":""Love"",""reaction_count"":50},{""type"":""Care"",""reaction_count"":4},{""type"":""Haha"",""reaction_count"":1},{""type"":""Angry"",""reaction_count"":1}]",TRUE,+216 81 105 555,contact@banquezitouna.com,2013-01-25T00:00:00.000Z,,,,"[{""type"":""INFLUENCER CATEGORY"",""value"":""Page · Financial service"",""link"":null},{""type"":""ADDRESS"",""value"":""2. Boulevard Qualité de la Vie  , Kram, Tunisia"",""link"":""https://maps.google.com/maps?q=2.+Boulevard+Qualit%C3%A9+de+la+Vie++%2C+Kram%2C+Tunisia&hl=en""},{""type"":""PROFILE PHONE"",""value"":""+216 81 105 555"",""link"":null},{""type"":""PROFILE EMAIL"",""value"":""contact@banquezitouna.com"",""link"":null},{""type"":""WEBSITE"",""value"":""banquezitouna.com"",""link"":""http://www.banquezitouna.com/""},{""type"":""BUSINESS HOURS"",""value"":""Closed now"",""link"":null}]",[],5.40907E+14,,,2026-07-09T19:39:17.781Z,https://www.facebook.com/BanqueZitouna,10,,,,,,,
https://www.facebook.com/reel/2179679976202917/,1442327134601488,https://www.facebook.com/BanqueZitouna,Banque Zitouna - مصرف الزيتونة,"Retour sur notre participation au Forum de l’Officine 🤝

Nous avons eu le plaisir de présenter nos solutions de financement dédiées au secteur de la pharmacie, spécialement conçues pour répondre aux besoins des professionnels de santé et accompagner le développement de leurs activités.

Un grand merci à tous les visiteurs pour leurs échanges constructifs et l’intérêt porté à nos offres 🙏.

L’équipe Banque Zitouna a hâte de vous retrouver très bientôt pour de nouvelles rencontres et collaborations enrichissantes 🤝✨!",2026-05-12T15:32:21.000Z,,6,8,"{""type"":""Like"",""num"":60}",Banque Zitouna - مصرف الزيتونة,1.00065E+14,"Bienvenue sur la page officielle de Banque Zitouna
مرحبا بكم في الصفحة الرسمية لمصرف الزيتونة
Pour plus d'informations - 81 10 55 55 - لمزيد الارشادات",Financial service,https://scontent-for2-2.xx.fbcdn.net/v/t39.30808-1/348282802_632108921779379_7457718821559958426_n.jpg?stp=dst-jpg_tt6&cstp=mx768x768&ctp=s200x200&_nc_cat=100&ccb=1-7&_nc_sid=2d3e12&_nc_ohc=graVAClUjAAQ7kNvwFuUPGI&_nc_oc=AdqyiALIGk2t6otcoJucNSzHKtU2jpl_zkyAAALFGMzOzeJjmDhB1m_IZTECCtl-z6I&_nc_zt=24&_nc_ht=scontent-for2-2.xx&_nc_gid=H5AIm0EAcPG12zZXLA5xhQ&_nc_ss=79289&oh=00_AQBW1001isK_F4ZlFddCZGqHLPpYCSuVbmguTMN3d-w5zQ&oe=6A55C08C,banquezitouna.com,,1300000,TRUE,,"[{""id"":""2179679976202917"",""type"":""Video"",""url"":""https://scontent-for2-1.xx.fbcdn.net/v/t15.5256-10/695351454_1493635869074827_6648059359870600076_n.jpg?stp=dst-jpg_tt6&cstp=mx1920x1080&ctp=s526x296&_nc_cat=111&ccb=1-7&_nc_sid=d2b52d&_nc_ohc=9XLKr1sPLuMQ7kNvwFkZIzA&_nc_oc=Adqt2ovyuUZ_wVcUM6TBTeJhDWBrLYCATrGOity1H1XlM6eAmp9TLMbjy2xO_82pkpM&_nc_zt=23&_nc_ht=scontent-for2-1.xx&_nc_gid=RpFFvJHprnfXev5aqLFMVQ&_nc_ss=79289&oh=00_AQDqmOofOGny5H5iK0pVppo7AJ0aZ377ctQ-dprX4HkD0A&oe=6A55C65B"",""video_length"":""60000"",""attachment_url"":""https://www.facebook.com/reel/2179679976202917/"",""video_url"":""https://video-for2-2.xx.fbcdn.net/o1/v/t2/f2/m366/AQOhCw7E5oi8ZkVOpjpIL1vUirO8KKoLkRnjiPF1yiYntslLHSpL3aq7ht_tbjKyZiRcSp76eJlncgaN0ERvV1uEVTERdlMSbOJ5g3S9uL6a0A.mp4?_nc_cat=110&_nc_sid=5e9851&_nc_ht=video-for2-2.xx.fbcdn.net&_nc_ohc=bQFSkKuf4c4Q7kNvwFyDBmN&efg=eyJ2ZW5jb2RlX3RhZyI6Inhwdl9wcm9ncmVzc2l2ZS5GQUNFQk9PSy4uQzMuMTI4MC5kYXNoX2gyNjQtYmFzaWMtZ2VuMl83MjBwIiwieHB2X2Fzc2V0X2lkIjoxNjkyMzUxNDMxNzk3OTc5LCJhc3NldF9hZ2VfZGF5cyI6NTgsInZpX3VzZWNhc2VfaWQiOjEwMTIyLCJkdXJhdGlvbl9zIjo2MCwidXJsZ2VuX3NvdXJjZSI6Ind3dyJ9&ccb=17-1&vs=6d39daae0c3bbd57&_nc_vs=HBksFQIYRWZiX2VwaGVtZXJhbC9ERTQyRUVGRDY2ODZGNTk5MzNFOTFENDQzNzA3OEJCM19tdF8xX3ZpZGVvX2Rhc2hpbml0Lm1wNBUAAsgBEgAVAhhAZmJfcGVybWFuZW50L0NBNDU5OTk1RUYwNDA0OTU1NjgyNkMzMDA2MzhBQTgxX2F1ZGlvX2Rhc2hpbml0Lm1wNBUCAsgBEgAoABgAGwKIB3VzZV9vaWwBMRJwcm9ncmVzc2l2ZV9yZWNpcGUBMRUAACa2s-ve6MuBBhUCKAJDMywXQE4AAAAAAAAYGWRhc2hfaDI2NC1iYXNpYy1nZW4yXzcyMHARAHUCZZSeAQA&_nc_gid=RpFFvJHprnfXev5aqLFMVQ&_nc_ss=79289&_nc_zt=28&oh=00_AQAy_9vzQOVQOf6AIVeoYOGJwUKB49sBrjMaUTW-N5ishw&oe=6A55BEB2&bitrate=1527915&tag=dash_h264-basic-gen2_720p"",""thumbnail_url"":""https://scontent-for2-1.xx.fbcdn.net/v/t15.5256-10/695351454_1493635869074827_6648059359870600076_n.jpg?stp=dst-jpg_tt6&cstp=mx1920x1080&ctp=s960x960&_nc_cat=111&ccb=1-7&_nc_sid=be8305&_nc_ohc=9XLKr1sPLuMQ7kNvwFkZIzA&_nc_oc=Adqt2ovyuUZ_wVcUM6TBTeJhDWBrLYCATrGOity1H1XlM6eAmp9TLMbjy2xO_82pkpM&_nc_zt=23&_nc_ht=scontent-for2-1.xx&_nc_gid=RpFFvJHprnfXev5aqLFMVQ&_nc_ss=79289&oh=00_AQDqmOofOGny5H5iK0pVppo7AJ0aZ377ctQ-dprX4HkD0A&oe=6A55C65B""}]",,,,,https://www.facebook.com/BanqueZitouna,https://scontent-for2-1.xx.fbcdn.net/v/t39.30808-6/691908865_1438863731614495_7926280554259547047_n.jpg?stp=dst-jpg_tt6&cstp=mx3319x1263&ctp=s960x960&_nc_cat=102&ccb=1-7&_nc_sid=cc71e4&_nc_ohc=t44i_C1RODsQ7kNvwFrHcGg&_nc_oc=AdpU4SRG9pInpAv_4JthYlD3dpjuEU7cY9A-mMuNJAN6HlVliO4ROEm54F2g8aGwVys&_nc_zt=23&_nc_ht=scontent-for2-1.xx&_nc_gid=H5AIm0EAcPG12zZXLA5xhQ&_nc_ss=79289&oh=00_AQACBxpvFO1G15DQLP06XQahHgCCWRfBga1iWPFCnKv2Iw&oe=6A55DF01,https://scontent-for2-2.xx.fbcdn.net/v/t39.30808-1/348282802_632108921779379_7457718821559958426_n.jpg?stp=dst-jpg_tt6&cstp=mx768x768&ctp=s200x200&_nc_cat=100&ccb=1-7&_nc_sid=2d3e12&_nc_ohc=graVAClUjAAQ7kNvwFuUPGI&_nc_oc=AdqyiALIGk2t6otcoJucNSzHKtU2jpl_zkyAAALFGMzOzeJjmDhB1m_IZTECCtl-z6I&_nc_zt=24&_nc_ht=scontent-for2-2.xx&_nc_gid=H5AIm0EAcPG12zZXLA5xhQ&_nc_ss=79289&oh=00_AQBW1001isK_F4ZlFddCZGqHLPpYCSuVbmguTMN3d-w5zQ&oe=6A55C08C,BanqueZitouna,,FALSE,,1442327134601488,4825,89,,Reel,4,,"[{""type"":""Like"",""reaction_count"":60},{""type"":""Love"",""reaction_count"":26},{""type"":""Care"",""reaction_count"":1},{""type"":""Haha"",""reaction_count"":1},{""type"":""Angry"",""reaction_count"":1}]",TRUE,+216 81 105 555,contact@banquezitouna.com,2013-01-25T00:00:00.000Z,,,,"[{""type"":""INFLUENCER CATEGORY"",""value"":""Page · Financial service"",""link"":null},{""type"":""ADDRESS"",""value"":""2. Boulevard Qualité de la Vie  , Kram, Tunisia"",""link"":""https://maps.google.com/maps?q=2.+Boulevard+Qualit%C3%A9+de+la+Vie++%2C+Kram%2C+Tunisia&hl=en""},{""type"":""PROFILE PHONE"",""value"":""+216 81 105 555"",""link"":null},{""type"":""PROFILE EMAIL"",""value"":""contact@banquezitouna.com"",""link"":null},{""type"":""WEBSITE"",""value"":""banquezitouna.com"",""link"":""http://www.banquezitouna.com/""},{""type"":""BUSINESS HOURS"",""value"":""Closed now"",""link"":null}]",[],5.40907E+14,,18319,2026-07-09T19:39:17.781Z,https://www.facebook.com/BanqueZitouna,10,,,,,,,
https://www.facebook.com/BanqueNationaleAgricole/posts/pfbid0hMdFEd2qZwAJLW2PUYNR66FL6Eo23NZjgnevSC5T2WqJ2AeQ4XDsDrDoTVqpMuMJl,1015593467891440,https://www.facebook.com/BanqueNationaleAgricole,BNA - Banque Nationale Agricole,"Bienvenue à votre Direction Régionale BNA BANK de Gabès. Nous sommes heureux de vous accueillir dans votre Direction Régionale entièrement rénovée, pensée pour vous offrir un cadre moderne, innovant et plus accueillant. Grâce à des aménagements repensés et à des concepts innovants, nous mettons tout en œuvre pour vous garantir une expérience bancaire fluide, conviviale et parfaitement adaptée à vos besoins.",2026-07-08T13:42:24.000Z,,25,16,"{""type"":""Like"",""num"":118}",BNA - Banque Nationale Agricole,1.00083E+14,"Depuis sa création en 1959, la BNA n’a cessé de se confirmer sur la place financière non seulement comme une banque de financement de l’agriculture, mais aussi comme une banque universelle, citoyenne, moderne et davantage proche des Tunisiens.",Bank,https://scontent-cpt1-1.xx.fbcdn.net/v/t39.30808-1/334105066_1067185698005603_756031367262758174_n.jpg?stp=dst-jpg_tt6&cstp=mx2000x2000&ctp=s200x200&_nc_cat=102&ccb=1-7&_nc_sid=2d3e12&_nc_ohc=o9TAzq6oxNYQ7kNvwFXKPoP&_nc_oc=Adq00ZsEwSzZgIyoS9BATyMyDu_gm5MxzYhhtcNEs9ipi2AwXzir-RfBimJ4j9QZvYo&_nc_zt=24&_nc_ht=scontent-cpt1-1.xx&_nc_gid=NnLUOIGMKnWjPFcTebKQMg&_nc_ss=79289&oh=00_AQBTWTorcZRgUp_Jp5n_zKmzawuq_zboPwv0h4iexiTrCg&oe=6A55B78A,bnah24.tn,,148000,FALSE,,"[{""id"":""1015592291224891"",""type"":""Photo"",""url"":""https://scontent-cpt1-1.xx.fbcdn.net/v/t39.99422-6/741099228_901706132974590_3405752889879628900_n.png?stp=dst-jpg_tt6&cstp=mx1024x683&ctp=s1024x683&_nc_cat=103&ccb=1-7&_nc_sid=127cfc&_nc_ohc=rFGOzYyVh3MQ7kNvwGI2cr1&_nc_oc=Adqlw0SWad6txfnVxDyH44o01ntk9xBmNWthqzV3C3g3oCl0J8RP_zowF7UuVNHMNrM&_nc_zt=14&_nc_ht=scontent-cpt1-1.xx&_nc_gid=ezT2CCW31ck3jybJcGdbTg&_nc_ss=79289&oh=00_AQA6bcXfi5zQ8dKKOFcOQa0eLQCMEFHzbuOtROFPfDhmAQ&oe=6A55C15F"",""attachment_url"":""https://www.facebook.com/photo.php?fbid=1015592291224891&set=a.159808783469917&type=3"",""video_url"":null,""thumbnail_url"":null},{""id"":""1015592897891497"",""type"":""Photo"",""url"":""https://scontent-cpt1-1.xx.fbcdn.net/v/t39.99422-6/741341076_3897609043882143_5314445075516178347_n.png?stp=dst-jpg_tt6&cstp=mx2048x1365&ctp=s2048x1365&_nc_cat=106&ccb=1-7&_nc_sid=127cfc&_nc_ohc=Z5gjAGOmt0wQ7kNvwEIIBxV&_nc_oc=AdovyuWmolYXI1Dc8rOojOASDrn-V_ZV-NmYfXGGwA3lwphfn8uDcL3OWz_lCqfpPa8&_nc_zt=14&_nc_ht=scontent-cpt1-1.xx&_nc_gid=ezT2CCW31ck3jybJcGdbTg&_nc_ss=79289&oh=00_AQBbT7_LFB_RjTa5cVuP9-taeuz75mMr5qM1Cg32yGJf5g&oe=6A55E428"",""attachment_url"":""https://www.facebook.com/photo.php?fbid=1015592897891497&set=a.159808783469917&type=3"",""video_url"":null,""thumbnail_url"":null},{""id"":""1015592824558171"",""type"":""Photo"",""url"":""https://scontent-cpt1-1.xx.fbcdn.net/v/t39.99422-6/740601538_847312384910032_2121600223680828107_n.png?stp=dst-jpg_tt6&cstp=mx2048x1365&ctp=s2048x1365&_nc_cat=100&ccb=1-7&_nc_sid=127cfc&_nc_ohc=niuaLzZlJcYQ7kNvwGkI_kg&_nc_oc=Adraqmf-bax2am_99yxA34HCYMtZAacZ-lEA5Rv949VfgVHFs77i9AgZM_luy-fikQY&_nc_zt=14&_nc_ht=scontent-cpt1-1.xx&_nc_gid=ezT2CCW31ck3jybJcGdbTg&_nc_ss=79289&oh=00_AQCT0sFDYvBNXHQdL4HF-TmM6nxNCsb6nas1wFNz9pHGJA&oe=6A55C89C"",""attachment_url"":""https://www.facebook.com/photo.php?fbid=1015592824558171&set=a.159808783469917&type=3"",""video_url"":null,""thumbnail_url"":null},{""id"":""1015592721224848"",""type"":""Photo"",""url"":""https://scontent-cpt1-1.xx.fbcdn.net/v/t39.99422-6/742619620_1561753042248487_6253460565957221282_n.png?stp=dst-jpg_tt6&cstp=mx2048x1365&ctp=s2048x1365&_nc_cat=101&ccb=1-7&_nc_sid=127cfc&_nc_ohc=Y7Xoyk0GJs4Q7kNvwEyQljG&_nc_oc=AdpmTXFIqZKxpesa23H47F3LmDTF5rsX4837f-bhLhdqgVjm9-ieBV0ZrA1Z_aOBFQo&_nc_zt=14&_nc_ht=scontent-cpt1-1.xx&_nc_gid=ezT2CCW31ck3jybJcGdbTg&_nc_ss=79289&oh=00_AQDrv9ko2-ADtj78IbMH-5Hr6LgQSVpCoFxE1TZsrJe00A&oe=6A55E3C7"",""attachment_url"":""https://www.facebook.com/photo.php?fbid=1015592721224848&set=a.159808783469917&type=3"",""video_url"":null,""thumbnail_url"":null},{""id"":""1015592797891507"",""type"":""Photo"",""url"":""https://scontent-cpt1-1.xx.fbcdn.net/v/t39.99422-6/741395637_1006109532337500_3064337582716005513_n.png?stp=dst-jpg_tt6&cstp=mx2048x1365&ctp=s2048x1365&_nc_cat=108&ccb=1-7&_nc_sid=127cfc&_nc_ohc=L6rPgxZIn_MQ7kNvwHIa0o0&_nc_oc=AdoxupQKiwEMSQLXOpX9KjYfp57ggin3kxYqiNiQOyqsFc6zkwvnns0vFJnD7yZQjHo&_nc_zt=14&_nc_ht=scontent-cpt1-1.xx&_nc_gid=ezT2CCW31ck3jybJcGdbTg&_nc_ss=79289&oh=00_AQCwDv96Npc7KF_JPwki7Juopx-GxA9QwJWQC_cmCDJtXA&oe=6A55B2C2"",""attachment_url"":""https://www.facebook.com/photo.php?fbid=1015592797891507&set=a.159808783469917&type=3"",""video_url"":null,""thumbnail_url"":null}]",,,,,https://www.facebook.com/BanqueNationaleAgricole,https://scontent-cpt1-1.xx.fbcdn.net/v/t39.99422-6/734488836_4059672854165681_2873372543521197700_n.png?stp=dst-jpg_tt6&cstp=mx1640x624&ctp=s960x960&_nc_cat=111&ccb=1-7&_nc_sid=cc71e4&_nc_ohc=WTx4HNpr2CIQ7kNvwH0iPg0&_nc_oc=AdqvSnuARVeKrr28qB0cauT21apUl2Zhb36OmBz7g4zxH7jjmh7CLVZSWYTvyZK5t5U&_nc_zt=14&_nc_ht=scontent-cpt1-1.xx&_nc_gid=NnLUOIGMKnWjPFcTebKQMg&_nc_ss=79289&oh=00_AQB8aut8qTQA_qq9UJs-z9Sw31MQe3v8pNikVass2aJX9Q&oe=6A55D2BC,https://scontent-cpt1-1.xx.fbcdn.net/v/t39.30808-1/334105066_1067185698005603_756031367262758174_n.jpg?stp=dst-jpg_tt6&cstp=mx2000x2000&ctp=s200x200&_nc_cat=102&ccb=1-7&_nc_sid=2d3e12&_nc_ohc=o9TAzq6oxNYQ7kNvwFXKPoP&_nc_oc=Adq00ZsEwSzZgIyoS9BATyMyDu_gm5MxzYhhtcNEs9ipi2AwXzir-RfBimJ4j9QZvYo&_nc_zt=24&_nc_ht=scontent-cpt1-1.xx&_nc_gid=NnLUOIGMKnWjPFcTebKQMg&_nc_ss=79289&oh=00_AQBTWTorcZRgUp_Jp5n_zKmzawuq_zboPwv0h4iexiTrCg&oe=6A55B78A,BanqueNationaleAgricole,,FALSE,,1015593467891440,,206,https://scontent-cpt1-1.xx.fbcdn.net/v/t39.99422-6/741099228_901706132974590_3405752889879628900_n.png?stp=dst-jpg_tt6&cstp=mx1024x683&ctp=s1024x683&_nc_cat=103&ccb=1-7&_nc_sid=127cfc&_nc_ohc=rFGOzYyVh3MQ7kNvwGI2cr1&_nc_oc=Adqlw0SWad6txfnVxDyH44o01ntk9xBmNWthqzV3C3g3oCl0J8RP_zowF7UuVNHMNrM&_nc_zt=14&_nc_ht=scontent-cpt1-1.xx&_nc_gid=ezT2CCW31ck3jybJcGdbTg&_nc_ss=79289&oh=00_AQA6bcXfi5zQ8dKKOFcOQa0eLQCMEFHzbuOtROFPfDhmAQ&oe=6A55C15F,Post,51,,"[{""type"":""Like"",""reaction_count"":118},{""type"":""Love"",""reaction_count"":85},{""type"":""Care"",""reaction_count"":2},{""type"":""Haha"",""reaction_count"":1}]",TRUE,,bna@bna.tn,2017-10-23T00:00:00.000Z,,,,"[{""type"":""INFLUENCER CATEGORY"",""value"":""Page · Bank"",""link"":null},{""type"":""ADDRESS"",""value"":""Avenue Mohamed V Bab Bhar, Tunis, Tunisia"",""link"":""https://maps.google.com/maps?q=36.81155000%2C10.18453000&hl=en""},{""type"":""PROFILE WHATSAPP_NUMBER"",""value"":""+216 56 556 111"",""link"":""https://api.whatsapp.com/send?phone=21656556111&token=eyJhbGciOiJFUzI1NiIsInR5cCI6IkpXVCIsImtpZCI6IjEyNSJ9.eyJleHAiOjE3ODM3MTIzMzIsInBob25lIjoiMjE2NTY1NTYxMTEiLCJ0ZXh0IjoiIiwiY29udGV4dCI6IkFmZ040eFVCQ1Y4VlQ0OHNfY3ZPcXozZmJUOGFjVzhNbWlRY3pON1ZtOHJSc2lOME9XOFI3Ml9YVE5sRkhCQjVuR0hHT1RweXk0ZDZXQUR6Q0xLWjZ1anlkUEhtbE1fSmdpMWRoQldIdDV3d3U5a05JVEVDdzhRT2FiOTlxY1d5WVEzcF9MVVNkYjdqM00xaENRIiwic291cmNlIjoiIiwiYXBwIjoiZmFjZWJvb2sifQ.hRI1WUiyLE56IdvXcbtWqrhoH19-4VKVcoZW9MTiakF7UOR4jHuPmmIEhoD_zKRgnLMT1DLhvX1-4zko1IeJGQ""},{""type"":""PROFILE EMAIL"",""value"":""bna@bna.tn"",""link"":null},{""type"":""WEBSITE"",""value"":""bnah24.tn"",""link"":""https://bnah24.tn/""},{""type"":""WEBSITE"",""value"":""bna.tn"",""link"":""http://www.bna.tn/""}]",[],1988645351417649,,,2026-07-09T19:39:20.181Z,https://www.facebook.com/BanqueNationaleAgricole,10,,,,,,,
https://www.facebook.com/reel/1386731970028584/,1013992834718170,https://www.facebook.com/BanqueNationaleAgricole,BNA - Banque Nationale Agricole,عيشة الفلاح (التمويل) : قروض وتمويلات البنك الوطني الفلاحي للفلاحين طيلة موسم الحبوب .. سندكم في النجاح,2026-07-06T18:34:31.000Z,,1,10,"{""type"":""Like"",""num"":65}",BNA - Banque Nationale Agricole,1.00083E+14,"Depuis sa création en 1959, la BNA n’a cessé de se confirmer sur la place financière non seulement comme une banque de financement de l’agriculture, mais aussi comme une banque universelle, citoyenne, moderne et davantage proche des Tunisiens.",Bank,https://scontent-cpt1-1.xx.fbcdn.net/v/t39.30808-1/334105066_1067185698005603_756031367262758174_n.jpg?stp=dst-jpg_tt6&cstp=mx2000x2000&ctp=s200x200&_nc_cat=102&ccb=1-7&_nc_sid=2d3e12&_nc_ohc=o9TAzq6oxNYQ7kNvwFXKPoP&_nc_oc=Adq00ZsEwSzZgIyoS9BATyMyDu_gm5MxzYhhtcNEs9ipi2AwXzir-RfBimJ4j9QZvYo&_nc_zt=24&_nc_ht=scontent-cpt1-1.xx&_nc_gid=NnLUOIGMKnWjPFcTebKQMg&_nc_ss=79289&oh=00_AQBTWTorcZRgUp_Jp5n_zKmzawuq_zboPwv0h4iexiTrCg&oe=6A55B78A,bnah24.tn,,148000,FALSE,,"[{""id"":""1386731970028584"",""type"":""Video"",""url"":""https://scontent-cpt1-1.xx.fbcdn.net/v/t15.5256-10/741439452_2257622045053481_5675002329914785262_n.jpg?stp=dst-jpg_tt6&cstp=mx1920x1080&ctp=s526x296&_nc_cat=110&ccb=1-7&_nc_sid=5fad0e&_nc_ohc=zRqZs4V1R44Q7kNvwFM0IFz&_nc_oc=AdoLm0Vr0E3kLfdNP_8iQExdQLB5wJXsWSyT--u5BnQKz25_c6xmIldYPtAwR_LJd58&_nc_zt=23&_nc_ht=scontent-cpt1-1.xx&_nc_gid=7NR1o_ORn-Xih6Drqp-Kzg&_nc_ss=79289&oh=00_AQBVMPMGkefDn6LrwL3sL1A-Q0G1cvCRTeg_UarH_Y2iew&oe=6A55D3FC"",""video_length"":""71137"",""attachment_url"":""https://www.facebook.com/reel/1386731970028584/"",""video_url"":""https://video-cpt1-1.xx.fbcdn.net/o1/v/t2/f2/m366/AQOjhFvmGrszb3RXFFJihaqguYdDTZnBiC6MM9ZBppZ3k3s2cORmK9sxa7l5GRz-rg1iMw7aKKnlhDIG8gXWOTJ1lAxprObqvOzdauH5P3H8cg.mp4?_nc_cat=110&_nc_sid=5e9851&_nc_ht=video-cpt1-1.xx.fbcdn.net&_nc_ohc=R51KDYlm-BUQ7kNvwEtIuya&efg=eyJ2ZW5jb2RlX3RhZyI6Inhwdl9wcm9ncmVzc2l2ZS5GQUNFQk9PSy4uQzMuMTI4MC5kYXNoX2gyNjQtYmFzaWMtZ2VuMl83MjBwIiwieHB2X2Fzc2V0X2lkIjoxNTUzMTM2ODk2NTEzOTk1LCJhc3NldF9hZ2VfZGF5cyI6MywidmlfdXNlY2FzZV9pZCI6MTAxMjIsImR1cmF0aW9uX3MiOjcxLCJ1cmxnZW5fc291cmNlIjoid3d3In0%3D&ccb=17-1&vs=a42947661870c110&_nc_vs=HBksFQIYRWZiX2VwaGVtZXJhbC84NjRCODRGNjg3Mjc2REMxMjhBMTE1M0FBRjE0QUM4QV9tdF8xX3ZpZGVvX2Rhc2hpbml0Lm1wNBUAAsgBEgAVAhhAZmJfcGVybWFuZW50Lzg5NDY1MkNFRkI5RTI4MzVDMTJCMEM4RDA2MjlGMDhEX2F1ZGlvX2Rhc2hpbml0Lm1wNBUCAsgBEgAoABgAGwKIB3VzZV9vaWwBMRJwcm9ncmVzc2l2ZV9yZWNpcGUBMRUAACaW34jQu6TCBRUCKAJDMywXQFHIxJul41QYGWRhc2hfaDI2NC1iYXNpYy1nZW4yXzcyMHARAHUCZZSeAQA&_nc_gid=7NR1o_ORn-Xih6Drqp-Kzg&_nc_ss=79289&_nc_zt=28&oh=00_AQCjIXfDPcn4JAVqSg2GOvdxOjrRO8ymy8z5sxKBnk5anA&oe=6A55B21E&bitrate=1534372&tag=dash_h264-basic-gen2_720p"",""thumbnail_url"":""https://scontent-cpt1-1.xx.fbcdn.net/v/t15.5256-10/741439452_2257622045053481_5675002329914785262_n.jpg?stp=dst-jpg_tt6&cstp=mx1920x1080&ctp=s960x960&_nc_cat=110&ccb=1-7&_nc_sid=50ce42&_nc_ohc=zRqZs4V1R44Q7kNvwFM0IFz&_nc_oc=AdoLm0Vr0E3kLfdNP_8iQExdQLB5wJXsWSyT--u5BnQKz25_c6xmIldYPtAwR_LJd58&_nc_zt=23&_nc_ht=scontent-cpt1-1.xx&_nc_gid=7NR1o_ORn-Xih6Drqp-Kzg&_nc_ss=79289&oh=00_AQBVMPMGkefDn6LrwL3sL1A-Q0G1cvCRTeg_UarH_Y2iew&oe=6A55D3FC""}]",,,,,https://www.facebook.com/BanqueNationaleAgricole,https://scontent-cpt1-1.xx.fbcdn.net/v/t39.99422-6/734488836_4059672854165681_2873372543521197700_n.png?stp=dst-jpg_tt6&cstp=mx1640x624&ctp=s960x960&_nc_cat=111&ccb=1-7&_nc_sid=cc71e4&_nc_ohc=WTx4HNpr2CIQ7kNvwH0iPg0&_nc_oc=AdqvSnuARVeKrr28qB0cauT21apUl2Zhb36OmBz7g4zxH7jjmh7CLVZSWYTvyZK5t5U&_nc_zt=14&_nc_ht=scontent-cpt1-1.xx&_nc_gid=NnLUOIGMKnWjPFcTebKQMg&_nc_ss=79289&oh=00_AQB8aut8qTQA_qq9UJs-z9Sw31MQe3v8pNikVass2aJX9Q&oe=6A55D2BC,https://scontent-cpt1-1.xx.fbcdn.net/v/t39.30808-1/334105066_1067185698005603_756031367262758174_n.jpg?stp=dst-jpg_tt6&cstp=mx2000x2000&ctp=s200x200&_nc_cat=102&ccb=1-7&_nc_sid=2d3e12&_nc_ohc=o9TAzq6oxNYQ7kNvwFXKPoP&_nc_oc=Adq00ZsEwSzZgIyoS9BATyMyDu_gm5MxzYhhtcNEs9ipi2AwXzir-RfBimJ4j9QZvYo&_nc_zt=24&_nc_ht=scontent-cpt1-1.xx&_nc_gid=NnLUOIGMKnWjPFcTebKQMg&_nc_ss=79289&oh=00_AQBTWTorcZRgUp_Jp5n_zKmzawuq_zboPwv0h4iexiTrCg&oe=6A55B78A,BanqueNationaleAgricole,,FALSE,,1013992834718170,50787,72,,Reel,51,,"[{""type"":""Like"",""reaction_count"":65},{""type"":""Love"",""reaction_count"":7}]",TRUE,,bna@bna.tn,2017-10-23T00:00:00.000Z,,,,"[{""type"":""INFLUENCER CATEGORY"",""value"":""Page · Bank"",""link"":null},{""type"":""ADDRESS"",""value"":""Avenue Mohamed V Bab Bhar, Tunis, Tunisia"",""link"":""https://maps.google.com/maps?q=36.81155000%2C10.18453000&hl=en""},{""type"":""PROFILE WHATSAPP_NUMBER"",""value"":""+216 56 556 111"",""link"":""https://api.whatsapp.com/send?phone=21656556111&token=eyJhbGciOiJFUzI1NiIsInR5cCI6IkpXVCIsImtpZCI6IjEyNSJ9.eyJleHAiOjE3ODM3MTIzMzIsInBob25lIjoiMjE2NTY1NTYxMTEiLCJ0ZXh0IjoiIiwiY29udGV4dCI6IkFmZ040eFVCQ1Y4VlQ0OHNfY3ZPcXozZmJUOGFjVzhNbWlRY3pON1ZtOHJSc2lOME9XOFI3Ml9YVE5sRkhCQjVuR0hHT1RweXk0ZDZXQUR6Q0xLWjZ1anlkUEhtbE1fSmdpMWRoQldIdDV3d3U5a05JVEVDdzhRT2FiOTlxY1d5WVEzcF9MVVNkYjdqM00xaENRIiwic291cmNlIjoiIiwiYXBwIjoiZmFjZWJvb2sifQ.hRI1WUiyLE56IdvXcbtWqrhoH19-4VKVcoZW9MTiakF7UOR4jHuPmmIEhoD_zKRgnLMT1DLhvX1-4zko1IeJGQ""},{""type"":""PROFILE EMAIL"",""value"":""bna@bna.tn"",""link"":null},{""type"":""WEBSITE"",""value"":""bnah24.tn"",""link"":""https://bnah24.tn/""},{""type"":""WEBSITE"",""value"":""bna.tn"",""link"":""http://www.bna.tn/""}]",[],1988645351417649,,74560,2026-07-09T19:39:20.181Z,https://www.facebook.com/BanqueNationaleAgricole,10,,,,,,,
https://www.facebook.com/BanqueNationaleAgricole/posts/pfbid01BX3iW1Psheh36nCoBFt4Vy1smzTDnSZ7R3B9b4q5Wb4WdVDstFfJhMViKVQQJuWl,1013885244728929,https://www.facebook.com/BanqueNationaleAgricole,BNA - Banque Nationale Agricole,"Cet été, le plus beau voyage est celui qui vous ramène chez vous.

Avec l'offre TWENSA de la BNA BANK, retrouvez la Tunisie et donnez vie à vos projets dans les meilleures conditions.

🏡 Projet immobilier, investissement ou financement… profitez d'avantages pensés spécialement pour les Tunisiens Résidents à l'Étranger.
Bienvenue chez vous. 💚
#BNABANK #TWENSA #TRE #Tunisie #Financement #Immobilier",2026-07-06T16:00:15.000Z,"[""bnabank"",""twensa"",""tre"",""tunisie"",""financement"",""immobilier""]",4,3,"{""type"":""Like"",""num"":687}",BNA - Banque Nationale Agricole,1.00083E+14,"Depuis sa création en 1959, la BNA n’a cessé de se confirmer sur la place financière non seulement comme une banque de financement de l’agriculture, mais aussi comme une banque universelle, citoyenne, moderne et davantage proche des Tunisiens.",Bank,https://scontent-cpt1-1.xx.fbcdn.net/v/t39.30808-1/334105066_1067185698005603_756031367262758174_n.jpg?stp=dst-jpg_tt6&cstp=mx2000x2000&ctp=s200x200&_nc_cat=102&ccb=1-7&_nc_sid=2d3e12&_nc_ohc=o9TAzq6oxNYQ7kNvwFXKPoP&_nc_oc=Adq00ZsEwSzZgIyoS9BATyMyDu_gm5MxzYhhtcNEs9ipi2AwXzir-RfBimJ4j9QZvYo&_nc_zt=24&_nc_ht=scontent-cpt1-1.xx&_nc_gid=NnLUOIGMKnWjPFcTebKQMg&_nc_ss=79289&oh=00_AQBTWTorcZRgUp_Jp5n_zKmzawuq_zboPwv0h4iexiTrCg&oe=6A55B78A,bnah24.tn,,148000,FALSE,,"[{""id"":""1013884244729029"",""type"":""Photo"",""url"":""https://scontent-cpt1-1.xx.fbcdn.net/v/t39.99422-6/742060077_3672829509536128_5263789760718200495_n.png?stp=dst-jpg_tt6&cstp=mx1080x1350&ctp=s640x640&_nc_cat=107&ccb=1-7&_nc_sid=127cfc&_nc_ohc=DSksXnbD2tkQ7kNvwGEvkrW&_nc_oc=AdrVATHk5pO8z-M1A4faGzemZRnPQlunpqDU2oT743tkRl5uz6b_bCOGUCUIX4xk1vQ&_nc_zt=14&_nc_ht=scontent-cpt1-1.xx&_nc_gid=7NR1o_ORn-Xih6Drqp-Kzg&_nc_ss=79289&oh=00_AQAReOSM3mCg9MtuR2UvYJlNdwkfqsCXZy7v3ruiSpWaEQ&oe=6A55D8B7"",""video_url"":null,""thumbnail_url"":null}]",,,,,https://www.facebook.com/BanqueNationaleAgricole,https://scontent-cpt1-1.xx.fbcdn.net/v/t39.99422-6/734488836_4059672854165681_2873372543521197700_n.png?stp=dst-jpg_tt6&cstp=mx1640x624&ctp=s960x960&_nc_cat=111&ccb=1-7&_nc_sid=cc71e4&_nc_ohc=WTx4HNpr2CIQ7kNvwH0iPg0&_nc_oc=AdqvSnuARVeKrr28qB0cauT21apUl2Zhb36OmBz7g4zxH7jjmh7CLVZSWYTvyZK5t5U&_nc_zt=14&_nc_ht=scontent-cpt1-1.xx&_nc_gid=NnLUOIGMKnWjPFcTebKQMg&_nc_ss=79289&oh=00_AQB8aut8qTQA_qq9UJs-z9Sw31MQe3v8pNikVass2aJX9Q&oe=6A55D2BC,https://scontent-cpt1-1.xx.fbcdn.net/v/t39.30808-1/334105066_1067185698005603_756031367262758174_n.jpg?stp=dst-jpg_tt6&cstp=mx2000x2000&ctp=s200x200&_nc_cat=102&ccb=1-7&_nc_sid=2d3e12&_nc_ohc=o9TAzq6oxNYQ7kNvwFXKPoP&_nc_oc=Adq00ZsEwSzZgIyoS9BATyMyDu_gm5MxzYhhtcNEs9ipi2AwXzir-RfBimJ4j9QZvYo&_nc_zt=24&_nc_ht=scontent-cpt1-1.xx&_nc_gid=NnLUOIGMKnWjPFcTebKQMg&_nc_ss=79289&oh=00_AQBTWTorcZRgUp_Jp5n_zKmzawuq_zboPwv0h4iexiTrCg&oe=6A55B78A,BanqueNationaleAgricole,,FALSE,,1013885244728929,,724,https://scontent-cpt1-1.xx.fbcdn.net/v/t39.99422-6/742060077_3672829509536128_5263789760718200495_n.png?stp=dst-jpg_tt6&cstp=mx1080x1350&ctp=s640x640&_nc_cat=107&ccb=1-7&_nc_sid=127cfc&_nc_ohc=DSksXnbD2tkQ7kNvwGEvkrW&_nc_oc=AdrVATHk5pO8z-M1A4faGzemZRnPQlunpqDU2oT743tkRl5uz6b_bCOGUCUIX4xk1vQ&_nc_zt=14&_nc_ht=scontent-cpt1-1.xx&_nc_gid=7NR1o_ORn-Xih6Drqp-Kzg&_nc_ss=79289&oh=00_AQAReOSM3mCg9MtuR2UvYJlNdwkfqsCXZy7v3ruiSpWaEQ&oe=6A55D8B7,Post,51,,"[{""type"":""Like"",""reaction_count"":687},{""type"":""Love"",""reaction_count"":33},{""type"":""Care"",""reaction_count"":3},{""type"":""Angry"",""reaction_count"":1}]",TRUE,,bna@bna.tn,2017-10-23T00:00:00.000Z,,,,"[{""type"":""INFLUENCER CATEGORY"",""value"":""Page · Bank"",""link"":null},{""type"":""ADDRESS"",""value"":""Avenue Mohamed V Bab Bhar, Tunis, Tunisia"",""link"":""https://maps.google.com/maps?q=36.81155000%2C10.18453000&hl=en""},{""type"":""PROFILE WHATSAPP_NUMBER"",""value"":""+216 56 556 111"",""link"":""https://api.whatsapp.com/send?phone=21656556111&token=eyJhbGciOiJFUzI1NiIsInR5cCI6IkpXVCIsImtpZCI6IjEyNSJ9.eyJleHAiOjE3ODM3MTIzMzIsInBob25lIjoiMjE2NTY1NTYxMTEiLCJ0ZXh0IjoiIiwiY29udGV4dCI6IkFmZ040eFVCQ1Y4VlQ0OHNfY3ZPcXozZmJUOGFjVzhNbWlRY3pON1ZtOHJSc2lOME9XOFI3Ml9YVE5sRkhCQjVuR0hHT1RweXk0ZDZXQUR6Q0xLWjZ1anlkUEhtbE1fSmdpMWRoQldIdDV3d3U5a05JVEVDdzhRT2FiOTlxY1d5WVEzcF9MVVNkYjdqM00xaENRIiwic291cmNlIjoiIiwiYXBwIjoiZmFjZWJvb2sifQ.hRI1WUiyLE56IdvXcbtWqrhoH19-4VKVcoZW9MTiakF7UOR4jHuPmmIEhoD_zKRgnLMT1DLhvX1-4zko1IeJGQ""},{""type"":""PROFILE EMAIL"",""value"":""bna@bna.tn"",""link"":null},{""type"":""WEBSITE"",""value"":""bnah24.tn"",""link"":""https://bnah24.tn/""},{""type"":""WEBSITE"",""value"":""bna.tn"",""link"":""http://www.bna.tn/""}]",[],1988645351417649,,,2026-07-09T19:39:20.181Z,https://www.facebook.com/BanqueNationaleAgricole,10,,,,,,,
https://www.facebook.com/reel/1338605957715012/,1012942538156533,https://www.facebook.com/BanqueNationaleAgricole,BNA - Banque Nationale Agricole,"حوار مع السيد : وسام معاوي
كاهية مدير التوريد بديوان الحبوب
الجزء الثاني من بودكاست ،عيشة الفلاح:  ديوان الحبوب : تحضيرات ومجهودات كبرى طيلة السنة من اجل موسم حصاد ناجح.",2026-07-05T15:33:52.000Z,,3,8,"{""type"":""Like"",""num"":120}",BNA - Banque Nationale Agricole,1.00083E+14,"Depuis sa création en 1959, la BNA n’a cessé de se confirmer sur la place financière non seulement comme une banque de financement de l’agriculture, mais aussi comme une banque universelle, citoyenne, moderne et davantage proche des Tunisiens.",Bank,https://scontent-cpt1-1.xx.fbcdn.net/v/t39.30808-1/334105066_1067185698005603_756031367262758174_n.jpg?stp=dst-jpg_tt6&cstp=mx2000x2000&ctp=s200x200&_nc_cat=102&ccb=1-7&_nc_sid=2d3e12&_nc_ohc=o9TAzq6oxNYQ7kNvwFXKPoP&_nc_oc=Adq00ZsEwSzZgIyoS9BATyMyDu_gm5MxzYhhtcNEs9ipi2AwXzir-RfBimJ4j9QZvYo&_nc_zt=24&_nc_ht=scontent-cpt1-1.xx&_nc_gid=NnLUOIGMKnWjPFcTebKQMg&_nc_ss=79289&oh=00_AQBTWTorcZRgUp_Jp5n_zKmzawuq_zboPwv0h4iexiTrCg&oe=6A55B78A,bnah24.tn,,148000,FALSE,,"[{""id"":""1338605957715012"",""type"":""Video"",""url"":""https://scontent-cpt1-1.xx.fbcdn.net/v/t15.5256-10/740562868_1252609740178820_1567153233624613812_n.jpg?stp=dst-jpg_tt6&cstp=mx1920x1080&ctp=s526x296&_nc_cat=105&ccb=1-7&_nc_sid=d2b52d&_nc_ohc=pQnviHyvhjIQ7kNvwHeMOOu&_nc_oc=AdrLw0lB1YWFTfdoJ3zYFgnQvxvAfllbvd3M7K6oS7mgYopRR-7Vx_3uyMO4c8fkSkU&_nc_zt=23&_nc_ht=scontent-cpt1-1.xx&_nc_gid=7NR1o_ORn-Xih6Drqp-Kzg&_nc_ss=79289&oh=00_AQA-cUTl4IpOIKeO71Ws_tMGBl1k4fylmtSm4TdPGWZLyw&oe=6A55BBBF"",""video_length"":""706816"",""attachment_url"":""https://www.facebook.com/reel/1338605957715012/"",""video_url"":""https://video-cpt1-1.xx.fbcdn.net/o1/v/t2/f2/m366/AQNHFfIOt0WzVdiHl2VwCBhX3vvvuUFumnTHwGjpiw8rzY9LxbtEKZN2PT5U5S0QhPfXQNUA3Q_5nV6DHhorAuKlCtxUurQedOFR_QVeqGRzZw.mp4?_nc_cat=111&_nc_sid=5e9851&_nc_ht=video-cpt1-1.xx.fbcdn.net&_nc_ohc=Ltsq3KFQd90Q7kNvwGeEmhD&efg=eyJ2ZW5jb2RlX3RhZyI6Inhwdl9wcm9ncmVzc2l2ZS5GQUNFQk9PSy4uQzMuMTI4MC5kYXNoX2gyNjQtYmFzaWMtZ2VuMl83MjBwIiwieHB2X2Fzc2V0X2lkIjo5OTQ4NTUzMjY3NjIzMjMsImFzc2V0X2FnZV9kYXlzIjo0LCJ2aV91c2VjYXNlX2lkIjoxMDEyMiwiZHVyYXRpb25fcyI6NzA2LCJ1cmxnZW5fc291cmNlIjoid3d3In0%3D&ccb=17-1&vs=f9c9475b9dcfdc40&_nc_vs=HBksFQIYRWZiX2VwaGVtZXJhbC8yNDRBMDZFNTE5ODk3NTgzN0NFRUU3NDE5NkJBMTJBRF9tdF8xX3ZpZGVvX2Rhc2hpbml0Lm1wNBUAAsgBEgAVAhhAZmJfcGVybWFuZW50L0JDNDg5QzU3OEQ0QUY2OTdCMTQ4QzJCM0IwODFFNzkxX2F1ZGlvX2Rhc2hpbml0Lm1wNBUCAsgBEgAoABgAGwKIB3VzZV9vaWwBMRJwcm9ncmVzc2l2ZV9yZWNpcGUBMRUAACamldblmbTEAxUCKAJDMywXQIYWZmZmZmYYGWRhc2hfaDI2NC1iYXNpYy1nZW4yXzcyMHARAHUCZZSeAQA&_nc_gid=7NR1o_ORn-Xih6Drqp-Kzg&_nc_ss=79289&_nc_zt=28&oh=00_AQBXWyHZfJWIQUoRn-yXDXipEp8BxUF3rbE4q18yHAJwFA&oe=6A55B7E1&bitrate=570504&tag=dash_h264-basic-gen2_720p"",""thumbnail_url"":""https://scontent-cpt1-1.xx.fbcdn.net/v/t15.5256-10/740562868_1252609740178820_1567153233624613812_n.jpg?stp=dst-jpg_tt6&cstp=mx1920x1080&ctp=s960x960&_nc_cat=105&ccb=1-7&_nc_sid=be8305&_nc_ohc=pQnviHyvhjIQ7kNvwHeMOOu&_nc_oc=AdrLw0lB1YWFTfdoJ3zYFgnQvxvAfllbvd3M7K6oS7mgYopRR-7Vx_3uyMO4c8fkSkU&_nc_zt=23&_nc_ht=scontent-cpt1-1.xx&_nc_gid=7NR1o_ORn-Xih6Drqp-Kzg&_nc_ss=79289&oh=00_AQA-cUTl4IpOIKeO71Ws_tMGBl1k4fylmtSm4TdPGWZLyw&oe=6A55BBBF""}]",,,,,https://www.facebook.com/BanqueNationaleAgricole,https://scontent-cpt1-1.xx.fbcdn.net/v/t39.99422-6/734488836_4059672854165681_2873372543521197700_n.png?stp=dst-jpg_tt6&cstp=mx1640x624&ctp=s960x960&_nc_cat=111&ccb=1-7&_nc_sid=cc71e4&_nc_ohc=WTx4HNpr2CIQ7kNvwH0iPg0&_nc_oc=AdqvSnuARVeKrr28qB0cauT21apUl2Zhb36OmBz7g4zxH7jjmh7CLVZSWYTvyZK5t5U&_nc_zt=14&_nc_ht=scontent-cpt1-1.xx&_nc_gid=NnLUOIGMKnWjPFcTebKQMg&_nc_ss=79289&oh=00_AQB8aut8qTQA_qq9UJs-z9Sw31MQe3v8pNikVass2aJX9Q&oe=6A55D2BC,https://scontent-cpt1-1.xx.fbcdn.net/v/t39.30808-1/334105066_1067185698005603_756031367262758174_n.jpg?stp=dst-jpg_tt6&cstp=mx2000x2000&ctp=s200x200&_nc_cat=102&ccb=1-7&_nc_sid=2d3e12&_nc_ohc=o9TAzq6oxNYQ7kNvwFXKPoP&_nc_oc=Adq00ZsEwSzZgIyoS9BATyMyDu_gm5MxzYhhtcNEs9ipi2AwXzir-RfBimJ4j9QZvYo&_nc_zt=24&_nc_ht=scontent-cpt1-1.xx&_nc_gid=NnLUOIGMKnWjPFcTebKQMg&_nc_ss=79289&oh=00_AQBTWTorcZRgUp_Jp5n_zKmzawuq_zboPwv0h4iexiTrCg&oe=6A55B78A,BanqueNationaleAgricole,,FALSE,,1012942538156533,145252,138,,Reel,51,,"[{""type"":""Like"",""reaction_count"":120},{""type"":""Love"",""reaction_count"":18}]",TRUE,,bna@bna.tn,2017-10-23T00:00:00.000Z,,,,"[{""type"":""INFLUENCER CATEGORY"",""value"":""Page · Bank"",""link"":null},{""type"":""ADDRESS"",""value"":""Avenue Mohamed V Bab Bhar, Tunis, Tunisia"",""link"":""https://maps.google.com/maps?q=36.81155000%2C10.18453000&hl=en""},{""type"":""PROFILE WHATSAPP_NUMBER"",""value"":""+216 56 556 111"",""link"":""https://api.whatsapp.com/send?phone=21656556111&token=eyJhbGciOiJFUzI1NiIsInR5cCI6IkpXVCIsImtpZCI6IjEyNSJ9.eyJleHAiOjE3ODM3MTIzMzIsInBob25lIjoiMjE2NTY1NTYxMTEiLCJ0ZXh0IjoiIiwiY29udGV4dCI6IkFmZ040eFVCQ1Y4VlQ0OHNfY3ZPcXozZmJUOGFjVzhNbWlRY3pON1ZtOHJSc2lOME9XOFI3Ml9YVE5sRkhCQjVuR0hHT1RweXk0ZDZXQUR6Q0xLWjZ1anlkUEhtbE1fSmdpMWRoQldIdDV3d3U5a05JVEVDdzhRT2FiOTlxY1d5WVEzcF9MVVNkYjdqM00xaENRIiwic291cmNlIjoiIiwiYXBwIjoiZmFjZWJvb2sifQ.hRI1WUiyLE56IdvXcbtWqrhoH19-4VKVcoZW9MTiakF7UOR4jHuPmmIEhoD_zKRgnLMT1DLhvX1-4zko1IeJGQ""},{""type"":""PROFILE EMAIL"",""value"":""bna@bna.tn"",""link"":null},{""type"":""WEBSITE"",""value"":""bnah24.tn"",""link"":""https://bnah24.tn/""},{""type"":""WEBSITE"",""value"":""bna.tn"",""link"":""http://www.bna.tn/""}]",[],1988645351417649,,261885,2026-07-09T19:39:20.181Z,https://www.facebook.com/BanqueNationaleAgricole,10,,,,,,,
https://www.facebook.com/reel/1006239392391882/,1012995661484554,https://www.facebook.com/BanqueNationaleAgricole,BNA - Banque Nationale Agricole,"حوار مع السيد : وسام معاوي
كاهية مدير التوريد بديوان الحبوب
الجزء الأول من بودكاست ،عيشة الفلاح:  ديوان الحبوب : مُنشأة وطنية عريقة تُزوّد البلاد بالحبوب منذ تاسيسها في 1962 .",2026-07-05T16:41:27.000Z,,3,24,"{""type"":""Like"",""num"":132}",BNA - Banque Nationale Agricole,1.00083E+14,"Depuis sa création en 1959, la BNA n’a cessé de se confirmer sur la place financière non seulement comme une banque de financement de l’agriculture, mais aussi comme une banque universelle, citoyenne, moderne et davantage proche des Tunisiens.",Bank,https://scontent-cpt1-1.xx.fbcdn.net/v/t39.30808-1/334105066_1067185698005603_756031367262758174_n.jpg?stp=dst-jpg_tt6&cstp=mx2000x2000&ctp=s200x200&_nc_cat=102&ccb=1-7&_nc_sid=2d3e12&_nc_ohc=o9TAzq6oxNYQ7kNvwFXKPoP&_nc_oc=Adq00ZsEwSzZgIyoS9BATyMyDu_gm5MxzYhhtcNEs9ipi2AwXzir-RfBimJ4j9QZvYo&_nc_zt=24&_nc_ht=scontent-cpt1-1.xx&_nc_gid=NnLUOIGMKnWjPFcTebKQMg&_nc_ss=79289&oh=00_AQBTWTorcZRgUp_Jp5n_zKmzawuq_zboPwv0h4iexiTrCg&oe=6A55B78A,bnah24.tn,,148000,FALSE,,"[{""id"":""1006239392391882"",""type"":""Video"",""url"":""https://scontent-cpt1-1.xx.fbcdn.net/v/t15.5256-10/740611300_892782933878287_3098051100803304379_n.jpg?stp=dst-jpg_tt6&cstp=mx1920x1080&ctp=s526x296&_nc_cat=107&ccb=1-7&_nc_sid=d2b52d&_nc_ohc=8-kLMaBN2t8Q7kNvwHhBRkd&_nc_oc=Adots3YQcJMSYW-KSJyr04As77wZS4_jMsNYqtmsm7v9Kr3Yc94gbKKzqGJ1dG7T8rE&_nc_zt=23&_nc_ht=scontent-cpt1-1.xx&_nc_gid=ngmKI5umlNolxSainTVgZA&_nc_ss=79289&oh=00_AQBnZdCJ9-JFB7qVtkcOmDLS3ZRAm0bAruAr8k83rVyotg&oe=6A55C452"",""video_length"":""942976"",""attachment_url"":""https://www.facebook.com/reel/1006239392391882/"",""video_url"":""https://video-cpt1-1.xx.fbcdn.net/o1/v/t2/f2/m366/AQOOS0jHcl54shFnYXFew-bYgWNY6F7lOAQjnxx2VdnxSCEnyvBlejKuLeJoxquXwwG2iX7dwrOtS6gLJ5vzshCz4d9I8hjoKwzLfbNLvqSx4A.mp4?_nc_cat=107&_nc_sid=5e9851&_nc_ht=video-cpt1-1.xx.fbcdn.net&_nc_ohc=OCd74RryR2MQ7kNvwFD2Hgd&efg=eyJ2ZW5jb2RlX3RhZyI6Inhwdl9wcm9ncmVzc2l2ZS5GQUNFQk9PSy4uQzMuMTI4MC5kYXNoX2gyNjQtYmFzaWMtZ2VuMl83MjBwIiwieHB2X2Fzc2V0X2lkIjoyMjQ1MTk4OTk5NTgyNDE1LCJhc3NldF9hZ2VfZGF5cyI6NCwidmlfdXNlY2FzZV9pZCI6MTAxMjIsImR1cmF0aW9uX3MiOjk0MiwidXJsZ2VuX3NvdXJjZSI6Ind3dyJ9&ccb=17-1&vs=ffe178638efc697f&_nc_vs=HBksFQIYRWZiX2VwaGVtZXJhbC8wRDRFODRGQTNFMjE2N0Q0MkMxQzQyNjNFNjg5NEQ5M19tdF8xX3ZpZGVvX2Rhc2hpbml0Lm1wNBUAAsgBEgAVAhhAZmJfcGVybWFuZW50LzE0NDZCNzQwQkUxMDdEMkE0NURENUExQURDOTE5RUE1X2F1ZGlvX2Rhc2hpbml0Lm1wNBUCAsgBEgAoABgAGwKIB3VzZV9vaWwBMRJwcm9ncmVzc2l2ZV9yZWNpcGUBMRUAACae24-N5P_8BxUCKAJDMywXQI13rhR64UgYGWRhc2hfaDI2NC1iYXNpYy1nZW4yXzcyMHARAHUCZZSeAQA&_nc_gid=ngmKI5umlNolxSainTVgZA&_nc_ss=79289&_nc_zt=28&oh=00_AQDWLRZ9P2iQhH8HXohxuYhUwhQNQ3oih4GMOqZVVUL5Bg&oe=6A55BEB9&bitrate=542113&tag=dash_h264-basic-gen2_720p"",""thumbnail_url"":""https://scontent-cpt1-1.xx.fbcdn.net/v/t15.5256-10/740611300_892782933878287_3098051100803304379_n.jpg?stp=dst-jpg_tt6&cstp=mx1920x1080&ctp=s960x960&_nc_cat=107&ccb=1-7&_nc_sid=be8305&_nc_ohc=8-kLMaBN2t8Q7kNvwHhBRkd&_nc_oc=Adots3YQcJMSYW-KSJyr04As77wZS4_jMsNYqtmsm7v9Kr3Yc94gbKKzqGJ1dG7T8rE&_nc_zt=23&_nc_ht=scontent-cpt1-1.xx&_nc_gid=ngmKI5umlNolxSainTVgZA&_nc_ss=79289&oh=00_AQBnZdCJ9-JFB7qVtkcOmDLS3ZRAm0bAruAr8k83rVyotg&oe=6A55C452""}]",,,,,https://www.facebook.com/BanqueNationaleAgricole,https://scontent-cpt1-1.xx.fbcdn.net/v/t39.99422-6/734488836_4059672854165681_2873372543521197700_n.png?stp=dst-jpg_tt6&cstp=mx1640x624&ctp=s960x960&_nc_cat=111&ccb=1-7&_nc_sid=cc71e4&_nc_ohc=WTx4HNpr2CIQ7kNvwH0iPg0&_nc_oc=AdqvSnuARVeKrr28qB0cauT21apUl2Zhb36OmBz7g4zxH7jjmh7CLVZSWYTvyZK5t5U&_nc_zt=14&_nc_ht=scontent-cpt1-1.xx&_nc_gid=NnLUOIGMKnWjPFcTebKQMg&_nc_ss=79289&oh=00_AQB8aut8qTQA_qq9UJs-z9Sw31MQe3v8pNikVass2aJX9Q&oe=6A55D2BC,https://scontent-cpt1-1.xx.fbcdn.net/v/t39.30808-1/334105066_1067185698005603_756031367262758174_n.jpg?stp=dst-jpg_tt6&cstp=mx2000x2000&ctp=s200x200&_nc_cat=102&ccb=1-7&_nc_sid=2d3e12&_nc_ohc=o9TAzq6oxNYQ7kNvwFXKPoP&_nc_oc=Adq00ZsEwSzZgIyoS9BATyMyDu_gm5MxzYhhtcNEs9ipi2AwXzir-RfBimJ4j9QZvYo&_nc_zt=24&_nc_ht=scontent-cpt1-1.xx&_nc_gid=NnLUOIGMKnWjPFcTebKQMg&_nc_ss=79289&oh=00_AQBTWTorcZRgUp_Jp5n_zKmzawuq_zboPwv0h4iexiTrCg&oe=6A55B78A,BanqueNationaleAgricole,,FALSE,,1012995661484554,128855,163,,Reel,51,,"[{""type"":""Like"",""reaction_count"":132},{""type"":""Love"",""reaction_count"":28},{""type"":""Care"",""reaction_count"":1},{""type"":""Haha"",""reaction_count"":1},{""type"":""Sad"",""reaction_count"":1}]",TRUE,,bna@bna.tn,2017-10-23T00:00:00.000Z,,,,"[{""type"":""INFLUENCER CATEGORY"",""value"":""Page · Bank"",""link"":null},{""type"":""ADDRESS"",""value"":""Avenue Mohamed V Bab Bhar, Tunis, Tunisia"",""link"":""https://maps.google.com/maps?q=36.81155000%2C10.18453000&hl=en""},{""type"":""PROFILE WHATSAPP_NUMBER"",""value"":""+216 56 556 111"",""link"":""https://api.whatsapp.com/send?phone=21656556111&token=eyJhbGciOiJFUzI1NiIsInR5cCI6IkpXVCIsImtpZCI6IjEyNSJ9.eyJleHAiOjE3ODM3MTIzMzIsInBob25lIjoiMjE2NTY1NTYxMTEiLCJ0ZXh0IjoiIiwiY29udGV4dCI6IkFmZ040eFVCQ1Y4VlQ0OHNfY3ZPcXozZmJUOGFjVzhNbWlRY3pON1ZtOHJSc2lOME9XOFI3Ml9YVE5sRkhCQjVuR0hHT1RweXk0ZDZXQUR6Q0xLWjZ1anlkUEhtbE1fSmdpMWRoQldIdDV3d3U5a05JVEVDdzhRT2FiOTlxY1d5WVEzcF9MVVNkYjdqM00xaENRIiwic291cmNlIjoiIiwiYXBwIjoiZmFjZWJvb2sifQ.hRI1WUiyLE56IdvXcbtWqrhoH19-4VKVcoZW9MTiakF7UOR4jHuPmmIEhoD_zKRgnLMT1DLhvX1-4zko1IeJGQ""},{""type"":""PROFILE EMAIL"",""value"":""bna@bna.tn"",""link"":null},{""type"":""WEBSITE"",""value"":""bnah24.tn"",""link"":""https://bnah24.tn/""},{""type"":""WEBSITE"",""value"":""bna.tn"",""link"":""http://www.bna.tn/""}]",[],1988645351417649,,227800,2026-07-09T19:39:20.181Z,https://www.facebook.com/BanqueNationaleAgricole,10,,,,,,,
https://www.facebook.com/BanqueNationaleAgricole/posts/pfbid033J3tHT2CeJvV1GGa5tXXoLraR7gRXqh6P6JZjVfAWYNycjGvnoQAinFtTgf3aNdSl,1010307625086691,https://www.facebook.com/BanqueNationaleAgricole,BNA - Banque Nationale Agricole,"Cet été, le plus beau voyage est celui qui vous ramène auprès de ceux que vous aimez. 🇹🇳
Retrouvez la Tunisie et concrétisez vos projets grâce à l'offre TWENSA de la BNA BANK, destinée aux Tunisiens Résidents à l'Étranger.
Parce que chaque retour est une nouvelle histoire à écrire, BNA BANK vous accompagne à chaque étape.
Bienvenue chez vous. 💚
#BNABank #TWENSA #TRE #TunisiensRésidentsÀLEtranger #Tunisie #Été2026",2026-07-02T18:03:12.000Z,"[""bnabank"",""twensa"",""tre"",""tunisiensrésidentsàletranger"",""tunisie"",""été2026""]",2,10,"{""type"":""Like"",""num"":435}",BNA - Banque Nationale Agricole,1.00083E+14,"Depuis sa création en 1959, la BNA n’a cessé de se confirmer sur la place financière non seulement comme une banque de financement de l’agriculture, mais aussi comme une banque universelle, citoyenne, moderne et davantage proche des Tunisiens.",Bank,https://scontent-cpt1-1.xx.fbcdn.net/v/t39.30808-1/334105066_1067185698005603_756031367262758174_n.jpg?stp=dst-jpg_tt6&cstp=mx2000x2000&ctp=s200x200&_nc_cat=102&ccb=1-7&_nc_sid=2d3e12&_nc_ohc=o9TAzq6oxNYQ7kNvwFXKPoP&_nc_oc=Adq00ZsEwSzZgIyoS9BATyMyDu_gm5MxzYhhtcNEs9ipi2AwXzir-RfBimJ4j9QZvYo&_nc_zt=24&_nc_ht=scontent-cpt1-1.xx&_nc_gid=NnLUOIGMKnWjPFcTebKQMg&_nc_ss=79289&oh=00_AQBTWTorcZRgUp_Jp5n_zKmzawuq_zboPwv0h4iexiTrCg&oe=6A55B78A,bnah24.tn,,148000,FALSE,,"[{""id"":""1010306551753465"",""type"":""Photo"",""url"":""https://scontent-cpt1-1.xx.fbcdn.net/v/t39.99422-6/735908885_1355552195951789_262016942692030777_n.png?stp=dst-jpg_tt6&cstp=mx1080x1350&ctp=s640x640&_nc_cat=103&ccb=1-7&_nc_sid=127cfc&_nc_ohc=QgErrru9sSgQ7kNvwGiHNwr&_nc_oc=Adqa3qjPoasya9VO88N230mW6b2fYC8VfkntOlccV2D7lAzb0dm9YI-ucdxM447Ob-8&_nc_zt=14&_nc_ht=scontent-cpt1-1.xx&_nc_gid=ngmKI5umlNolxSainTVgZA&_nc_ss=79289&oh=00_AQB2uFvHmj-g9xMyVAvZjn6WAXjdf-MRSJfwKZ6MThh1Gw&oe=6A55B86D"",""video_url"":null,""thumbnail_url"":null}]",,,,,https://www.facebook.com/BanqueNationaleAgricole,https://scontent-cpt1-1.xx.fbcdn.net/v/t39.99422-6/734488836_4059672854165681_2873372543521197700_n.png?stp=dst-jpg_tt6&cstp=mx1640x624&ctp=s960x960&_nc_cat=111&ccb=1-7&_nc_sid=cc71e4&_nc_ohc=WTx4HNpr2CIQ7kNvwH0iPg0&_nc_oc=AdqvSnuARVeKrr28qB0cauT21apUl2Zhb36OmBz7g4zxH7jjmh7CLVZSWYTvyZK5t5U&_nc_zt=14&_nc_ht=scontent-cpt1-1.xx&_nc_gid=NnLUOIGMKnWjPFcTebKQMg&_nc_ss=79289&oh=00_AQB8aut8qTQA_qq9UJs-z9Sw31MQe3v8pNikVass2aJX9Q&oe=6A55D2BC,https://scontent-cpt1-1.xx.fbcdn.net/v/t39.30808-1/334105066_1067185698005603_756031367262758174_n.jpg?stp=dst-jpg_tt6&cstp=mx2000x2000&ctp=s200x200&_nc_cat=102&ccb=1-7&_nc_sid=2d3e12&_nc_ohc=o9TAzq6oxNYQ7kNvwFXKPoP&_nc_oc=Adq00ZsEwSzZgIyoS9BATyMyDu_gm5MxzYhhtcNEs9ipi2AwXzir-RfBimJ4j9QZvYo&_nc_zt=24&_nc_ht=scontent-cpt1-1.xx&_nc_gid=NnLUOIGMKnWjPFcTebKQMg&_nc_ss=79289&oh=00_AQBTWTorcZRgUp_Jp5n_zKmzawuq_zboPwv0h4iexiTrCg&oe=6A55B78A,BanqueNationaleAgricole,,FALSE,,1010307625086691,,464,https://scontent-cpt1-1.xx.fbcdn.net/v/t39.99422-6/735908885_1355552195951789_262016942692030777_n.png?stp=dst-jpg_tt6&cstp=mx1080x1350&ctp=s640x640&_nc_cat=103&ccb=1-7&_nc_sid=127cfc&_nc_ohc=QgErrru9sSgQ7kNvwGiHNwr&_nc_oc=Adqa3qjPoasya9VO88N230mW6b2fYC8VfkntOlccV2D7lAzb0dm9YI-ucdxM447Ob-8&_nc_zt=14&_nc_ht=scontent-cpt1-1.xx&_nc_gid=ngmKI5umlNolxSainTVgZA&_nc_ss=79289&oh=00_AQB2uFvHmj-g9xMyVAvZjn6WAXjdf-MRSJfwKZ6MThh1Gw&oe=6A55B86D,Post,51,,"[{""type"":""Like"",""reaction_count"":435},{""type"":""Love"",""reaction_count"":26},{""type"":""Care"",""reaction_count"":2},{""type"":""Angry"",""reaction_count"":1}]",TRUE,,bna@bna.tn,2017-10-23T00:00:00.000Z,,,,"[{""type"":""INFLUENCER CATEGORY"",""value"":""Page · Bank"",""link"":null},{""type"":""ADDRESS"",""value"":""Avenue Mohamed V Bab Bhar, Tunis, Tunisia"",""link"":""https://maps.google.com/maps?q=36.81155000%2C10.18453000&hl=en""},{""type"":""PROFILE WHATSAPP_NUMBER"",""value"":""+216 56 556 111"",""link"":""https://api.whatsapp.com/send?phone=21656556111&token=eyJhbGciOiJFUzI1NiIsInR5cCI6IkpXVCIsImtpZCI6IjEyNSJ9.eyJleHAiOjE3ODM3MTIzMzIsInBob25lIjoiMjE2NTY1NTYxMTEiLCJ0ZXh0IjoiIiwiY29udGV4dCI6IkFmZ040eFVCQ1Y4VlQ0OHNfY3ZPcXozZmJUOGFjVzhNbWlRY3pON1ZtOHJSc2lOME9XOFI3Ml9YVE5sRkhCQjVuR0hHT1RweXk0ZDZXQUR6Q0xLWjZ1anlkUEhtbE1fSmdpMWRoQldIdDV3d3U5a05JVEVDdzhRT2FiOTlxY1d5WVEzcF9MVVNkYjdqM00xaENRIiwic291cmNlIjoiIiwiYXBwIjoiZmFjZWJvb2sifQ.hRI1WUiyLE56IdvXcbtWqrhoH19-4VKVcoZW9MTiakF7UOR4jHuPmmIEhoD_zKRgnLMT1DLhvX1-4zko1IeJGQ""},{""type"":""PROFILE EMAIL"",""value"":""bna@bna.tn"",""link"":null},{""type"":""WEBSITE"",""value"":""bnah24.tn"",""link"":""https://bnah24.tn/""},{""type"":""WEBSITE"",""value"":""bna.tn"",""link"":""http://www.bna.tn/""}]",[],1988645351417649,,,2026-07-09T19:39:20.181Z,https://www.facebook.com/BanqueNationaleAgricole,10,,,,,,,
https://www.facebook.com/BanqueNationaleAgricole/posts/1047204697881258:1047204697881258,1010305975086856,https://www.facebook.com/BanqueNationaleAgricole,BNA - Banque Nationale Agricole,,2026-07-02T18:01:05.000Z,,0,2,"{""type"":""Like"",""num"":10}",BNA - Banque Nationale Agricole,1.00083E+14,"Depuis sa création en 1959, la BNA n’a cessé de se confirmer sur la place financière non seulement comme une banque de financement de l’agriculture, mais aussi comme une banque universelle, citoyenne, moderne et davantage proche des Tunisiens.",Bank,https://scontent-cpt1-1.xx.fbcdn.net/v/t39.30808-1/334105066_1067185698005603_756031367262758174_n.jpg?stp=dst-jpg_tt6&cstp=mx2000x2000&ctp=s200x200&_nc_cat=102&ccb=1-7&_nc_sid=2d3e12&_nc_ohc=o9TAzq6oxNYQ7kNvwFXKPoP&_nc_oc=Adq00ZsEwSzZgIyoS9BATyMyDu_gm5MxzYhhtcNEs9ipi2AwXzir-RfBimJ4j9QZvYo&_nc_zt=24&_nc_ht=scontent-cpt1-1.xx&_nc_gid=NnLUOIGMKnWjPFcTebKQMg&_nc_ss=79289&oh=00_AQBTWTorcZRgUp_Jp5n_zKmzawuq_zboPwv0h4iexiTrCg&oe=6A55B78A,bnah24.tn,,148000,FALSE,,"[{""id"":""1010305975086856"",""type"":""Photo"",""url"":""https://scontent-cpt1-1.xx.fbcdn.net/v/t39.99422-6/734488836_4059672854165681_2873372543521197700_n.png?stp=dst-jpg_tt6&cstp=mx1640x624&ctp=p180x540&_nc_cat=111&ccb=1-7&_nc_sid=cc71e4&_nc_ohc=WTx4HNpr2CIQ7kNvwH0iPg0&_nc_oc=AdqvSnuARVeKrr28qB0cauT21apUl2Zhb36OmBz7g4zxH7jjmh7CLVZSWYTvyZK5t5U&_nc_zt=14&_nc_ht=scontent-cpt1-1.xx&_nc_gid=ngmKI5umlNolxSainTVgZA&_nc_ss=79289&oh=00_AQDpYYlrB71yaleGu_BT3TEj5_H9kutH8Q73gS-IW0DEoA&oe=6A55D2BC"",""video_url"":null,""thumbnail_url"":null}]",,,,,https://www.facebook.com/BanqueNationaleAgricole,https://scontent-cpt1-1.xx.fbcdn.net/v/t39.99422-6/734488836_4059672854165681_2873372543521197700_n.png?stp=dst-jpg_tt6&cstp=mx1640x624&ctp=s960x960&_nc_cat=111&ccb=1-7&_nc_sid=cc71e4&_nc_ohc=WTx4HNpr2CIQ7kNvwH0iPg0&_nc_oc=AdqvSnuARVeKrr28qB0cauT21apUl2Zhb36OmBz7g4zxH7jjmh7CLVZSWYTvyZK5t5U&_nc_zt=14&_nc_ht=scontent-cpt1-1.xx&_nc_gid=NnLUOIGMKnWjPFcTebKQMg&_nc_ss=79289&oh=00_AQB8aut8qTQA_qq9UJs-z9Sw31MQe3v8pNikVass2aJX9Q&oe=6A55D2BC,https://scontent-cpt1-1.xx.fbcdn.net/v/t39.30808-1/334105066_1067185698005603_756031367262758174_n.jpg?stp=dst-jpg_tt6&cstp=mx2000x2000&ctp=s200x200&_nc_cat=102&ccb=1-7&_nc_sid=2d3e12&_nc_ohc=o9TAzq6oxNYQ7kNvwFXKPoP&_nc_oc=Adq00ZsEwSzZgIyoS9BATyMyDu_gm5MxzYhhtcNEs9ipi2AwXzir-RfBimJ4j9QZvYo&_nc_zt=24&_nc_ht=scontent-cpt1-1.xx&_nc_gid=NnLUOIGMKnWjPFcTebKQMg&_nc_ss=79289&oh=00_AQBTWTorcZRgUp_Jp5n_zKmzawuq_zboPwv0h4iexiTrCg&oe=6A55B78A,BanqueNationaleAgricole,,FALSE,,1010305975086856,,15,https://scontent-cpt1-1.xx.fbcdn.net/v/t39.99422-6/734488836_4059672854165681_2873372543521197700_n.png?stp=dst-jpg_tt6&cstp=mx1640x624&ctp=p180x540&_nc_cat=111&ccb=1-7&_nc_sid=cc71e4&_nc_ohc=WTx4HNpr2CIQ7kNvwH0iPg0&_nc_oc=AdqvSnuARVeKrr28qB0cauT21apUl2Zhb36OmBz7g4zxH7jjmh7CLVZSWYTvyZK5t5U&_nc_zt=14&_nc_ht=scontent-cpt1-1.xx&_nc_gid=ngmKI5umlNolxSainTVgZA&_nc_ss=79289&oh=00_AQDpYYlrB71yaleGu_BT3TEj5_H9kutH8Q73gS-IW0DEoA&oe=6A55D2BC,Post,51,,"[{""type"":""Like"",""reaction_count"":10},{""type"":""Love"",""reaction_count"":5}]",TRUE,,bna@bna.tn,2017-10-23T00:00:00.000Z,,,,"[{""type"":""INFLUENCER CATEGORY"",""value"":""Page · Bank"",""link"":null},{""type"":""ADDRESS"",""value"":""Avenue Mohamed V Bab Bhar, Tunis, Tunisia"",""link"":""https://maps.google.com/maps?q=36.81155000%2C10.18453000&hl=en""},{""type"":""PROFILE WHATSAPP_NUMBER"",""value"":""+216 56 556 111"",""link"":""https://api.whatsapp.com/send?phone=21656556111&token=eyJhbGciOiJFUzI1NiIsInR5cCI6IkpXVCIsImtpZCI6IjEyNSJ9.eyJleHAiOjE3ODM3MTIzMzIsInBob25lIjoiMjE2NTY1NTYxMTEiLCJ0ZXh0IjoiIiwiY29udGV4dCI6IkFmZ040eFVCQ1Y4VlQ0OHNfY3ZPcXozZmJUOGFjVzhNbWlRY3pON1ZtOHJSc2lOME9XOFI3Ml9YVE5sRkhCQjVuR0hHT1RweXk0ZDZXQUR6Q0xLWjZ1anlkUEhtbE1fSmdpMWRoQldIdDV3d3U5a05JVEVDdzhRT2FiOTlxY1d5WVEzcF9MVVNkYjdqM00xaENRIiwic291cmNlIjoiIiwiYXBwIjoiZmFjZWJvb2sifQ.hRI1WUiyLE56IdvXcbtWqrhoH19-4VKVcoZW9MTiakF7UOR4jHuPmmIEhoD_zKRgnLMT1DLhvX1-4zko1IeJGQ""},{""type"":""PROFILE EMAIL"",""value"":""bna@bna.tn"",""link"":null},{""type"":""WEBSITE"",""value"":""bnah24.tn"",""link"":""https://bnah24.tn/""},{""type"":""WEBSITE"",""value"":""bna.tn"",""link"":""http://www.bna.tn/""}]",[],1988645351417649,,,2026-07-09T19:39:20.181Z,https://www.facebook.com/BanqueNationaleAgricole,10,,,,,,,
https://www.facebook.com/BanqueNationaleAgricole/posts/pfbid0794QujzKEkHFp5MLAR3VNtKM54V34LsT7kEPHt1HxpQohrScocNCMf1cj1kKeVNXl,1008424525275001,https://www.facebook.com/BanqueNationaleAgricole,BNA - Banque Nationale Agricole,"يعلم البنك الوطني الفلاحي حرفاءه الكرام بأنّ أوقات العمل بفروعه ستكون من السّاعة 08:15 صباحا إلى السّاعة 12:45 بعد الزّوال بداية من 01 جويلية 2026
Nous informons notre aimable clientèle que l'horaire d'ouverture de nos guichets sera de 8h15 à 12h45 à partir du 1er juillet 2026",2026-06-30T15:30:12.000Z,,2,32,"{""type"":""Like"",""num"":61}",BNA - Banque Nationale Agricole,1.00083E+14,"Depuis sa création en 1959, la BNA n’a cessé de se confirmer sur la place financière non seulement comme une banque de financement de l’agriculture, mais aussi comme une banque universelle, citoyenne, moderne et davantage proche des Tunisiens.",Bank,https://scontent-cpt1-1.xx.fbcdn.net/v/t39.30808-1/334105066_1067185698005603_756031367262758174_n.jpg?stp=dst-jpg_tt6&cstp=mx2000x2000&ctp=s200x200&_nc_cat=102&ccb=1-7&_nc_sid=2d3e12&_nc_ohc=o9TAzq6oxNYQ7kNvwFXKPoP&_nc_oc=Adq00ZsEwSzZgIyoS9BATyMyDu_gm5MxzYhhtcNEs9ipi2AwXzir-RfBimJ4j9QZvYo&_nc_zt=24&_nc_ht=scontent-cpt1-1.xx&_nc_gid=NnLUOIGMKnWjPFcTebKQMg&_nc_ss=79289&oh=00_AQBTWTorcZRgUp_Jp5n_zKmzawuq_zboPwv0h4iexiTrCg&oe=6A55B78A,bnah24.tn,,148000,FALSE,,"[{""id"":""1008417141942406"",""type"":""Photo"",""url"":""https://scontent-cpt1-1.xx.fbcdn.net/v/t39.99422-6/734179198_1689326578859909_9163679133652550300_n.png?stp=dst-jpg_tt6&cstp=mx1000x1000&ctp=p526x296&_nc_cat=101&ccb=1-7&_nc_sid=127cfc&_nc_ohc=oE6JrnHmPHcQ7kNvwE6Qphp&_nc_oc=AdqsmkLsU28hFXP908NRKuAUq5J3Ays25wzmEOBB6rJutkiMZhszV2V04FXzIKfJZEY&_nc_zt=14&_nc_ht=scontent-cpt1-1.xx&_nc_gid=Nu51Rr7fuaNCVpB2yiovZw&_nc_ss=79289&oh=00_AQAFcWOle3wEhD4lsFZIf_zcKFmhCtDwZ74bfgHI8tSC0A&oe=6A55D565"",""video_url"":null,""thumbnail_url"":null}]",,,,,https://www.facebook.com/BanqueNationaleAgricole,https://scontent-cpt1-1.xx.fbcdn.net/v/t39.99422-6/734488836_4059672854165681_2873372543521197700_n.png?stp=dst-jpg_tt6&cstp=mx1640x624&ctp=s960x960&_nc_cat=111&ccb=1-7&_nc_sid=cc71e4&_nc_ohc=WTx4HNpr2CIQ7kNvwH0iPg0&_nc_oc=AdqvSnuARVeKrr28qB0cauT21apUl2Zhb36OmBz7g4zxH7jjmh7CLVZSWYTvyZK5t5U&_nc_zt=14&_nc_ht=scontent-cpt1-1.xx&_nc_gid=NnLUOIGMKnWjPFcTebKQMg&_nc_ss=79289&oh=00_AQB8aut8qTQA_qq9UJs-z9Sw31MQe3v8pNikVass2aJX9Q&oe=6A55D2BC,https://scontent-cpt1-1.xx.fbcdn.net/v/t39.30808-1/334105066_1067185698005603_756031367262758174_n.jpg?stp=dst-jpg_tt6&cstp=mx2000x2000&ctp=s200x200&_nc_cat=102&ccb=1-7&_nc_sid=2d3e12&_nc_ohc=o9TAzq6oxNYQ7kNvwFXKPoP&_nc_oc=Adq00ZsEwSzZgIyoS9BATyMyDu_gm5MxzYhhtcNEs9ipi2AwXzir-RfBimJ4j9QZvYo&_nc_zt=24&_nc_ht=scontent-cpt1-1.xx&_nc_gid=NnLUOIGMKnWjPFcTebKQMg&_nc_ss=79289&oh=00_AQBTWTorcZRgUp_Jp5n_zKmzawuq_zboPwv0h4iexiTrCg&oe=6A55B78A,BanqueNationaleAgricole,,FALSE,,1008424525275001,,76,https://scontent-cpt1-1.xx.fbcdn.net/v/t39.99422-6/734179198_1689326578859909_9163679133652550300_n.png?stp=dst-jpg_tt6&cstp=mx1000x1000&ctp=p526x296&_nc_cat=101&ccb=1-7&_nc_sid=127cfc&_nc_ohc=oE6JrnHmPHcQ7kNvwE6Qphp&_nc_oc=AdqsmkLsU28hFXP908NRKuAUq5J3Ays25wzmEOBB6rJutkiMZhszV2V04FXzIKfJZEY&_nc_zt=14&_nc_ht=scontent-cpt1-1.xx&_nc_gid=Nu51Rr7fuaNCVpB2yiovZw&_nc_ss=79289&oh=00_AQAFcWOle3wEhD4lsFZIf_zcKFmhCtDwZ74bfgHI8tSC0A&oe=6A55D565,Post,51,,"[{""type"":""Like"",""reaction_count"":61},{""type"":""Love"",""reaction_count"":12},{""type"":""Care"",""reaction_count"":1},{""type"":""Haha"",""reaction_count"":1},{""type"":""Angry"",""reaction_count"":1}]",TRUE,,bna@bna.tn,2017-10-23T00:00:00.000Z,,,,"[{""type"":""INFLUENCER CATEGORY"",""value"":""Page · Bank"",""link"":null},{""type"":""ADDRESS"",""value"":""Avenue Mohamed V Bab Bhar, Tunis, Tunisia"",""link"":""https://maps.google.com/maps?q=36.81155000%2C10.18453000&hl=en""},{""type"":""PROFILE WHATSAPP_NUMBER"",""value"":""+216 56 556 111"",""link"":""https://api.whatsapp.com/send?phone=21656556111&token=eyJhbGciOiJFUzI1NiIsInR5cCI6IkpXVCIsImtpZCI6IjEyNSJ9.eyJleHAiOjE3ODM3MTIzMzIsInBob25lIjoiMjE2NTY1NTYxMTEiLCJ0ZXh0IjoiIiwiY29udGV4dCI6IkFmZ040eFVCQ1Y4VlQ0OHNfY3ZPcXozZmJUOGFjVzhNbWlRY3pON1ZtOHJSc2lOME9XOFI3Ml9YVE5sRkhCQjVuR0hHT1RweXk0ZDZXQUR6Q0xLWjZ1anlkUEhtbE1fSmdpMWRoQldIdDV3d3U5a05JVEVDdzhRT2FiOTlxY1d5WVEzcF9MVVNkYjdqM00xaENRIiwic291cmNlIjoiIiwiYXBwIjoiZmFjZWJvb2sifQ.hRI1WUiyLE56IdvXcbtWqrhoH19-4VKVcoZW9MTiakF7UOR4jHuPmmIEhoD_zKRgnLMT1DLhvX1-4zko1IeJGQ""},{""type"":""PROFILE EMAIL"",""value"":""bna@bna.tn"",""link"":null},{""type"":""WEBSITE"",""value"":""bnah24.tn"",""link"":""https://bnah24.tn/""},{""type"":""WEBSITE"",""value"":""bna.tn"",""link"":""http://www.bna.tn/""}]",[],1988645351417649,,,2026-07-09T19:39:20.181Z,https://www.facebook.com/BanqueNationaleAgricole,10,,,,,,,
https://www.facebook.com/BanqueNationaleAgricole/posts/pfbid024s8f1hNQLPWEtkSbx3259JoiKB4RJrXgPL6BqkYqwgpJ2W957jqMFtn4YFQshpRCl,1005704515547002,https://www.facebook.com/BanqueNationaleAgricole,BNA - Banque Nationale Agricole,"La 𝐁𝐍𝐀 𝐁𝐀𝐍𝐊 participera au 𝗚𝗿𝗮𝗻𝗱 𝗗𝗲́𝗯𝗮𝘁 𝗯𝘆 𝗨𝗻𝗶𝘃𝗲𝗿𝘀 𝗡𝗲𝘄𝘀, qui se tiendra le 29 juin 2026 à Tunis.
Placée sous le thème « 𝗟𝗮 𝗧𝘂𝗻𝗶𝘀𝗶𝗲, 𝗗𝗿𝗮𝗴𝗼𝗻 𝗱𝗲 𝗹𝗮 𝗠𝗲́𝗱𝗶𝘁𝗲𝗿𝗿𝗮𝗻𝗲́𝗲 : 𝘂𝘁𝗼𝗽𝗶𝗲 𝗼𝘂 𝗿𝗲́𝗮𝗹𝗶𝘁𝗲́ ? », cet évènement réunira des décideurs, experts, chefs d'entreprise et acteurs institutionnels afin d'échanger autour des perspectives de développement économique de la Tunisie, de sa compétitivité et des leviers de croissance pour les années à venir.
En participant à ce Grand Débat, la 𝐁𝐍𝐀 𝐁𝐀𝐍𝐊 réaffirme son engagement à accompagner les initiatives favorisant le dialogue économique, l'investissement et le développement durable, tout en consolidant son rôle de partenaire de référence au service de l'économie nationale.",2026-06-27T12:57:54.000Z,,1,6,"{""type"":""Like"",""num"":32}",BNA - Banque Nationale Agricole,1.00083E+14,"Depuis sa création en 1959, la BNA n’a cessé de se confirmer sur la place financière non seulement comme une banque de financement de l’agriculture, mais aussi comme une banque universelle, citoyenne, moderne et davantage proche des Tunisiens.",Bank,https://scontent-cpt1-1.xx.fbcdn.net/v/t39.30808-1/334105066_1067185698005603_756031367262758174_n.jpg?stp=dst-jpg_tt6&cstp=mx2000x2000&ctp=s200x200&_nc_cat=102&ccb=1-7&_nc_sid=2d3e12&_nc_ohc=o9TAzq6oxNYQ7kNvwFXKPoP&_nc_oc=Adq00ZsEwSzZgIyoS9BATyMyDu_gm5MxzYhhtcNEs9ipi2AwXzir-RfBimJ4j9QZvYo&_nc_zt=24&_nc_ht=scontent-cpt1-1.xx&_nc_gid=NnLUOIGMKnWjPFcTebKQMg&_nc_ss=79289&oh=00_AQBTWTorcZRgUp_Jp5n_zKmzawuq_zboPwv0h4iexiTrCg&oe=6A55B78A,bnah24.tn,,148000,FALSE,,"[{""id"":""1005704475547006"",""type"":""Photo"",""url"":""https://scontent-cpt1-1.xx.fbcdn.net/v/t39.99422-6/733975038_877330741563641_4760601723289452084_n.png?stp=dst-jpg_tt6&cstp=mx1600x1515&ctp=p552x414&_nc_cat=109&ccb=1-7&_nc_sid=833d8c&_nc_ohc=gEShkqhBB98Q7kNvwHJma5M&_nc_oc=AdqWb47TxRXxrTI7BXAqjjybfLkWlzy2R4HPSXxbfGMMULleAur_lFkiu5K-j1HVZAE&_nc_zt=14&_nc_ht=scontent-cpt1-1.xx&_nc_gid=Nu51Rr7fuaNCVpB2yiovZw&_nc_ss=79289&oh=00_AQDfy-Am6n7q5jvgK708JlWIUL9eossEidaSTWA8JI_TGA&oe=6A55C547"",""video_url"":null,""thumbnail_url"":null}]",,,,,https://www.facebook.com/BanqueNationaleAgricole,https://scontent-cpt1-1.xx.fbcdn.net/v/t39.99422-6/734488836_4059672854165681_2873372543521197700_n.png?stp=dst-jpg_tt6&cstp=mx1640x624&ctp=s960x960&_nc_cat=111&ccb=1-7&_nc_sid=cc71e4&_nc_ohc=WTx4HNpr2CIQ7kNvwH0iPg0&_nc_oc=AdqvSnuARVeKrr28qB0cauT21apUl2Zhb36OmBz7g4zxH7jjmh7CLVZSWYTvyZK5t5U&_nc_zt=14&_nc_ht=scontent-cpt1-1.xx&_nc_gid=NnLUOIGMKnWjPFcTebKQMg&_nc_ss=79289&oh=00_AQB8aut8qTQA_qq9UJs-z9Sw31MQe3v8pNikVass2aJX9Q&oe=6A55D2BC,https://scontent-cpt1-1.xx.fbcdn.net/v/t39.30808-1/334105066_1067185698005603_756031367262758174_n.jpg?stp=dst-jpg_tt6&cstp=mx2000x2000&ctp=s200x200&_nc_cat=102&ccb=1-7&_nc_sid=2d3e12&_nc_ohc=o9TAzq6oxNYQ7kNvwFXKPoP&_nc_oc=Adq00ZsEwSzZgIyoS9BATyMyDu_gm5MxzYhhtcNEs9ipi2AwXzir-RfBimJ4j9QZvYo&_nc_zt=24&_nc_ht=scontent-cpt1-1.xx&_nc_gid=NnLUOIGMKnWjPFcTebKQMg&_nc_ss=79289&oh=00_AQBTWTorcZRgUp_Jp5n_zKmzawuq_zboPwv0h4iexiTrCg&oe=6A55B78A,BanqueNationaleAgricole,,FALSE,,1005704515547002,,43,https://scontent-cpt1-1.xx.fbcdn.net/v/t39.99422-6/733975038_877330741563641_4760601723289452084_n.png?stp=dst-jpg_tt6&cstp=mx1600x1515&ctp=p552x414&_nc_cat=109&ccb=1-7&_nc_sid=833d8c&_nc_ohc=gEShkqhBB98Q7kNvwHJma5M&_nc_oc=AdqWb47TxRXxrTI7BXAqjjybfLkWlzy2R4HPSXxbfGMMULleAur_lFkiu5K-j1HVZAE&_nc_zt=14&_nc_ht=scontent-cpt1-1.xx&_nc_gid=Nu51Rr7fuaNCVpB2yiovZw&_nc_ss=79289&oh=00_AQDfy-Am6n7q5jvgK708JlWIUL9eossEidaSTWA8JI_TGA&oe=6A55C547,Post,51,,"[{""type"":""Like"",""reaction_count"":32},{""type"":""Love"",""reaction_count"":11}]",TRUE,,bna@bna.tn,2017-10-23T00:00:00.000Z,,,,"[{""type"":""INFLUENCER CATEGORY"",""value"":""Page · Bank"",""link"":null},{""type"":""ADDRESS"",""value"":""Avenue Mohamed V Bab Bhar, Tunis, Tunisia"",""link"":""https://maps.google.com/maps?q=36.81155000%2C10.18453000&hl=en""},{""type"":""PROFILE WHATSAPP_NUMBER"",""value"":""+216 56 556 111"",""link"":""https://api.whatsapp.com/send?phone=21656556111&token=eyJhbGciOiJFUzI1NiIsInR5cCI6IkpXVCIsImtpZCI6IjEyNSJ9.eyJleHAiOjE3ODM3MTIzMzIsInBob25lIjoiMjE2NTY1NTYxMTEiLCJ0ZXh0IjoiIiwiY29udGV4dCI6IkFmZ040eFVCQ1Y4VlQ0OHNfY3ZPcXozZmJUOGFjVzhNbWlRY3pON1ZtOHJSc2lOME9XOFI3Ml9YVE5sRkhCQjVuR0hHT1RweXk0ZDZXQUR6Q0xLWjZ1anlkUEhtbE1fSmdpMWRoQldIdDV3d3U5a05JVEVDdzhRT2FiOTlxY1d5WVEzcF9MVVNkYjdqM00xaENRIiwic291cmNlIjoiIiwiYXBwIjoiZmFjZWJvb2sifQ.hRI1WUiyLE56IdvXcbtWqrhoH19-4VKVcoZW9MTiakF7UOR4jHuPmmIEhoD_zKRgnLMT1DLhvX1-4zko1IeJGQ""},{""type"":""PROFILE EMAIL"",""value"":""bna@bna.tn"",""link"":null},{""type"":""WEBSITE"",""value"":""bnah24.tn"",""link"":""https://bnah24.tn/""},{""type"":""WEBSITE"",""value"":""bna.tn"",""link"":""http://www.bna.tn/""}]",[],1988645351417649,,,2026-07-09T19:39:20.181Z,https://www.facebook.com/BanqueNationaleAgricole,10,,,,,,,
https://www.facebook.com/reel/1778966580134769/,1004888352295285,https://www.facebook.com/BanqueNationaleAgricole,BNA - Banque Nationale Agricole,عيشة الفلاح (الارشاد الفلاحي) :   اهم النصائح للوقاية من الحرائق,2026-06-26T14:30:43.000Z,,0,6,"{""type"":""Like"",""num"":26}",BNA - Banque Nationale Agricole,1.00083E+14,"Depuis sa création en 1959, la BNA n’a cessé de se confirmer sur la place financière non seulement comme une banque de financement de l’agriculture, mais aussi comme une banque universelle, citoyenne, moderne et davantage proche des Tunisiens.",Bank,https://scontent-cpt1-1.xx.fbcdn.net/v/t39.30808-1/334105066_1067185698005603_756031367262758174_n.jpg?stp=dst-jpg_tt6&cstp=mx2000x2000&ctp=s200x200&_nc_cat=102&ccb=1-7&_nc_sid=2d3e12&_nc_ohc=o9TAzq6oxNYQ7kNvwFXKPoP&_nc_oc=Adq00ZsEwSzZgIyoS9BATyMyDu_gm5MxzYhhtcNEs9ipi2AwXzir-RfBimJ4j9QZvYo&_nc_zt=24&_nc_ht=scontent-cpt1-1.xx&_nc_gid=NnLUOIGMKnWjPFcTebKQMg&_nc_ss=79289&oh=00_AQBTWTorcZRgUp_Jp5n_zKmzawuq_zboPwv0h4iexiTrCg&oe=6A55B78A,bnah24.tn,,148000,FALSE,,"[{""id"":""1778966580134769"",""type"":""Video"",""url"":""https://scontent-cpt1-1.xx.fbcdn.net/v/t15.5256-10/729848966_1751503029189557_9031665528222953803_n.jpg?stp=dst-jpg_tt6&cstp=mx1920x1080&ctp=s526x296&_nc_cat=110&ccb=1-7&_nc_sid=5fad0e&_nc_ohc=tPSwc-sJPcgQ7kNvwECNG7C&_nc_oc=Adp6AaBZgsVf17ieVlCVXhZh0iD05RyK_I5PwgyWExVeV4P2klRWB84qJPR48RnAr7Q&_nc_zt=23&_nc_ht=scontent-cpt1-1.xx&_nc_gid=Nu51Rr7fuaNCVpB2yiovZw&_nc_ss=79289&oh=00_AQCIvw9GKUSKBzwKVXty9HTMrLtZJeSprOcy2rw_fRQX0A&oe=6A55B9E7"",""video_length"":""59993"",""attachment_url"":""https://www.facebook.com/reel/1778966580134769/"",""video_url"":""https://video-cpt1-1.xx.fbcdn.net/o1/v/t2/f2/m366/AQMWFwc70f-PhHBB6pfEP7M7sCVBvdg-D3hilzdsuDF2ls7sc-tTd-ejWUXwYI0OvNgUeIWiktoW7F-4ht17iYGZMw7G3S0tCYCZbxdjUZmoNw.mp4?_nc_cat=102&_nc_sid=5e9851&_nc_ht=video-cpt1-1.xx.fbcdn.net&_nc_ohc=V1961G7ZjuoQ7kNvwHcLKIo&efg=eyJ2ZW5jb2RlX3RhZyI6Inhwdl9wcm9ncmVzc2l2ZS5GQUNFQk9PSy4uQzMuMTI4MC5kYXNoX2gyNjQtYmFzaWMtZ2VuMl83MjBwIiwieHB2X2Fzc2V0X2lkIjoxMzI3Mjg0Mzk1NTc0NjQ3LCJhc3NldF9hZ2VfZGF5cyI6MTMsInZpX3VzZWNhc2VfaWQiOjEwMTIyLCJkdXJhdGlvbl9zIjo1OSwidXJsZ2VuX3NvdXJjZSI6Ind3dyJ9&ccb=17-1&vs=bad6aa2db763ca3e&_nc_vs=HBksFQIYRWZiX2VwaGVtZXJhbC84NzQyNURFMUFFMThDQjE4QzU4QzRGMzlBQjlERkU5M19tdF8xX3ZpZGVvX2Rhc2hpbml0Lm1wNBUAAsgBEgAVAhhAZmJfcGVybWFuZW50LzBENEZBMjU2NkFBRERCRkEwMjZCMDhGMTU0MjY4Rjk0X2F1ZGlvX2Rhc2hpbml0Lm1wNBUCAsgBEgAoABgAGwKIB3VzZV9vaWwBMRJwcm9ncmVzc2l2ZV9yZWNpcGUBMRUAACbuldCuj8rbBBUCKAJDMywXQE3_Gp--dskYGWRhc2hfaDI2NC1iYXNpYy1nZW4yXzcyMHARAHUCZZSeAQA&_nc_gid=Nu51Rr7fuaNCVpB2yiovZw&_nc_ss=79289&_nc_zt=28&oh=00_AQDoqv2_yYwwbb9Obn-CjolqRnRIKOS9-rCnV5x8zkQ2Pg&oe=6A55E3EA&bitrate=2082693&tag=dash_h264-basic-gen2_720p"",""thumbnail_url"":""https://scontent-cpt1-1.xx.fbcdn.net/v/t15.5256-10/729848966_1751503029189557_9031665528222953803_n.jpg?stp=dst-jpg_tt6&cstp=mx1920x1080&ctp=s960x960&_nc_cat=110&ccb=1-7&_nc_sid=50ce42&_nc_ohc=tPSwc-sJPcgQ7kNvwECNG7C&_nc_oc=Adp6AaBZgsVf17ieVlCVXhZh0iD05RyK_I5PwgyWExVeV4P2klRWB84qJPR48RnAr7Q&_nc_zt=23&_nc_ht=scontent-cpt1-1.xx&_nc_gid=Nu51Rr7fuaNCVpB2yiovZw&_nc_ss=79289&oh=00_AQCIvw9GKUSKBzwKVXty9HTMrLtZJeSprOcy2rw_fRQX0A&oe=6A55B9E7""}]",,,,,https://www.facebook.com/BanqueNationaleAgricole,https://scontent-cpt1-1.xx.fbcdn.net/v/t39.99422-6/734488836_4059672854165681_2873372543521197700_n.png?stp=dst-jpg_tt6&cstp=mx1640x624&ctp=s960x960&_nc_cat=111&ccb=1-7&_nc_sid=cc71e4&_nc_ohc=WTx4HNpr2CIQ7kNvwH0iPg0&_nc_oc=AdqvSnuARVeKrr28qB0cauT21apUl2Zhb36OmBz7g4zxH7jjmh7CLVZSWYTvyZK5t5U&_nc_zt=14&_nc_ht=scontent-cpt1-1.xx&_nc_gid=NnLUOIGMKnWjPFcTebKQMg&_nc_ss=79289&oh=00_AQB8aut8qTQA_qq9UJs-z9Sw31MQe3v8pNikVass2aJX9Q&oe=6A55D2BC,https://scontent-cpt1-1.xx.fbcdn.net/v/t39.30808-1/334105066_1067185698005603_756031367262758174_n.jpg?stp=dst-jpg_tt6&cstp=mx2000x2000&ctp=s200x200&_nc_cat=102&ccb=1-7&_nc_sid=2d3e12&_nc_ohc=o9TAzq6oxNYQ7kNvwFXKPoP&_nc_oc=Adq00ZsEwSzZgIyoS9BATyMyDu_gm5MxzYhhtcNEs9ipi2AwXzir-RfBimJ4j9QZvYo&_nc_zt=24&_nc_ht=scontent-cpt1-1.xx&_nc_gid=NnLUOIGMKnWjPFcTebKQMg&_nc_ss=79289&oh=00_AQBTWTorcZRgUp_Jp5n_zKmzawuq_zboPwv0h4iexiTrCg&oe=6A55B78A,BanqueNationaleAgricole,,FALSE,,1004888352295285,1216,37,,Reel,51,,"[{""type"":""Like"",""reaction_count"":26},{""type"":""Love"",""reaction_count"":9},{""type"":""Care"",""reaction_count"":2}]",TRUE,,bna@bna.tn,2017-10-23T00:00:00.000Z,,,,"[{""type"":""INFLUENCER CATEGORY"",""value"":""Page · Bank"",""link"":null},{""type"":""ADDRESS"",""value"":""Avenue Mohamed V Bab Bhar, Tunis, Tunisia"",""link"":""https://maps.google.com/maps?q=36.81155000%2C10.18453000&hl=en""},{""type"":""PROFILE WHATSAPP_NUMBER"",""value"":""+216 56 556 111"",""link"":""https://api.whatsapp.com/send?phone=21656556111&token=eyJhbGciOiJFUzI1NiIsInR5cCI6IkpXVCIsImtpZCI6IjEyNSJ9.eyJleHAiOjE3ODM3MTIzMzIsInBob25lIjoiMjE2NTY1NTYxMTEiLCJ0ZXh0IjoiIiwiY29udGV4dCI6IkFmZ040eFVCQ1Y4VlQ0OHNfY3ZPcXozZmJUOGFjVzhNbWlRY3pON1ZtOHJSc2lOME9XOFI3Ml9YVE5sRkhCQjVuR0hHT1RweXk0ZDZXQUR6Q0xLWjZ1anlkUEhtbE1fSmdpMWRoQldIdDV3d3U5a05JVEVDdzhRT2FiOTlxY1d5WVEzcF9MVVNkYjdqM00xaENRIiwic291cmNlIjoiIiwiYXBwIjoiZmFjZWJvb2sifQ.hRI1WUiyLE56IdvXcbtWqrhoH19-4VKVcoZW9MTiakF7UOR4jHuPmmIEhoD_zKRgnLMT1DLhvX1-4zko1IeJGQ""},{""type"":""PROFILE EMAIL"",""value"":""bna@bna.tn"",""link"":null},{""type"":""WEBSITE"",""value"":""bnah24.tn"",""link"":""https://bnah24.tn/""},{""type"":""WEBSITE"",""value"":""bna.tn"",""link"":""http://www.bna.tn/""}]",[],1988645351417649,,4171,2026-07-09T19:39:20.181Z,https://www.facebook.com/BanqueNationaleAgricole,10,,,,,,,
https://www.facebook.com/BHBank/posts/pfbid02f3d94j5D2V5Yu1Qq5WGZQTzaF5sHgM6kNENR5owRf49PxBUzg83fjWJ7EcE3cMDil,1011855304551917,https://www.facebook.com/BHBank,BH Bank,"مرحبا بالتونسيين المقيمين بالخارج والعائدين لأرض الوطن بمناسبة العطلة الصيفية.
في الـ BH Bank، جيتكم عزيزة !

Découvrez le 'Pack Bledna' et ses nombreux avantages exclusifs !

➡️ Une tarification préférentielle sur vos transferts de l'étranger
➡️ Des réductions sur les taux de Crédits Habitat 
➡️ Une carte visa internationale pour gérer vos opérations en toute simplicité et liberté, en Tunisie comme à l'étranger
➡️ Une Assurance Protection Juridique 'Bledna Sérénité' qui vous offre une protection juridique globale en Tunisie et dans votre pays de résidence

Pour plus d'information sur le Pack Bledna ➡️
https://bhbank.tn/pack-bledna",2026-07-07T10:02:30.000Z,,1,18,"{""type"":""Like"",""num"":596}",BH Bank,1.00072E+14,BH Bank est une banque universelle opérant dans tous les domaines d’activité.,Commercial bank,https://scontent.fkch2-1.fna.fbcdn.net/v/t39.30808-1/347660357_282690227530098_546295832786590504_n.png?stp=dst-png&cstp=mx2048x2048&ctp=s200x200&_nc_cat=104&ccb=1-7&_nc_sid=2d3e12&_nc_ohc=HBRYGXIJrzEQ7kNvwH0ghlx&_nc_oc=Adr9IqMQelAhm_zPdvx-Rf69WCbK9RFPkYjy8pBsRQ3obgnZCDhmHAsGTVva_sWBaTw&_nc_zt=24&_nc_ht=scontent.fkch2-1.fna&_nc_gid=L4c6zXFEg2QM6ihauk6efg&_nc_ss=79289&oh=00_AQCh36gxSmOlsQoa_NomO1FnDfSSyQ6BcMqjelCyWpqOrA&oe=6A55E627,bhbank.tn,,361000,TRUE,,"[{""id"":""1011854667885314"",""type"":""Photo"",""url"":""https://scontent.fkch2-1.fna.fbcdn.net/v/t39.30808-6/740169931_1011854671218647_1198694836483701730_n.jpg?stp=dst-jpg_tt6&cstp=mx1200x1200&ctp=p526x296&_nc_cat=104&ccb=1-7&_nc_sid=833d8c&_nc_ohc=5inqApJeVc0Q7kNvwH7QXSK&_nc_oc=Adp7jhDhiu6pNuJPSJXZQv8ig9HOYbZogGfXFPtsKJ_a2Yw3qKNL9D5--nnlBjUnKGo&_nc_zt=23&_nc_ht=scontent.fkch2-1.fna&_nc_gid=Ef5P3poNVbP5N1BrtLgY6A&_nc_ss=79289&oh=00_AQCqkBh3N1MYa9d4jn7-sugFxDST3-IllQH0soxt224WuQ&oe=6A55BF8F"",""video_url"":null,""thumbnail_url"":null}]",,,,,https://www.facebook.com/BHBank,https://scontent.fkch2-2.fna.fbcdn.net/v/t39.30808-6/480144564_627651612972290_7338993532414908646_n.jpg?stp=dst-jpg_tt6&cstp=mx851x315&ctp=s851x315&_nc_cat=110&ccb=1-7&_nc_sid=cc71e4&_nc_ohc=y086otAKbNAQ7kNvwG32wIK&_nc_oc=Ado76SJrcHvvYZEzYe4LcuOMRw-DYbT6T1-YS-yEuE7fADSj3-n1C1_6naSOj_j296c&_nc_zt=23&_nc_ht=scontent.fkch2-2.fna&_nc_gid=L4c6zXFEg2QM6ihauk6efg&_nc_ss=79289&oh=00_AQBq5qhFzse4szcXlEXPBUI12movchP2Juvz3GvAaxW8QQ&oe=6A55B99F,https://scontent.fkch2-1.fna.fbcdn.net/v/t39.30808-1/347660357_282690227530098_546295832786590504_n.png?stp=dst-png&cstp=mx2048x2048&ctp=s200x200&_nc_cat=104&ccb=1-7&_nc_sid=2d3e12&_nc_ohc=HBRYGXIJrzEQ7kNvwH0ghlx&_nc_oc=Adr9IqMQelAhm_zPdvx-Rf69WCbK9RFPkYjy8pBsRQ3obgnZCDhmHAsGTVva_sWBaTw&_nc_zt=24&_nc_ht=scontent.fkch2-1.fna&_nc_gid=L4c6zXFEg2QM6ihauk6efg&_nc_ss=79289&oh=00_AQCh36gxSmOlsQoa_NomO1FnDfSSyQ6BcMqjelCyWpqOrA&oe=6A55E627,BHBank,,FALSE,,1011855304551917,,664,https://scontent.fkch2-1.fna.fbcdn.net/v/t39.30808-6/740169931_1011854671218647_1198694836483701730_n.jpg?stp=dst-jpg_tt6&cstp=mx1200x1200&ctp=p526x296&_nc_cat=104&ccb=1-7&_nc_sid=833d8c&_nc_ohc=5inqApJeVc0Q7kNvwH7QXSK&_nc_oc=Adp7jhDhiu6pNuJPSJXZQv8ig9HOYbZogGfXFPtsKJ_a2Yw3qKNL9D5--nnlBjUnKGo&_nc_zt=23&_nc_ht=scontent.fkch2-1.fna&_nc_gid=Ef5P3poNVbP5N1BrtLgY6A&_nc_ss=79289&oh=00_AQCqkBh3N1MYa9d4jn7-sugFxDST3-IllQH0soxt224WuQ&oe=6A55BF8F,Post,,,"[{""type"":""Like"",""reaction_count"":596},{""type"":""Love"",""reaction_count"":61},{""type"":""Care"",""reaction_count"":3},{""type"":""Haha"",""reaction_count"":2},{""type"":""Angry"",""reaction_count"":2}]",TRUE,,contact@bhbank.tn,2017-02-13T00:00:00.000Z,,,,"[{""type"":""INFLUENCER CATEGORY"",""value"":""Page · Commercial bank"",""link"":null},{""type"":""ADDRESS"",""value"":"" 18 AVENUE MOHAMED V , Tunis, Tunisia"",""link"":""https://maps.google.com/maps?q=+18+AVENUE+MOHAMED+V+%2C+Tunis%2C+Tunisia&hl=en""},{""type"":""PROFILE EMAIL"",""value"":""contact@bhbank.tn"",""link"":null},{""type"":""WEBSITE"",""value"":""bhbank.tn"",""link"":""http://www.bhbank.tn/""},{""type"":""BUSINESS HOURS"",""value"":""Closed now"",""link"":null}]",[],1094330597345003,,,2026-07-09T19:39:21.725Z,https://www.facebook.com/BHBank,10,,,,,,,
https://www.facebook.com/BHBank/posts/pfbid02tzm8GHuRKUJRjQmvSgbdzdPRUf3R6xxBhwSYzpfF1C3bG9aDbX2nBXrjfWohJHLul,1010984714638976,https://www.facebook.com/BHBank,BH Bank,"La BH Bank maintient pour la troisième année consécutive sa certification ISO 9001 pour son activité « Opérations à l'International »  
La BH Bank a réussi à maintenir pour la troisième année consécutive sa certification ISO 9001 pour son domaine d'activité « Opérations à l'International », à l'issue de l'audit de surveillance réalisé en juin 2026 par le bureau de VERITAS.  
Ce maintien atteste de la conformité du système de management de la qualité aux exigences de la norme internationale ISO 9001 version 2015. IL confirme l’engagement permanent de la BH BANK en faveur de l'excellence opérationnelle, de l'amélioration continue et de la satisfaction de ses clients afin de rehausser la qualité de service des opérationnels aux standards internationaux qui constitue un gage de confiance aussi bien pour ses clients que pour ses correspondants étrangers.
 
Cette nouvelle reconnaissance traduit l’engagement de la Direction Générale de la Banque et vient également consacrer les efforts continus déployés par les équipes de BH Bank pour renforcer la performance des processus, garantir la qualité des prestations à l’international et promouvoir une culture de management fondée sur l'efficacité, la maîtrise des risques et l'amélioration continue.
 
Dans cette même dynamique, BH Bank poursuivra un projet d'extension du périmètre de certification ISO 9001 version 2015 à de nouveaux domaines d'activité.
Cette démarche stratégique traduit la volonté de la Banque d'étendre les meilleures pratiques de management de la qualité à l'ensemble de ses activités afin de consolider durablement sa performance.",2026-07-06T09:36:41.000Z,,16,12,"{""type"":""Like"",""num"":67}",BH Bank,1.00072E+14,BH Bank est une banque universelle opérant dans tous les domaines d’activité.,Commercial bank,https://scontent.fkch2-1.fna.fbcdn.net/v/t39.30808-1/347660357_282690227530098_546295832786590504_n.png?stp=dst-png&cstp=mx2048x2048&ctp=s200x200&_nc_cat=104&ccb=1-7&_nc_sid=2d3e12&_nc_ohc=HBRYGXIJrzEQ7kNvwH0ghlx&_nc_oc=Adr9IqMQelAhm_zPdvx-Rf69WCbK9RFPkYjy8pBsRQ3obgnZCDhmHAsGTVva_sWBaTw&_nc_zt=24&_nc_ht=scontent.fkch2-1.fna&_nc_gid=L4c6zXFEg2QM6ihauk6efg&_nc_ss=79289&oh=00_AQCh36gxSmOlsQoa_NomO1FnDfSSyQ6BcMqjelCyWpqOrA&oe=6A55E627,bhbank.tn,,361000,TRUE,,"[{""id"":""1010981227972658"",""type"":""Photo"",""url"":""https://scontent.fkch2-2.fna.fbcdn.net/v/t39.30808-6/738638778_1010981234639324_3462556451791383816_n.jpg?stp=dst-jpg_tt6&cstp=mx362x382&ctp=s362x382&_nc_cat=110&ccb=1-7&_nc_sid=127cfc&_nc_ohc=Xw7MEJXU52AQ7kNvwGIfFFf&_nc_oc=AdoDFx0VpudJgr4SsPOhoeFhGnMEOGCD2exrBsizEOa3Xf_6SVV7v1xURqJAs6yjWlU&_nc_zt=23&_nc_ht=scontent.fkch2-2.fna&_nc_gid=XrbBwaI4tmudrA68Kr9HzQ&_nc_ss=79289&oh=00_AQC2f_JoxsLGAgmzmg_bBNXBHp2zmLRdCo4uBY0ELhClvg&oe=6A55C426"",""attachment_url"":""https://www.facebook.com/photo.php?fbid=1010981227972658&set=a.260680676336054&type=3"",""video_url"":null,""thumbnail_url"":null},{""id"":""1010981214639326"",""type"":""Photo"",""url"":""https://scontent.fkch2-2.fna.fbcdn.net/v/t39.30808-6/738829008_1010981217972659_3326163063997276632_n.jpg?stp=dst-jpg_tt6&cstp=mx1575x1050&ctp=s1575x1050&_nc_cat=109&ccb=1-7&_nc_sid=127cfc&_nc_ohc=TbNF5pmv8y4Q7kNvwEURV8S&_nc_oc=AdriuQm85n3mUPltmEbKMKEGwC5ZMKX-wS8uLqNbgqFKakFWEecCJTVRYpgj5frOB2k&_nc_zt=23&_nc_ht=scontent.fkch2-2.fna&_nc_gid=XrbBwaI4tmudrA68Kr9HzQ&_nc_ss=79289&oh=00_AQDl2gn6UenG0YRUIMyXeDTcy7vvrhA-xcFuTxntVEiHJg&oe=6A55B94F"",""attachment_url"":""https://www.facebook.com/photo.php?fbid=1010981214639326&set=a.260680676336054&type=3"",""video_url"":null,""thumbnail_url"":null}]",,,,,https://www.facebook.com/BHBank,https://scontent.fkch2-2.fna.fbcdn.net/v/t39.30808-6/480144564_627651612972290_7338993532414908646_n.jpg?stp=dst-jpg_tt6&cstp=mx851x315&ctp=s851x315&_nc_cat=110&ccb=1-7&_nc_sid=cc71e4&_nc_ohc=y086otAKbNAQ7kNvwG32wIK&_nc_oc=Ado76SJrcHvvYZEzYe4LcuOMRw-DYbT6T1-YS-yEuE7fADSj3-n1C1_6naSOj_j296c&_nc_zt=23&_nc_ht=scontent.fkch2-2.fna&_nc_gid=L4c6zXFEg2QM6ihauk6efg&_nc_ss=79289&oh=00_AQBq5qhFzse4szcXlEXPBUI12movchP2Juvz3GvAaxW8QQ&oe=6A55B99F,https://scontent.fkch2-1.fna.fbcdn.net/v/t39.30808-1/347660357_282690227530098_546295832786590504_n.png?stp=dst-png&cstp=mx2048x2048&ctp=s200x200&_nc_cat=104&ccb=1-7&_nc_sid=2d3e12&_nc_ohc=HBRYGXIJrzEQ7kNvwH0ghlx&_nc_oc=Adr9IqMQelAhm_zPdvx-Rf69WCbK9RFPkYjy8pBsRQ3obgnZCDhmHAsGTVva_sWBaTw&_nc_zt=24&_nc_ht=scontent.fkch2-1.fna&_nc_gid=L4c6zXFEg2QM6ihauk6efg&_nc_ss=79289&oh=00_AQCh36gxSmOlsQoa_NomO1FnDfSSyQ6BcMqjelCyWpqOrA&oe=6A55E627,BHBank,,FALSE,,1010984714638976,,106,https://scontent.fkch2-2.fna.fbcdn.net/v/t39.30808-6/738638778_1010981234639324_3462556451791383816_n.jpg?stp=dst-jpg_tt6&cstp=mx362x382&ctp=s362x382&_nc_cat=110&ccb=1-7&_nc_sid=127cfc&_nc_ohc=Xw7MEJXU52AQ7kNvwGIfFFf&_nc_oc=AdoDFx0VpudJgr4SsPOhoeFhGnMEOGCD2exrBsizEOa3Xf_6SVV7v1xURqJAs6yjWlU&_nc_zt=23&_nc_ht=scontent.fkch2-2.fna&_nc_gid=XrbBwaI4tmudrA68Kr9HzQ&_nc_ss=79289&oh=00_AQC2f_JoxsLGAgmzmg_bBNXBHp2zmLRdCo4uBY0ELhClvg&oe=6A55C426,Post,,,"[{""type"":""Like"",""reaction_count"":67},{""type"":""Love"",""reaction_count"":38},{""type"":""Care"",""reaction_count"":1}]",TRUE,,contact@bhbank.tn,2017-02-13T00:00:00.000Z,,,,"[{""type"":""INFLUENCER CATEGORY"",""value"":""Page · Commercial bank"",""link"":null},{""type"":""ADDRESS"",""value"":"" 18 AVENUE MOHAMED V , Tunis, Tunisia"",""link"":""https://maps.google.com/maps?q=+18+AVENUE+MOHAMED+V+%2C+Tunis%2C+Tunisia&hl=en""},{""type"":""PROFILE EMAIL"",""value"":""contact@bhbank.tn"",""link"":null},{""type"":""WEBSITE"",""value"":""bhbank.tn"",""link"":""http://www.bhbank.tn/""},{""type"":""BUSINESS HOURS"",""value"":""Closed now"",""link"":null}]",[],1094330597345003,,,2026-07-09T19:39:21.725Z,https://www.facebook.com/BHBank,10,,,,,,,
https://www.facebook.com/BHBank/posts/pfbid02zVyxCgzewXf8jxbLmdc3awLzwajnAEb6QmWuv1mGDjcvci49PC1ddD8cxVqXcrifl,1007530734984374,https://www.facebook.com/BHBank,BH Bank,"Certifiée MSI 20000, BH ASSURANCE confirme son excellence en gouvernance financière.
BH Assurance, filiale du Groupe BH Bank et un des principaux acteurs du secteur d’assurances en Tunisie, s’est vu décerner la certification MSI 20000 lors de la cérémonie internationale de certification des entreprises, organisée à Paris le 25 juin 2026, conjointement par COFICERT et IGSF en collaboration avec Euronext.
La certification a été remise à M. Sami Banaoues, Directeur Général de BH Assurance, lors de cette cérémonie qui a réuni d'éminents acteurs économiques et financiers à l'échelle internationale. 
Cette distinction internationale de référence vient en renforcement de son processus de conformité aux normes internationales de qualité financière.  Elle confirme l’engagement constant de BH Assurance en faveur des meilleures pratiques de gestion et de pilotage financier, tout en témoignant de la solidité de ses fondamentaux et de sa capacité à inscrire sa croissance dans la durée, au sein d'un environnement économique en perpétuelle mutation.
A travers cette reconnaissance BH ASSURANCE confirme l’alignement de sa stratégie avec celle du Groupe BH BANK auquel elle est affiliée, résolument engagée dans une dynamique durable d’excellence opérationnelle, de satisfaction client et développement commercial rentable mais aussi sain et conforme.",2026-07-02T09:00:17.000Z,,20,9,"{""type"":""Like"",""num"":230}",BH Bank,1.00072E+14,BH Bank est une banque universelle opérant dans tous les domaines d’activité.,Commercial bank,https://scontent.fkch2-1.fna.fbcdn.net/v/t39.30808-1/347660357_282690227530098_546295832786590504_n.png?stp=dst-png&cstp=mx2048x2048&ctp=s200x200&_nc_cat=104&ccb=1-7&_nc_sid=2d3e12&_nc_ohc=HBRYGXIJrzEQ7kNvwH0ghlx&_nc_oc=Adr9IqMQelAhm_zPdvx-Rf69WCbK9RFPkYjy8pBsRQ3obgnZCDhmHAsGTVva_sWBaTw&_nc_zt=24&_nc_ht=scontent.fkch2-1.fna&_nc_gid=L4c6zXFEg2QM6ihauk6efg&_nc_ss=79289&oh=00_AQCh36gxSmOlsQoa_NomO1FnDfSSyQ6BcMqjelCyWpqOrA&oe=6A55E627,bhbank.tn,,361000,TRUE,,"[{""id"":""1007530048317776"",""type"":""Photo"",""url"":""https://scontent.fkch2-2.fna.fbcdn.net/v/t39.30808-6/736746146_1007530051651109_5524502879471845323_n.jpg?stp=dst-jpg_tt6&cstp=mx1280x1600&ctp=s1280x1600&_nc_cat=109&ccb=1-7&_nc_sid=127cfc&_nc_ohc=VgXVhzFkiEAQ7kNvwE2Ttrj&_nc_oc=AdqiuNhY7XN_GYto2MX2tZPYs255Xbw9uTI7TW-Blf7zPBfuZXut3Jwwg8OBeQ7Ui_U&_nc_zt=23&_nc_ht=scontent.fkch2-2.fna&_nc_gid=XrbBwaI4tmudrA68Kr9HzQ&_nc_ss=79289&oh=00_AQBdcumj62qONQQBy-Oinyj3f7YZhSaolpjFdydnRQmYFg&oe=6A55B2D4"",""attachment_url"":""https://www.facebook.com/photo.php?fbid=1007530048317776&set=a.260680676336054&type=3"",""video_url"":null,""thumbnail_url"":null},{""id"":""1007530494984398"",""type"":""Photo"",""url"":""https://scontent.fkch2-1.fna.fbcdn.net/v/t39.30808-6/734367324_1007530498317731_7872989609801360019_n.jpg?stp=dst-jpg_tt6&cstp=mx1280x1600&ctp=s1280x1600&_nc_cat=108&ccb=1-7&_nc_sid=127cfc&_nc_ohc=79VYfeZI1scQ7kNvwEc7pJK&_nc_oc=Adra-Fhiy9QgYKvCao8f2aTn3AMEE_kVBmbgSuckuuMO_GtZp5pVZ5Xj1SvtRJcuBoM&_nc_zt=23&_nc_ht=scontent.fkch2-1.fna&_nc_gid=XrbBwaI4tmudrA68Kr9HzQ&_nc_ss=79289&oh=00_AQCPjIMH2VOfEvpDTmhDoowxbnp9PTs0Fd3h9OF_HvHUEA&oe=6A55DAC2"",""attachment_url"":""https://www.facebook.com/photo.php?fbid=1007530494984398&set=a.260680676336054&type=3"",""video_url"":null,""thumbnail_url"":null}]",,,,,https://www.facebook.com/BHBank,https://scontent.fkch2-2.fna.fbcdn.net/v/t39.30808-6/480144564_627651612972290_7338993532414908646_n.jpg?stp=dst-jpg_tt6&cstp=mx851x315&ctp=s851x315&_nc_cat=110&ccb=1-7&_nc_sid=cc71e4&_nc_ohc=y086otAKbNAQ7kNvwG32wIK&_nc_oc=Ado76SJrcHvvYZEzYe4LcuOMRw-DYbT6T1-YS-yEuE7fADSj3-n1C1_6naSOj_j296c&_nc_zt=23&_nc_ht=scontent.fkch2-2.fna&_nc_gid=L4c6zXFEg2QM6ihauk6efg&_nc_ss=79289&oh=00_AQBq5qhFzse4szcXlEXPBUI12movchP2Juvz3GvAaxW8QQ&oe=6A55B99F,https://scontent.fkch2-1.fna.fbcdn.net/v/t39.30808-1/347660357_282690227530098_546295832786590504_n.png?stp=dst-png&cstp=mx2048x2048&ctp=s200x200&_nc_cat=104&ccb=1-7&_nc_sid=2d3e12&_nc_ohc=HBRYGXIJrzEQ7kNvwH0ghlx&_nc_oc=Adr9IqMQelAhm_zPdvx-Rf69WCbK9RFPkYjy8pBsRQ3obgnZCDhmHAsGTVva_sWBaTw&_nc_zt=24&_nc_ht=scontent.fkch2-1.fna&_nc_gid=L4c6zXFEg2QM6ihauk6efg&_nc_ss=79289&oh=00_AQCh36gxSmOlsQoa_NomO1FnDfSSyQ6BcMqjelCyWpqOrA&oe=6A55E627,BHBank,,FALSE,,1007530734984374,,288,https://scontent.fkch2-2.fna.fbcdn.net/v/t39.30808-6/736746146_1007530051651109_5524502879471845323_n.jpg?stp=dst-jpg_tt6&cstp=mx1280x1600&ctp=s1280x1600&_nc_cat=109&ccb=1-7&_nc_sid=127cfc&_nc_ohc=VgXVhzFkiEAQ7kNvwE2Ttrj&_nc_oc=AdqiuNhY7XN_GYto2MX2tZPYs255Xbw9uTI7TW-Blf7zPBfuZXut3Jwwg8OBeQ7Ui_U&_nc_zt=23&_nc_ht=scontent.fkch2-2.fna&_nc_gid=XrbBwaI4tmudrA68Kr9HzQ&_nc_ss=79289&oh=00_AQBdcumj62qONQQBy-Oinyj3f7YZhSaolpjFdydnRQmYFg&oe=6A55B2D4,Post,,,"[{""type"":""Like"",""reaction_count"":230},{""type"":""Love"",""reaction_count"":55},{""type"":""Care"",""reaction_count"":2},{""type"":""Wow"",""reaction_count"":1}]",TRUE,,contact@bhbank.tn,2017-02-13T00:00:00.000Z,,,,"[{""type"":""INFLUENCER CATEGORY"",""value"":""Page · Commercial bank"",""link"":null},{""type"":""ADDRESS"",""value"":"" 18 AVENUE MOHAMED V , Tunis, Tunisia"",""link"":""https://maps.google.com/maps?q=+18+AVENUE+MOHAMED+V+%2C+Tunis%2C+Tunisia&hl=en""},{""type"":""PROFILE EMAIL"",""value"":""contact@bhbank.tn"",""link"":null},{""type"":""WEBSITE"",""value"":""bhbank.tn"",""link"":""http://www.bhbank.tn/""},{""type"":""BUSINESS HOURS"",""value"":""Closed now"",""link"":null}]",[],1094330597345003,,,2026-07-09T19:39:21.725Z,https://www.facebook.com/BHBank,10,,,,,,,
https://www.facebook.com/BHBank/posts/pfbid0fSZMVGpwaPq5VuuQk5dr3vkuuEbMMDX61UpGGDpj6PwiwZ2iz4p7qkqaArMX9uWyl,1006742635063184,https://www.facebook.com/BHBank,BH Bank,"يعلم BH بنك حرفائه الكرام بأنّ أوقات العمل بفروعه ستكون من السّاعة 08:15 صباحا إلى السّاعة 12:45 بعد الزّوال بداية من 01 جويلية 2026

Nous informons notre aimable clientèle que l'horaire d'ouverture de nos guichets sera de 8h15 à 12h45 à partir du 1er juillet 2026",2026-07-01T09:33:56.000Z,,10,12,"{""type"":""Like"",""num"":132}",BH Bank,1.00072E+14,BH Bank est une banque universelle opérant dans tous les domaines d’activité.,Commercial bank,https://scontent.fkch2-1.fna.fbcdn.net/v/t39.30808-1/347660357_282690227530098_546295832786590504_n.png?stp=dst-png&cstp=mx2048x2048&ctp=s200x200&_nc_cat=104&ccb=1-7&_nc_sid=2d3e12&_nc_ohc=HBRYGXIJrzEQ7kNvwH0ghlx&_nc_oc=Adr9IqMQelAhm_zPdvx-Rf69WCbK9RFPkYjy8pBsRQ3obgnZCDhmHAsGTVva_sWBaTw&_nc_zt=24&_nc_ht=scontent.fkch2-1.fna&_nc_gid=L4c6zXFEg2QM6ihauk6efg&_nc_ss=79289&oh=00_AQCh36gxSmOlsQoa_NomO1FnDfSSyQ6BcMqjelCyWpqOrA&oe=6A55E627,bhbank.tn,,361000,TRUE,,"[{""id"":""1006741441729970"",""type"":""Photo"",""url"":""https://scontent.fkch2-1.fna.fbcdn.net/v/t39.30808-6/734023093_1006741448396636_1589785984870992724_n.jpg?stp=dst-jpg_tt6&cstp=mx1200x1200&ctp=p526x296&_nc_cat=107&ccb=1-7&_nc_sid=127cfc&_nc_ohc=-zrIjcT_P9IQ7kNvwGxQrjy&_nc_oc=AdqsYUWdfOADKHbMiD1oSVEAffxMz7qHeb8-MbH-1z0u4YZ_HYNcOQ_jZJdJT6gf_0c&_nc_zt=23&_nc_ht=scontent.fkch2-1.fna&_nc_gid=XrbBwaI4tmudrA68Kr9HzQ&_nc_ss=79289&oh=00_AQCLdOzwSaeIryJXlU9C81R-XXuAuBGj6w16j3IM1aEC1w&oe=6A55C588"",""video_url"":null,""thumbnail_url"":null}]",,,,,https://www.facebook.com/BHBank,https://scontent.fkch2-2.fna.fbcdn.net/v/t39.30808-6/480144564_627651612972290_7338993532414908646_n.jpg?stp=dst-jpg_tt6&cstp=mx851x315&ctp=s851x315&_nc_cat=110&ccb=1-7&_nc_sid=cc71e4&_nc_ohc=y086otAKbNAQ7kNvwG32wIK&_nc_oc=Ado76SJrcHvvYZEzYe4LcuOMRw-DYbT6T1-YS-yEuE7fADSj3-n1C1_6naSOj_j296c&_nc_zt=23&_nc_ht=scontent.fkch2-2.fna&_nc_gid=L4c6zXFEg2QM6ihauk6efg&_nc_ss=79289&oh=00_AQBq5qhFzse4szcXlEXPBUI12movchP2Juvz3GvAaxW8QQ&oe=6A55B99F,https://scontent.fkch2-1.fna.fbcdn.net/v/t39.30808-1/347660357_282690227530098_546295832786590504_n.png?stp=dst-png&cstp=mx2048x2048&ctp=s200x200&_nc_cat=104&ccb=1-7&_nc_sid=2d3e12&_nc_ohc=HBRYGXIJrzEQ7kNvwH0ghlx&_nc_oc=Adr9IqMQelAhm_zPdvx-Rf69WCbK9RFPkYjy8pBsRQ3obgnZCDhmHAsGTVva_sWBaTw&_nc_zt=24&_nc_ht=scontent.fkch2-1.fna&_nc_gid=L4c6zXFEg2QM6ihauk6efg&_nc_ss=79289&oh=00_AQCh36gxSmOlsQoa_NomO1FnDfSSyQ6BcMqjelCyWpqOrA&oe=6A55E627,BHBank,,FALSE,,1006742635063184,,165,https://scontent.fkch2-1.fna.fbcdn.net/v/t39.30808-6/734023093_1006741448396636_1589785984870992724_n.jpg?stp=dst-jpg_tt6&cstp=mx1200x1200&ctp=p526x296&_nc_cat=107&ccb=1-7&_nc_sid=127cfc&_nc_ohc=-zrIjcT_P9IQ7kNvwGxQrjy&_nc_oc=AdqsYUWdfOADKHbMiD1oSVEAffxMz7qHeb8-MbH-1z0u4YZ_HYNcOQ_jZJdJT6gf_0c&_nc_zt=23&_nc_ht=scontent.fkch2-1.fna&_nc_gid=XrbBwaI4tmudrA68Kr9HzQ&_nc_ss=79289&oh=00_AQCLdOzwSaeIryJXlU9C81R-XXuAuBGj6w16j3IM1aEC1w&oe=6A55C588,Post,,,"[{""type"":""Like"",""reaction_count"":132},{""type"":""Love"",""reaction_count"":32},{""type"":""Haha"",""reaction_count"":1}]",TRUE,,contact@bhbank.tn,2017-02-13T00:00:00.000Z,,,,"[{""type"":""INFLUENCER CATEGORY"",""value"":""Page · Commercial bank"",""link"":null},{""type"":""ADDRESS"",""value"":"" 18 AVENUE MOHAMED V , Tunis, Tunisia"",""link"":""https://maps.google.com/maps?q=+18+AVENUE+MOHAMED+V+%2C+Tunis%2C+Tunisia&hl=en""},{""type"":""PROFILE EMAIL"",""value"":""contact@bhbank.tn"",""link"":null},{""type"":""WEBSITE"",""value"":""bhbank.tn"",""link"":""http://www.bhbank.tn/""},{""type"":""BUSINESS HOURS"",""value"":""Closed now"",""link"":null}]",[],1094330597345003,,,2026-07-09T19:39:21.725Z,https://www.facebook.com/BHBank,10,,,,,,,
https://www.facebook.com/BHBank/posts/pfbid02n2FJMcNCdmq4uFq5rKHNwdPMVboSq1W156XFbRHDjETZhsH4i1WkukqDQvf5MyeZl,1005832338487547,https://www.facebook.com/BHBank,BH Bank,"La BH BANK présente à l’édition 2026 du « Grand Débat d’Univers News ».
 
Fidèle à sa politique de proximité et son engagement sociétal en faveur des initiatives à forte valeur ajoutée, la BH BANK a pris part au « Grand Débat d’Univers News » tenu le 29 juin 2026 à Tunis, sous le thème : « La Tunisie, Dragon de la Méditerranée : Utopie... ou ambition... »
Ce rendez-vous économique bénéficiant d’une grande notoriété  a constitué un espace de dialogue de haut niveau, réunissant des décideurs, des diplomates, des investisseurs et des experts économiques autour d'une interrogation centrale : comment positionner la Tunisie comme un acteur compétitif et attractif dans un environnement international en pleine recomposition ?
Les échanges ont porté sur les grands leviers de développement, les défis de compétitivité et les conditions nécessaires pour transformer l'ambition nationale en trajectoire concrète de croissance.
La BH BANK a tenu à marquer sa présence à cet événement à travers la participation de ses cadres, qui ont suivi avec intérêt les travaux et les sessions de la journée. 
Cette présence a été l’occasion d’approfondir la compréhension des réflexions et tendances dégagées lors des débats, tout en consolidant les relations avec les différents acteurs économiques et institutionnels dans un cadre d’échange qualitatif.
À travers cette participation, la BH BANK réaffirme son positionnement en tant que banque citoyenne et acteur engagé, pleinement inscrite dans les réflexions qui façonnent l'avenir économique de la Tunisie.

Retour en images sur cette action.",2026-06-30T08:10:40.000Z,,21,6,"{""type"":""Like"",""num"":175}",BH Bank,1.00072E+14,BH Bank est une banque universelle opérant dans tous les domaines d’activité.,Commercial bank,https://scontent.fkch2-1.fna.fbcdn.net/v/t39.30808-1/347660357_282690227530098_546295832786590504_n.png?stp=dst-png&cstp=mx2048x2048&ctp=s200x200&_nc_cat=104&ccb=1-7&_nc_sid=2d3e12&_nc_ohc=HBRYGXIJrzEQ7kNvwH0ghlx&_nc_oc=Adr9IqMQelAhm_zPdvx-Rf69WCbK9RFPkYjy8pBsRQ3obgnZCDhmHAsGTVva_sWBaTw&_nc_zt=24&_nc_ht=scontent.fkch2-1.fna&_nc_gid=L4c6zXFEg2QM6ihauk6efg&_nc_ss=79289&oh=00_AQCh36gxSmOlsQoa_NomO1FnDfSSyQ6BcMqjelCyWpqOrA&oe=6A55E627,bhbank.tn,,361000,TRUE,,"[{""id"":""1005937728477008"",""type"":""Photo"",""url"":""https://scontent.fkch2-2.fna.fbcdn.net/v/t39.30808-6/734313639_1005937731810341_6684050352697691815_n.jpg?stp=dst-jpg_tt6&cstp=mx960x566&ctp=s960x566&_nc_cat=101&ccb=1-7&_nc_sid=127cfc&_nc_ohc=EgO7Ha8zR3cQ7kNvwFr8V5W&_nc_oc=Adrg4k5mGtX0dsnak6bmIlmxzLKUYo2xtYAfR06udous4EkyUFHOkwxo8zZjhEPZEjs&_nc_zt=23&_nc_ht=scontent.fkch2-2.fna&_nc_gid=KmrFx0AYAer1wI0GCtqg3Q&_nc_ss=79289&oh=00_AQBbF4S0hu6zrNzdEoasqZpOa_0rX2HUyb2M7GeqVNiW9g&oe=6A55BF3B"",""attachment_url"":""https://www.facebook.com/photo.php?fbid=1005937728477008&set=a.260680676336054&type=3"",""video_url"":null,""thumbnail_url"":null},{""id"":""1005831945154253"",""type"":""Photo"",""url"":""https://scontent.fkch2-1.fna.fbcdn.net/v/t39.30808-6/733529750_1005831961820918_1576366682930750373_n.jpg?stp=dst-jpg_tt6&cstp=mx1280x853&ctp=s1280x853&_nc_cat=100&ccb=1-7&_nc_sid=127cfc&_nc_ohc=kPm1ah3016oQ7kNvwFo9S9g&_nc_oc=AdrLooC9RX1alQDky9PbYoAMIxjad89DSHYbJvT-KOkMYwtYzHi355PyFTvPAwmDkVA&_nc_zt=23&_nc_ht=scontent.fkch2-1.fna&_nc_gid=KmrFx0AYAer1wI0GCtqg3Q&_nc_ss=79289&oh=00_AQDlV7Q9LVkRHyEbQL1Kb-2no8UDG8kY_U8KdWI7PoGjVg&oe=6A55C85C"",""attachment_url"":""https://www.facebook.com/photo.php?fbid=1005831945154253&set=a.260680676336054&type=3"",""video_url"":null,""thumbnail_url"":null},{""id"":""1005832068487574"",""type"":""Photo"",""url"":""https://scontent.fkch2-1.fna.fbcdn.net/v/t39.30808-6/733095945_1005832075154240_4994451747440753772_n.jpg?stp=cp6_dst-jpg_tt6&cstp=mx2048x1536&ctp=s2048x1536&_nc_cat=106&ccb=1-7&_nc_sid=127cfc&_nc_ohc=WWZpbgIvnesQ7kNvwHbp13t&_nc_oc=AdoB2zqKKcP6fS9X-zk1fGYR23nt1PUYVhTwll_Cu9wBSdp6M-QVoD6btpdOr73lZ1U&_nc_zt=23&_nc_ht=scontent.fkch2-1.fna&_nc_gid=KmrFx0AYAer1wI0GCtqg3Q&_nc_ss=79289&oh=00_AQDtx3yeh8imypn4aNQtGicvVa1Hu4EyG3jESuNB9-gAlQ&oe=6A55BDA8"",""attachment_url"":""https://www.facebook.com/photo.php?fbid=1005832068487574&set=a.260680676336054&type=3"",""video_url"":null,""thumbnail_url"":null},{""id"":""1005831925154255"",""type"":""Photo"",""url"":""https://scontent.fkch2-1.fna.fbcdn.net/v/t39.30808-6/733233158_1005831931820921_5704508779326582818_n.jpg?stp=dst-jpg_tt6&cstp=mx1280x853&ctp=s1280x853&_nc_cat=106&ccb=1-7&_nc_sid=127cfc&_nc_ohc=ppnxCCiQT0UQ7kNvwGbWc4f&_nc_oc=AdrUWaVbE4m7A1GIrDm-Fxs-yIMvG3NOWYzV6NhhtHQco8xgxWxetst9g0DWS1X74MY&_nc_zt=23&_nc_ht=scontent.fkch2-1.fna&_nc_gid=KmrFx0AYAer1wI0GCtqg3Q&_nc_ss=79289&oh=00_AQDF4c9TavMGpz7t4qsQvXgcf2QZUH2tUr_raWTR3ySs2g&oe=6A55C14B"",""attachment_url"":""https://www.facebook.com/photo.php?fbid=1005831925154255&set=a.260680676336054&type=3"",""video_url"":null,""thumbnail_url"":null},{""id"":""1005832015154246"",""type"":""Photo"",""url"":""https://scontent.fkch2-1.fna.fbcdn.net/v/t39.30808-6/734685362_1005832028487578_4656506725296372257_n.jpg?stp=dst-jpg_tt6&cstp=mx960x1280&ctp=s960x1280&_nc_cat=100&ccb=1-7&_nc_sid=127cfc&_nc_ohc=_OHF6-sCtT8Q7kNvwGOfAnK&_nc_oc=AdpBK3CgQ7zkALc8CKbfuCaWgPq6nyIynZuIs5dE9HOxAkYFnuMfXTkY73gkukbZ4_w&_nc_zt=23&_nc_ht=scontent.fkch2-1.fna&_nc_gid=KmrFx0AYAer1wI0GCtqg3Q&_nc_ss=79289&oh=00_AQAilWzIwkXQNyDJkkfKk4LwRfgLsIVX2MVOv4zhl8d9TA&oe=6A55B2ED"",""attachment_url"":""https://www.facebook.com/photo.php?fbid=1005832015154246&set=a.260680676336054&type=3"",""video_url"":null,""thumbnail_url"":null}]",,,,,https://www.facebook.com/BHBank,https://scontent.fkch2-2.fna.fbcdn.net/v/t39.30808-6/480144564_627651612972290_7338993532414908646_n.jpg?stp=dst-jpg_tt6&cstp=mx851x315&ctp=s851x315&_nc_cat=110&ccb=1-7&_nc_sid=cc71e4&_nc_ohc=y086otAKbNAQ7kNvwG32wIK&_nc_oc=Ado76SJrcHvvYZEzYe4LcuOMRw-DYbT6T1-YS-yEuE7fADSj3-n1C1_6naSOj_j296c&_nc_zt=23&_nc_ht=scontent.fkch2-2.fna&_nc_gid=L4c6zXFEg2QM6ihauk6efg&_nc_ss=79289&oh=00_AQBq5qhFzse4szcXlEXPBUI12movchP2Juvz3GvAaxW8QQ&oe=6A55B99F,https://scontent.fkch2-1.fna.fbcdn.net/v/t39.30808-1/347660357_282690227530098_546295832786590504_n.png?stp=dst-png&cstp=mx2048x2048&ctp=s200x200&_nc_cat=104&ccb=1-7&_nc_sid=2d3e12&_nc_ohc=HBRYGXIJrzEQ7kNvwH0ghlx&_nc_oc=Adr9IqMQelAhm_zPdvx-Rf69WCbK9RFPkYjy8pBsRQ3obgnZCDhmHAsGTVva_sWBaTw&_nc_zt=24&_nc_ht=scontent.fkch2-1.fna&_nc_gid=L4c6zXFEg2QM6ihauk6efg&_nc_ss=79289&oh=00_AQCh36gxSmOlsQoa_NomO1FnDfSSyQ6BcMqjelCyWpqOrA&oe=6A55E627,BHBank,,FALSE,,1005832338487547,,237,https://scontent.fkch2-2.fna.fbcdn.net/v/t39.30808-6/734313639_1005937731810341_6684050352697691815_n.jpg?stp=dst-jpg_tt6&cstp=mx960x566&ctp=s960x566&_nc_cat=101&ccb=1-7&_nc_sid=127cfc&_nc_ohc=EgO7Ha8zR3cQ7kNvwFr8V5W&_nc_oc=Adrg4k5mGtX0dsnak6bmIlmxzLKUYo2xtYAfR06udous4EkyUFHOkwxo8zZjhEPZEjs&_nc_zt=23&_nc_ht=scontent.fkch2-2.fna&_nc_gid=KmrFx0AYAer1wI0GCtqg3Q&_nc_ss=79289&oh=00_AQBbF4S0hu6zrNzdEoasqZpOa_0rX2HUyb2M7GeqVNiW9g&oe=6A55BF3B,Post,,,"[{""type"":""Like"",""reaction_count"":175},{""type"":""Love"",""reaction_count"":56},{""type"":""Care"",""reaction_count"":5},{""type"":""Angry"",""reaction_count"":1}]",TRUE,,contact@bhbank.tn,2017-02-13T00:00:00.000Z,,,,"[{""type"":""INFLUENCER CATEGORY"",""value"":""Page · Commercial bank"",""link"":null},{""type"":""ADDRESS"",""value"":"" 18 AVENUE MOHAMED V , Tunis, Tunisia"",""link"":""https://maps.google.com/maps?q=+18+AVENUE+MOHAMED+V+%2C+Tunis%2C+Tunisia&hl=en""},{""type"":""PROFILE EMAIL"",""value"":""contact@bhbank.tn"",""link"":null},{""type"":""WEBSITE"",""value"":""bhbank.tn"",""link"":""http://www.bhbank.tn/""},{""type"":""BUSINESS HOURS"",""value"":""Closed now"",""link"":null}]",[],1094330597345003,,,2026-07-09T19:39:21.725Z,https://www.facebook.com/BHBank,10,,,,,,,
https://www.facebook.com/BHBank/posts/pfbid02AA1ihCB73wvk3xqm8BsQ4SZ2iTvsjcmBsrcodp7TADybx7euXQvBDi6CrcYbawmZl,1005291038541677,https://www.facebook.com/BHBank,BH Bank,"BH Bank   مع ال
🏡 حلمتك تولي حقيقة و دارك تولي ملكك
مع قرض المسكن الأول (توصل قيمتو حتى ال 248 مليون) تنجم تشري دار من غير 
auto-financement ❗",2026-06-29T16:34:26.000Z,,25,36,"{""type"":""Like"",""num"":286}",BH Bank,1.00072E+14,BH Bank est une banque universelle opérant dans tous les domaines d’activité.,Commercial bank,https://scontent.fkch2-1.fna.fbcdn.net/v/t39.30808-1/347660357_282690227530098_546295832786590504_n.png?stp=dst-png&cstp=mx2048x2048&ctp=s200x200&_nc_cat=104&ccb=1-7&_nc_sid=2d3e12&_nc_ohc=HBRYGXIJrzEQ7kNvwH0ghlx&_nc_oc=Adr9IqMQelAhm_zPdvx-Rf69WCbK9RFPkYjy8pBsRQ3obgnZCDhmHAsGTVva_sWBaTw&_nc_zt=24&_nc_ht=scontent.fkch2-1.fna&_nc_gid=L4c6zXFEg2QM6ihauk6efg&_nc_ss=79289&oh=00_AQCh36gxSmOlsQoa_NomO1FnDfSSyQ6BcMqjelCyWpqOrA&oe=6A55E627,bhbank.tn,,361000,TRUE,,"[{""type"":""Photo"",""source_type"":""bhbank.tn"",""attachment_url"":""https://l.facebook.com/l.php?u=https%3A%2F%2Fbhbank.tn%2Fle-credit-masken-awal&h=AUBIYNXGYpfp021pjsbNontBCw57SPzh8CssgKpenBqTIs0fHTRw0uBcsf_0UhgCHrdkb6-BycLfPcA5NScrgiE20K4HBqb_8L3N1X3JceKnh7ppC_qMJqHE_zqZ_Q_LT5fUdVxV5f2ZZn9O-iq3&s=1"",""video_url"":null,""thumbnail_url"":null}]",,,,,https://www.facebook.com/BHBank,https://scontent.fkch2-2.fna.fbcdn.net/v/t39.30808-6/480144564_627651612972290_7338993532414908646_n.jpg?stp=dst-jpg_tt6&cstp=mx851x315&ctp=s851x315&_nc_cat=110&ccb=1-7&_nc_sid=cc71e4&_nc_ohc=y086otAKbNAQ7kNvwG32wIK&_nc_oc=Ado76SJrcHvvYZEzYe4LcuOMRw-DYbT6T1-YS-yEuE7fADSj3-n1C1_6naSOj_j296c&_nc_zt=23&_nc_ht=scontent.fkch2-2.fna&_nc_gid=L4c6zXFEg2QM6ihauk6efg&_nc_ss=79289&oh=00_AQBq5qhFzse4szcXlEXPBUI12movchP2Juvz3GvAaxW8QQ&oe=6A55B99F,https://scontent.fkch2-1.fna.fbcdn.net/v/t39.30808-1/347660357_282690227530098_546295832786590504_n.png?stp=dst-png&cstp=mx2048x2048&ctp=s200x200&_nc_cat=104&ccb=1-7&_nc_sid=2d3e12&_nc_ohc=HBRYGXIJrzEQ7kNvwH0ghlx&_nc_oc=Adr9IqMQelAhm_zPdvx-Rf69WCbK9RFPkYjy8pBsRQ3obgnZCDhmHAsGTVva_sWBaTw&_nc_zt=24&_nc_ht=scontent.fkch2-1.fna&_nc_gid=L4c6zXFEg2QM6ihauk6efg&_nc_ss=79289&oh=00_AQCh36gxSmOlsQoa_NomO1FnDfSSyQ6BcMqjelCyWpqOrA&oe=6A55E627,BHBank,,FALSE,,1005291038541677,,314,,Post,,,"[{""type"":""Like"",""reaction_count"":286},{""type"":""Love"",""reaction_count"":25},{""type"":""Care"",""reaction_count"":1},{""type"":""Haha"",""reaction_count"":1},{""type"":""Wow"",""reaction_count"":1}]",TRUE,,contact@bhbank.tn,2017-02-13T00:00:00.000Z,,,,"[{""type"":""INFLUENCER CATEGORY"",""value"":""Page · Commercial bank"",""link"":null},{""type"":""ADDRESS"",""value"":"" 18 AVENUE MOHAMED V , Tunis, Tunisia"",""link"":""https://maps.google.com/maps?q=+18+AVENUE+MOHAMED+V+%2C+Tunis%2C+Tunisia&hl=en""},{""type"":""PROFILE EMAIL"",""value"":""contact@bhbank.tn"",""link"":null},{""type"":""WEBSITE"",""value"":""bhbank.tn"",""link"":""http://www.bhbank.tn/""},{""type"":""BUSINESS HOURS"",""value"":""Closed now"",""link"":null}]",[],1094330597345003,,,2026-07-09T19:39:21.725Z,https://www.facebook.com/BHBank,10,,,,,,,
https://www.facebook.com/BHBank/posts/pfbid02sv8BsPEVkj1BEcL1wmgCroF2WfRjJEwdyAsdyqNsZKnBVjFkfqDn592Zit1HzK4l,1002515158819265,https://www.facebook.com/BHBank,BH Bank,"Bravo à notre champion olympique Firas Kattoussi qui a décroché une médaille d’argent au tournoi de Kazakhstan de Taekwondo.
Rappelons que notre champion olympique, parrainé par la BH BANK et revenant d’une blessure qui lui a couté une période de convalescence de presque un an, a décroché au début du mois de juin une médaille de bronze dans le cadre de la coupe d’Allemagne.
Bonne chance Champion pour les prochaines compétitions internationales et continuez sur la voie de l’excellence pour honorer notre chère patrie sur les scènes internationales",2026-06-26T08:57:46.000Z,,60,27,"{""type"":""Like"",""num"":1546}",BH Bank,1.00072E+14,BH Bank est une banque universelle opérant dans tous les domaines d’activité.,Commercial bank,https://scontent.fkch2-1.fna.fbcdn.net/v/t39.30808-1/347660357_282690227530098_546295832786590504_n.png?stp=dst-png&cstp=mx2048x2048&ctp=s200x200&_nc_cat=104&ccb=1-7&_nc_sid=2d3e12&_nc_ohc=HBRYGXIJrzEQ7kNvwH0ghlx&_nc_oc=Adr9IqMQelAhm_zPdvx-Rf69WCbK9RFPkYjy8pBsRQ3obgnZCDhmHAsGTVva_sWBaTw&_nc_zt=24&_nc_ht=scontent.fkch2-1.fna&_nc_gid=L4c6zXFEg2QM6ihauk6efg&_nc_ss=79289&oh=00_AQCh36gxSmOlsQoa_NomO1FnDfSSyQ6BcMqjelCyWpqOrA&oe=6A55E627,bhbank.tn,,361000,TRUE,,"[{""id"":""1002490418821739"",""type"":""Photo"",""url"":""https://scontent.fkch2-1.fna.fbcdn.net/v/t39.30808-6/728333760_1002490422155072_871284691891960070_n.jpg?stp=dst-jpg_tt6&cstp=mx526x701&ctp=s526x701&_nc_cat=107&ccb=1-7&_nc_sid=127cfc&_nc_ohc=SG4Yh_mbr5UQ7kNvwGWdMmb&_nc_oc=AdrTzZcKdFPXyTWJsKoG-qapbsNRlhqFHpIEfFDpS3-fdn3Ob-WqBEYC9GAyuxj9dQ0&_nc_zt=23&_nc_ht=scontent.fkch2-1.fna&_nc_gid=KmrFx0AYAer1wI0GCtqg3Q&_nc_ss=79289&oh=00_AQB-XXOQ8SJcjylogdG0-9AE7vS8Nl1kuZ6Q3J1D-BmLAQ&oe=6A55C77B"",""video_url"":null,""thumbnail_url"":null}]",,,,,https://www.facebook.com/BHBank,https://scontent.fkch2-2.fna.fbcdn.net/v/t39.30808-6/480144564_627651612972290_7338993532414908646_n.jpg?stp=dst-jpg_tt6&cstp=mx851x315&ctp=s851x315&_nc_cat=110&ccb=1-7&_nc_sid=cc71e4&_nc_ohc=y086otAKbNAQ7kNvwG32wIK&_nc_oc=Ado76SJrcHvvYZEzYe4LcuOMRw-DYbT6T1-YS-yEuE7fADSj3-n1C1_6naSOj_j296c&_nc_zt=23&_nc_ht=scontent.fkch2-2.fna&_nc_gid=L4c6zXFEg2QM6ihauk6efg&_nc_ss=79289&oh=00_AQBq5qhFzse4szcXlEXPBUI12movchP2Juvz3GvAaxW8QQ&oe=6A55B99F,https://scontent.fkch2-1.fna.fbcdn.net/v/t39.30808-1/347660357_282690227530098_546295832786590504_n.png?stp=dst-png&cstp=mx2048x2048&ctp=s200x200&_nc_cat=104&ccb=1-7&_nc_sid=2d3e12&_nc_ohc=HBRYGXIJrzEQ7kNvwH0ghlx&_nc_oc=Adr9IqMQelAhm_zPdvx-Rf69WCbK9RFPkYjy8pBsRQ3obgnZCDhmHAsGTVva_sWBaTw&_nc_zt=24&_nc_ht=scontent.fkch2-1.fna&_nc_gid=L4c6zXFEg2QM6ihauk6efg&_nc_ss=79289&oh=00_AQCh36gxSmOlsQoa_NomO1FnDfSSyQ6BcMqjelCyWpqOrA&oe=6A55E627,BHBank,,FALSE,,1002515158819265,,2061,https://scontent.fkch2-1.fna.fbcdn.net/v/t39.30808-6/728333760_1002490422155072_871284691891960070_n.jpg?stp=dst-jpg_tt6&cstp=mx526x701&ctp=s526x701&_nc_cat=107&ccb=1-7&_nc_sid=127cfc&_nc_ohc=SG4Yh_mbr5UQ7kNvwGWdMmb&_nc_oc=AdrTzZcKdFPXyTWJsKoG-qapbsNRlhqFHpIEfFDpS3-fdn3Ob-WqBEYC9GAyuxj9dQ0&_nc_zt=23&_nc_ht=scontent.fkch2-1.fna&_nc_gid=KmrFx0AYAer1wI0GCtqg3Q&_nc_ss=79289&oh=00_AQB-XXOQ8SJcjylogdG0-9AE7vS8Nl1kuZ6Q3J1D-BmLAQ&oe=6A55C77B,Post,,,"[{""type"":""Like"",""reaction_count"":1546},{""type"":""Love"",""reaction_count"":464},{""type"":""Care"",""reaction_count"":45},{""type"":""Haha"",""reaction_count"":2},{""type"":""Angry"",""reaction_count"":2},{""type"":""Wow"",""reaction_count"":1},{""type"":""Sad"",""reaction_count"":1}]",TRUE,,contact@bhbank.tn,2017-02-13T00:00:00.000Z,,,,"[{""type"":""INFLUENCER CATEGORY"",""value"":""Page · Commercial bank"",""link"":null},{""type"":""ADDRESS"",""value"":"" 18 AVENUE MOHAMED V , Tunis, Tunisia"",""link"":""https://maps.google.com/maps?q=+18+AVENUE+MOHAMED+V+%2C+Tunis%2C+Tunisia&hl=en""},{""type"":""PROFILE EMAIL"",""value"":""contact@bhbank.tn"",""link"":null},{""type"":""WEBSITE"",""value"":""bhbank.tn"",""link"":""http://www.bhbank.tn/""},{""type"":""BUSINESS HOURS"",""value"":""Closed now"",""link"":null}]",[],1094330597345003,,,2026-07-09T19:39:21.725Z,https://www.facebook.com/BHBank,10,,,,,,,
https://www.facebook.com/BHBank/posts/pfbid0AKBrKSULU5SsADNc4pHkWmZxiUaS4mSVzipmR85xQYhjE4u6cm38TwJAyLb7tmkQl,9.98537E+14,https://www.facebook.com/BHBank,BH Bank,"تهانينا بمناسبة عيد الآباء ❤️
Joyeuse fête des Pères ❤️",2026-06-21T12:10:02.000Z,,11,4,"{""type"":""Like"",""num"":50}",BH Bank,1.00072E+14,BH Bank est une banque universelle opérant dans tous les domaines d’activité.,Commercial bank,https://scontent.fkch2-1.fna.fbcdn.net/v/t39.30808-1/347660357_282690227530098_546295832786590504_n.png?stp=dst-png&cstp=mx2048x2048&ctp=s200x200&_nc_cat=104&ccb=1-7&_nc_sid=2d3e12&_nc_ohc=HBRYGXIJrzEQ7kNvwH0ghlx&_nc_oc=Adr9IqMQelAhm_zPdvx-Rf69WCbK9RFPkYjy8pBsRQ3obgnZCDhmHAsGTVva_sWBaTw&_nc_zt=24&_nc_ht=scontent.fkch2-1.fna&_nc_gid=L4c6zXFEg2QM6ihauk6efg&_nc_ss=79289&oh=00_AQCh36gxSmOlsQoa_NomO1FnDfSSyQ6BcMqjelCyWpqOrA&oe=6A55E627,bhbank.tn,,361000,TRUE,,"[{""id"":""998536562550458"",""type"":""Photo"",""url"":""https://scontent.fkch2-1.fna.fbcdn.net/v/t39.30808-6/727465719_998536565883791_1264134573930463563_n.jpg?stp=dst-jpg_tt6&cstp=mx1200x1200&ctp=p526x296&_nc_cat=103&ccb=1-7&_nc_sid=833d8c&_nc_ohc=65SBtr4C1BsQ7kNvwE0jxHp&_nc_oc=AdqZ1p_9lsq1devM1pWnQHS_-LHZ0X4Mhg67NtV7KxIZTC8LSmt0s8qLGtB8ZJqDPrY&_nc_zt=23&_nc_ht=scontent.fkch2-1.fna&_nc_gid=EoHEUG0XcvBMJ78TkCqpFw&_nc_ss=79289&oh=00_AQA9UebsNpduP1OtyydYBzKBFntWWtaTdHN9-RsI3GMIYw&oe=6A55D6F6"",""video_url"":null,""thumbnail_url"":null}]",,,,,https://www.facebook.com/BHBank,https://scontent.fkch2-2.fna.fbcdn.net/v/t39.30808-6/480144564_627651612972290_7338993532414908646_n.jpg?stp=dst-jpg_tt6&cstp=mx851x315&ctp=s851x315&_nc_cat=110&ccb=1-7&_nc_sid=cc71e4&_nc_ohc=y086otAKbNAQ7kNvwG32wIK&_nc_oc=Ado76SJrcHvvYZEzYe4LcuOMRw-DYbT6T1-YS-yEuE7fADSj3-n1C1_6naSOj_j296c&_nc_zt=23&_nc_ht=scontent.fkch2-2.fna&_nc_gid=L4c6zXFEg2QM6ihauk6efg&_nc_ss=79289&oh=00_AQBq5qhFzse4szcXlEXPBUI12movchP2Juvz3GvAaxW8QQ&oe=6A55B99F,https://scontent.fkch2-1.fna.fbcdn.net/v/t39.30808-1/347660357_282690227530098_546295832786590504_n.png?stp=dst-png&cstp=mx2048x2048&ctp=s200x200&_nc_cat=104&ccb=1-7&_nc_sid=2d3e12&_nc_ohc=HBRYGXIJrzEQ7kNvwH0ghlx&_nc_oc=Adr9IqMQelAhm_zPdvx-Rf69WCbK9RFPkYjy8pBsRQ3obgnZCDhmHAsGTVva_sWBaTw&_nc_zt=24&_nc_ht=scontent.fkch2-1.fna&_nc_gid=L4c6zXFEg2QM6ihauk6efg&_nc_ss=79289&oh=00_AQCh36gxSmOlsQoa_NomO1FnDfSSyQ6BcMqjelCyWpqOrA&oe=6A55E627,BHBank,,FALSE,,9.98537E+14,,96,https://scontent.fkch2-1.fna.fbcdn.net/v/t39.30808-6/727465719_998536565883791_1264134573930463563_n.jpg?stp=dst-jpg_tt6&cstp=mx1200x1200&ctp=p526x296&_nc_cat=103&ccb=1-7&_nc_sid=833d8c&_nc_ohc=65SBtr4C1BsQ7kNvwE0jxHp&_nc_oc=AdqZ1p_9lsq1devM1pWnQHS_-LHZ0X4Mhg67NtV7KxIZTC8LSmt0s8qLGtB8ZJqDPrY&_nc_zt=23&_nc_ht=scontent.fkch2-1.fna&_nc_gid=EoHEUG0XcvBMJ78TkCqpFw&_nc_ss=79289&oh=00_AQA9UebsNpduP1OtyydYBzKBFntWWtaTdHN9-RsI3GMIYw&oe=6A55D6F6,Post,,,"[{""type"":""Like"",""reaction_count"":50},{""type"":""Love"",""reaction_count"":43},{""type"":""Care"",""reaction_count"":3}]",TRUE,,contact@bhbank.tn,2017-02-13T00:00:00.000Z,,,,"[{""type"":""INFLUENCER CATEGORY"",""value"":""Page · Commercial bank"",""link"":null},{""type"":""ADDRESS"",""value"":"" 18 AVENUE MOHAMED V , Tunis, Tunisia"",""link"":""https://maps.google.com/maps?q=+18+AVENUE+MOHAMED+V+%2C+Tunis%2C+Tunisia&hl=en""},{""type"":""PROFILE EMAIL"",""value"":""contact@bhbank.tn"",""link"":null},{""type"":""WEBSITE"",""value"":""bhbank.tn"",""link"":""http://www.bhbank.tn/""},{""type"":""BUSINESS HOURS"",""value"":""Closed now"",""link"":null}]",[],1094330597345003,,,2026-07-09T19:39:21.725Z,https://www.facebook.com/BHBank,10,,,,,,,
https://www.facebook.com/BHBank/posts/pfbid031VY4wVjtCDBJm8vrRwRrhDktXv42N3ptk5viyUZracvbjnd8DmQPAC2uyg4jLMP3l,9.97906E+14,https://www.facebook.com/BHBank,BH Bank,مبروك للناجحين في مناظرة الباكالوريا 🎊 و حظ اوفر للبقية 🙏,2026-06-20T17:04:55.000Z,,6,10,"{""type"":""Like"",""num"":59}",BH Bank,1.00072E+14,BH Bank est une banque universelle opérant dans tous les domaines d’activité.,Commercial bank,https://scontent.fkch2-1.fna.fbcdn.net/v/t39.30808-1/347660357_282690227530098_546295832786590504_n.png?stp=dst-png&cstp=mx2048x2048&ctp=s200x200&_nc_cat=104&ccb=1-7&_nc_sid=2d3e12&_nc_ohc=HBRYGXIJrzEQ7kNvwH0ghlx&_nc_oc=Adr9IqMQelAhm_zPdvx-Rf69WCbK9RFPkYjy8pBsRQ3obgnZCDhmHAsGTVva_sWBaTw&_nc_zt=24&_nc_ht=scontent.fkch2-1.fna&_nc_gid=L4c6zXFEg2QM6ihauk6efg&_nc_ss=79289&oh=00_AQCh36gxSmOlsQoa_NomO1FnDfSSyQ6BcMqjelCyWpqOrA&oe=6A55E627,bhbank.tn,,361000,TRUE,,"[{""id"":""997906175946830"",""type"":""Photo"",""url"":""https://scontent.fkch2-2.fna.fbcdn.net/v/t39.30808-6/726321399_997906179280163_4584509693885175111_n.jpg?stp=dst-jpg_tt6&cstp=mx1200x1200&ctp=p526x296&_nc_cat=110&ccb=1-7&_nc_sid=833d8c&_nc_ohc=FmNFUZiNZhgQ7kNvwFDY7YO&_nc_oc=AdpAzcmF-HPEykax_A1_QPGBiqhzguFPgsG9T2bCzuuRfRrSdgwHbyystpPYNgVXvzI&_nc_zt=23&_nc_ht=scontent.fkch2-2.fna&_nc_gid=EoHEUG0XcvBMJ78TkCqpFw&_nc_ss=79289&oh=00_AQD2LK7gcUkD6O6NaG7gDaluL88EEKhonq6t8VoBjk18kw&oe=6A55DD02"",""video_url"":null,""thumbnail_url"":null}]",,,,,https://www.facebook.com/BHBank,https://scontent.fkch2-2.fna.fbcdn.net/v/t39.30808-6/480144564_627651612972290_7338993532414908646_n.jpg?stp=dst-jpg_tt6&cstp=mx851x315&ctp=s851x315&_nc_cat=110&ccb=1-7&_nc_sid=cc71e4&_nc_ohc=y086otAKbNAQ7kNvwG32wIK&_nc_oc=Ado76SJrcHvvYZEzYe4LcuOMRw-DYbT6T1-YS-yEuE7fADSj3-n1C1_6naSOj_j296c&_nc_zt=23&_nc_ht=scontent.fkch2-2.fna&_nc_gid=L4c6zXFEg2QM6ihauk6efg&_nc_ss=79289&oh=00_AQBq5qhFzse4szcXlEXPBUI12movchP2Juvz3GvAaxW8QQ&oe=6A55B99F,https://scontent.fkch2-1.fna.fbcdn.net/v/t39.30808-1/347660357_282690227530098_546295832786590504_n.png?stp=dst-png&cstp=mx2048x2048&ctp=s200x200&_nc_cat=104&ccb=1-7&_nc_sid=2d3e12&_nc_ohc=HBRYGXIJrzEQ7kNvwH0ghlx&_nc_oc=Adr9IqMQelAhm_zPdvx-Rf69WCbK9RFPkYjy8pBsRQ3obgnZCDhmHAsGTVva_sWBaTw&_nc_zt=24&_nc_ht=scontent.fkch2-1.fna&_nc_gid=L4c6zXFEg2QM6ihauk6efg&_nc_ss=79289&oh=00_AQCh36gxSmOlsQoa_NomO1FnDfSSyQ6BcMqjelCyWpqOrA&oe=6A55E627,BHBank,,FALSE,,9.97906E+14,,116,https://scontent.fkch2-2.fna.fbcdn.net/v/t39.30808-6/726321399_997906179280163_4584509693885175111_n.jpg?stp=dst-jpg_tt6&cstp=mx1200x1200&ctp=p526x296&_nc_cat=110&ccb=1-7&_nc_sid=833d8c&_nc_ohc=FmNFUZiNZhgQ7kNvwFDY7YO&_nc_oc=AdpAzcmF-HPEykax_A1_QPGBiqhzguFPgsG9T2bCzuuRfRrSdgwHbyystpPYNgVXvzI&_nc_zt=23&_nc_ht=scontent.fkch2-2.fna&_nc_gid=EoHEUG0XcvBMJ78TkCqpFw&_nc_ss=79289&oh=00_AQD2LK7gcUkD6O6NaG7gDaluL88EEKhonq6t8VoBjk18kw&oe=6A55DD02,Post,,,"[{""type"":""Like"",""reaction_count"":59},{""type"":""Love"",""reaction_count"":55},{""type"":""Care"",""reaction_count"":2}]",TRUE,,contact@bhbank.tn,2017-02-13T00:00:00.000Z,,,,"[{""type"":""INFLUENCER CATEGORY"",""value"":""Page · Commercial bank"",""link"":null},{""type"":""ADDRESS"",""value"":"" 18 AVENUE MOHAMED V , Tunis, Tunisia"",""link"":""https://maps.google.com/maps?q=+18+AVENUE+MOHAMED+V+%2C+Tunis%2C+Tunisia&hl=en""},{""type"":""PROFILE EMAIL"",""value"":""contact@bhbank.tn"",""link"":null},{""type"":""WEBSITE"",""value"":""bhbank.tn"",""link"":""http://www.bhbank.tn/""},{""type"":""BUSINESS HOURS"",""value"":""Closed now"",""link"":null}]",[],1094330597345003,,,2026-07-09T19:39:21.725Z,https://www.facebook.com/BHBank,10,,,,,,,
https://www.facebook.com/reel/982432894556804/,9.93977E+14,https://www.facebook.com/BHBank,BH Bank,,2026-06-15T19:35:52.000Z,,13,14,"{""type"":""Like"",""num"":161}",BH Bank,1.00072E+14,BH Bank est une banque universelle opérant dans tous les domaines d’activité.,Commercial bank,https://scontent.fkch2-1.fna.fbcdn.net/v/t39.30808-1/347660357_282690227530098_546295832786590504_n.png?stp=dst-png&cstp=mx2048x2048&ctp=s200x200&_nc_cat=104&ccb=1-7&_nc_sid=2d3e12&_nc_ohc=HBRYGXIJrzEQ7kNvwH0ghlx&_nc_oc=Adr9IqMQelAhm_zPdvx-Rf69WCbK9RFPkYjy8pBsRQ3obgnZCDhmHAsGTVva_sWBaTw&_nc_zt=24&_nc_ht=scontent.fkch2-1.fna&_nc_gid=L4c6zXFEg2QM6ihauk6efg&_nc_ss=79289&oh=00_AQCh36gxSmOlsQoa_NomO1FnDfSSyQ6BcMqjelCyWpqOrA&oe=6A55E627,bhbank.tn,,361000,TRUE,,"[{""id"":""982432894556804"",""type"":""Video"",""url"":""https://scontent.fkch2-1.fna.fbcdn.net/v/t15.5256-10/723872853_1737327593972935_255676587128770637_n.jpg?stp=dst-jpg_tt6&cstp=mx1200x1200&ctp=p526x296&_nc_cat=102&ccb=1-7&_nc_sid=5fad0e&_nc_ohc=neCn5VMZzRAQ7kNvwGsgRxf&_nc_oc=Ado5n9CyE29oFtzxMz1BMaLtVZYI2bm13IQYls3jj0o_PNprY9cW_GEV57wxebkD0Bc&_nc_zt=23&_nc_ht=scontent.fkch2-1.fna&_nc_gid=EoHEUG0XcvBMJ78TkCqpFw&_nc_ss=79289&oh=00_AQBW8kNBlrE4NApHxup_YJ3654-PeOpAlLqsveBdWKJh7g&oe=6A55D88B"",""video_length"":""8083"",""attachment_url"":""https://www.facebook.com/reel/982432894556804/"",""video_url"":""https://video.fkch2-1.fna.fbcdn.net/o1/v/t2/f2/m366/AQN9d7mdHyaIfc9w-eGmVCDdTd1d_R0-qSx-SORtVwWF2C6seAyx-cdf9jcjf4w_zzhZcan518pve5uQVl21gTsrM5BHMSwprzdThZA1c6zalg.mp4?_nc_cat=102&_nc_oc=AdqjoVuH1IvSNLMj1_UqJ-9Oei1qKXQ8nU9dACZL4lbF0PhhvL4PRZipzriWXw_ro7w&_nc_sid=5e9851&_nc_ht=video.fkch2-1.fna.fbcdn.net&_nc_ohc=nove-VGtp_IQ7kNvwG65rmJ&efg=eyJ2ZW5jb2RlX3RhZyI6Inhwdl9wcm9ncmVzc2l2ZS5GQUNFQk9PSy4uQzMuNzIwLmRhc2hfaDI2NC1iYXNpYy1nZW4yXzcyMHAiLCJ4cHZfYXNzZXRfaWQiOjgxOTk1MDYwMTA0ODQ5OCwiYXNzZXRfYWdlX2RheXMiOjI0LCJ2aV91c2VjYXNlX2lkIjoxMDEyMiwiZHVyYXRpb25fcyI6OCwidXJsZ2VuX3NvdXJjZSI6Ind3dyJ9&ccb=17-1&vs=8b97af22bbd255da&_nc_vs=HBksFQIYRWZiX2VwaGVtZXJhbC9CRjQ2RUU5MUEyQzM3OTA0NDhBM0YyQkUwMUUwQjVBMV9tdF8xX3ZpZGVvX2Rhc2hpbml0Lm1wNBUAAsgBEgAVAhhAZmJfcGVybWFuZW50LzJENEQzRDk5Q0YyQ0JBMDI1REIzMDEwQjg4RkU0MkEwX2F1ZGlvX2Rhc2hpbml0Lm1wNBUCAsgBEgAoABgAGwKIB3VzZV9vaWwBMRJwcm9ncmVzc2l2ZV9yZWNpcGUBMRUAACbkxviEtO_0AhUCKAJDMywXQCAqfvnbItEYGWRhc2hfaDI2NC1iYXNpYy1nZW4yXzcyMHARAHUCZZSeAQA&_nc_gid=EoHEUG0XcvBMJ78TkCqpFw&_nc_ss=79289&_nc_zt=28&oh=00_AQBOk_ZfVnA8LHLyV_Z8rqc7UiwBBhs42xlqPik01bsO-A&oe=6A55AFBE&bitrate=244633&tag=dash_h264-basic-gen2_720p"",""thumbnail_url"":""https://scontent.fkch2-1.fna.fbcdn.net/v/t15.5256-10/723872853_1737327593972935_255676587128770637_n.jpg?stp=dst-jpg_tt6&cstp=mx1200x1200&ctp=s960x960&_nc_cat=102&ccb=1-7&_nc_sid=50ce42&_nc_ohc=neCn5VMZzRAQ7kNvwGsgRxf&_nc_oc=Ado5n9CyE29oFtzxMz1BMaLtVZYI2bm13IQYls3jj0o_PNprY9cW_GEV57wxebkD0Bc&_nc_zt=23&_nc_ht=scontent.fkch2-1.fna&_nc_gid=EoHEUG0XcvBMJ78TkCqpFw&_nc_ss=79289&oh=00_AQBW8kNBlrE4NApHxup_YJ3654-PeOpAlLqsveBdWKJh7g&oe=6A55D88B""}]",,,,,https://www.facebook.com/BHBank,https://scontent.fkch2-2.fna.fbcdn.net/v/t39.30808-6/480144564_627651612972290_7338993532414908646_n.jpg?stp=dst-jpg_tt6&cstp=mx851x315&ctp=s851x315&_nc_cat=110&ccb=1-7&_nc_sid=cc71e4&_nc_ohc=y086otAKbNAQ7kNvwG32wIK&_nc_oc=Ado76SJrcHvvYZEzYe4LcuOMRw-DYbT6T1-YS-yEuE7fADSj3-n1C1_6naSOj_j296c&_nc_zt=23&_nc_ht=scontent.fkch2-2.fna&_nc_gid=L4c6zXFEg2QM6ihauk6efg&_nc_ss=79289&oh=00_AQBq5qhFzse4szcXlEXPBUI12movchP2Juvz3GvAaxW8QQ&oe=6A55B99F,https://scontent.fkch2-1.fna.fbcdn.net/v/t39.30808-1/347660357_282690227530098_546295832786590504_n.png?stp=dst-png&cstp=mx2048x2048&ctp=s200x200&_nc_cat=104&ccb=1-7&_nc_sid=2d3e12&_nc_ohc=HBRYGXIJrzEQ7kNvwH0ghlx&_nc_oc=Adr9IqMQelAhm_zPdvx-Rf69WCbK9RFPkYjy8pBsRQ3obgnZCDhmHAsGTVva_sWBaTw&_nc_zt=24&_nc_ht=scontent.fkch2-1.fna&_nc_gid=L4c6zXFEg2QM6ihauk6efg&_nc_ss=79289&oh=00_AQCh36gxSmOlsQoa_NomO1FnDfSSyQ6BcMqjelCyWpqOrA&oe=6A55E627,BHBank,,FALSE,,9.93977E+14,2831,230,,Reel,,,"[{""type"":""Like"",""reaction_count"":161},{""type"":""Love"",""reaction_count"":65},{""type"":""Care"",""reaction_count"":4}]",TRUE,,contact@bhbank.tn,2017-02-13T00:00:00.000Z,,,,"[{""type"":""INFLUENCER CATEGORY"",""value"":""Page · Commercial bank"",""link"":null},{""type"":""ADDRESS"",""value"":"" 18 AVENUE MOHAMED V , Tunis, Tunisia"",""link"":""https://maps.google.com/maps?q=+18+AVENUE+MOHAMED+V+%2C+Tunis%2C+Tunisia&hl=en""},{""type"":""PROFILE EMAIL"",""value"":""contact@bhbank.tn"",""link"":null},{""type"":""WEBSITE"",""value"":""bhbank.tn"",""link"":""http://www.bhbank.tn/""},{""type"":""BUSINESS HOURS"",""value"":""Closed now"",""link"":null}]",[],1094330597345003,,12915,2026-07-09T19:39:21.725Z,https://www.facebook.com/BHBank,10,,,,,,,
