title,category,city,city_needs_review,address,website,facebook_url,instagram_url,has_website,has_facebook,needs_fb_search,needs_insta_search,fb_search_query,insta_search_query,source_facebook,source_instagram
Taraji store,Magasin de souvenirs sportifs,Tunis,False,"Rue d'Arabie Saoudite, Tunis, Tunisie",https://taraji-store.com/fr,,https://www.instagram.com/tarajilebledstore,True,False,True,True,Taraji store Tunis site:facebook.com,Taraji store Tunis site:instagram.com,,google
Lingerie.tn,Boutique de lingerie,,True,"84 rue les jardins de carthage ain zaghouan, 2045, Tunisie",http://www.lingerie.tn,https://www.facebook.com/sousvetementstn,https://www.instagram.com/lingerie.tn,True,False,True,True,Lingerie.tn site:facebook.com,Lingerie.tn site:instagram.com,site_web,site_web
Catchy 99,Magasin de vêtements,Ariana,False,"V578+MH3, Av. Mohamed Rached El Baji, Ariana, Tunisie",,https://www.facebook.com/p/Catchy-Outlet-100064858534198,https://www.instagram.com/popular/catchy-99-prix,False,False,True,True,Catchy 99 Ariana site:facebook.com,Catchy 99 Ariana site:instagram.com,google,google
Blanc Sur Blanc,Boutique d'articles de mode,Tunis,False,"03 Av. de La Gare, Tunis, Tunisie",,https://www.facebook.com/blancsurblanc.tn,https://www.instagram.com/blanc_sur_blanc.tn,False,False,True,True,Blanc Sur Blanc Tunis site:facebook.com,Blanc Sur Blanc Tunis site:instagram.com,google,google
"PINKO BOUTIQUE Tunis, Lac II",Magasin de vêtements pour femmes,,True,"Les berges du lac II Residence Ismail Boutique 3 PINKO BOUTIQUE Tunis, 1053, Tunisie",https://www.pinko.com/en-int/a/storelocator/stores_tunisia_tunis?utm_source=google&utm_medium=GMBSitelink&utm_campaign=GMBSitelink_Tunis_Pinko842,https://www.facebook.com/PINKO.official,https://www.instagram.com/pinkoofficial,True,False,True,True,"PINKO BOUTIQUE Tunis, Lac II site:facebook.com","PINKO BOUTIQUE Tunis, Lac II site:instagram.com",site_web,site_web
LAMODE Menzah 9,Horlogerie,Tunis,False,"Centre X, Av. Taher Ben Ammar, Tunis 1013, Tunisie",https://lamode.tn,https://www.facebook.com/LaModeTUNISE,https://www.instagram.com/lamode.tn_,True,False,True,True,LAMODE Menzah 9 Tunis site:facebook.com,LAMODE Menzah 9 Tunis site:instagram.com,site_web,site_web
Boutique Dim Tunisie,Boutique de lingerie,Tunis,False,"50 Rue Moheddine Klibi, Tunis 2092, Tunisie",,https://www.facebook.com/dimtn,,False,True,False,True,,Boutique Dim Tunisie Tunis site:instagram.com,,
DRYM CONCEPT IZIPIZI,Magasin de lunettes de soleil,Marsa,False,"7 Rue Tahar Ben Achour, Marsa 2070, Tunisie",https://drymconcept.com,https://www.facebook.com/drymconcept,https://www.instagram.com/drymconcept,True,False,True,True,DRYM CONCEPT IZIPIZI Marsa site:facebook.com,DRYM CONCEPT IZIPIZI Marsa site:instagram.com,site_web,site_web
Boutique en ligne MarketPlace Elbazar,Dépôt-vente,,True,,,,,False,False,True,True,Boutique en ligne MarketPlace Elbazar site:facebook.com,Boutique en ligne MarketPlace Elbazar site:instagram.com,,
Le Sportif,Magasin d'articles de sports,Tunis,False,"Av. Fattouma Bourguiba, Tunis, Tunisie",http://lesportif.com.tn,https://www.facebook.com/lesportif.tunisie,https://www.instagram.com/le_sportif_tunisie,True,False,True,True,Le Sportif Tunis site:facebook.com,Le Sportif Tunis site:instagram.com,site_web,site_web
vêtements Square plus fripe,Magasin de vêtements pour hommes,Tunis,False,"36 Avenue Ali Belhouane،, Tunis, Tunisie",,,,False,False,True,True,vêtements Square plus fripe Tunis site:facebook.com,vêtements Square plus fripe Tunis site:instagram.com,,
Aglaé Concept Store,Boutique de cadeaux,Marsa,False,"Rue Abdelhafidh El Mekki, Marsa 2070, Tunisie",,https://www.facebook.com/p/Aglae-Concept-Store-61551228985880,https://www.instagram.com/aglaeconceptstore,False,False,True,True,Aglaé Concept Store Marsa site:facebook.com,Aglaé Concept Store Marsa site:instagram.com,google,google
ZEN GABES,Magasin de vêtements,Gabès,False,"Avenue Farhat Hached, Centre ville, Gabès 6000, Tunisie",,https://www.facebook.com/ZEN.Tunisie/albums/10155761889421126,,False,False,True,True,ZEN GABES Gabès site:facebook.com,ZEN GABES Gabès site:instagram.com,google,
Zara Tunisia Mall,Magasin de vêtements,Tunis,False,"2 Lac Leman, Tunis 1053, Tunisie",https://www.zara.com/tn/fr/stores-locator/zara-tunis-tunis-mall-s1390,https://www.facebook.com/Zara,https://www.instagram.com/zara,True,False,True,True,Zara Tunisia Mall Tunis site:facebook.com,Zara Tunisia Mall Tunis site:instagram.com,site_web,site_web
My Little Bagatelle,Magasin de vêtements,Marsa,False,"RN9, Marsa, Tunisie",https://www.mylittlebagatelle.tn,,https://www.instagram.com/mylittlebagatelle,True,False,True,True,My Little Bagatelle Marsa site:facebook.com,My Little Bagatelle Marsa site:instagram.com,,google
Maison Doniez Haute Couture,Magasin de vêtements pour femmes,Tunis,False,"R5M2+QC3, Rue Habib Chatti, Tunis, Tunisie",,,,False,False,True,True,Maison Doniez Haute Couture Tunis site:facebook.com,Maison Doniez Haute Couture Tunis site:instagram.com,,
Magasin Techniques de Pêche à la Ligne,Magasin de pêche,Hammam-Lif,False,"1 Rue Ali bech hamba, Hammam-Lif 2050, Tunisie",https://magasin-tpl.com,https://www.facebook.com/magasin.technique.depeche,https://www.instagram.com/technique_de_peche_a_la_ligne,True,False,True,True,Magasin Techniques de Pêche à la Ligne Hammam-Lif site:facebook.com,Magasin Techniques de Pêche à la Ligne Hammam-Lif site:instagram.com,site_web,site_web
Game World :1ère boutique de gaming en Tunisie,Magasin de jeux vidéo,Tunis,False,"L'aouina Aouina, 19 Av. Monji Slim, Tunis 2043, Tunisie",http://gameworld.tn,https://www.facebook.com/GameWorld.TN,https://www.instagram.com/gameworld.tn,True,False,True,True,Game World :1ère boutique de gaming en Tunisie Tunis site:facebook.com,Game World :1ère boutique de gaming en Tunisie Tunis site:instagram.com,site_web,site_web
Outlet Kontakt Moknine,Magasin de vêtements,,True,"47, Zone industrielle Moknine, 5050, Tunisie",https://kontakt.com.tn,https://www.facebook.com/kontakt.tn,https://www.instagram.com/kontakt.tn,True,False,True,True,Outlet Kontakt Moknine site:facebook.com,Outlet Kontakt Moknine site:instagram.com,site_web,site_web
Lindex Tunisie - La Soukra,Magasin de vêtements pour femmes,Ariana,False,"17 Av. Fattouma Bourguiba, Ariana 2036, Tunisie",http://www.lindex.tn,https://www.facebook.com/LindexTunisie/mentions,,True,False,True,True,Lindex Tunisie - La Soukra Ariana site:facebook.com,Lindex Tunisie - La Soukra Ariana site:instagram.com,google,
E2BUSINESS CONSULTING,Service d'e-commerce,Tunis,False,"Appar N° B 6.1 Résidence Ines Bloc B، Boulevard de la Terre, Tunis 1082, Tunisie",https://e2b-consulting.com,https://www.facebook.com/e2businessconsultingandtraining,https://instagram.com/e2bconsulting.training,True,False,True,True,E2BUSINESS CONSULTING Tunis site:facebook.com,E2BUSINESS CONSULTING Tunis site:instagram.com,site_web,site_web
Azoolo Tunisie,Service d'e-commerce,Tunis,False,"11 Av. de la Republique, Tunis 2000, Tunisie",https://www.azoolo.tn,https://www.facebook.com/p/Azoolo-Tunisie-61576163801920,https://www.instagram.com/azoolotn,True,False,True,True,Azoolo Tunisie Tunis site:facebook.com,Azoolo Tunisie Tunis site:instagram.com,site_web,site_web
AS AGENCY - Agence Web Tunis,Concepteur de sites Web,,True,"B3, Résidence L'Horizon RDC, 2 2080, Tunisie",https://as-agency.com, https://www.facebook.com/agencyas, https://www.instagram.com/agency.as,True,False,True,True,AS AGENCY - Agence Web Tunis site:facebook.com,AS AGENCY - Agence Web Tunis site:instagram.com,site_web,site_web
Tunisie E Shop,Service d'e-commerce,Mnihla,False,"Résidence les palmiers, jardin d'elmenzah 2، Mnihla، 2094, Tunisie",https://www.tunisie-e-shop.tn,https://www.facebook.com/tunisieeshop,,True,False,True,True,Tunisie E Shop Mnihla site:facebook.com,Tunisie E Shop Mnihla site:instagram.com,google,
Tenovates,Concepteur de sites Web,Tunis,False,"Espace Happy Days, 1053 Avenue Sadok Mokadem، Tunis 1053, Tunisie",https://tenovates.com,https://facebook.com/tenovates,https://instagram.com/tenovates,True,False,True,True,Tenovates Tunis site:facebook.com,Tenovates Tunis site:instagram.com,site_web,site_web
Chill&Lit,Service d'e-commerce,Marsa,False,"Pres de La Mosquée Taouba, Rue Jabeur Ibn Hayen Bhar Lazreg, Marsa 2046, Tunisie",https://chillandlit.tn,https://www.facebook.com/ChillandLit,https://www.instagram.com/chill_and_lit,True,False,True,True,Chill&Lit Marsa site:facebook.com,Chill&Lit Marsa site:instagram.com,site_web,site_web
Agence Web THE ROAD,Service d'e-commerce,Tunis,False,"THE DOT, Tunis 1053, Tunisie",https://www.theroad.tn,https://www.facebook.com/theroadagencedigitale,https://www.instagram.com/theroadagence,True,False,True,True,Agence Web THE ROAD Tunis site:facebook.com,Agence Web THE ROAD Tunis site:instagram.com,site_web,site_web
TikTak Pro,Concepteur de sites Web,Tunis,False,"2 ème étage, Près de l’UIB, 5 Rue Mustapha Abdessalem, Tunis, Tunisie",https://tiktakpro.tn,https://www.facebook.com/tiktakpro,https://www.instagram.com/tiktakpro,True,False,True,True,TikTak Pro Tunis site:facebook.com,TikTak Pro Tunis site:instagram.com,site_web,site_web
Drest Tunisie,Service d'e-commerce,La Goulette,False,"R8M4+586, La Goulette 2089, Tunisie",https://www.drest.tn,,https://www.instagram.com/popular/drest-tunisie,True,False,True,True,Drest Tunisie La Goulette site:facebook.com,Drest Tunisie La Goulette site:instagram.com,,google
AXELITES,Concepteur de sites Web,Tunis,False,"Bloc A, 5 ème étage, APP A51, Résidence Venus, Tunis 1082, Tunisie",https://www.axelites.com,,https://www.instagram.com/axelites_life,True,False,True,True,AXELITES Tunis site:facebook.com,AXELITES Tunis site:instagram.com,,site_web
La Vitrine Tunisie,Dépôt-vente,Ariana,False,"galerie des loisirs, Cite jamil, Ariana 2061, Tunisie",,,,False,False,True,True,La Vitrine Tunisie Ariana site:facebook.com,La Vitrine Tunisie Ariana site:instagram.com,,
Tounsi Store: Marketplace Vente en ligne en Tunisie,Dépôt-vente,Tunis,False,"immeuble, 63 Av. Habib Bourguiba, Tunis 2000, Tunisie",,,,False,False,True,True,Tounsi Store: Marketplace Vente en ligne en Tunisie Tunis site:facebook.com,Tounsi Store: Marketplace Vente en ligne en Tunisie Tunis site:instagram.com,,
"Verso, dépôt vente",Dépôt-vente,Tunis,False,"5ème étage, APP E53, Bloc E, Résidence Venus, Tunis 1082, Tunisie",http://www.verso.tn,https://www.facebook.com/100083126661087,,True,False,True,True,"Verso, dépôt vente Tunis site:facebook.com","Verso, dépôt vente Tunis site:instagram.com",google,
Lady troc,Magasin de vêtements,Tunis,False,"9 Rue Abderrahman Mami, Tunis, Tunisie",,,https://www.instagram.com/popular/lady-troc-tunisie,False,False,True,True,Lady troc Tunis site:facebook.com,Lady troc Tunis site:instagram.com,,google
Le troc de luxe,Dépôt-vente,Tunis,False,"02 Rue Taher Mami, Tunis 2091, Tunisie",,,,False,False,True,True,Le troc de luxe Tunis site:facebook.com,Le troc de luxe Tunis site:instagram.com,,
Revivre dépot de vente,Boutique d'articles de mode,Tunis,False,"R5R5+4WX, Rue Farhat Ben Afia, Tunis, Tunisie",,,,False,False,True,True,Revivre dépot de vente Tunis site:facebook.com,Revivre dépot de vente Tunis site:instagram.com,,
Spazio Tunisie - Cosmétique Naturel Tunisie - Vente en ligne,Magasin de produits de beauté,Ariana,False,"Av. Hédi Nouira, Ariana 2001, Tunisie",https://spaziotunisie.com/home,,,True,False,True,True,Spazio Tunisie - Cosmétique Naturel Tunisie - Vente en ligne Ariana site:facebook.com,Spazio Tunisie - Cosmétique Naturel Tunisie - Vente en ligne Ariana site:instagram.com,,
Last Price Tunisie,Magasin d'électronique,Tunis,False,"41 Rue Tahar Sfar, Tunis, Tunisie",http://www.lastpricetunisie.tn,,,True,False,True,True,Last Price Tunisie Tunis site:facebook.com,Last Price Tunisie Tunis site:instagram.com,,
Electro Magic,Magasin d'électroménager,Ben Arous,False,"Ben Arous, Tunisie",http://www.electromagic.tn,https://www.facebook.com/electr0magic,https://www.instagram.com/electromagic2,True,False,True,True,Electro Magic Ben Arous site:facebook.com,Electro Magic Ben Arous site:instagram.com,site_web,site_web
Promouv,Magasin d'électroménager,Tunis,False,"06 Rue Jaafer El Barmaki Mutuelle Ville 1082, Tunis 1082, Tunisie",http://www.promouv.com,https://www.facebook.com/promouvtunisie,https://www.instagram.com/promouv.tunisie,True,False,True,True,Promouv Tunis site:facebook.com,Promouv Tunis site:instagram.com,site_web,site_web
Electro HADJ KACEM - Vente électroménager en Tunisie,Magasin d'électroménager,Al-Maamoura,False,"Centre ville Maâmoura 8013, Al-Maamoura 8013, Tunisie",https://electrohadjkacem.com,,,True,False,True,True,Electro HADJ KACEM - Vente électroménager en Tunisie Al-Maamoura site:facebook.com,Electro HADJ KACEM - Vente électroménager en Tunisie Al-Maamoura site:instagram.com,,
La Centrale de l'Électroménager,Magasin d'électroménager,Tunis,False,"V724+CVM, Av. de l'UMA, Tunis, Tunisie",,,,False,False,True,True,La Centrale de l'Électroménager Tunis site:facebook.com,La Centrale de l'Électroménager Tunis site:instagram.com,,
Mytek Charguia,Magasin d'informatique,Tunis,False,"17 Rue de l'énergie solaire, Tunis 2035, Tunisie",https://mytek.tn,https://www.facebook.com/Mytekcharguia,https://www.instagram.com/mytek.tn,True,False,True,True,Mytek Charguia Tunis site:facebook.com,Mytek Charguia Tunis site:instagram.com,site_web,site_web
Magasin Focus électroménager en Tunisie,Vente d'électroménager en gros,Tunis,False,"Rue mars, Tunis, Tunisie",http://www.focusline.tn,https://www.facebook.com/focusline2000,https://www.instagram.com/focuslinetunisie,True,False,True,True,Magasin Focus électroménager en Tunisie Tunis site:facebook.com,Magasin Focus électroménager en Tunisie Tunis site:instagram.com,site_web,site_web
Affariyet,Magasin d'électroménager,,True,"24 Rue de l'Usine, 2 2035, Tunisie",https://www.affariyet.com,https://www.facebook.com/p/Affariyet-100064940794163,,True,False,True,True,Affariyet site:facebook.com,Affariyet site:instagram.com,google,
EL ATHIR الأثير,Vente d'électroménager en gros,Tunis,False,"1073, 27 Av. Kheireddine Pacha, Tunis, Tunisie",http://www.elathirgroup.com,,,True,False,True,True,EL ATHIR الأثير Tunis site:facebook.com,EL ATHIR الأثير Tunis site:instagram.com,,
Original Electro,Magasin d'électronique,enkhilette,False,"108 Av. Fethi Zouhir, enkhilette 2083, Tunisie",https://originalelectro.com,,,True,False,True,True,Original Electro enkhilette site:facebook.com,Original Electro enkhilette site:instagram.com,,
SELECT HOME EQUIPEMENT,Magasin d'électroménager,Ariana,False,"V678+C38, Ariana 2036, Tunisie",https://select-tunisie.com,https://www.facebook.com/selectshoptn,https://www.instagram.com/select.home.equipment,True,False,True,True,SELECT HOME EQUIPEMENT Ariana site:facebook.com,SELECT HOME EQUIPEMENT Ariana site:instagram.com,site_web,site_web
blechflouss boutique,Magasin d'électroménager d'occasion,Denden,False,"R429+VRV, Den Den, Tunisie",,,,False,False,True,True,blechflouss boutique Denden site:facebook.com,blechflouss boutique Denden site:instagram.com,,
Electro Destock,Magasin d'électroménager,Tunis,False,"Avenue Mongi Slim, Tunis 2035, Tunisie",,https://www.facebook.com/profile.php?id=100086404328814,,False,True,False,True,,Electro Destock Tunis site:instagram.com,,
ELECTROFROID ALLANI,Magasin d'électroménager,Tunis,False,"Lac Leman, Tunis, Tunisie",http://www.allani.com.tn,https://www.facebook.com/ElectrofroidAllani,https://www.instagram.com/electrofroid.allani,True,False,True,True,ELECTROFROID ALLANI Tunis site:facebook.com,ELECTROFROID ALLANI Tunis site:instagram.com,site_web,site_web
Prestige Electro,Magasin d'électronique,Tunis,False,"R56J+V3J, Tunis, Tunisie",,https://www.facebook.com/presrigeelectro,,False,False,True,True,Prestige Electro Tunis site:facebook.com,Prestige Electro Tunis site:instagram.com,google,
"KAMOUN HOME électroménager, meuble et informatique",Magasin d'électronique,Sousse,False,"5 rue sbitla, Tunisie",http://kamounhome.tn,https://www.facebook.com/kamounhome,https://www.instagram.com/kamoun.home,True,False,True,True,"KAMOUN HOME électroménager, meuble et informatique Sousse site:facebook.com","KAMOUN HOME électroménager, meuble et informatique Sousse site:instagram.com",site_web,site_web
Moulinex - Service Après-Vente (SAV),Magasin d'électroménager,Tunis,False,"170 Av. Taieb Mhiri, Tunis, Tunisie",,,,False,False,True,True,Moulinex - Service Après-Vente (SAV) Tunis site:facebook.com,Moulinex - Service Après-Vente (SAV) Tunis site:instagram.com,,
SMEG TUNISIE Électroménager de Luxe,Magasin d'électroménager,Marsa,False,"88 Av. Khaled Ibn El Walid, Marsa, Tunisie",,https://www.facebook.com/Smeg.Tunisie,https://www.instagram.com/smegtunisie,False,True,False,True,,SMEG TUNISIE Électroménager de Luxe Marsa site:instagram.com,,google
Electro Tounes,Magasin d'électronique,Ben Arous,False,"Résidence al barik, Ben Arous 2074, Tunisie",https://electrotounes.tn,https://www.facebook.com/electro.tounes.tn/albums/3868082196603488,,True,False,True,True,Electro Tounes Ben Arous site:facebook.com,Electro Tounes Ben Arous site:instagram.com,google,
TRY AND BUY,Magasin d'électroménager,Tunis,False,"Essebs immeuble، Boulevard Beji Kaied, Sana Business Center, Bd de la Terre, Tunis 1082, Tunisie",http://www.try-and-buy.tn,https://www.facebook.com/Tryandbuy.tn,,True,False,True,True,TRY AND BUY Tunis site:facebook.com,TRY AND BUY Tunis site:instagram.com,google,
Shipper,Service d'e-commerce,Sfax,False,"Bloc B, Immeuble Emna City, Bureau 52 Av. Hédi Nouira, Sfax 3027, Tunisie",https://shipper.network,https://www.facebook.com/Shipper.Market,https://www.instagram.com/shipper_network,True,False,True,True,Shipper Sfax site:facebook.com,Shipper Sfax site:instagram.com,site_web,site_web
Sellmax,Service d'e-commerce,Tunis,False,"53 Rue des Minéraux, Tunis 2035, Tunisie",http://www.sellmax.ai,https://www.facebook.com/sellmax.services,https://www.instagram.com/sellmax.ai,True,False,True,True,Sellmax Tunis site:facebook.com,Sellmax Tunis site:instagram.com,site_web,site_web
J&J DELIVERY,,Tunis,False,"R54J+HJV, Tunis 1000, Tunisie",,https://www.facebook.com/juiceanjoy,,False,True,False,True,,J&J DELIVERY Tunis site:instagram.com,,
First Delivery,Service de livraison,Tunis,False,"N°39 rue 8601, 1 2035, Tunisie",http://www.firstdeliverygroup.com,,,True,False,True,True,First Delivery Tunis site:facebook.com,First Delivery Tunis site:instagram.com,,
Tunisie Bio Megrine,Magasin d'alimentation bio,Megrine,False,"Rue Hédi Errayes, Mégrine, Tunisie",https://tunisiebio.tn,https://www.facebook.com/tunisiebio.tn,https://www.instagram.com/tunisiebio,True,False,True,True,Tunisie Bio Megrine Megrine site:facebook.com,Tunisie Bio Megrine Megrine site:instagram.com,site_web,site_web
Faouez cosmetique,Magasin de cosmétiques,Kalaat Sinan,False,"Q8CV+P85, Kalaat Sinan, Tunisie",,,,False,False,True,True,Faouez cosmetique Kalaat Sinan site:facebook.com,Faouez cosmetique Kalaat Sinan site:instagram.com,,
J&J Beauty,Magasin de cosmétiques,Khmouda,False,"9P29+XV9, Khmouda, Tunisie",,,,False,False,True,True,J&J Beauty Khmouda site:facebook.com,J&J Beauty Khmouda site:instagram.com,,
ROSEN RS chez Roua,Magasin de cosmétiques,Tajerouine,False,"Rue Habib Bourguiba, Tajerouine, Tunisie",,https://www.facebook.com/profile.php?id=100088188381277&mibextid=LQQJ4d,,False,True,False,True,,ROSEN RS chez Roua Tajerouine site:instagram.com,,
Bio Thala,Industrie cosmétique,Thala,False,"HMHC+X7G, Thala, Tunisie",,,,False,False,True,True,Bio Thala Thala site:facebook.com,Bio Thala Thala site:instagram.com,,
JE SUIS BELLE,Magasin de cosmétiques,Haïdra,False,"Cité El Fatah, Haydrah 1221, Tunisie",https://jesuisbelle.tn,,,True,False,True,True,JE SUIS BELLE Haïdra site:facebook.com,JE SUIS BELLE Haïdra site:instagram.com,,
Parfumerie Zarai,Magasin de cosmétiques,Kalaat Sinan,False,"Q88R+MCH, Kalaat Sinan, Tunisie",,,,False,False,True,True,Parfumerie Zarai Kalaat Sinan site:facebook.com,Parfumerie Zarai Kalaat Sinan site:instagram.com,,
The_bio_space,Magasin de cosmétiques,Maktar,False,"V53X+2C6, Maktar, Tunisie",,,,False,False,True,True,The_bio_space Maktar site:facebook.com,The_bio_space Maktar site:instagram.com,,
وليد ربيع,Magasin de cosmétiques,Kalaat Sinan,False,"Q89R+WX5, Kalaat Sinan, Tunisie",,,,False,False,True,True,وليد ربيع Kalaat Sinan site:facebook.com,وليد ربيع Kalaat Sinan site:instagram.com,,
Parfumerie Sève,Magasin de cosmétiques,Le Kef,False,"5M5V+3XF, Le Kef, Tunisie",,https://www.facebook.com/share/1YLeJ1c7eb,,False,True,False,True,,Parfumerie Sève Le Kef site:instagram.com,,
Bella cosmétique,Magasin de cosmétiques,Le Kef,False,"5P95+5RF, Le Kef, Tunisie",,,,False,False,True,True,Bella cosmétique Le Kef site:facebook.com,Bella cosmétique Le Kef site:instagram.com,,
Promacoif,Magasin de cosmétiques,Tunis,False,"Av. de La Gare, Tunis, Tunisie",https://promacoif.tn,https://www.facebook.com/Promacoif.cosmetique.beaute,https://www.instagram.com/promacoif,True,False,True,True,Promacoif Tunis site:facebook.com,Promacoif Tunis site:instagram.com,google,google
Cosmetique.tn,Magasin de cosmétiques,Ariana,False,"14 Rue Médinat El Mastoura, Ariana 2083, Tunisie",https://cosmetique.tn,https://www.facebook.com/cshop.tn,https://www.instagram.com/Cosmetique.tn,True,False,True,True,Cosmetique.tn Ariana site:facebook.com,Cosmetique.tn Ariana site:instagram.com,site_web,site_web
Beauty Shop lac 2,Magasin de produits de beauté,Tunis,False,"Residence les orchidées Bloc A , N°03, Tunis 1053, Tunisie",,https://www.facebook.com/BeautyShopEnnasr,https://www.instagram.com/beautyshop_tunisia,False,False,True,True,Beauty Shop lac 2 Tunis site:facebook.com,Beauty Shop lac 2 Tunis site:instagram.com,google,google
Touta,Magasin de cosmétiques,El Aayoun,False,"GVRJ+6P, El Aayoun, Tunisie",,https://www.facebook.com/TOUTASHOP,https://www.instagram.com/boutiquetouta,False,False,True,True,Touta El Aayoun site:facebook.com,Touta El Aayoun site:instagram.com,google,google
beauty shop ennasr,Magasin de produits de beauté,Ariana,False,"Résidence El Baraka 132, Av. Hédi Nouira - Ennasr 2 Tunis, Tunisie Ennasr 2, 2037, Tunisie",https://beautyshop-tunisie.com,https://www.facebook.com/BeautyShopEnnasr,https://www.instagram.com/beautyshop_tunisia,True,False,True,True,beauty shop ennasr Ariana site:facebook.com,beauty shop ennasr Ariana site:instagram.com,google,google
Yasmina cosma,Magasin de cosmétiques,Kalaat Sinan,False,"Q8FV+99V, Kalaat Sinan, Tunisie",,,,False,False,True,True,Yasmina cosma Kalaat Sinan site:facebook.com,Yasmina cosma Kalaat Sinan site:instagram.com,,
Shwoppy Tunisie,Dépôt-vente,Ariana,False,"Rue l'environnement, Ariana 2036, Tunisie",,,,False,False,True,True,Shwoppy Tunisie Ariana site:facebook.com,Shwoppy Tunisie Ariana site:instagram.com,,
City Mode,Magasin de vêtements,Ariana,False,"Rue Ariana les roses, Immeuble El Kssour bureau N°2 2eme étage, Ennaser 2, Ariana Ariana, 2037, Tunisie",https://citymode.tn,https://www.facebook.com/citymode.tn.officiel,https://www.instagram.com/_citymode_,True,False,True,True,City Mode Ariana site:facebook.com,City Mode Ariana site:instagram.com,site_web,site_web
Bershka Habib Bourguiba,Magasin de vêtements,Tunis,False,"31 Av. Habib Bourguiba, Tunis 1001, Tunisie",https://www.bershka.com/tn,,,True,False,True,True,Bershka Habib Bourguiba Tunis site:facebook.com,Bershka Habib Bourguiba Tunis site:instagram.com,,
vente vêtement,Centre commercial,Tunis,False,"CITE SALAMA L, Tunis, Tunisie",,https://www.facebook.com/WaveComSarl,https://www.instagram.com/chez.frigui,False,False,True,True,vente vêtement Tunis site:facebook.com,vente vêtement Tunis site:instagram.com,google,google
HA Hamadi Abid - La Soukra,Magasin de vêtements,Tunis,False,"V68F+QCG, Tunis, Tunisie",https://www.ha.com.tn/nos-magasins,,,True,False,True,True,HA Hamadi Abid - La Soukra Tunis site:facebook.com,HA Hamadi Abid - La Soukra Tunis site:instagram.com,,
Square5,Centre commercial,Lac-Édouard,False,"Passage du, Lac-Édouard 1053, Tunisie",,https://www.facebook.com/LittleSquare5,https://www.instagram.com/square5.tn,False,False,True,True,Square5 Lac-Édouard site:facebook.com,Square5 Lac-Édouard site:instagram.com,google,google
KIABI,Magasin de vêtements,Ariana,False,"1er étage, Monoprix Soukra Square, Av. de l'UMA, Ariana 2036, Tunisie",https://www.kiabi.tn/?utm_campaign=fiches_google&utm_id=fiches_google&utm_medium=link&utm_source=google,https://www.facebook.com/kiabi.tunisie,https://www.instagram.com/kiabi_tunisie,True,False,True,True,KIABI Ariana site:facebook.com,KIABI Ariana site:instagram.com,site_web,site_web
Sport Outlet,Boutique d'articles de mode,Tunis,False,"3em etage APP 11، 17 Av. de Lyon, Tunis 1000, Tunisie",,https://www.facebook.com/100054309529352,https://www.instagram.com/sport_outlet_tunisia,False,False,True,True,Sport Outlet Tunis site:facebook.com,Sport Outlet Tunis site:instagram.com,google,google
SPORT ONE,Centre commercial,Tunis,False,"17 Av. de Londres, Tunis 1000, Tunisie",https://www.sport1-tn.com,https://www.facebook.com/Sport.Fashion.tun,https://www.instagram.com/spor_tone1,True,False,True,True,SPORT ONE Tunis site:facebook.com,SPORT ONE Tunis site:instagram.com,google,google
Brandstore Tunisie,Horlogerie,Ariana,False,"2 rue Damas, Ariana 2080, Tunisie",https://www.brandstore.tn,https://www.facebook.com/geniotech.tn,https://www.instagram.com/maxwellmobile,True,False,True,True,Brandstore Tunisie Ariana site:facebook.com,Brandstore Tunisie Ariana site:instagram.com,site_web,site_web
Ben Jannet & Co - Boulevard Principal - Détaillant Officiel Rolex,Joaillier,Tunis,False,"Tunis Business Center, 1 Boulevard Principal, Tunis 1053, Tunisie",https://www.benjannetandco.com/fr,https://www.facebook.com/BENJANNETANDCO,https://www.instagram.com/benjannetandco_,True,False,True,True,Ben Jannet & Co - Boulevard Principal - Détaillant Officiel Rolex Tunis site:facebook.com,Ben Jannet & Co - Boulevard Principal - Détaillant Officiel Rolex Tunis site:instagram.com,site_web,site_web
BEN JANNET,Joaillier,Tunis,False,"Lac Leman, Tunis 1053, Tunisie",https://www.benjannet.com,https://www.facebook.com/BenJannet.Tunisie,https://www.instagram.com/benjannet_,True,False,True,True,BEN JANNET Tunis site:facebook.com,BEN JANNET Tunis site:instagram.com,site_web,site_web
Joaillerie Diamelle by jarraya,Bijouterie,Tunis,False,"5 Rue Lac Victoria, Tunis, Tunisie",https://diamelle.tn,https://www.facebook.com/BYJARRAYA,https://www.instagram.com/diamelle_,True,False,True,True,Joaillerie Diamelle by jarraya Tunis site:facebook.com,Joaillerie Diamelle by jarraya Tunis site:instagram.com,site_web,site_web
Hamadi Abid,Magasin de vêtements,El Mourouj,False,"18 Av. Martyrs, El Mourouj, Tunisie",http://www.ha.com.tn,,https://www.instagram.com/popular/hamadi-abid-tunisia-mall,True,False,True,True,Hamadi Abid El Mourouj site:facebook.com,Hamadi Abid El Mourouj site:instagram.com,,google
Élégant beauty,Magasin de cosmétiques,Siliana,False,"Rue 18 Janvier, Siliana, Tunisie",,,,False,False,True,True,Élégant beauty Siliana site:facebook.com,Élégant beauty Siliana site:instagram.com,,
FYMF NATURE,Magasin de cosmétiques,Bargou,False,"3HW8+6RV, Bargou, Tunisie",,,,False,False,True,True,FYMF NATURE Bargou site:facebook.com,FYMF NATURE Bargou site:instagram.com,,
Lz cosmétique 😊,Parfumerie,Hajeb El Ayoun,False,"9GVV+8V8, Hajeb El Ayoun, Tunisie",,,,False,False,True,True,Lz cosmétique 😊 Hajeb El Ayoun site:facebook.com,Lz cosmétique 😊 Hajeb El Ayoun site:instagram.com,,
Afnen Cosma Shop,Magasin de cosmétiques,Siliana,False,"39H8+QG9, Siliana, Tunisie",,,,False,False,True,True,Afnen Cosma Shop Siliana site:facebook.com,Afnen Cosma Shop Siliana site:instagram.com,,
مغازت سيف 10 و 10,Magasin de cosmétiques,Hajeb El Ayoun,False,"9GVV+QQ6, Hajeb El Ayoun, Tunisie",,,,False,False,True,True,مغازت سيف 10 و 10 Hajeb El Ayoun site:facebook.com,مغازت سيف 10 و 10 Hajeb El Ayoun site:instagram.com,,
Jouets enfants Tunisie Tunis,Magasin de jouets,Gammarth,False,"102 Imp. de l'environnement, Gammarth, Tunisie",https://mannaitntn.wixsite.com/website/boutique,https://www.facebook.com/wix,,True,False,True,True,Jouets enfants Tunisie Tunis Gammarth site:facebook.com,Jouets enfants Tunisie Tunis Gammarth site:instagram.com,site_web,
Wishes box,Magasin de jouets,Le Kef,False,"5PC5+PFM, Rue Hassan Harbouch, Le Kef, Tunisie",,,,False,False,True,True,Wishes box Le Kef site:facebook.com,Wishes box Le Kef site:instagram.com,,
Société bee jouets enfants Tunisie Tunis,Magasin de jouets,Marsa,False,"Av. Ali Balhaouène, Marsa, Tunisie",https://mannaitntn.wixsite.com/website/boutique,https://www.facebook.com/wix,,True,False,True,True,Société bee jouets enfants Tunisie Tunis Marsa site:facebook.com,Société bee jouets enfants Tunisie Tunis Marsa site:instagram.com,site_web,
Maxi Toys,Magasin de jouets,la soukra,False,"102 Av. de l'UMA, la soukra 1034, Tunisie",,,https://www.instagram.com/popular/hamster-prix-tunisie,False,False,True,True,Maxi Toys la soukra site:facebook.com,Maxi Toys la soukra site:instagram.com,,google
La mère et l'enfant Le Colisée,Magasin de jouets,Tunis,False,"R52J+4J3, Av. de Paris, Tunis, Tunisie",http://www.lamereetlenfant.tn,https://www.facebook.com/lamereetlenfant,https://www.instagram.com/lamereetlenfant,True,False,True,True,La mère et l'enfant Le Colisée Tunis site:facebook.com,La mère et l'enfant Le Colisée Tunis site:instagram.com,site_web,site_web
Petit Ange magasin de puériculture et de jouets en Tunisie,Magasin de jouets,Ariana,False,"Av. de l’Ère Nouvelle, Ariana, Tunisie",https://ptitange.tn,https://www.facebook.com/petit.ange.ennasr,https://www.instagram.com/petit_ange_ennasr,True,False,True,True,Petit Ange magasin de puériculture et de jouets en Tunisie Ariana site:facebook.com,Petit Ange magasin de puériculture et de jouets en Tunisie Ariana site:instagram.com,site_web,site_web
Magasin de jouets bébés et enfants.Tunisie,Magasin de jouets,Ben Arous,False,"P7G4+JRH, Ben Arous, Tunisie",https://mannaitntn.wixsite.com/website/boutique,https://www.facebook.com/wix,,True,False,True,True,Magasin de jouets bébés et enfants.Tunisie Ben Arous site:facebook.com,Magasin de jouets bébés et enfants.Tunisie Ben Arous site:instagram.com,site_web,
Zizou land,Magasin de jouets,Nabeul‎,False,"Ave. Hedi Chaker, Nabeul‎ 8000, Tunisie",,,,False,False,True,True,Zizou land Nabeul‎ site:facebook.com,Zizou land Nabeul‎ site:instagram.com,,
La Mère et l'Enfant - La Soukra,Magasin de jouets,Tunis,False,"2036 Av. de l'UMA, Tunis 2036, Tunisie",http://www.lamereetlenfant.tn,https://www.facebook.com/lamereetlenfant,https://www.instagram.com/lamereetlenfant,True,False,True,True,La Mère et l'Enfant - La Soukra Tunis site:facebook.com,La Mère et l'Enfant - La Soukra Tunis site:instagram.com,site_web,site_web
ABRACADABRA - La Soukra,Magasin de jouets,Ariana,False,"109 Av. de l'UMA, Ariana, Tunisie",,https://www.facebook.com/abracadabratunisie,,False,True,False,True,,ABRACADABRA - La Soukra Ariana site:instagram.com,,
Tipirate,Magasin de jouets,Tunis,False,"10 rue Menzel Mabrouk, Tunis 1003, Tunisie",https://www.tipirate-store.tn,https://www.facebook.com/1675387436071073,https://www.instagram.com/tipiratetunis,True,False,True,True,Tipirate Tunis site:facebook.com,Tipirate Tunis site:instagram.com,site_web,site_web
univers enfants,Magasin de jouets,Bizerte,False,"rue sidi salem, Bizerte 7000, Tunisie",,,https://www.instagram.com/univers_enfants_,False,False,True,True,univers enfants Bizerte site:facebook.com,univers enfants Bizerte site:instagram.com,,google
Côté bébé Côté enfant,Magasin de jouets,Sousse,False,"Rue du Commandant Bejaoui, Sousse 4000, Tunisie",,https://www.facebook.com/Cotebebecoteenfant,https://www.instagram.com/cotebebecoteenfant,False,False,True,True,Côté bébé Côté enfant Sousse site:facebook.com,Côté bébé Côté enfant Sousse site:instagram.com,google,google
Tunisie jouets,Magasin de jouets,,True,"2083, Tunisie",http://www.tunisiejouets.com,http://facebook.com/Tunisiejeuxjouets,https://www.instagram.com/tunisie.jouets,True,False,True,True,Tunisie jouets site:facebook.com,Tunisie jouets site:instagram.com,site_web,site_web
King Toys,Magasin de jouets,Tunis,False,"R5Q4+282, Tunis, Tunisie",,https://www.facebook.com/barhounjouets,,False,False,True,True,King Toys Tunis site:facebook.com,King Toys Tunis site:instagram.com,google,
Moncef jouets,Magasin de jouets,Marsa,False,"Espace la, Perle Bleu, 5, Km5 Route du Gammarth, Marsa 2078, Tunisie",http://www.moncefjouets.com,https://www.facebook.com/moncefjouets,https://www.instagram.com/moncefjouets,True,False,True,True,Moncef jouets Marsa site:facebook.com,Moncef jouets Marsa site:instagram.com,site_web,site_web
Magasin de Jouets Happiness Store,Magasin de jouets,El Aouina,False,"23 Av. Khaled Ibn El Walid, El Aouina 2045, Tunisie",,https://www.facebook.com/happiness.store.tn,,False,True,False,True,,Magasin de Jouets Happiness Store El Aouina site:instagram.com,,
Bébé et Maman,Magasin de jouets,El Mourouj,False,"Mourouj 3, El Mourouj, Tunisie",https://bebeetmaman.tn/fr,https://www.facebook.com/bebeetmamanshop,https://www.instagram.com/bebeetmaman_tn,True,False,True,True,Bébé et Maman El Mourouj site:facebook.com,Bébé et Maman El Mourouj site:instagram.com,site_web,site_web
"Esprit Jouets – Bébé, Éveil & Éducatif à Sousse",Magasin de jouets,Sousse,False,"Av. Mohamed Karoui, Sousse 4000, Tunisie",http://www.espritjouets.tn,,,True,False,True,True,"Esprit Jouets – Bébé, Éveil & Éducatif à Sousse Sousse site:facebook.com","Esprit Jouets – Bébé, Éveil & Éducatif à Sousse Sousse site:instagram.com",,
Kids Factory,Magasin de jouets,El Mourouj,False,"42 Av. de Paris, El Mourouj, Tunisie",,,,False,False,True,True,Kids Factory El Mourouj site:facebook.com,Kids Factory El Mourouj site:instagram.com,,
عدنان بلار,Magasin de meubles,Dahmani,False,"WRRH+PMM, P18, Dahmani, Tunisie",,,,False,False,True,True,عدنان بلار Dahmani site:facebook.com,عدنان بلار Dahmani site:instagram.com,,
عبد الحق النجار,Magasin de meubles,Dahmani,False,"WRRH+R3W, Dahmani, Tunisie",,,,False,False,True,True,عبد الحق النجار Dahmani site:facebook.com,عبد الحق النجار Dahmani site:instagram.com,,
STL,Magasin de fournitures pour bars et restaurants,Le Kef,False,"5M6W+RQQ, Le Kef, Tunisie",,,,False,False,True,True,STL Le Kef site:facebook.com,STL Le Kef site:instagram.com,,
محمد مرشد الخماسي,Magasin de meubles,Dahmani,False,"WRRH+H9, Dahmani, Tunisie",,,,False,False,True,True,محمد مرشد الخماسي Dahmani site:facebook.com,محمد مرشد الخماسي Dahmani site:instagram.com,,
HAMDANI MEUBLEs,Magasin d'ameublement et de décoration,Sidi 'Amarah,False,"M4XW+469, Sidi 'Amarah, Tunisie",,,,False,False,True,True,HAMDANI MEUBLEs Sidi 'Amarah site:facebook.com,HAMDANI MEUBLEs Sidi 'Amarah site:instagram.com,,
دار الأثاث و التأثيث بالكاف,Magasin de meubles,Le Kef,False,"Cité El Bassatine en face de STEG, Le Kef 7100, Tunisie",,,,False,False,True,True,دار الأثاث و التأثيث بالكاف Le Kef site:facebook.com,دار الأثاث و التأثيث بالكاف Le Kef site:instagram.com,,
Ramzi للأثاث,Magasin de meubles,Sbiba,False,"G3VC+55F, Sbiba, Tunisie",,,,False,False,True,True,Ramzi للأثاث Sbiba site:facebook.com,Ramzi للأثاث Sbiba site:instagram.com,,
Royal meuble sbeitla,Magasin de meubles,Sbiba,False,"13 km à sbeitla, route de, Sbiba, Tunisie",,,,False,False,True,True,Royal meuble sbeitla Sbiba site:facebook.com,Royal meuble sbeitla Sbiba site:instagram.com,,
لسعد نجار,Magasin de meubles,Dahmani,False,"WRQG+VVV, Avenue Hédi Chaker, Dahmani, Tunisie",,,,False,False,True,True,لسعد نجار Dahmani site:facebook.com,لسعد نجار Dahmani site:instagram.com,,
Art Et Decor,Magasin d'ameublement et de décoration,Le Kef,False,"5P87+376, Le Kef, Tunisie",,,,False,False,True,True,Art Et Decor Le Kef site:facebook.com,Art Et Decor Le Kef site:instagram.com,,
Zou furniture,Magasin de meubles,Dahmani,False,"Dahmani 3200, Tunisie",,,,False,False,True,True,Zou furniture Dahmani site:facebook.com,Zou furniture Dahmani site:instagram.com,,
Mohammed ali samaali store,Accessoires mobiliers,El Ksour,False,"VVVM+RQ, El Ksour 7160, Tunisie",,,,False,False,True,True,Mohammed ali samaali store El Ksour site:facebook.com,Mohammed ali samaali store El Ksour site:instagram.com,,
Boughanmi meuble vente et achat el kef,Magasin d'ameublement et de décoration,Le Kef,False,"5PG6+FWV, Unnamed Road, Le Kef, Tunisie",,,,False,False,True,True,Boughanmi meuble vente et achat el kef Le Kef site:facebook.com,Boughanmi meuble vente et achat el kef Le Kef site:instagram.com,,
Meuble sfaxi,Magasin de meubles,Dahmani,False,"33 rue République, Dahmani 7170, Tunisie",,,,False,False,True,True,Meuble sfaxi Dahmani site:facebook.com,Meuble sfaxi Dahmani site:instagram.com,,
Bouzoraa lassaad,Magasin de meubles,El Ksour,False,"VVVQ+4RQ, El Ksour, Tunisie",,,,False,False,True,True,Bouzoraa lassaad El Ksour site:facebook.com,Bouzoraa lassaad El Ksour site:instagram.com,,
Meuble boulaabi,Magasin de meubles,Foussana,False,"9J2F+CV6, Foussana, Tunisie",,,,False,False,True,True,Meuble boulaabi Foussana site:facebook.com,Meuble boulaabi Foussana site:instagram.com,,
Meuble importé d l'Italie,Magasin de meubles,Le Kef,False,"5P86+H29, Le Kef, Tunisie",,,,False,False,True,True,Meuble importé d l'Italie Le Kef site:facebook.com,Meuble importé d l'Italie Le Kef site:instagram.com,,
Côté Maison - La Soukra,Magasin de meubles,Tunis,False,"116 Av. de l'UMA, Tunis, Tunisie",http://cotemaison.tn,,,True,False,True,True,Côté Maison - La Soukra Tunis site:facebook.com,Côté Maison - La Soukra Tunis site:instagram.com,,
Meubles GOLDEN HOUSE,Magasin de meubles d'occasion,Le Kef,False,"5P77+V88, Rte Harrouch, Le Kef, Tunisie",,,,False,False,True,True,Meubles GOLDEN HOUSE Le Kef site:facebook.com,Meubles GOLDEN HOUSE Le Kef site:instagram.com,,
Meubles MEZGHANI,Magasin de meubles,Tunis,False,"avenue de l'industrie charguia 1 Tunis, 15 rue de l'industrie, Tunis 2035, Tunisie",http://www.meublesmezghani.com,https://www.facebook.com/MeublesMezghani,https://www.instagram.com/meublesmezghani,True,False,True,True,Meubles MEZGHANI Tunis site:facebook.com,Meubles MEZGHANI Tunis site:instagram.com,site_web,site_web
ONS Médical & Parapharmacie,Parapharmacie,Siliana,False,"000 Av. Abdessattar Dridi, Siliana 6100, Tunisie",,,,False,False,True,True,ONS Médical & Parapharmacie Siliana site:facebook.com,ONS Médical & Parapharmacie Siliana site:instagram.com,,
Espace Nature,Magasin bio,Le Kef,False,"5P56+HC3, P5, El Kef, Tunisie",,,,False,False,True,True,Espace Nature Le Kef site:facebook.com,Espace Nature Le Kef site:instagram.com,,
Forclean jamila,Magasin de cosmétiques,Siliana,False,"39V9+R2G, Siliana, Tunisie",,,,False,False,True,True,Forclean jamila Siliana site:facebook.com,Forclean jamila Siliana site:instagram.com,,
Red flower,Magasin de cosmétiques,Foussana,False,"8JXH+2WP, Foussana, Tunisie",,,https://www.instagram.com/primarosatunisie,False,False,True,True,Red flower Foussana site:facebook.com,Red flower Foussana site:instagram.com,,google
maison des jeunes Makthar,Magasin de cosmétiques,Maktar,False,"V53X+2CJ, Maktar, Tunisie",,,,False,False,True,True,maison des jeunes Makthar Maktar site:facebook.com,maison des jeunes Makthar Maktar site:instagram.com,,
Takwa Plast,Magasin de meubles,Siliana,False,"39Q9+R23, Siliana, Tunisie",,,,False,False,True,True,Takwa Plast Siliana site:facebook.com,Takwa Plast Siliana site:instagram.com,,
Electro Meuble Magdouli,Magasin de meubles,Oueslatia,False,"Route Principale, Oueslatia 3120, Tunisie",https://www.electromeublemagdouli.com,,,True,False,True,True,Electro Meuble Magdouli Oueslatia site:facebook.com,Electro Meuble Magdouli Oueslatia site:instagram.com,,
Meubles Essifi,Magasin de meubles,Oueslatia,False,"RHWQ+C6W, Oueslatia, Tunisie",,,,False,False,True,True,Meubles Essifi Oueslatia site:facebook.com,Meubles Essifi Oueslatia site:instagram.com,,
محل أثاث بيوت,Magasin de meubles,Sbiba,False,"G3VG+882, Sbiba, Tunisie",,,,False,False,True,True,محل أثاث بيوت Sbiba site:facebook.com,محل أثاث بيوت Sbiba site:instagram.com,,
AZAR DIAMONDS,Bijouterie,Tunis,False,"Tunis, Tunisie",http://www.azardiamonds.com,,,True,False,True,True,AZAR DIAMONDS Tunis site:facebook.com,AZAR DIAMONDS Tunis site:instagram.com,,
Bijouterie Zaher 1,Bijouterie,Ariana,False,"Rue Sidi Jebeli, Ariana, Tunisie",,,https://www.instagram.com/popular/zaher-bijouterie-nabeul,False,False,True,True,Bijouterie Zaher 1 Ariana site:facebook.com,Bijouterie Zaher 1 Ariana site:instagram.com,,google
"Lunja Bijoux Création de bijoux faits à la main, originaux et personnalisés",Bijouterie,Tunis,False,"33 Av. Habib Bourguiba, Tunis 1001, Tunisie",http://www.lunjabijoux.com,https://www.facebook.com/Lunja.officiel,https://www.instagram.com/lunja.officiel,True,False,True,True,"Lunja Bijoux Création de bijoux faits à la main, originaux et personnalisés Tunis site:facebook.com","Lunja Bijoux Création de bijoux faits à la main, originaux et personnalisés Tunis site:instagram.com",site_web,site_web
Joaillerie larous,Bijouterie,Nabeul‎,False,"Centre commercial Nabeul centre, 8000, Tunisie",https://www.joaillerie-larous.com.tn,https://www.facebook.com/JoaillerieLarousmjwhratAlrws,https://www.instagram.com/joaillerie_larous,True,False,True,True,Joaillerie larous Nabeul‎ site:facebook.com,Joaillerie larous Nabeul‎ site:instagram.com,site_web,site_web
Bijouterie Chichkhane Lac,Bijouterie,Tunis,False,"Rue Lac Victoria, Tunis, Tunisie",http://www.bijouterie-chichkhane.com,https://www.facebook.com/BCHICHKHANE,https://www.instagram.com/chichkhane_bijouterie,True,False,True,True,Bijouterie Chichkhane Lac Tunis site:facebook.com,Bijouterie Chichkhane Lac Tunis site:instagram.com,site_web,site_web
Beads,Bijouterie,Tunis,False,"Q5WC+JP3, Tunis, Tunisie",https://instagram.com/bijoux.jade?igshid=MWZjMTM2ODFkZg==,https://developers.facebook.com/docs/instagram,https://about.instagram.com,True,False,True,True,Beads Tunis site:facebook.com,Beads Tunis site:instagram.com,site_web,site_web
GAŸA accessoire,Bijouterie,Tunis,False,"Avenue Mongi Slim, Tunis, Tunisie",https://gaya.com.tn,,https://www.instagram.com/gaya.access,True,False,True,True,GAŸA accessoire Tunis site:facebook.com,GAŸA accessoire Tunis site:instagram.com,,site_web
Bijouterie Driouech,Bijouterie,Téboursouk,False,"avenue de la republique, Téboursouk 9040, Tunisie",,https://www.facebook.com/bijouterie.driouech,,False,True,False,True,,Bijouterie Driouech Téboursouk site:instagram.com,,
Habiba Jewellery,Bijouterie,Tunis,False,"R6JP+RPJ, Hotel le concorde lac I Tunis, Rue du Lac Turkana, Tunis 1053, Tunisie",https://habiba.jewelry,https://www.facebook.com/HabibaJewellery,https://www.instagram.com/habiba.jewellery,True,False,True,True,Habiba Jewellery Tunis site:facebook.com,Habiba Jewellery Tunis site:instagram.com,site_web,site_web
White One Jewelry,Boutique d'accessoires de mode,Tunis,False,"Avenue Tahar Sfar, Tunis 2092, Tunisie",,,,False,False,True,True,White One Jewelry Tunis site:facebook.com,White One Jewelry Tunis site:instagram.com,,
Bijouterie Chichkhane,Bijouterie,Nabeul‎,False,"Rue Ali Belhouane , Immeuble La Jarre, Nabeul‎ 8000, Tunisie",http://www.bijouterie-chichkhane.com,https://www.facebook.com/BCHICHKHANE,https://www.instagram.com/chichkhane_bijouterie,True,False,True,True,Bijouterie Chichkhane Nabeul‎ site:facebook.com,Bijouterie Chichkhane Nabeul‎ site:instagram.com,site_web,site_web
Bijouterie Kacem,Bijouterie,Nabeul‎,False,"IMMEUBLE MERIEM، 68 Hedi Chaker St., Nabeul‎ 8000, Tunisie",http://www.bijouterie-kacem.com,https://www.facebook.com/bijouteriekacem,https://www.instagram.com/bijouteriekacem,True,False,True,True,Bijouterie Kacem Nabeul‎ site:facebook.com,Bijouterie Kacem Nabeul‎ site:instagram.com,site_web,site_web
elya bijoux,Bijouterie,Tunis,False,"Rue de la bourse, Tunis 1053, Tunisie",,,,False,False,True,True,elya bijoux Tunis site:facebook.com,elya bijoux Tunis site:instagram.com,,
Sara Jomaa Créatrice de Bijoux,Bijouterie,Tunis,False,"Tunis, Tunisie",http://www.sarajomaa.com,,https://www.instagram.com/sarajomaa.bijoux,True,False,True,True,Sara Jomaa Créatrice de Bijoux Tunis site:facebook.com,Sara Jomaa Créatrice de Bijoux Tunis site:instagram.com,,site_web
Phone house +,Magasin de téléphonie mobile,Tunis,False,"Av. Habib Thameur, Tunis, Tunisie",,https://www.facebook.com/SOUPHONEHOUSE,https://www.instagram.com/phone.house.plus,False,False,True,True,Phone house + Tunis site:facebook.com,Phone house + Tunis site:instagram.com,google,google
LindaPhone Store,Magasin d'accessoires pour téléphones mobiles,Tunis,False,"N°38, Av. Khaled Ibn El Walid, Tunis 2045, Tunisie",,,https://www.instagram.com/lindaphonestore,False,False,True,True,LindaPhone Store Tunis site:facebook.com,LindaPhone Store Tunis site:instagram.com,,google
B2B store plus,Magasin d'accessoires pour téléphones mobiles,Tunis,False,"V735+23Q, Tunis, Tunisie",,,,False,False,True,True,B2B store plus Tunis site:facebook.com,B2B store plus Tunis site:instagram.com,,
Sellphone TN,Magasin de téléphonie mobile,Tunis,False,"10 Rue de Marseille, Tunis 1009, Tunisie",,,https://www.instagram.com/sellphonetn,False,False,True,True,Sellphone TN Tunis site:facebook.com,Sellphone TN Tunis site:instagram.com,,google
Samsung Brand Shop Tunisie,Magasin de téléphonie mobile,Tunis,False,"Bd de la Terre, Tunis 1082, Tunisie",https://www.samsungtunisie.tn,https://www.facebook.com/SamsungBrandShopTunisie,https://www.instagram.com/brandshoptunisie,True,False,True,True,Samsung Brand Shop Tunisie Tunis site:facebook.com,Samsung Brand Shop Tunisie Tunis site:instagram.com,site_web,site_web
Tunisia-Smartphone Store,Magasin de téléphonie mobile,Tunis,False,"Rue du Niger, Tunis 1002, Tunisie",https://www.tunisia-smartphone.store,,https://www.instagram.com/popular/tunisia-smartphone-store-tunis,True,False,True,True,Tunisia-Smartphone Store Tunis site:facebook.com,Tunisia-Smartphone Store Tunis site:instagram.com,,google
Telifouni,Magasin de téléphonie mobile,Ariana,False,"Cité Ennasr, Rue Ariana Al Wouroud Résidence Errayahine Magasin M1 Ennasr, 2037, Tunisie",https://www.instagram.com/zonephone.tn?igsh=dnlkN3B2eTB5eWdu,https://developers.facebook.com/docs/instagram,https://about.instagram.com,True,False,True,True,Telifouni Ariana site:facebook.com,Telifouni Ariana site:instagram.com,site_web,site_web
Mr.Phone Tunisia,Magasin de téléphonie mobile,Tunis,False,"57 Chedli Kallela, Tunis 1002, Tunisie",https://mrphone.tn,,,True,False,True,True,Mr.Phone Tunisia Tunis site:facebook.com,Mr.Phone Tunisia Tunis site:instagram.com,,
Samsung Brand Shop,Magasin de téléphonie mobile,Tunis,False,"Rue du Lac Biwa Túnez TN 1053, Rue du Lac Biwa, Tunis, Tunisie",https://www.samsungshop.tn,https://www.facebook.com/SamsungTunis,https://www.instagram.com/samsung_shop_lac_tunisia,True,False,True,True,Samsung Brand Shop Tunis site:facebook.com,Samsung Brand Shop Tunis site:instagram.com,site_web,site_web
Magasin Téléphone Mobile Tichilla Store,Magasin de téléphonie mobile,Tunis,False,"64 Av. Khaled Ibn El Walid, Tunis, Tunisie",,,,False,False,True,True,Magasin Téléphone Mobile Tichilla Store Tunis site:facebook.com,Magasin Téléphone Mobile Tichilla Store Tunis site:instagram.com,,
Phone Store Tn Menzeh 5,Magasin d'électronique,Ariana,False,"2 Rue Mustapha Abdessalem, Ariana, Tunisie",https://phonestoretn.tn,https://www.facebook.com/phonestoreMenzah,https://www.instagram.com/phonestore_tn,True,False,True,True,Phone Store Tn Menzeh 5 Ariana site:facebook.com,Phone Store Tn Menzeh 5 Ariana site:instagram.com,site_web,site_web
Iphone tunisia store,Magasin de téléphonie mobile,Tunis,False,"gallerie7,B48, Tunis 1038, Tunisie",https://www.instagram.com/iphonetunsiastore?igsh=eG41YXluNDRxOWZr&utm_source=qr,,,True,False,True,True,Iphone tunisia store Tunis site:facebook.com,Iphone tunisia store Tunis site:instagram.com,,
Samsung Brand Shop Tunisie,Magasin de téléphonie mobile,Megrine,False,"10 Avenue Habib Bourguiba, Megrine, Tunisie",http://www.samsungtunisie.tn,https://www.facebook.com/SamsungBrandShopTunisie,https://www.instagram.com/brandshoptunisie,True,False,True,True,Samsung Brand Shop Tunisie Megrine site:facebook.com,Samsung Brand Shop Tunisie Megrine site:instagram.com,site_web,site_web
sos informatique,Magasin d'accessoires pour téléphones mobiles,Tunis,False,"شارع الوفاء, Tunis 2024, Tunisie",,https://www.facebook.com/SOS-informatique-1634343173449927,https://www.instagram.com/sossecurite,False,True,False,True,,sos informatique Tunis site:instagram.com,,google
Your tech,Magasin de téléphonie mobile,,True,"2086, Tunisie",,https://www.facebook.com/p/Tsast-100095115752874,,False,False,True,True,Your tech site:facebook.com,Your tech site:instagram.com,google,
PSTORE +,Magasin de téléphonie mobile,Ariana,False,"Immeuble l’Empereur, Av. Hédi Nouira, Ariana 2037, Tunisie",http://www.pstore.tn,https://www.facebook.com/pstoreplus,https://www.instagram.com/pstoreplus,True,False,True,True,PSTORE + Ariana site:facebook.com,PSTORE + Ariana site:instagram.com,site_web,site_web
High Tech Store,Magasin de téléphonie mobile,Tunis,False,"13، 2092 Av. Taher Ben Ammar, Tunis 2092, Tunisie",https://hightechstore.tn,,,True,False,True,True,High Tech Store Tunis site:facebook.com,High Tech Store Tunis site:instagram.com,,
Tokyo Store,Magasin d'électronique,Ariana,False,"Rue Mustapha Abdessalem, Ariana 2091, Tunisie",,,https://www.instagram.com/tokyostore.tn,False,False,True,True,Tokyo Store Ariana site:facebook.com,Tokyo Store Ariana site:instagram.com,,google
My Phone,Magasin d'accessoires pour téléphones mobiles,,True,"Rue Aéroport, 2036, Tunisie",http://www.topnet.tn,https://www.facebook.com/topnet.officiel,https://www.instagram.com/topnet_tn,True,False,True,True,My Phone site:facebook.com,My Phone site:instagram.com,site_web,site_web
Fashion Phone,Magasin de téléphonie mobile,Ariana,False,"Immeuble FOURAT، 106 Av. Hédi Nouira, Ariana 2037, Tunisie",http://fashionphone.tn,,,True,False,True,True,Fashion Phone Ariana site:facebook.com,Fashion Phone Ariana site:instagram.com,,
شاكر للاثاث و التاثيث,Magasin de meubles,Foussana,False,"9J2F+JX4, Foussana, Tunisie",,,,False,False,True,True,شاكر للاثاث و التاثيث Foussana site:facebook.com,شاكر للاثاث و التاثيث Foussana site:instagram.com,,
Nourdinne boulaabi,Magasin de meubles,Foussana,False,"8JXH+2WP, Rue el fatah, Foussana, Tunisie",,,,False,False,True,True,Nourdinne boulaabi Foussana site:facebook.com,Nourdinne boulaabi Foussana site:instagram.com,,
بوتيك روبي,Magasin de meubles,,True,"9P3W+9JH, Tunisie",,,,False,False,True,True,بوتيك روبي site:facebook.com,بوتيك روبي site:instagram.com,,
Gsm Nasri,Accessoires mobiliers,Siliana,False,"39Q9+2CQ, Rue Bizerte, Siliana, Tunisie",,,,False,False,True,True,Gsm Nasri Siliana site:facebook.com,Gsm Nasri Siliana site:instagram.com,,
Dar Habib KHALED,Magasin d'antiquités,Maktar,False,"V652+2WF, P4, Maktar, Tunisie",,,,False,False,True,True,Dar Habib KHALED Maktar site:facebook.com,Dar Habib KHALED Maktar site:instagram.com,,
PDV OOREDOO NADER MEMNI,Magasin d'électronique,Hajeb El Ayoun,False,"9GVV+WVH, Hajeb El Ayoun, Tunisie",,,,False,False,True,True,PDV OOREDOO NADER MEMNI Hajeb El Ayoun site:facebook.com,PDV OOREDOO NADER MEMNI Hajeb El Ayoun site:instagram.com,,
PassBuy,Service d'e-commerce,Al-Jarissah,False,"Place du marché, Al-Jarissah 7114, Tunisie",http://www.passbuy.com.tn,,,True,False,True,True,PassBuy Al-Jarissah site:facebook.com,PassBuy Al-Jarissah site:instagram.com,,
Shipper Tunis,Service d'e-commerce,Tunis,False,"ZI, Tunis 2046, Tunisie",https://shipper.network/tn,,,True,False,True,True,Shipper Tunis Tunis site:facebook.com,Shipper Tunis Tunis site:instagram.com,,
SBC Tunisie : Société Bouzouita de Commerce,Magasin d'accessoires informatiques,Ben Arous,False,"P6XX+Q4Q, Ben Arous, Tunisie",http://www.sbc.com.tn,,,True,False,True,True,SBC Tunisie : Société Bouzouita de Commerce Ben Arous site:facebook.com,SBC Tunisie : Société Bouzouita de Commerce Ben Arous site:instagram.com,,
SEBCOM II ( Ste Electro Bennour Du Commerce),Magasin d'électronique,Tunis,False,"6 Rue de Sparte, Tunis 1000, Tunisie",,,,False,False,True,True,SEBCOM II ( Ste Electro Bennour Du Commerce) Tunis site:facebook.com,SEBCOM II ( Ste Electro Bennour Du Commerce) Tunis site:instagram.com,,
SCPE Société de Commerce des Produits Electriques et Electroniques,Distributeur d'appareils électroniques,Sfax,False,"Rte de Gabes, Sfax 3079, Tunisie",http://www.scpe.tn,https://www.facebook.com/SCPE.tn,,True,False,True,True,SCPE Société de Commerce des Produits Electriques et Electroniques Sfax site:facebook.com,SCPE Société de Commerce des Produits Electriques et Electroniques Sfax site:instagram.com,site_web,
société tunisie ecolight de commerce,Magasin d'électronique,Sfax,False,"Rue Jordanie, Sfax 3000, Tunisie",,,,False,False,True,True,société tunisie ecolight de commerce Sfax site:facebook.com,société tunisie ecolight de commerce Sfax site:instagram.com,,
ecommerce,Service d'e-commerce,Tunis,False,"Complexe Cap Gammarth - BP 86 2078 La Marsa Les Côtes de Carthage - Tunisie, Tunis 2078, Tunisie",http://www.ecommercetunis.com,,https://www.instagram.com/popular/e-commerce-tunisie,True,False,True,True,ecommerce Tunis site:facebook.com,ecommerce Tunis site:instagram.com,,google
Merkado,Service d'e-commerce,Tunis,False,"51, 2 Rue des Entrepreneurs, Tunis 2035, Tunisie",,https://www.facebook.com/Merkado.tunisie,,False,False,True,True,Merkado Tunis site:facebook.com,Merkado Tunis site:instagram.com,google,
Teklocus Tunisie,Service d'e-commerce,Monplaisir,False,"75 Av. Kheireddine Pacha, Monplaisir 1073, Tunisie",,,,False,False,True,True,Teklocus Tunisie Monplaisir site:facebook.com,Teklocus Tunisie Monplaisir site:instagram.com,,
Zoom Informatique,Magasin d'informatique,Tunis,False,"22 Av. Alain Savary, Tunis 1002, Tunisie",https://www.zoom.com.tn,https://www.facebook.com/ZoomInformatiqueOfficiel,https://www.instagram.com/zoom.com.tn,True,False,True,True,Zoom Informatique Tunis site:facebook.com,Zoom Informatique Tunis site:instagram.com,site_web,site_web
Enda Tao | Arfa TechStore,Service d'e-commerce,Siliana,False,"Cite Essalah, Rue 18 Janvier, Siliana 6100, Tunisie",,https://www.facebook.com/profile.php?id=100082378006907,,False,True,False,True,,Enda Tao | Arfa TechStore Siliana site:instagram.com,,
L'OFFICIEL SHOP,Magasin d'informatique,,True,"7 Av. Habib Bourguiba, 2000, Tunisie",http://www.lofficielshop.tn,https://www.facebook.com/lofficiel.tunisie,https://www.instagram.com/lofficiel___shop,True,False,True,True,L'OFFICIEL SHOP site:facebook.com,L'OFFICIEL SHOP site:instagram.com,site_web,site_web
Teklocus Tunisie,Service d'e-commerce,el manar 2,False,"12 Av. Taher Ben Ammar, el manar 2 2092, Tunisie",,,,False,False,True,True,Teklocus Tunisie el manar 2 site:facebook.com,Teklocus Tunisie el manar 2 site:instagram.com,,
Oxtek,Magasin d'informatique,Tunis,False,"39 ibn rachiq le belvedere tunis, 1002, Tunisie",http://www.technopro-online.com,https://www.facebook.com/technopro.tn,https://www.instagram.com/technopro_tn,True,False,True,True,Oxtek Tunis site:facebook.com,Oxtek Tunis site:instagram.com,site_web,site_web
KLAKK Commerce Electronique,Service d'e-commerce,Houmt Souk,False,"Route de l'aeroport, Houmt Souk 4180, Tunisie",,,,False,False,True,True,KLAKK Commerce Electronique Houmt Souk site:facebook.com,KLAKK Commerce Electronique Houmt Souk site:instagram.com,,
N-store Tunisie,Service d'e-commerce,Hammamet,False,"Hammamet 8050, Tunisie",https://nstore-1.converty.shop,,,True,False,True,True,N-store Tunisie Hammamet site:facebook.com,N-store Tunisie Hammamet site:instagram.com,,
Kenza Vente en ligne,Magasin de vêtements,Le Sers,False,"32HF+XW5, Le Sers, Tunisie",,,,False,False,True,True,Kenza Vente en ligne Le Sers site:facebook.com,Kenza Vente en ligne Le Sers site:instagram.com,,
Kairouan Tapis,Magasin de moquettes,Kairouan,False,"M4J3+P54, Kairouan, Tunisie",,,,False,False,True,True,Kairouan Tapis Kairouan site:facebook.com,Kairouan Tapis Kairouan site:instagram.com,,
Royal market,Boutique de cadeaux,Sousse,False,"54 Av. des orangers, Sousse 4051, Tunisie",,https://www.facebook.com/rroyalmaarketkhzema,,False,False,True,True,Royal market Sousse site:facebook.com,Royal market Sousse site:instagram.com,google,
Carrefour Market Hammam Sousse,Supermarché,Sousse,False,"Avenue de la liberté, Sousse 4011, Tunisie",https://www.carrefour.tn,,,True,False,True,True,Carrefour Market Hammam Sousse Sousse site:facebook.com,Carrefour Market Hammam Sousse Sousse site:instagram.com,,
CHAUSSURES PITILLOS TUNISIE,Magasin de chaussures,Tunis,False,"V6GW+3G8, Tunis, Tunisie",,https://www.facebook.com/PITILLOSCHAUSSURES/mentions,,False,False,True,True,CHAUSSURES PITILLOS TUNISIE Tunis site:facebook.com,CHAUSSURES PITILLOS TUNISIE Tunis site:instagram.com,google,
Baletto,Magasin de chaussures,Ariana,False,"8 Ave d'Afrique, Ariana 2091, Tunisie",https://www.baletto.tn,https://www.facebook.com/baletto.tn,https://www.instagram.com/baletto.shoes,True,False,True,True,Baletto Ariana site:facebook.com,Baletto Ariana site:instagram.com,site_web,site_web
Hkeya.tn,Magasin de chaussures,Ariana,False,"Impasse Fatma Ennachi, Ariana, Tunisie",https://hkeya.com,https://www.facebook.com/hkeyashop,https://www.instagram.com/hkeyastore,True,False,True,True,Hkeya.tn Ariana site:facebook.com,Hkeya.tn Ariana site:instagram.com,site_web,site_web
SeaSide chaussures Centre Ville,Magasin de chaussures,Tunis,False,"Av. de Londres, Tunis 1001, Tunisie",https://seasidecollection.store,https://www.facebook.com/SeaSideTunisia,https://www.instagram.com/seaside_chaussures,True,False,True,True,SeaSide chaussures Centre Ville Tunis site:facebook.com,SeaSide chaussures Centre Ville Tunis site:instagram.com,site_web,site_web
Baletto Lac 1,Magasin de chaussures,Tunis,False,"Rue LAC COME Imm. ALYSSA Lac 1 Tunis, 1053, Tunisie",http://www.baletto.tn,https://www.facebook.com/baletto.tn,https://www.instagram.com/baletto.shoes,True,False,True,True,Baletto Lac 1 Tunis site:facebook.com,Baletto Lac 1 Tunis site:instagram.com,site_web,site_web
Chaussures Joliesse,Magasin de chaussures,Tunis,False,"R5P5+HJV, Tunis, Tunisie",http://joliesse.com.tn,https://www.facebook.com/ChaussureJoliesse/mentions,https://www.instagram.com/joliesse_gabes,True,False,True,True,Chaussures Joliesse Tunis site:facebook.com,Chaussures Joliesse Tunis site:instagram.com,google,google
Shoes Center,Magasin de chaussures,Tunis,False,"14 Av. De Carthage, Tunis 1001, Tunisie",,https://www.facebook.com/ShoesCenterOfficiel,https://www.instagram.com/shoescenter_officiel,False,False,True,True,Shoes Center Tunis site:facebook.com,Shoes Center Tunis site:instagram.com,google,google
Shoes Center,Magasin de chaussures,Ariana,False,"V549+4J6, Av. Othman Ibn Affane, Ariana, Tunisie",,https://www.facebook.com/ShoesCenterOfficiel,https://www.instagram.com/shoescenter_officiel,False,False,True,True,Shoes Center Ariana site:facebook.com,Shoes Center Ariana site:instagram.com,google,google
Bamby Chaussures Tunisie,Magasin de chaussures,Tunis,False,"R52J+F7C, Rue Mokhtar Attia, Tunis, Tunisie",,,,False,False,True,True,Bamby Chaussures Tunisie Tunis site:facebook.com,Bamby Chaussures Tunisie Tunis site:instagram.com,,
Shoes Space,Magasin de chaussures,Ariana,False,"114 Av. Tahar Ben Achour, Ariana, Tunisie",,,,False,False,True,True,Shoes Space Ariana site:facebook.com,Shoes Space Ariana site:instagram.com,,
Chaussures Joliesse,Magasin de chaussures,Tunis,False,"64 Rue de La Palestine, Tunis 1002, Tunisie",,https://www.facebook.com/ChaussureJoliesse,https://www.instagram.com/joliesse_gabes,False,True,False,True,,Chaussures Joliesse Tunis site:instagram.com,,google
Nesrinou,Magasin de chaussures,Tunis,False,"36 Av. de Paris, Tunis 1000, Tunisie",,,,False,False,True,True,Nesrinou Tunis site:facebook.com,Nesrinou Tunis site:instagram.com,,
Boutique Fratelli Mitatou,Magasin de chaussures,Tunis,False,"R52J+GX2, Tunis, Tunisie",,,,False,False,True,True,Boutique Fratelli Mitatou Tunis site:facebook.com,Boutique Fratelli Mitatou Tunis site:instagram.com,,
AD MAKEBA,Magasin de chaussures,Tunis,False,"53 Rue Mokhtar Attia, Tunis 1001, Tunisie",,https://www.facebook.com/admakeba,,False,True,False,True,,AD MAKEBA Tunis site:instagram.com,,
Le Sportif,Magasin d'articles de sports,Sousse,False,"R-Point, 40414041, Av. de Yasser Arafat, Sousse, Tunisie",https://www.lesportif.com.tn,https://www.facebook.com/lesportif.tunisie,https://www.instagram.com/le_sportif_tunisie,True,False,True,True,Le Sportif Sousse site:facebook.com,Le Sportif Sousse site:instagram.com,site_web,site_web
XTI Store,Magasin de chaussures,,True,"Tunisia Mall 2 Tunis, 1053, Tunisie",,https://www.facebook.com/XtiTN/mentions,,False,False,True,True,XTI Store site:facebook.com,XTI Store site:instagram.com,google,
Azar shoes store Manar City,Magasin de chaussures,Tunis,False,"MANAR CITY MALL MANAR CITY, Tunis 2092, Tunisie",https://azar.com.tn,https://www.facebook.com/azarshoesstore,https://www.instagram.com/azarshoesstore,True,False,True,True,Azar shoes store Manar City Tunis site:facebook.com,Azar shoes store Manar City Tunis site:instagram.com,site_web,site_web
Rosace palmaruim rez de chaussés,Magasin de chaussures,Tunis,False,"Rue de Greece, Tunis 1000, Tunisie",https://rosace.com.tn,https://www.facebook.com/Chaussures.Rosace,https://www.instagram.com/chaussures.rosace,True,False,True,True,Rosace palmaruim rez de chaussés Tunis site:facebook.com,Rosace palmaruim rez de chaussés Tunis site:instagram.com,site_web,site_web
bijouterie EL HAMDANI,Joaillier,Bizerte,False,"angle rue 2 mars mongi slim, Bizerte 7000, Tunisie",https://www.elhamdani.com,https://www.facebook.com/bijouterie.EL.HAMDANI,https://www.instagram.com/bijouterie.el.hamdani,True,False,True,True,bijouterie EL HAMDANI Bizerte site:facebook.com,bijouterie EL HAMDANI Bizerte site:instagram.com,site_web,site_web
Boutique Faux Bijoux,Boutique de cadeaux,Ariana,False,"Cité Jamil Tunis, 2036, Tunisie",,,,False,False,True,True,Boutique Faux Bijoux Ariana site:facebook.com,Boutique Faux Bijoux Ariana site:instagram.com,,
Accessoires et bijoux femme en Tunisie l Oumaima.TN,Boutique d'accessoires de mode,Marsa,False,"Av. Habib Bourguiba, Marsa 1054, Tunisie",https://oumaima.tn,,,True,False,True,True,Accessoires et bijoux femme en Tunisie l Oumaima.TN Marsa site:facebook.com,Accessoires et bijoux femme en Tunisie l Oumaima.TN Marsa site:instagram.com,,
Wahret Nes Zmen kairouan,Boutique de robes,Kairouan,False,"M3GV+Q9Q, Av. Abi Zamâa El Balaoui, Kairouan, Tunisie",,,,False,False,True,True,Wahret Nes Zmen kairouan Kairouan site:facebook.com,Wahret Nes Zmen kairouan Kairouan site:instagram.com,,
Boutique Zen,Magasin de vêtements,Kairouan,False,"M4G3+4JQ, ave Assad Ibn Fourat, Kairouan, Tunisie",http://www.zen.com.tn,https://www.facebook.com/zaynabenyousef,https://instagram.com/ZENTEAM,True,False,True,True,Boutique Zen Kairouan site:facebook.com,Boutique Zen Kairouan site:instagram.com,google,site_web
Castello,Magasin de vêtements,Kairouan,False,"M4M3+2XF, Rue cité des jardins, Kairouan, Tunisie",,,,False,False,True,True,Castello Kairouan site:facebook.com,Castello Kairouan site:instagram.com,,
ESS Store,Magasin de vêtements de sport,Sousse,False,"Av. Mohamed Karoui, Sousse 4001, Tunisie",,https://www.facebook.com/ESSStore,,False,True,False,True,,ESS Store Sousse site:instagram.com,,
Mall of Sousse,Centre commercial,,True,"RN1, Tunis Km 128, 4060, Tunisie",http://www.mallofsousse.tn,https://www.facebook.com/MallOfSousseOfficiel,https://www.instagram.com/mall_of_sousse,True,False,True,True,Mall of Sousse site:facebook.com,Mall of Sousse site:instagram.com,site_web,site_web
Digital rise solutions | SEO | référencement naturel | Agence SEO Tunisie | سيو,Concepteur de sites Web,Kairouan,False,"hassan hlel, Kairouan 3100, Tunisie",https://digital-rise-solutions.com,https://www.facebook.com/share/1CBYdb6KLA,https://www.instagram.com/digital_rise_solutions,True,False,True,True,Digital rise solutions | SEO | référencement naturel | Agence SEO Tunisie | سيو Kairouan site:facebook.com,Digital rise solutions | SEO | référencement naturel | Agence SEO Tunisie | سيو Kairouan site:instagram.com,site_web,site_web
MS-technologie Agence Web Tunisie,Service d'e-commerce,Kairouan,False,"20 Rue Ibrahim Ben bechir cité assalem manssoura, Kairouan 3131, Tunisie",,,,False,False,True,True,MS-technologie Agence Web Tunisie Kairouan site:facebook.com,MS-technologie Agence Web Tunisie Kairouan site:instagram.com,,
Shopa,Agence e-commerce,,True,,,https://m.facebook.com/p/Football-Tunisie-100083038317540,,False,False,True,True,Shopa site:facebook.com,Shopa site:instagram.com,google,
2B TRADING,Magasin d'électronique,Sousse,False,"IMMEUBLE EL MOEZ, P04, Sousse 4054, Tunisie",http://2btrading.tn,https://www.facebook.com/2bTrading,https://www.instagram.com/popular/2b-trading-sahloul,True,False,True,True,2B TRADING Sousse site:facebook.com,2B TRADING Sousse site:instagram.com,site_web,google
Madame troc,Dépôt-vente,Hammam Sousse,False,"Hammam Sousse, Tunisie",,,https://www.instagram.com/marhba.tn,False,False,True,True,Madame troc Hammam Sousse site:facebook.com,Madame troc Hammam Sousse site:instagram.com,,google
Giex Tunisie,Agence e-commerce,Hammam Sousse,False,"Av. Charles De Gaulle, Hammam Sousse 4011, Tunisie",,,,False,False,True,True,Giex Tunisie Hammam Sousse site:facebook.com,Giex Tunisie Hammam Sousse site:instagram.com,,
massimo dutti Mall of sousse,Magasin de vêtements,Tunis,False,"kalaa kebira s/n Mall Of Sousse RN1, Tunis Km 128. 4060, Tunis 4060, Tunisie",https://www.massimodutti.com/tn/fr/store-locator/sousse-mall-of-sousse-s12833,,,True,False,True,True,massimo dutti Mall of sousse Tunis site:facebook.com,massimo dutti Mall of sousse Tunis site:instagram.com,,
zen sahloul,Magasin de vêtements,بحي,False,"RHMV+M43, Av. de Yasser Arafat, بحي, Tunisie",http://www.zen.com.tn,,https://instagram.com/ZENTEAM,True,False,True,True,zen sahloul بحي site:facebook.com,zen sahloul بحي site:instagram.com,,site_web
Stradivarius,Magasin de vêtements pour femmes,Sousse,False,"Tunis Km 128. Mall Of, Sousse 4060, Tunisie","https://www.stradivarius.com/tn/store-locator/sousse/kalaa-kebira,-s-n-s12241.html",,https://www.instagram.com/popular/stradivarius-tunisie,True,False,True,True,Stradivarius Sousse site:facebook.com,Stradivarius Sousse site:instagram.com,,google
Twetyk,Magasin de vêtements,M'saken,False,"PHPH+9R8, M'saken, Tunisie",,,,False,False,True,True,Twetyk M'saken site:facebook.com,Twetyk M'saken site:instagram.com,,
Go sport mall of sousse,Magasin de vêtements,,True,"P1, Tunisie",,,,False,False,True,True,Go sport mall of sousse site:facebook.com,Go sport mall of sousse site:instagram.com,,
LC Waikiki,Magasin de vêtements,بحي,False,"Av. de Yasser Arafat, بحي، Tunisie",https://corporate.lcwaikiki.com/Magazalar,https://www.facebook.com/lcwaikiki,https://instagram.com/lcwaikiki,True,False,True,True,LC Waikiki بحي site:facebook.com,LC Waikiki بحي site:instagram.com,site_web,site_web
PULL & BEAR Mall of sousse,Magasin de vêtements,TUNIS,False,"S/N, KALAA KEBIRA, TUNIS 4060, Tunisie",https://www.pullandbear.com/tn/fr/stores-locator/sousse/mall-of-sousse-s11786,,,True,False,True,True,PULL & BEAR Mall of sousse TUNIS site:facebook.com,PULL & BEAR Mall of sousse TUNIS site:instagram.com,,
LC Waikiki,Magasin de vêtements,Tunus,False,"Mall of Sousse, Route RN1 tunis P1, Tunus, Tunisie",https://corporate.lcwaikiki.com/Magazalar,https://www.facebook.com/lcwaikiki,https://instagram.com/lcwaikiki,True,False,True,True,LC Waikiki Tunus site:facebook.com,LC Waikiki Tunus site:instagram.com,site_web,site_web
Bershka,Magasin de vêtements,Tunis,False,"S/N, Kalaa Kebira, Tunis 4060, Tunisie",https://www.bershka.com/tn,,https://www.instagram.com/popular/bershka-tunisie-service-client,True,False,True,True,Bershka Tunis site:facebook.com,Bershka Tunis site:instagram.com,,google
Lefties Sousse,Magasin de vêtements,,True,"Mall of Sousse RN1, Tunis Km128, 4060, Tunisie",https://www.lefties.com/tn,,,True,False,True,True,Lefties Sousse site:facebook.com,Lefties Sousse site:instagram.com,,
Centre Slim,Centre commercial,Sousse,False,"RJWC+36R, Sousse, Tunisie",,,,False,False,True,True,Centre Slim Sousse site:facebook.com,Centre Slim Sousse site:instagram.com,,
Heni Collection - Sousse,Magasin de vêtements,Sousse,False,"RHRX+626 Salon de Thé Yachting, Sousse, Tunisie",,http://www.facebook.com/heni.collections,,False,True,False,True,,Heni Collection - Sousse Sousse site:instagram.com,,
Zara Sousse,Magasin de vêtements,Kalâa Kebira,False,"S/N, Kalâa Kebira 4060, Tunisie",https://www.zara.com/tn/fr/stores-locator/zara-sousse-mall-of-sousse-s12452,https://www.facebook.com/Zara,https://www.instagram.com/zara,True,False,True,True,Zara Sousse Kalâa Kebira site:facebook.com,Zara Sousse Kalâa Kebira site:instagram.com,site_web,site_web
HENI COLLECTION,Magasin de vêtements,,True,"P1, Tunisie",,,,False,False,True,True,HENI COLLECTION site:facebook.com,HENI COLLECTION site:instagram.com,,
DCM Jennyfer,Magasin de vêtements,,True,"P1, Tunisie",https://www.jennyfer.com,,https://www.instagram.com/popular/dcm-jennyfer-reunion,True,False,True,True,DCM Jennyfer site:facebook.com,DCM Jennyfer site:instagram.com,,google
wishop.tn,Service d'e-commerce,Menzel Bourguiba,False,"5Q4V+GV2, Rue Habib Bougatfa, Menzel Bourguiba 7050, Tunisie",,,,False,False,True,True,wishop.tn Menzel Bourguiba site:facebook.com,wishop.tn Menzel Bourguiba site:instagram.com,,
mycare.tn,Parapharmacie,Bizerte,False,"7V97+GFM, Av. Habib Bourguiba Bab Mateur, avenue habib bougiba, Bizerte 7063, Tunisie",https://mycare.tn,https://www.facebook.com/mycare.tn,https://www.instagram.com/mycare.tn,True,False,True,True,mycare.tn Bizerte site:facebook.com,mycare.tn Bizerte site:instagram.com,site_web,site_web
LC Waikiki,Magasin de vêtements,HYPPO,False,"35,RUE CENTER, Ave Hassen Nouri, HYPPO, Tunisie",https://corporate.lcwaikiki.com/Magazalar,https://www.facebook.com/lcwaikiki,https://instagram.com/lcwaikiki,True,False,True,True,LC Waikiki HYPPO site:facebook.com,LC Waikiki HYPPO site:instagram.com,site_web,site_web
Familia Chic,Boutique d'articles de mariage,Kalâat el-Andalous,False,"346C+3G4, Kalâat el-Andalous, Tunisie",,,,False,False,True,True,Familia Chic Kalâat el-Andalous site:facebook.com,Familia Chic Kalâat el-Andalous site:instagram.com,,
Khadraoui TEK,Magasin de téléphonie mobile,Bizerte,False,"33 Rue Bourguiba, Bizerte 7000, Tunisie",https://khadraouitek.tn,https://www.facebook.com/KhadraouiTek,https://www.instagram.com/khadraouitek.tn,True,False,True,True,Khadraoui TEK Bizerte site:facebook.com,Khadraoui TEK Bizerte site:instagram.com,site_web,site_web
ElectroTech,Supermarché,Menzel Abderrahmane,False,"ZARZOUNA RTE DE, Menzel Abderrahmane 7021, Tunisie",http://www.bacha.tn,https://www.facebook.com/p/%C3%89lectro-Tech-Tn-61574424313820,,True,False,True,True,ElectroTech Menzel Abderrahmane site:facebook.com,ElectroTech Menzel Abderrahmane site:instagram.com,google,
VOG,Magasin de vêtements pour femmes,Bizerte,False,"Centre ville rue d'Espagne derrière la municipalité et terrain tennis, Bizerte 7000, Tunisie",http://vog.com.tn,https://www.facebook.com/vog.stores,https://www.instagram.com/vog.stores,True,False,True,True,VOG Bizerte site:facebook.com,VOG Bizerte site:instagram.com,site_web,site_web
FATALES Colisée,Magasin de cosmétiques,Bizerte,False,"rue 1 mai, Bizerte, Tunisie",http://www.fatales.tn,https://www.facebook.com/fatales.tunisie,https://www.instagram.com/fatales_stores/ ,True,False,True,True,FATALES Colisée Bizerte site:facebook.com,FATALES Colisée Bizerte site:instagram.com,site_web,site_web
El Maqsoura,Marché,Bizerte,False,"Rue 14 Janvier, Tunisie",http://elmaqsoura.com,https://www.facebook.com/elmaqsoura,,True,False,True,True,El Maqsoura Bizerte site:facebook.com,El Maqsoura Bizerte site:instagram.com,google,
Hamadi Abid,Magasin de vêtements,Bizerte,False,"7VCC+X4F, Ave Hassen Nouri, Bizerte, Tunisie",,,https://www.instagram.com/popular/hamadi-abid-tunisia-mall,False,False,True,True,Hamadi Abid Bizerte site:facebook.com,Hamadi Abid Bizerte site:instagram.com,,google
مكتبة القرطاس والقلم بنزرت,Librairie,Bizerte,False,"rue d'Espagne, Bizerte 7000, Tunisie",https://www.alkirtas.com,https://www.facebook.com/Alkirtas,https://www.instagram.com/al_kirtas,True,False,True,True,مكتبة القرطاس والقلم بنزرت Bizerte site:facebook.com,مكتبة القرطاس والقلم بنزرت Bizerte site:instagram.com,site_web,site_web
makewebsite,Agence e-commerce,Sousse,False,"4000 Av 20 mars, Sousse 4000, Tunisie",https://makewebsite.io,https://www.facebook.com/MakeWebsite.io,https://www.instagram.com/makewebsite.io,True,False,True,True,makewebsite Sousse site:facebook.com,makewebsite Sousse site:instagram.com,site_web,site_web
Youbi Trading,Service d'e-commerce,Sousse,False,"4 -ème étage, immeuble bouhajeb, Bureau A10, Sousse 5054, Tunisie",,,,False,False,True,True,Youbi Trading Sousse site:facebook.com,Youbi Trading Sousse site:instagram.com,,
ITGate,Service d'e-commerce,Sousse,False,"2éme étage B1، Résidence El Hamd, Rue d'Algérie, Sousse 4011, Tunisie",https://itgate-group.com,https://www.facebook.com/itgate.group,https://www.instagram.com/itgate.group,True,False,True,True,ITGate Sousse site:facebook.com,ITGate Sousse site:instagram.com,site_web,site_web
Apeiron Technologies (Développement de logiciel),Concepteur de sites Web,Sousse,False,"AV YASSER ARAFET SAHLOUL (2 ETAGE B A21 RESIDENCE SarayE, 4054 Av. de Yasser Arafat, Sousse 4053, Sousse 4054, Tunisie",https://www.apeiron-tech.com,,,True,False,True,True,Apeiron Technologies (Développement de logiciel) Sousse site:facebook.com,Apeiron Technologies (Développement de logiciel) Sousse site:instagram.com,,
Bling tn,Agence e-commerce,Sousse,False,"RHRV+4PP, Sousse, Tunisie",,https://www.facebook.com/the.bling.tn,https://www.instagram.com/the.bling.tn,False,False,True,True,Bling tn Sousse site:facebook.com,Bling tn Sousse site:instagram.com,google,google
UCANBE,Service d'e-commerce,Sousse,False,"Av. la Perle du Sahel, Sousse 4000, Tunisie",http://www.ucanbe.tn,https://www.facebook.com/profile.php,https://www.instagram.com/ucanbe.tn,True,False,True,True,UCANBE Sousse site:facebook.com,UCANBE Sousse site:instagram.com,site_web,site_web
IDEAL CONCEPTION,Concepteur de sites Web,Sousse,False,"près de Carrefour Market Jawhara، Boulevard 20 Mars Immeuble Aoun، N° 604 6ème étage, Sousse 4000, Tunisie",http://www.idealconception.com,https://www.facebook.com/idealconception,,True,False,True,True,IDEAL CONCEPTION Sousse site:facebook.com,IDEAL CONCEPTION Sousse site:instagram.com,site_web,
Youbi,Agence e-commerce,Sousse,False,"Résidence Bouhajeb, Avenue Yasser Arafet, sahloul Sousse, Tunisie sousse, 4054, Tunisie",,https://www.facebook.com/youbitunisie,https://www.instagram.com/youbi.tn,False,False,True,True,Youbi Sousse site:facebook.com,Youbi Sousse site:instagram.com,google,google
e-tijara PRO,Service d'e-commerce,,True,,https://e-tijara.tn,https://www.facebook.com/61575273497012,,True,False,True,True,e-tijara PRO site:facebook.com,e-tijara PRO site:instagram.com,google,
Wamia kalaa Seghira,Service d'e-commerce,Kalâa Seghira,False,"Rond-point Raouebi (vers autoroute Tunisie Sfax, Kalâa Seghira 4021, Tunisie",http://www.wamia.tn,https://www.facebook.com/profile.php,https://www.instagram.com/wamia.tn,True,False,True,True,Wamia kalaa Seghira Kalâa Seghira site:facebook.com,Wamia kalaa Seghira Kalâa Seghira site:instagram.com,site_web,site_web
Gobig,Service d'e-commerce,Sousse,False,"RHPV+4W, Sousse, Tunisie",https://www.gobig.tn,https://www.facebook.com/gobigtrading,https://www.instagram.com/qawafeltn,True,False,True,True,Gobig Sousse site:facebook.com,Gobig Sousse site:instagram.com,google,google
Princesse NG+,Service d'e-commerce,Sousse,False,"rue al kanz hay riadh num 41 Sousse, 4023, Tunisie",,,,False,False,True,True,Princesse NG+ Sousse site:facebook.com,Princesse NG+ Sousse site:instagram.com,,
MiraShop,Agence e-commerce,Sousse,False,"Immeuble Aoun, Rue 20 Mars Sousse, Jaouhara, 4000, Tunisie",https://www.mirashop.tn,,https://www.instagram.com/popular/marjane-lahjajma-casablanca,True,False,True,True,MiraShop Sousse site:facebook.com,MiraShop Sousse site:instagram.com,,google
Foresti.tn,Service d'e-commerce,Akouda,False,"Av Beb Elkos, Akouda 4022, Tunisie",https://foresti.tn,https://www.facebook.com/61552837535758,,True,False,True,True,Foresti.tn Akouda site:facebook.com,Foresti.tn Akouda site:instagram.com,google,
Boutique Rania Fashion,Magasin de vêtements pour femmes,Tunis,False,"Rue 105, Tunis 2041, Tunisie",,https://www.facebook.com/p/Rania-boutique-100063808880525,,False,False,True,True,Boutique Rania Fashion Tunis site:facebook.com,Boutique Rania Fashion Tunis site:instagram.com,google,
Boutique ANGEL,Magasin de vêtements pour femmes,Mahdia,False,"شارع الحبيب بورقيبة, Mahdia, Tunisie",http://www.boutique-angel.com,https://www.facebook.com/Boutiqueangelmahdia,https://www.instagram.com/angelpretaporter,True,False,True,True,Boutique ANGEL Mahdia site:facebook.com,Boutique ANGEL Mahdia site:instagram.com,site_web,site_web
LILY CLOTHES TUNIS,Magasin de vêtements pour femmes,Tunis,False,"8 Rue du Lac Biwa, Tunis, Tunisie",,,,False,False,True,True,LILY CLOTHES TUNIS Tunis site:facebook.com,LILY CLOTHES TUNIS Tunis site:instagram.com,,
Boutique new collection mahdia,Magasin de vêtements,Mahdia,False,"Av. Taher Sfar, Mahdia 5100, Tunisie",,https://www.facebook.com/boutique.new.collection,,False,False,True,True,Boutique new collection mahdia Mahdia site:facebook.com,Boutique new collection mahdia Mahdia site:instagram.com,google,
AMIRAL,Magasin de vêtements,Sayada,False,"MV9R+2X3, Rue de l'Indépendance, Sayada, Tunisie",http://amirallingerie.com,https://www.facebook.com/RAGHDAELBAHRI,https://www.instagram.com/amiral_lingerie,True,False,True,True,AMIRAL Sayada site:facebook.com,AMIRAL Sayada site:instagram.com,site_web,site_web
ZEN,Magasins et centres commerciaux,Monastir,False,"QRCG+JQP, Av. des martyrs, Monastir, Tunisie",http://www.zen.com.tn,https://www.facebook.com/ZEN.Tunisie,https://instagram.com/ZENTEAM,True,False,True,True,ZEN Monastir site:facebook.com,ZEN Monastir site:instagram.com,google,site_web
Elle_M,Magasin de vêtements,Khniss,False,"Khniss 5011, Tunisie",http://www.ellem.tn,https://www.facebook.com/elle.m.2022,https://www.instagram.com/elle_m9,True,False,True,True,Elle_M Khniss site:facebook.com,Elle_M Khniss site:instagram.com,google,google
Kawargi,Magasin de vêtements,Monastir,False,"نهج عبد القادر محلة, Monastir, Tunisie",,,,False,False,True,True,Kawargi Monastir site:facebook.com,Kawargi Monastir site:instagram.com,,
la mariee monastir,Boutique de robes,Monastir,False,"immeuble Amel boulvard de l'environnement 5000, Tunisie",,,,False,False,True,True,la mariee monastir Monastir site:facebook.com,la mariee monastir Monastir site:instagram.com,,
Hizem World,Magasin d'électronique,Monastir,False,"Av. du combattant suprême, Monastir, Tunisie",http://hizemworld.tn,https://www.facebook.com/profile.php,https://www.instagram.com/hizem_world,True,False,True,True,Hizem World Monastir site:facebook.com,Hizem World Monastir site:instagram.com,site_web,site_web
Espace chahdouda,Service d'e-commerce,Bizerte,False,"Tunisie Bizerte 7000, 7000, Tunisie",,,,False,False,True,True,Espace chahdouda Bizerte site:facebook.com,Espace chahdouda Bizerte site:instagram.com,,
Mytek Bizerte,Magasin d'informatique,Bizerte,False,"33 rue d'Espagne, Bizerte 7000, Tunisie",,,https://www.instagram.com/popular/mytek-bizerte-photos,False,False,True,True,Mytek Bizerte Bizerte site:facebook.com,Mytek Bizerte Bizerte site:instagram.com,,google
UpstoreTN,Service d'e-commerce,Bizerte,False,"Bizerte 7000, Tunisie",https://upstore.tn,https://www.facebook.com/UpstoreTN,,True,False,True,True,UpstoreTN Bizerte site:facebook.com,UpstoreTN Bizerte site:instagram.com,site_web,
Sawred,Service d'e-commerce,Bizerte,False,"Bizerte, Tunisie",https://swared.tn/trouver-un-agent,https://www.facebook.com/mediablazher,,True,False,True,True,Sawred Bizerte site:facebook.com,Sawred Bizerte site:instagram.com,google,
geek store,Agence e-commerce,Rafraf,False,"56V5+W7V, ghrouss, Rafraf 7015, Tunisie",,,,False,False,True,True,geek store Rafraf site:facebook.com,geek store Rafraf site:instagram.com,,
DND SERV,Concepteur de sites Web,Menzel Bourguiba,False,"Rue Mongi Slim, Centre Habiba, 3ème étage, bureau N° 13, Menzel Bourguiba 7050, Tunisie",,https://www.facebook.com/p/DND-SERV-100059603667212,https://www.instagram.com/servdnd,False,False,True,True,DND SERV Menzel Bourguiba site:facebook.com,DND SERV Menzel Bourguiba site:instagram.com,google,google
tout commerce,Agence e-commerce,Bizerte,False,"Bizerte 7011, Tunisie",,,,False,False,True,True,tout commerce Bizerte site:facebook.com,tout commerce Bizerte site:instagram.com,,
MB Design,Service d'e-commerce,Bizerte,False,"App. n°2, 4 ème étage Immeuble Carrefour, rue 14 janvier 7000 Bizerte App. 64, Immeuble le Montplaisir, 1067, Avenue Kheireddine Pacha, Bizerte 7000, Tunisie",http://www.mbdesign-tn.com,https://fr-fr.facebook.com/mbdesigntn,https://www.instagram.com/mbdesign11,True,False,True,True,MB Design Bizerte site:facebook.com,MB Design Bizerte site:instagram.com,site_web,site_web
MOTO FATHI LIMEM,Magasin d'électroménager,Ras Jebel,False,"648G+6GC, Rue Ali Blhuan, Ras Jebel, Tunisie",,,https://www.instagram.com/popular/prix-moto-tunisie,False,False,True,True,MOTO FATHI LIMEM Ras Jebel site:facebook.com,MOTO FATHI LIMEM Ras Jebel site:instagram.com,,google
Aramex Bizerte,Service d'e-commerce,Tn,False,"aramex Bizert, 16 rue Constantinople, Tn 7000, Tunisie",https://www.aramex.com,https://www.facebook.com/Aramex,https://www.instagram.com/aramex,True,False,True,True,Aramex Bizerte Tn site:facebook.com,Aramex Bizerte Tn site:instagram.com,site_web,site_web
Belle Me Up,Service d'e-commerce,Sousse,False,"Kalla sghuira, 01 Rue Farabi, Sousse 4021, Tunisie",https://www.bellemeup.com,https://www.facebook.com/bellemeup,https://www.instagram.com/belle_me_up,True,False,True,True,Belle Me Up Sousse site:facebook.com,Belle Me Up Sousse site:instagram.com,site_web,site_web
Zahra Medical,Agence e-commerce,Sousse,False,"immeuble braham center, Av. 14 Janvier, Sousse 4051, Tunisie",http://zahramedical.com.tn,,,True,False,True,True,Zahra Medical Sousse site:facebook.com,Zahra Medical Sousse site:instagram.com,,
a9thili,Agence e-commerce,,True,,http://www.a9thili.tn,,,True,False,True,True,a9thili site:facebook.com,a9thili site:instagram.com,,
Rcode Vision,Concepteur de sites Web,Sousse,False,"Tunisie, Sousse, Sahloul 4, Sousse 4054, Tunisie",https://www.rcodevision.com,https://www.facebook.com/rcodevision,https://www.instagram.com/rcodevision,True,False,True,True,Rcode Vision Sousse site:facebook.com,Rcode Vision Sousse site:instagram.com,site_web,site_web
Shoes Center,Magasin de chaussures,Bizerte,False,"Rue Bourguiba, Bizerte, Tunisie",,https://www.facebook.com/ShoesCenterOfficiel,https://www.instagram.com/shoescenter_officiel,False,False,True,True,Shoes Center Bizerte site:facebook.com,Shoes Center Bizerte site:instagram.com,google,google
DECATHLON MALL OF SOUSSE,Magasin de vêtements,,True,"Location Mall Of Sousse RN1, Tunis Km 128. , 4060, Tunisie SOUSSE, 4060, Tunisie",http://www.decathlon.tn,https://www.facebook.com/Decathlon.Tunisie.Officiel,https://www.instagram.com/decathlontunisie,True,False,True,True,DECATHLON MALL OF SOUSSE site:facebook.com,DECATHLON MALL OF SOUSSE site:instagram.com,site_web,site_web
celio Sousse,Magasin de vêtements,Sousse,False,"Sousse, Tunisie",http://celio.com,,,True,False,True,True,celio Sousse Sousse site:facebook.com,celio Sousse Sousse site:instagram.com,,
City Sport Sousse,Magasin de vêtements de sport,Sousse,False,"RJX9+F2W, Av. 14 Janvier, Sousse, Tunisie",,,,False,False,True,True,City Sport Sousse Sousse site:facebook.com,City Sport Sousse Sousse site:instagram.com,,
Mytek (Trocadero) Sousse,Magasin d'informatique,Sousse,False,"Rue El Farabi, Sousse 4000, Tunisie",https://www.mytek.tn,https://www.facebook.com/Mytekcharguia,https://www.instagram.com/mytek.tn,True,False,True,True,Mytek (Trocadero) Sousse Sousse site:facebook.com,Mytek (Trocadero) Sousse Sousse site:instagram.com,site_web,site_web
Houwaida,Magasin de vêtements,Sousse,False,"شارع الامام بخاري بحي،, Sousse 4071, Tunisie",https://houwaida.com,https://www.facebook.com/houwaidabarouni,https://www.instagram.com/popular/houwaida,True,False,True,True,Houwaida Sousse site:facebook.com,Houwaida Sousse site:instagram.com,google,google
Le Vicomte,Centre commercial,Sousse,False,"RJX9+29J, Sousse, Tunisie",,https://www.facebook.com/Le-Vicomte-Sousse-102180261543456/?__cft__[0]=AZU9Ninvo-QEorZlblZGpXwBNpt72vRhAg2-eWss6KK8vIay1xzJtwT8TwMvg3ataYTAXkh9auwP_LdvG1LhQkFrDqvlewuJrh3JnHNHY9e90HHkRAmNevQyvAsTsx1Jq-lv24xH2D-PWUbbWxcNSb6yz7qgNEKeNhW0baSjMY8ORA&__tn__=-UC%2CP-R,https://www.instagram.com/popular/le-vicomte-sousse,False,True,False,True,,Le Vicomte Sousse site:instagram.com,,google
LapTek Store,Magasin d'informatique,Kalâa Seghira,False,"Mosquée Al Tawba, Kalâa Seghira 4021, Tunisie",https://laptek.tn,https://www.facebook.com/LaptekForYou,https://www.instagram.com/laptek_store,True,False,True,True,LapTek Store Kalâa Seghira site:facebook.com,LapTek Store Kalâa Seghira site:instagram.com,site_web,site_web
Aoun cuir sousse,Magasin de vêtements,Sousse,False,"RJJF+7XQ, Av. du 20 Mars 1956, Sousse, Tunisie",,https://www.facebook.com/p/AOUN-CUIR-100054572465003,https://www.instagram.com/aoun.cuir,False,False,True,True,Aoun cuir sousse Sousse site:facebook.com,Aoun cuir sousse Sousse site:instagram.com,google,google
Borgi PHONES,Magasin d'électronique,Sousse,False,"Av. la Perle du Sahel, Sousse, Tunisie",http://www.borgiphones.com,https://www.facebook.com/Borgi.Phones,https://www.instagram.com/borgiphones,True,False,True,True,Borgi PHONES Sousse site:facebook.com,Borgi PHONES Sousse site:instagram.com,site_web,site_web
Cocodeco,Boutique d'articles de mariage,Sousse,False,"RJ24+4G6, Av. Etawfeek, Sousse, Tunisie",http://www.cocodeco.tn,https://www.facebook.com/112081636814675,https://www.instagram.com/cocodeco.tn,True,False,True,True,Cocodeco Sousse site:facebook.com,Cocodeco Sousse site:instagram.com,google,google
Polaris Sousse,Magasin de chaussures,Sousse,False,"RHQW+5GQ, Av. de Yasser Arafat, Sousse, Tunisie",,,https://www.instagram.com/popular/polaris-sousse,False,False,True,True,Polaris Sousse Sousse site:facebook.com,Polaris Sousse Sousse site:instagram.com,,google
Manuella,Magasin de chaussures,Sousse,False,"WG3V+452, Sousse, Tunisie",,,https://www.instagram.com/popular/manuella-chaussure,False,False,True,True,Manuella Sousse site:facebook.com,Manuella Sousse site:instagram.com,,google
Galeria.tn,Magasin d'ameublement et de décoration,Sousse,False,"Avenue El Taoufik, Sousse 4023, Tunisie",http://www.galeria.tn,https://www.facebook.com/profile.php,https://www.instagram.com/galeria.tn,True,False,True,True,Galeria.tn Sousse site:facebook.com,Galeria.tn Sousse site:instagram.com,site_web,site_web
Boutique ELU Sousse Beb Bhar,Vêtements pour enfants,Sousse,False,"RJFM+RR4 Hôtel Fares, avenue hassouna ayachi, Sousse, Tunisie",,https://www.facebook.com/ELU.PRET.A.PORTER.ET.ACCESSOIRES,,False,True,False,True,,Boutique ELU Sousse Beb Bhar Sousse site:instagram.com,,
StationTotal BIZERTE-RN11,Centre commercial,Tunis,False,"Haf El Mhor Bizerte Sud 7011, Tunis, Tunisie",,,,False,False,True,True,StationTotal BIZERTE-RN11 Tunis site:facebook.com,StationTotal BIZERTE-RN11 Tunis site:instagram.com,,
Aramex El Alia,Service d'e-commerce,El Alia,False,"aramex El Alia alia, Av. Habib Bourguiba, El Alia 7081, Tunisie",https://www.aramex.com,https://www.facebook.com/Aramex,https://www.instagram.com/aramex,True,False,True,True,Aramex El Alia El Alia site:facebook.com,Aramex El Alia El Alia site:instagram.com,site_web,site_web
Look Up,Agence e-commerce,Bizerte,False,"Rue 9 April 1938, Bizerte 7080, Tunisie",,,,False,False,True,True,Look Up Bizerte site:facebook.com,Look Up Bizerte site:instagram.com,,
Nefzi Heni,Agence e-commerce,Menzel Jemil,False,"6WQ9+7C4 Gouvernorat de, Menzel Jemil 7080, Tunisie",,https://www.facebook.com/cteci.tn,,False,False,True,True,Nefzi Heni Menzel Jemil site:facebook.com,Nefzi Heni Menzel Jemil site:instagram.com,google,
BK CERAM,Service d'e-commerce,Ras Jebel,False,"6498+WQP, Av. Habib Bourguiba, Ras Jebel, Tunisie",,,,False,False,True,True,BK CERAM Ras Jebel site:facebook.com,BK CERAM Ras Jebel site:instagram.com,,
Miel Liwen,Service d'e-commerce,Ras Jebel,False,"7070, Ras Jebel 7070, Tunisie",http://www.mielliwen.tn,,https://www.instagram.com/mariageeventsoff,True,False,True,True,Miel Liwen Ras Jebel site:facebook.com,Miel Liwen Ras Jebel site:instagram.com,,google
fluxos tunisie,Concepteur de sites Web,Bizerte,False,"6 rue du théâtre, Bizerte 7000, Tunisie",https://fluxos.tn,https://www.facebook.com/fluxostn,,True,False,True,True,fluxos tunisie Bizerte site:facebook.com,fluxos tunisie Bizerte site:instagram.com,google,
lpizo,Agence e-commerce,Ras Jebel,False,"Abou Baker razi, Ras Jebel 7070, Tunisie",,,,False,False,True,True,lpizo Ras Jebel site:facebook.com,lpizo Ras Jebel site:instagram.com,,
STECOM,Magasin d'électroménager,Tunis,False,"Direction commerciale et Showroom 49, La Tunis, Rue 8600, Tunis 2035, Tunisie",https://stecom.ste-stecom.com/fr,https://www.facebook.com/profile.php,https://www.instagram.com/ste.stecom,True,False,True,True,STECOM Tunis site:facebook.com,STECOM Tunis site:instagram.com,site_web,site_web
Graiet,Magasin d'électroménager,Tunis,False,"Av. de l'UMA, Tunis 2036, Tunisie",https://www.graiet.tn,https://www.facebook.com/Graiet,https://www.instagram.com/graiet,True,False,True,True,Graiet Tunis site:facebook.com,Graiet Tunis site:instagram.com,site_web,site_web
Monoprix Monastir,Supermarché,Monastir,False,"25 Av. Habib Bourguiba, Monastir 5000, Tunisie",http://www.monoprix.tn,https://www.facebook.com/pro2i,,True,False,True,True,Monoprix Monastir Monastir site:facebook.com,Monoprix Monastir Monastir site:instagram.com,google,
mazroub,Agence e-commerce,Monastir,False,"3ème étage, immeuble jrah, Av. de la republique, Monastir 5000, Tunisie",https://mazroub.com,https://www.facebook.com/Mazroubtunisie,https://www.instagram.com/mazroubtunisie2,True,False,True,True,mazroub Monastir site:facebook.com,mazroub Monastir site:instagram.com,site_web,site_web
commerce,Service d'e-commerce,Ksar Hellal,False,"Ksar Hellal 5070, Tunisie",,,https://www.instagram.com/popular/e-commerce-tunisie,False,False,True,True,commerce Ksar Hellal site:facebook.com,commerce Ksar Hellal site:instagram.com,,google
Le boudoir Preloved Luxury & Concept Store,Dépôt-vente,Ariana,False,"Rue Kaboul, Ariana, Tunisie",,,,False,False,True,True,Le boudoir Preloved Luxury & Concept Store Ariana site:facebook.com,Le boudoir Preloved Luxury & Concept Store Ariana site:instagram.com,,
Tunisianet,Magasin d'informatique,Tunis,False,"10 Rue St Augustin, Tunis, Tunisie",https://www.tunisianet.com.tn,https://www.facebook.com/Tunisiaanet,https://www.instagram.com/Tunisianet,True,False,True,True,Tunisianet Tunis site:facebook.com,Tunisianet Tunis site:instagram.com,site_web,site_web
TUNEWTEC,Magasin d'informatique,Tunis,False,"B4 et 12 centre galaxie 2000, Tunis 1002, Tunisie",https://tunewtec.com,https://www.facebook.com/newtec.tn,https://www.instagram.com/tunewtec.tn,True,False,True,True,TUNEWTEC Tunis site:facebook.com,TUNEWTEC Tunis site:instagram.com,site_web,site_web
Mega-PC,Magasin d'informatique,Tunis,False,"6 Boulevard de l'Environnement, Tunis 2045, Tunisie",https://megapc.tn,https://www.facebook.com/GoMegaPC,https://www.instagram.com/megapc_official,True,False,True,True,Mega-PC Tunis site:facebook.com,Mega-PC Tunis site:instagram.com,site_web,site_web
Planète Informatique,Magasin d'informatique,Tunis,False,"14 Rue El Bassatine, Tunis, Tunisie",https://planete-informatique.tn,,,True,False,True,True,Planète Informatique Tunis site:facebook.com,Planète Informatique Tunis site:instagram.com,,
SBS INFORMATIQUE,Magasin d'informatique,Tunis,False,"22 Rue de l'énergie solaire, Tunis 2035, Tunisie",https://www.sbsinformatique.com,,,True,False,True,True,SBS INFORMATIQUE Tunis site:facebook.com,SBS INFORMATIQUE Tunis site:instagram.com,,
JMB Tunisie,Magasin d'informatique,Tunis,False,"34 Rue de La Palestine, Tunis 1002, Tunisie",https://jmb.com.tn,https://www.facebook.com/jmbTunisie,https://www.instagram.com/jmbinformatique,True,False,True,True,JMB Tunisie Tunis site:facebook.com,JMB Tunisie Tunis site:instagram.com,site_web,site_web
Spacenet Charguia,Magasin d'informatique,I,False,"56 rue de l'industrie, I 2035, Tunisie",https://spacenet.tn,,,True,False,True,True,Spacenet Charguia I site:facebook.com,Spacenet Charguia I site:instagram.com,,
Informatica Tunisie,Magasin d'informatique,Marsa,False,"3, Rue imem, Rue Tahar Ben Achour, La Marsa 2070, Tunisie",https://informatica.tn,https://www.facebook.com/profile.php,https://www.instagram.com/informaticatunisie,True,False,True,True,Informatica Tunisie Marsa site:facebook.com,Informatica Tunisie Marsa site:instagram.com,site_web,site_web
Meilleurs Prix Ordinateurs,Magasin d'électronique,Tunis,False,"à côté de Station, Rue d'inde, Métro Nelson Mandela, Tunis 1002, Tunisie",,https://www.facebook.com/Meilleursprixordinateur,,False,True,False,True,,Meilleurs Prix Ordinateurs Tunis site:instagram.com,,
Best Buy Tunisie افضل شراء في تونس,Magasin d'informatique,Sfax,False,"QPCW+C93, Avenue Mohamed Jmal, Kassas Bouzayen, 3012 Sfax. (à côté Point chaud, Av. Mohamed Jmal, Sfax, Tunisie",https://bestbuytunisie.tn,https://www.facebook.com/BBTUNSTORE,https://www.instagram.com/bestbuytunisie,True,False,True,True,Best Buy Tunisie افضل شراء في تونس Sfax site:facebook.com,Best Buy Tunisie افضل شراء في تونس Sfax site:instagram.com,site_web,site_web
Loop Informatique,Magasin d'informatique,Tunis,False,"6979 نهج الهادي بن لدرم, Tunis 1091, Tunisie",https://loop.tn,https://www.facebook.com/looptunisie,https://www.instagram.com/looptunisie,True,False,True,True,Loop Informatique Tunis site:facebook.com,Loop Informatique Tunis site:instagram.com,site_web,site_web
MPSHOP,Magasin d'informatique,Tunis,False,"43 Rue de Marseille, Tunis 1001, Tunisie",http://mpshop.tn,https://www.facebook.com/profile.php,,True,False,True,True,MPSHOP Tunis site:facebook.com,MPSHOP Tunis site:instagram.com,site_web,
Mytek liberté,Magasin d'informatique,Tunis,False,"Av. de La Liberté, Tunis 1002, Tunisie",,,,False,False,True,True,Mytek liberté Tunis site:facebook.com,Mytek liberté Tunis site:instagram.com,,
SpaceNet Ariana,Magasin d'informatique,Ariana,False,"25, rue Mustapha Hjaiej 2080 Ariana - Tunis, Ariana 2080, Tunisie",https://spacenet.tn,,,True,False,True,True,SpaceNet Ariana Ariana site:facebook.com,SpaceNet Ariana Ariana site:instagram.com,,
Drive-in Tunisianet,Magasin d'informatique,Tunis,False,"8 Rue 8603, Tunis 2035, Tunisie",https://www.tunisianet.com.tn,https://www.facebook.com/Tunisiaanet,https://www.instagram.com/Tunisianet,True,False,True,True,Drive-in Tunisianet Tunis site:facebook.com,Drive-in Tunisianet Tunis site:instagram.com,site_web,site_web
INFOTEC,Magasin d'informatique,Nabeul‎,False,"Ave. Jdeida Magherbia, Nabeul‎, Tunisie",http://www.infotec.tn,https://www.facebook.com/infotec.tn,https://www.instagram.com/infotec.nabeul,True,False,True,True,INFOTEC Nabeul‎ site:facebook.com,INFOTEC Nabeul‎ site:instagram.com,site_web,site_web
SERVISAT,Magasin d'informatique,Sayada,False,"SOCIÉTÉ SERVISAT, Av. Habib Bourguiba, Sayada 5035, Tunisie",https://servisat.tn/content/4-a-propos-servisat,,,True,False,True,True,SERVISAT Sayada site:facebook.com,SERVISAT Sayada site:instagram.com,,
Alarabia Informatique,Magasin d'informatique,Ksar Hellal,False,"Av. Hadj Ali Soua, Ksar Hellal 5070, Tunisie",http://www.alarabia.com.tn,https://www.facebook.com/Alarabia.com.tn,https://www.instagram.com/alarabia.com.tn,True,False,True,True,Alarabia Informatique Ksar Hellal site:facebook.com,Alarabia Informatique Ksar Hellal site:instagram.com,site_web,site_web
Meubles Abdennadher Design,Magasin de meubles,Boumhel,False,"c39 Boumhel, Boumhel 2097, Tunisie, Boumhel 2097, Tunisie",http://www.a-design.tn,https://www.facebook.com/MeublesAbdennadherDesign,https://www.instagram.com/meubles_a_design,True,False,True,True,Meubles Abdennadher Design Boumhel site:facebook.com,Meubles Abdennadher Design Boumhel site:instagram.com,site_web,site_web
Meuble Design,Magasin d'ameublement et de décoration,Tunis,False,"V744+WMF، Avenue Mongi Slim, Tunis, Tunisie",,https://www.facebook.com/bois.store.meuble,,False,False,True,True,Meuble Design Tunis site:facebook.com,Meuble Design Tunis site:instagram.com,google,
Idéal Meubles Tunisie,Magasin de meubles,Sousse,False,"Route de Tunis Km 127-128 B.P. N°5 Akouda, Sousse 4022, Tunisie",https://www.ideal-meubles.com,https://www.facebook.com/idealmeublestunisie,,True,False,True,True,Idéal Meubles Tunisie Sousse site:facebook.com,Idéal Meubles Tunisie Sousse site:instagram.com,site_web,
L'ARTISTOU Meubles,Showroom,Nabeul‎,False,"Av. Hédi Nouira, Nabeul‎, Tunisie",https://www.lartistou.com,,,True,False,True,True,L'ARTISTOU Meubles Nabeul‎ site:facebook.com,L'ARTISTOU Meubles Nabeul‎ site:instagram.com,,
ABDENNOUR Cocina,Magasin d'ameublement et de décoration,Ariana,False,"49 Av. Fattouma Bourguiba, Ariana 2036, Tunisie",https://www.abdennourcocina.com,https://www.facebook.com/cuisines1,,True,False,True,True,ABDENNOUR Cocina Ariana site:facebook.com,ABDENNOUR Cocina Ariana site:instagram.com,site_web,
Ahladecor.tn,Magasin de meubles,Nabeul‎,False,"Rue Oum Kalthoum, Nabeul‎ 8000, Tunisie",https://www.ahladecor.tn,https://www.facebook.com/ahladecor.tn,https://www.instagram.com/ahladecor.tn,True,False,True,True,Ahladecor.tn Nabeul‎ site:facebook.com,Ahladecor.tn Nabeul‎ site:instagram.com,site_web,site_web
Mondeco Sfax - Meubles & Décoration,Magasin de meubles,Sfax,False,"Rte de Tunis, Sfax, Tunisie",https://mondeco.tn,https://www.facebook.com/mondeco.tn,https://www.instagram.com/mondeco.tn,True,False,True,True,Mondeco Sfax - Meubles & Décoration Sfax site:facebook.com,Mondeco Sfax - Meubles & Décoration Sfax site:instagram.com,site_web,site_web
Chaabani Meuble de Luxe,Magasin de meubles,Tunis,False,"Rue 4106 Avenue Hedi Chaker, Rue 4106،, Tunis, Tunisie",,,,False,False,True,True,Chaabani Meuble de Luxe Tunis site:facebook.com,Chaabani Meuble de Luxe Tunis site:instagram.com,,
Galerie Des Décors,Magasin d'ameublement et de décoration,Tunis,False,"64 Av. Hédi Chaker, Tunis 1002, Tunisie",http://www.galeriedesdecors.com,https://www.facebook.com/p/Galerie-des-Decors-100064876920765,https://www.instagram.com/galeriedesdecors,True,False,True,True,Galerie Des Décors Tunis site:facebook.com,Galerie Des Décors Tunis site:instagram.com,google,google
èrika meubles,Magasin de meubles,Hammamet,False,"Avant rond point Soltane, Avenue Abou dhabi, Hammamet 8050, Tunisie",,https://www.facebook.com/Meubles.Decoration.Architecture.d.interieur,,False,True,False,True,,èrika meubles Hammamet site:instagram.com,,
WORKROOM TN Déco et Meuble,Magasin d'ameublement et de décoration,Ariana,False,"34 avenue abou el kacem chebbi, Ariana 2080, Tunisie",http://www.workroom.tn,https://www.facebook.com/www.wr.tn,https://www.instagram.com/workroom_tn,True,False,True,True,WORKROOM TN Déco et Meuble Ariana site:facebook.com,WORKROOM TN Déco et Meuble Ariana site:instagram.com,site_web,site_web
Meuble Ton sur Ton,Magasin d'ameublement et de décoration,La soukra,False,"Résidence FARES, Av. Fattouma Bourguiba, La soukra 2036, Tunisie",,,https://www.instagram.com/meubletonsurton,False,False,True,True,Meuble Ton sur Ton La soukra site:facebook.com,Meuble Ton sur Ton La soukra site:instagram.com,,google
Mobilia Deco Tunis,Magasin d'ameublement et de décoration,Site archéologique de Carthage,False,"20 Av. Farhat Hached, Site archéologique de Carthage, Tunisie",,,,False,False,True,True,Mobilia Deco Tunis Site archéologique de Carthage site:facebook.com,Mobilia Deco Tunis Site archéologique de Carthage site:instagram.com,,
INTUITION Meubles,Magasin de meubles,Tunis,False,"45 Av. Fattouma Bourguiba, Tunis, Tunisie",,,,False,False,True,True,INTUITION Meubles Tunis site:facebook.com,INTUITION Meubles Tunis site:instagram.com,,
Ideekor,Magasin de meubles,Ksar Hellal,False,"Ksar Hellal 5070, Tunisie",https://www.ideekor.tn,https://www.facebook.com/ideekor,,True,False,True,True,Ideekor Ksar Hellal site:facebook.com,Ideekor Ksar Hellal site:instagram.com,site_web,
INTÉRIEURS-LA SOUKRA,Magasin de meubles de bureau,Tunis,False,"km13 Sidi Fradj, Route de la Soukra, Tunis 2036, Tunisie",https://www.interieurs.com.tn,https://www.facebook.com/Mobilierdubureau,https://www.instagram.com/meublesinterieurs,True,False,True,True,INTÉRIEURS-LA SOUKRA Tunis site:facebook.com,INTÉRIEURS-LA SOUKRA Tunis site:instagram.com,site_web,site_web
Meuble Hnannou,Magasin de meubles,Moknine,False,"près du stegg, Rue Tarek Ben-Zied, Moknine 5050, Tunisie",https://www.meublehnannou.com,https://www.facebook.com/DigitalBranding.DigitalMarketingTunisie/mentions,https://www.instagram.com/popular/dorra-fakhfakh,True,False,True,True,Meuble Hnannou Moknine site:facebook.com,Meuble Hnannou Moknine site:instagram.com,google,google
La Chaise N°14,Magasin de meubles,Ksibet El Médiouni,False,"stade municipal, Rue de L'environnement , prés du, Ksibet El Médiouni 5031, Tunisie",,,,False,False,True,True,La Chaise N°14 Ksibet El Médiouni site:facebook.com,La Chaise N°14 Ksibet El Médiouni site:instagram.com,,
Meublatex Monastir,Magasin d'ameublement et de décoration,Monastir,False,"C100e, Tunisie",,,,False,False,True,True,Meublatex Monastir Monastir site:facebook.com,Meublatex Monastir Monastir site:instagram.com,,
بيع و شراء الأثاث المستعمل عند سامر,Magasin d'ameublement et de décoration,Ksibet El Médiouni,False,"MRMR+FPR, Ksibet El Médiouni, Tunisie",,,,False,False,True,True,بيع و شراء الأثاث المستعمل عند سامر Ksibet El Médiouni site:facebook.com,بيع و شراء الأثاث المستعمل عند سامر Ksibet El Médiouni site:instagram.com,,
SOTUFAB SHOWROOM KSAR HELLAL,Magasin d'ameublement et de décoration,Ksar Hellal,False,"MV6C+5W4, Rue Union Maghrébine, Ksar Hellal 5070, Tunisie",,,,False,False,True,True,SOTUFAB SHOWROOM KSAR HELLAL Ksar Hellal site:facebook.com,SOTUFAB SHOWROOM KSAR HELLAL Ksar Hellal site:instagram.com,,
Thapsus Meubles,Magasin de meubles,Bekalta,False,"Boulevard de l'environnement, Bekalta, Tunisie",,,,False,False,True,True,Thapsus Meubles Bekalta site:facebook.com,Thapsus Meubles Bekalta site:instagram.com,,
FEKIH CONCEPT,Magasin de meubles,Khniss,False,"Khniss 5011, Tunisie",,,,False,False,True,True,FEKIH CONCEPT Khniss site:facebook.com,FEKIH CONCEPT Khniss site:instagram.com,,
MEUBLATEX MAHDIA,Magasin d'ameublement et de décoration,Mahdia,False,"135 شارع الحبيب بورقيبة،, Mahdia, Tunisie",http://www.meublatex.com,http://www.facebook.com/meublatex.mx,https://www.instagram.com/chaabeneoptic,True,False,True,True,MEUBLATEX MAHDIA Mahdia site:facebook.com,MEUBLATEX MAHDIA Mahdia site:instagram.com,site_web,google
Dar el felly meubles et décorations,Magasin de meubles,Ksar Hellal,False,"JVPR+QWC, Rue monji slim, Ksar Hellal 5070, Tunisie",,,,False,False,True,True,Dar el felly meubles et décorations Ksar Hellal site:facebook.com,Dar el felly meubles et décorations Ksar Hellal site:instagram.com,,
Fly Deco,Magasin de meubles,Bou hjar,False,"MV89+G49, Av. Habib bourguiba, Bou hjar 5015, Tunisie",,,,False,False,True,True,Fly Deco Bou hjar site:facebook.com,Fly Deco Bou hjar site:instagram.com,,
Tendance LMD,Magasin de meubles,Monastir,False,"Monastir 5000, Tunisie",,,,False,False,True,True,Tendance LMD Monastir site:facebook.com,Tendance LMD Monastir site:instagram.com,,
Meubles Dhraief,Magasin de meubles,Monastir,False,"QRFC+478, Monastir, Tunisie",,,,False,False,True,True,Meubles Dhraief Monastir site:facebook.com,Meubles Dhraief Monastir site:instagram.com,,
Meubles Limem,Magasin d'ameublement et de décoration,Ksour Essef,False,"39 C82, Ksour Essef, Tunisie",,,,False,False,True,True,Meubles Limem Ksour Essef site:facebook.com,Meubles Limem Ksour Essef site:instagram.com,,
Youssef Yahia CONCEPT,Magasin de meubles,Téboulba,False,"JWRW+MJ5, Téboulba, Tunisie",,,,False,False,True,True,Youssef Yahia CONCEPT Téboulba site:facebook.com,Youssef Yahia CONCEPT Téboulba site:instagram.com,,
Amine Meuble,Magasin de meubles,Rejiche,False,"F2FW+36M، Avenue Habib bourguiba Réjiche - Mahdia, C82, Rejiche 5121, Tunisie",,,,False,False,True,True,Amine Meuble Rejiche site:facebook.com,Amine Meuble Rejiche site:instagram.com,,
Dayeg Meuble,Magasin de meubles,Ksour Essef,False,"Avenue Bassatine, Rue Salah Ben Ali Ksour Essef, 5180, Tunisie",,https://www.facebook.com/Dayeg.Meuble,,False,False,True,True,Dayeg Meuble Ksour Essef site:facebook.com,Dayeg Meuble Ksour Essef site:instagram.com,google,
Showroom SOTUFAB Monastir,Magasin d'ameublement et de décoration,Monastir,False,"Résidence Flamants Roses, Cité Ennozha 5000, Tunisie",,,,False,False,True,True,Showroom SOTUFAB Monastir Monastir site:facebook.com,Showroom SOTUFAB Monastir Monastir site:instagram.com,,
Meuble mou7eb,Magasin de meubles,Bekalta,False,"Bekalta 5090, Tunisie",,,,False,False,True,True,Meuble mou7eb Bekalta site:facebook.com,Meuble mou7eb Bekalta site:instagram.com,,
MOBICASA,Magasin de meubles,,True,"10 C82, Tunisie",,,,False,False,True,True,MOBICASA site:facebook.com,MOBICASA site:instagram.com,,
Ortho Matelas,Magasin de meubles de chambre à coucher,Monastir,False,"Au-dessus de la pharmacie Essouani - Monastir (Bureau n°01 Monastir, 5000, Tunisie",,,,False,False,True,True,Ortho Matelas Monastir site:facebook.com,Ortho Matelas Monastir site:instagram.com,,
Meuble Fekih,Magasin d'ameublement et de décoration,Bou hjar,False,"MV96+RW9, Bou hjar, Tunisie",,https://www.facebook.com/fekihmeuble,,False,True,False,True,,Meuble Fekih Bou hjar site:instagram.com,,
Meubles en bois naturel,Magasin de meubles,Monastir,False,"QR8F+CJ2, Monastir, Tunisie",,,https://www.instagram.com/popular/cube-de-rangement-centrakor,False,False,True,True,Meubles en bois naturel Monastir site:facebook.com,Meubles en bois naturel Monastir site:instagram.com,,google
أثاث سهيل,Magasin de meubles,Monastir,False,"QR7F+JJC, Cité, avenue de la liberté, Monastir, Tunisie",,,,False,False,True,True,أثاث سهيل Monastir site:facebook.com,أثاث سهيل Monastir site:instagram.com,,
Meublanet,Magasin de meubles,Bekalta,False,"route Mahdia à côté Centre de la garde Nationale, Bekalta 5090, Tunisie",http://meublanet.com,https://facebook.com/meublanet,,True,False,True,True,Meublanet Bekalta site:facebook.com,Meublanet Bekalta site:instagram.com,site_web,
S.abdjalil,Magasin de meubles,Khniss,False,"PR6C+J45, avenue l'environnement, Khniss 5011, Tunisie",,https://www.facebook.com/malaysianembassyalgiers,,False,False,True,True,S.abdjalil Khniss site:facebook.com,S.abdjalil Khniss site:instagram.com,google,
Konfimark Meubles,Magasin de meubles,Sayada,False,"MV6R+M73, Sayada, Tunisie",,,,False,False,True,True,Konfimark Meubles Sayada site:facebook.com,Konfimark Meubles Sayada site:instagram.com,,
Msolly meubles,Magasin de meubles,Moknine,False,"JWF2+X2G, Moknine, Tunisie",,,,False,False,True,True,Msolly meubles Moknine site:facebook.com,Msolly meubles Moknine site:instagram.com,,
Meuble Fares,Magasin de meubles,Téboulba,False,"JXRG+2CJ, Téboulba, Tunisie",,,,False,False,True,True,Meuble Fares Téboulba site:facebook.com,Meuble Fares Téboulba site:instagram.com,,
Société Ben Aziz,Magasin d'ameublement et de décoration,Ksibet El Médiouni,False,"MVM4+GJM, Av. Habib Bourguiba, Ksibet El Médiouni, Tunisie",,https://www.facebook.com/S.B.Aziz.Officiel,,False,True,False,True,,Société Ben Aziz Ksibet El Médiouni site:instagram.com,,
SOCIÉTÉ SARAYA MEUBLES,Magasin de meubles,Ksour Essef,False,"Ksour Essef, Tunisie",,,,False,False,True,True,SOCIÉTÉ SARAYA MEUBLES Ksour Essef site:facebook.com,SOCIÉTÉ SARAYA MEUBLES Ksour Essef site:instagram.com,,
Sofa.tn,Magasin de meubles,Téboulba,False,"Av. Fadhline, Téboulba, Tunisie",http://www.sofa.tn,,,True,False,True,True,Sofa.tn Téboulba site:facebook.com,Sofa.tn Téboulba site:instagram.com,,
Meuble Thapsus,Magasin de meubles,Téboulba,False,"5080, Rue Habib bourguiba, Téboulba, Tunisie",,,,False,False,True,True,Meuble Thapsus Téboulba site:facebook.com,Meuble Thapsus Téboulba site:instagram.com,,
Ste Ennozha Confort,Magasin de meubles,Ksour Essef,False,"187 C82, Ksour Essef, Tunisie",,,,False,False,True,True,Ste Ennozha Confort Ksour Essef site:facebook.com,Ste Ennozha Confort Ksour Essef site:instagram.com,,
Intermeuble mahdia,Magasin de meubles,Mahdia,False,"5100 Av. de Tunis, Mahdia, Tunisie",https://www.intermeuble.com.tn,https://www.facebook.com/InterMeuble,https://www.instagram.com/inter.meuble,True,False,True,True,Intermeuble mahdia Mahdia site:facebook.com,Intermeuble mahdia Mahdia site:instagram.com,site_web,site_web
Permaflex ksour essef,Magasin de meubles,Ksour Essef,False,"C262+WRP, C82, Ksour Essef, Tunisie",,,,False,False,True,True,Permaflex ksour essef Ksour Essef site:facebook.com,Permaflex ksour essef Ksour Essef site:instagram.com,,
Meuble molkaa,Magasin de meubles de cuisine,Khniss,False,"Khniss 5011, Tunisie",,,,False,False,True,True,Meuble molkaa Khniss site:facebook.com,Meuble molkaa Khniss site:instagram.com,,
Deco Riahi,Magasin de canapés,Bekalta,False,"JX9Q+67Q, Bekalta, Tunisie",,,,False,False,True,True,Deco Riahi Bekalta site:facebook.com,Deco Riahi Bekalta site:instagram.com,,
Essef meuble,Magasin d'ameublement et de décoration,Ksour Essef,False,"CX8V+93G, Ksour Essef, Tunisie",,https://www.facebook.com/5180t,,False,False,True,True,Essef meuble Ksour Essef site:facebook.com,Essef meuble Ksour Essef site:instagram.com,google,
Tunisie Shopping | Tunisie Shop | Tunisieshopping.tn | Tunisieshop.tn,Magasin de mobilier pour supermarchés et boutiques,Téboulba,False,"94 Av. Mahbouba Soussia, Téboulba 5080, Tunisie",https://tunisieshopping.tn,https://www.facebook.com/Tunisieshopping2024,https://www.instagram.com/tunisieshopping.tn1,True,False,True,True,Tunisie Shopping | Tunisie Shop | Tunisieshopping.tn | Tunisieshop.tn Téboulba site:facebook.com,Tunisie Shopping | Tunisie Shop | Tunisieshopping.tn | Tunisieshop.tn Téboulba site:instagram.com,site_web,site_web
الجمّالي لصنع و بيع الأبواب و النوافذ,Magasin de meubles,Ksour Essef,False,"Ceinture Ksour Essef Route El Jem, Ksour Essef 5180, Tunisie",,https://www.facebook.com/al7aj.kamel.mabrouk,,False,True,False,True,,الجمّالي لصنع و بيع الأبواب و النوافذ Ksour Essef site:instagram.com,,
Meubles hammouda,Magasin de meubles,Menzel Ennour,False,"MQFG+8FF, Menzel Ennour, Tunisie",,,,False,False,True,True,Meubles hammouda Menzel Ennour site:facebook.com,Meubles hammouda Menzel Ennour site:instagram.com,,
Meuble Maher,Magasin d'ameublement et de décoration,Menzel Ennour,False,"MQJP+QQ2, Menzel Ennour, Tunisie",,,,False,False,True,True,Meuble Maher Menzel Ennour site:facebook.com,Meuble Maher Menzel Ennour site:instagram.com,,
TASNIM MEUBLE أثاث تسنيم,Magasin de meubles,Menzel Fersi,False,"Av. de l'environnement, Menzel Fersi, Tunisie",,,,False,False,True,True,TASNIM MEUBLE أثاث تسنيم Menzel Fersi site:facebook.com,TASNIM MEUBLE أثاث تسنيم Menzel Fersi site:instagram.com,,
الأثاث المستعمل عند وليد,Magasin de meubles,Ksour Essef,False,"C275+5XX, Ksour Essef, Tunisie",,,,False,False,True,True,الأثاث المستعمل عند وليد Ksour Essef site:facebook.com,الأثاث المستعمل عند وليد Ksour Essef site:instagram.com,,
Basli meuble,Magasin d'ameublement et de décoration,Ksar Hellal,False,"MV2Q+986, Av. Des Nations Unis, Ksar Hellal, Tunisie",,,,False,False,True,True,Basli meuble Ksar Hellal site:facebook.com,Basli meuble Ksar Hellal site:instagram.com,,
MEUBLE LAZREG,Magasin de meubles,Menzel Ennour,False,"MQFJ+MR3, Menzel Ennour, Tunisie",,,,False,False,True,True,MEUBLE LAZREG Menzel Ennour site:facebook.com,MEUBLE LAZREG Menzel Ennour site:instagram.com,,
Zaouali Meuble,Magasin d'ameublement et de décoration,Ksibet El Médiouni,False,"rue meddeb Youssef, Ksibet El Médiouni 5031, Tunisie",https://www.annuaire-publicitaire.com/zaouali-meuble,https://www.facebook.com/Zaouali-Meuble-231400313607430,https://www.instagram.com/annuaire.publicitaire.tunisie,True,False,True,True,Zaouali Meuble Ksibet El Médiouni site:facebook.com,Zaouali Meuble Ksibet El Médiouni site:instagram.com,site_web,site_web
ECO MEUBLE,Magasin de meubles de cuisine,Bembla and Manarah,False,"Av. Habib bourguiba, Bembla and Manarah, Tunisie",,,,False,False,True,True,ECO MEUBLE Bembla and Manarah site:facebook.com,ECO MEUBLE Bembla and Manarah site:instagram.com,,
Tasnim Meubles,Magasin de meubles,Téboulba,False,"JXCM+JGH, route, Téboulba, Tunisie",,,,False,False,True,True,Tasnim Meubles Téboulba site:facebook.com,Tasnim Meubles Téboulba site:instagram.com,,
Hm meuble,Magasin de meubles,Moknine,False,"مندرة الشاهد عدد 1, Moknine, Tunisie",,,,False,False,True,True,Hm meuble Moknine site:facebook.com,Hm meuble Moknine site:instagram.com,,
Galerie Hela,Magasin de meubles,Téboulba,False,"Avenue Fadhline, Téboulba 5080, Tunisie",,,,False,False,True,True,Galerie Hela Téboulba site:facebook.com,Galerie Hela Téboulba site:instagram.com,,
KBAYER CUISINES,Magasin de mobilier préfabriqué,Ksar Hellal,False,"Av. Habib bourguiba, Ksar Hellal, Tunisie",,,,False,False,True,True,KBAYER CUISINES Ksar Hellal site:facebook.com,KBAYER CUISINES Ksar Hellal site:instagram.com,,
Rapidoss Delivery,Service de livraison,Manouba,False,"Rue de la pépinière , El Agba Tunis, Manouba, Tunisie",http://www.rapidoss.tn,https://www.facebook.com/profile.php,https://www.instagram.com/rapidossdelivery2026,True,False,True,True,Rapidoss Delivery Manouba site:facebook.com,Rapidoss Delivery Manouba site:instagram.com,site_web,site_web
Delivgo App livraison à domicile Monastir,,Monastir,False,"Monastir 5000, Tunisie",,https://www.facebook.com/delivgo.tn?mibextid=ZbWKwL,,False,True,False,True,,Delivgo App livraison à domicile Monastir Monastir site:instagram.com,,
Fast Coursier,,Tunis,False,"22 Rue de La Palestine, Tunis 1002, Tunisie",,,,False,False,True,True,Fast Coursier Tunis site:facebook.com,Fast Coursier Tunis site:instagram.com,,
Navex Delivery,Service de livraison,Tunis,False,"1 Rue de l'Energie Atomique, Tunis 2035, Tunisie",https://navex.tn,https://www.facebook.com/navex.delivery,https://www.instagram.com/navex.delivery,True,False,True,True,Navex Delivery Tunis site:facebook.com,Navex Delivery Tunis site:instagram.com,site_web,site_web
X Delivery,,Tunis,False,"Mosquée Charguia 1, 45 rue 86001, Tunis 2035, Tunisie",https://x-delivery.io,https://www.facebook.com/profile.php,https://www.instagram.com/x_delivery.io,True,False,True,True,X Delivery Tunis site:facebook.com,X Delivery Tunis site:instagram.com,site_web,site_web
coursier privé,Service de livraison,Sfax,False,"PQR2+4V7 House deco, Bd Majida Boulila, Sfax, Tunisie",,,,False,False,True,True,coursier privé Sfax site:facebook.com,coursier privé Sfax site:instagram.com,,
IntiGo Delivery,Service de livraison,Ariana,False,"17 Rue de l'Usine, Ariana, Tunisie",http://www.intigo.net,https://www.facebook.com/intigo.delivery,,True,False,True,True,IntiGo Delivery Ariana site:facebook.com,IntiGo Delivery Ariana site:instagram.com,site_web,
Livraison commande,,Tunis,False,"R5WX+V54, Tunis, Tunisie",,,,False,False,True,True,Livraison commande Tunis site:facebook.com,Livraison commande Tunis site:instagram.com,,
elyes meuble et ameublement,Magasin d'ameublement et de décoration,Ksar Hellal,False,"MV4R+429, Ksar Hellal, Tunisie",,,,False,False,True,True,elyes meuble et ameublement Ksar Hellal site:facebook.com,elyes meuble et ameublement Ksar Hellal site:instagram.com,,
BIBO,Magasin de literie,Sayada,False,"MV7W+283, Rue Palestine, Sayada 5035, Tunisie",,https://www.facebook.com/p/BIBO-RENT-CAR-61550709597282,,False,False,True,True,BIBO Sayada site:facebook.com,BIBO Sayada site:instagram.com,google,
Meuble Bk,Magasin de canapés,Téboulba,False,"JXQ9+7F2, Av. Mahbouba Soussia, Téboulba, Tunisie",,,,False,False,True,True,Meuble Bk Téboulba site:facebook.com,Meuble Bk Téboulba site:instagram.com,,
Espace Sarrah,Magasin de meubles,Ksar Hellal,False,"MV4H+629, Av. Habib bourguiba, Ksar Hellal, Tunisie",,,,False,False,True,True,Espace Sarrah Ksar Hellal site:facebook.com,Espace Sarrah Ksar Hellal site:instagram.com,,
Meubles Mariem,Magasin de meubles,Monastir,False,"QRCH+57H, Monastir, Tunisie",,,,False,False,True,True,Meubles Mariem Monastir site:facebook.com,Meubles Mariem Monastir site:instagram.com,,
أثاث سامي Meuble Sami,Accessoires mobiliers,Téboulba,False,"MX27+F22, Téboulba, Tunisie",,,,False,False,True,True,أثاث سامي Meuble Sami Téboulba site:facebook.com,أثاث سامي Meuble Sami Téboulba site:instagram.com,,
Meuble confort,Magasin de meubles,Monastir,False,"PRRC+VX9, Monastir, Tunisie",,,https://www.instagram.com/popular/table-salle-a-manger-centrakor,False,False,True,True,Meuble confort Monastir site:facebook.com,Meuble confort Monastir site:instagram.com,,google
فضاء الموس والحشايا اللولبية,Magasin de literie,Sayada,False,"MVFQ+2JJ, Sayada, Tunisie",,,,False,False,True,True,فضاء الموس والحشايا اللولبية Sayada site:facebook.com,فضاء الموس والحشايا اللولبية Sayada site:instagram.com,,
Importation,Accessoires mobiliers,Ksar Hellal,False,"Rue hedi chaker, Ksar Hellal 5070, Tunisie",,https://www.facebook.com/SEHDECOMMERCETUNISIE,,False,False,True,True,Importation Ksar Hellal site:facebook.com,Importation Ksar Hellal site:instagram.com,google,
Coujinti Ksibet El Mediouni,Magasin d'ameublement et de décoration,Ksibet El Médiouni,False,"MRMP+HX8, Ksibet El Médiouni, Tunisie",,,,False,False,True,True,Coujinti Ksibet El Mediouni Ksibet El Médiouni site:facebook.com,Coujinti Ksibet El Mediouni Ksibet El Médiouni site:instagram.com,,
ironscraft,Accessoires mobiliers,Téboulba,False,"face salle handball, rue eltoute, Téboulba 5080, Tunisie",https://ironscraft.com,,,True,False,True,True,ironscraft Téboulba site:facebook.com,ironscraft Téboulba site:instagram.com,,
Gardabou meuble,Magasin de meubles,Ksar Hellal,False,"Ksar Hellal 5070, Tunisie",,,,False,False,True,True,Gardabou meuble Ksar Hellal site:facebook.com,Gardabou meuble Ksar Hellal site:instagram.com,,
بيع لوازم المقاهي - El Badia,Magasin de matériel de cuisine,Sayada,False,"5035, Sayada 5035, Tunisie",,,,False,False,True,True,بيع لوازم المقاهي - El Badia Sayada site:facebook.com,بيع لوازم المقاهي - El Badia Sayada site:instagram.com,,
showroom mhenni,Magasin d'électroménager,Khniss,False,"avenue l'environnement, Khniss 5011, Tunisie",http://www.mhenni.com,,,True,False,True,True,showroom mhenni Khniss site:facebook.com,showroom mhenni Khniss site:instagram.com,,
Showroom Sl meuble,Magasin de meubles,Ksour Essef,False,"CX4X+GQG, Ksour Essef, Tunisie",,,,False,False,True,True,Showroom Sl meuble Ksour Essef site:facebook.com,Showroom Sl meuble Ksour Essef site:instagram.com,,
Meuble Echbilia,Magasin de meubles,Téboulba,False,"Rue Sidi Ali Chebil, Téboulba 5080, Tunisie",https://sites.google.com/view/meuble-echbilia,,,True,False,True,True,Meuble Echbilia Téboulba site:facebook.com,Meuble Echbilia Téboulba site:instagram.com,,
MEUBLES BEN MAALLEM,Magasin d'ameublement et de décoration,Menzel Fersi,False,"5025 Av. Habib BOURGUIBA, Menzel Fersi, Tunisie",,,,False,False,True,True,MEUBLES BEN MAALLEM Menzel Fersi site:facebook.com,MEUBLES BEN MAALLEM Menzel Fersi site:instagram.com,,
HIDDEN,Magasin de chaussures,Tunis,False,"R8W6+4G9، Rue Bilal, Tunis, Tunisie",,https://www.facebook.com/UticaTunisie/mentions,https://www.instagram.com/fulfillmentbridge,False,False,True,True,HIDDEN Tunis site:facebook.com,HIDDEN Tunis site:instagram.com,google,google
Polaris Central Parc,Magasin de chaussures,Tunis,False,"Centre Commercial CENTRAL PARK Boutique B1, 1002, Tunis, Tunisie",,,,False,False,True,True,Polaris Central Parc Tunis site:facebook.com,Polaris Central Parc Tunis site:instagram.com,,
Boutique Giovana Tunis,Magasin de chaussures,Tunis,False,"4 Rue Charles de Gaulle, Tunis, Tunisie",,,,False,False,True,True,Boutique Giovana Tunis Tunis site:facebook.com,Boutique Giovana Tunis Tunis site:instagram.com,,
Enzo,Magasin de chaussures,Ariana,False,"V549+77W, Av. Othman Ibn Affane, Ariana, Tunisie",,https://www.facebook.com/EnzoEnnasr,,False,False,True,True,Enzo Ariana site:facebook.com,Enzo Ariana site:instagram.com,google,
ROSACE MANAR 2,Magasin de chaussures,Tunis,False,"4 Av. Slimen Ben Slimen, Tunis, Tunisie",http://www.rosace.com.tn,https://www.facebook.com/Chaussures.Rosace,https://www.instagram.com/chaussures.rosace,True,False,True,True,ROSACE MANAR 2 Tunis site:facebook.com,ROSACE MANAR 2 Tunis site:instagram.com,site_web,site_web
Permaflex,Magasin de meubles,Monastir,False,"QQCR+7P8, Unnamed Road, Monastir, Tunisie",,https://www.facebook.com/matelaspermaflex,,False,False,True,True,Permaflex Monastir site:facebook.com,Permaflex Monastir site:instagram.com,google,
Jasmin Gsm Mahdia,Accessoires mobiliers,Mahdia,False,"G27P+7GC, Mahdia, Tunisie",,,,False,False,True,True,Jasmin Gsm Mahdia Mahdia site:facebook.com,Jasmin Gsm Mahdia Mahdia site:instagram.com,,
SH KBAYER MEUBLES,Magasin de meubles,Sayada,False,"MV6R+997, Sayada, Tunisie",,,,False,False,True,True,SH KBAYER MEUBLES Sayada site:facebook.com,SH KBAYER MEUBLES Sayada site:instagram.com,,
Khniss,Magasin de meubles,Khniss,False,"PR6C+M42, Khniss, Tunisie",,https://www.facebook.com/groups/furniture.sofa,https://www.instagram.com/satex_tissus_ayed,False,True,False,True,,Khniss Khniss site:instagram.com,,google
Société intégrité meubles,Magasin de meubles de chambre à coucher,Moknine,False,"Rue zaytouna, Moknine 5050, Tunisie",,,,False,False,True,True,Société intégrité meubles Moknine site:facebook.com,Société intégrité meubles Moknine site:instagram.com,,
اثاث البرج,Magasin de meubles,Mahdia,False,"G23Q+2R8, Rue de la Republique, Mahdia, Tunisie",,https://www.facebook.com/MAESCEG,,False,False,True,True,اثاث البرج Mahdia site:facebook.com,اثاث البرج Mahdia site:instagram.com,google,
YASMINE MEUBLE,Magasin d'ameublement et de décoration,Monastir,False,"Rue Salem Bchir, Monastir 5000, Tunisie",,,https://www.instagram.com/mon_ileimmobiliere,False,False,True,True,YASMINE MEUBLE Monastir site:facebook.com,YASMINE MEUBLE Monastir site:instagram.com,,google
Tir fir,Magasin de meubles,Monastir,False,"QR76+PG3 tir fir, Rue, Monastir, Tunisie",,https://www.facebook.com/100070573651503,,False,False,True,True,Tir fir Monastir site:facebook.com,Tir fir Monastir site:instagram.com,google,
Cuisine & Déco,Magasin de meubles de cuisine,Sayada,False,"5035, Sayada 5035, Tunisie",,,,False,False,True,True,Cuisine & Déco Sayada site:facebook.com,Cuisine & Déco Sayada site:instagram.com,,
Afric mod jmal,Magasin de meubles,Sayada,False,"MVCR+G4M, Av. Habib Bourguiba, Sayada, Tunisie",,https://www.facebook.com/profile.php?id=61562767273102,,False,True,False,True,,Afric mod jmal Sayada site:instagram.com,,
Espace zayneb,Magasin de matériel de cuisine,Ksour Essef,False,"Ksour Essef 5180, Tunisie",,https://www.facebook.com/espacezaynouba,,False,False,True,True,Espace zayneb Ksour Essef site:facebook.com,Espace zayneb Ksour Essef site:instagram.com,google,
Bohome,Magasin d'ameublement et de décoration,Monastir,False,"QQCW+MF4, Monastir, Tunisie",,,,False,False,True,True,Bohome Monastir site:facebook.com,Bohome Monastir site:instagram.com,,
Meubles HadjMessaoued,Magasin de meubles,Bennane,False,"MRFV+G3X, Bennane, Tunisie",,,,False,False,True,True,Meubles HadjMessaoued Bennane site:facebook.com,Meubles HadjMessaoued Bennane site:instagram.com,,
ANB SHOPPING. TN,Accessoires mobiliers,Téboulba,False,"Rue Ibn Eljazzar, Téboulba 5080, Tunisie",,,,False,False,True,True,ANB SHOPPING. TN Téboulba site:facebook.com,ANB SHOPPING. TN Téboulba site:instagram.com,,
tableau S plus+,Magasin de meubles,Monastir,False,"QR76+PG3 nibla, Monastir, Tunisie",,,,False,False,True,True,tableau S plus+ Monastir site:facebook.com,tableau S plus+ Monastir site:instagram.com,,
Mobelix,Magasin de meubles,Sayada,False,"Av. Habib Bourguiba, Sayada, Tunisie",,,,False,False,True,True,Mobelix Sayada site:facebook.com,Mobelix Sayada site:instagram.com,,
Super Siesta Monastir,Magasin d'usine,Monastir,False,"C100e, Monastir 5000, Tunisie",https://super-siesta.com,https://www.facebook.com/SuperSiestaTunisieOfficiel,https://www.instagram.com/supersiestatunisie,True,False,True,True,Super Siesta Monastir Monastir site:facebook.com,Super Siesta Monastir Monastir site:instagram.com,site_web,site_web
Meuble Ben Mahmoud,Magasin de meubles,Ksar Hellal,False,"JVVP+4MH, Ksar Hellal, Tunisie",,,,False,False,True,True,Meuble Ben Mahmoud Ksar Hellal site:facebook.com,Meuble Ben Mahmoud Ksar Hellal site:instagram.com,,
Safa cuisine,Magasin de meubles de cuisine,Oued Beja Nord,False,"Rue el jhomhouria Mahdia, 5100, Tunisie",,,,False,False,True,True,Safa cuisine Oued Beja Nord site:facebook.com,Safa cuisine Oued Beja Nord site:instagram.com,,
Meuble maryouma,Magasin de meubles,Ksour Essef,False,"C275+4QC, Ksour Essef, Tunisie",,,,False,False,True,True,Meuble maryouma Ksour Essef site:facebook.com,Meuble maryouma Ksour Essef site:instagram.com,,
InterMeuble ksar hlel,Magasin de meubles,Ksar Hellal,False,"Ksar Hellal 5070, Tunisie",https://www.intermeuble.com.tn,https://www.facebook.com/InterMeuble,https://www.instagram.com/inter.meuble,True,False,True,True,InterMeuble ksar hlel Ksar Hellal site:facebook.com,InterMeuble ksar hlel Ksar Hellal site:instagram.com,site_web,site_web
مفروشات فرات,Magasin de meubles,Ksour Essef,False,"CX9W+4G5، Rue Ali Ben Kamla, Ksour Essaf, Tunisie",,,,False,False,True,True,مفروشات فرات Ksour Essef site:facebook.com,مفروشات فرات Ksour Essef site:instagram.com,,
Mohamed Lahmar et fils,Dépôt,Chiba,False,"G257+QR7 Gouvernorat de, route, Chiba 5800, Tunisie",,https://www.facebook.com/Mohamed-Lahmar-Fils-112713113806746/?ref=page_internal,,False,True,False,True,,Mohamed Lahmar et fils Chiba site:instagram.com,,
home dame,Cuisiniste,Ksour Essef,False,"CX9X+23F, mahdia, Ksour Essef 5180, Tunisie",,,,False,False,True,True,home dame Ksour Essef site:facebook.com,home dame Ksour Essef site:instagram.com,,
joker tech,,Mahdia,False,"boulangerie el bay en face magazin aziza، avenue tunis prész, Mahdia 5100, Tunisie",,https://www.facebook.com/jokertechnologie,,False,True,False,True,,joker tech Mahdia site:instagram.com,,
Atelier assil,Cuisiniste,Hiboun,False,"G27V+7C3, Av. Habib Bourgiba, Hiboun, Tunisie",,,,False,False,True,True,Atelier assil Hiboun site:facebook.com,Atelier assil Hiboun site:instagram.com,,
Wafa mousse,Magasin de meubles,Bekalta,False,"JXCM+6V6, Bekalta, Tunisie",,,,False,False,True,True,Wafa mousse Bekalta site:facebook.com,Wafa mousse Bekalta site:instagram.com,,
Rue Abdul Salem chaouch,,Monastir,False,"QR76+PG3, Monastir, Tunisie",,,,False,False,True,True,Rue Abdul Salem chaouch Monastir site:facebook.com,Rue Abdul Salem chaouch Monastir site:instagram.com,,
Khalil,Magasin de meubles,Monastir,False,"QRCH+996, Ane Habib Bourguiba, Monastir, Tunisie",,https://www.facebook.com/SEVAD.UTICA,,False,False,True,True,Khalil Monastir site:facebook.com,Khalil Monastir site:instagram.com,google,
Ste fatimide,Magasin de meubles,Mahdia,False,"G339+H3Q, Mahdia, Tunisie",,,,False,False,True,True,Ste fatimide Mahdia site:facebook.com,Ste fatimide Mahdia site:instagram.com,,
Safa cuisine,Cuisiniste,Mahdia,False,"G23Q+QPX, Avenue de la république, Mahdia 5100, Tunisie",,,,False,False,True,True,Safa cuisine Mahdia site:facebook.com,Safa cuisine Mahdia site:instagram.com,,
Maranphone,,Bekalta,False,"Hamada, Bekalta 5090, Tunisie",,,,False,False,True,True,Maranphone Bekalta site:facebook.com,Maranphone Bekalta site:instagram.com,,
ANAYA - Vente Produits cosmetiques tunisie,Magasin de cosmétiques,Nabeul‎,False,"immeuble Aicha, 88 Av. Hédi Nouira, Nabeul‎ 8000, Tunisie",,,,False,False,True,True,ANAYA - Vente Produits cosmetiques tunisie Nabeul‎ site:facebook.com,ANAYA - Vente Produits cosmetiques tunisie Nabeul‎ site:instagram.com,,
FLORAISON NATURAL BEAUTY,Magasin de cosmétiques,Ouardanine,False,"Les Amortisseurs Tunisiens NORTEX SA, AV Bagdad،، Ouardanine 5010, Tunisie",http://www.floraison.bio,https://www.facebook.com/floraison.tunisia,https://www.instagram.com/floraison.official,True,False,True,True,FLORAISON NATURAL BEAUTY Ouardanine site:facebook.com,FLORAISON NATURAL BEAUTY Ouardanine site:instagram.com,site_web,site_web
Aphrodite cosmetique,Magasin de cosmétiques,Sahline,False,"QP38+RHF, Sahline, Tunisie",,,,False,False,True,True,Aphrodite cosmetique Sahline site:facebook.com,Aphrodite cosmetique Sahline site:instagram.com,,
bonheur.tn,Magasin de cosmétiques,Ariana,False,"GOLDEN TOWERS, Bloc B, 10ème étage, B10.5, Centre Urbain Nord, 1082, Ariana, Tunisie",https://www.bonheur.tn,https://www.facebook.com/bonheur.tn,https://www.instagram.com/bonheur.tn,True,False,True,True,bonheur.tn Ariana site:facebook.com,bonheur.tn Ariana site:instagram.com,site_web,site_web
Fantaisie cosmetique,Magasin de cosmétiques,Monastir,False,"QR9H+5FH, Monastir, Tunisie",,https://www.facebook.com/fantaisiemonastir,https://www.instagram.com/fantaisiemonastir,False,True,False,True,,Fantaisie cosmetique Monastir site:instagram.com,,google
Beautystore.tn,Magasin de cosmétiques,Marsa,False,"7 1 er etage, bureau 7، Bureau B, Ctre Millenium, N9, La Marsa 2046, Tunisie",http://www.beautystore.tn,https://www.facebook.com/beautystore.tn,https://www.instagram.com/beautystore.tn,True,False,True,True,Beautystore.tn Marsa site:facebook.com,Beautystore.tn Marsa site:instagram.com,site_web,site_web
Ecovillage Natural Beauty - Boutique Hammam Sousse,Magasin de cosmétiques,Hammam Sousse,False,"Avenue 14 Janvier, Route touristique, Hammam Sousse 4083, Tunisie",https://www.ecovillage.com.tn,,,True,False,True,True,Ecovillage Natural Beauty - Boutique Hammam Sousse Hammam Sousse site:facebook.com,Ecovillage Natural Beauty - Boutique Hammam Sousse Hammam Sousse site:instagram.com,,
VIF - Beauté et Cosmétique,Magasin de cosmétiques,Hammam Sousse,False,"Choket El Arrassa, Hammam Sousse 4011, Tunisie",https://vif.tn,,,True,False,True,True,VIF - Beauté et Cosmétique Hammam Sousse site:facebook.com,VIF - Beauté et Cosmétique Hammam Sousse site:instagram.com,,
Fashion Makeup Tunisie,Centre commercial,Tunis,False,"R6MV+V3H, Tunis, Tunisie",,https://www.facebook.com/fashionmakeuptunisia,,False,True,False,True,,Fashion Makeup Tunisie Tunis site:instagram.com,,
Wissemcosmetique,Magasin de cosmétiques,Tunis,False,"R5F3+PP6, Rue 6472, Tunis, Tunisie",,https://www.facebook.com/wesscosmetique,https://www.instagram.com/wissemcosmetiques,False,False,True,True,Wissemcosmetique Tunis site:facebook.com,Wissemcosmetique Tunis site:instagram.com,google,google
Aya Cosmetique. Vente de parfum & materiels de coiffure et cosmethique,Magasin de cosmétiques,Monastir,False,"QR87+Q82, Monastir, Tunisie",,,,False,False,True,True,Aya Cosmetique. Vente de parfum & materiels de coiffure et cosmethique Monastir site:facebook.com,Aya Cosmetique. Vente de parfum & materiels de coiffure et cosmethique Monastir site:instagram.com,,
KARINA TUNISIE,Magasin de cosmétiques,Ez Zahra,False,"106 Av. Habib Bourguiba, Ez Zahra, Tunisie",,,,False,False,True,True,KARINA TUNISIE Ez Zahra site:facebook.com,KARINA TUNISIE Ez Zahra site:instagram.com,,
Nakawa Bio,Entreprise de cosmétique,Sousse,False,"Sousse, Tunisie",http://www.nakawa-bio.com,https://www.facebook.com/NakawaBIO/mentions,,True,False,True,True,Nakawa Bio Sousse site:facebook.com,Nakawa Bio Sousse site:instagram.com,google,
Cherry Beauty,Magasin de produits de beauté,Ariana,False,"Boutique N°6 Nouvelle, Avenue Habib Bourguiba,Centre FARAH rez de chaussée, Ariana 2080, Tunisie",http://www.cherrybeauty.tn,,https://www.instagram.com/popular/cherry-beauty-tunisie,True,False,True,True,Cherry Beauty Ariana site:facebook.com,Cherry Beauty Ariana site:instagram.com,,google
BIOМир магазин натуральной косметики,Magasin de cosmétiques,Hiboun,False,"G2PJ+869, Hiboun, Tunisie",,,,False,False,True,True,BIOМир магазин натуральной косметики Hiboun site:facebook.com,BIOМир магазин натуральной косметики Hiboun site:instagram.com,,
L’impérial-cosmetics,Parfumerie,Monastir,False,"QRF8+86Q rond point de terre, Monastir, Tunisie",https://www.instagram.com/limperial_cosmetics?igsh=d2pqcDZrdnRweXc2&utm_source=qr,https://developers.facebook.com/docs/instagram,https://about.instagram.com,True,False,True,True,L’impérial-cosmetics Monastir site:facebook.com,L’impérial-cosmetics Monastir site:instagram.com,site_web,site_web
Elixir Bio Tunisie,Magasin bio,Tunis,False,"90 Av. Jugurtha, Tunis, Tunisie",https://www.elixirbio.store,https://www.facebook.com/elixir.consommons.bien.bio,https://www.instagram.com/elixir.bio1,True,False,True,True,Elixir Bio Tunisie Tunis site:facebook.com,Elixir Bio Tunisie Tunis site:instagram.com,site_web,site_web
MaPara Tunisie Parapharmacie,Parapharmacie,Ariana,False,"4, 1 Rue Tachkent, Ariana 2037, Tunisie",https://www.maparatunisie.tn,https://www.facebook.com/maparatunisie.tn,https://www.instagram.com/maparatunisie,True,False,True,True,MaPara Tunisie Parapharmacie Ariana site:facebook.com,MaPara Tunisie Parapharmacie Ariana site:instagram.com,site_web,site_web
serbini,Service de livraison,Monastir,False,"Monastir 5000, Tunisie",https://serbini.cloud,https://www.facebook.com/Serbini.Livraison.Monastir,www.instagram.com/serbini_livraison_monastir/%3Fhl%3Dfr&ved=2ahUKEwjQj96GxJf7AhWaQvEDHeXkA38QFnoECBQQAQ&usg=AOvVaw08xmIGg8GDhr8X1G_NIH-9,True,False,True,True,serbini Monastir site:facebook.com,serbini Monastir site:instagram.com,site_web,site_web
Express Trust Delivery,Service de livraison,Ksar Hellal,False,"Rue Mahmoud abbes El Akkad, Ksar Hellal 5070, Tunisie",,,,False,False,True,True,Express Trust Delivery Ksar Hellal site:facebook.com,Express Trust Delivery Ksar Hellal site:instagram.com,,
Alsawani Grocery مغازة السواني,Service de livraison des courses,Monastir,False,"QRG8+Q59, Monastir, Tunisie",,,,False,False,True,True,Alsawani Grocery مغازة السواني Monastir site:facebook.com,Alsawani Grocery مغازة السواني Monastir site:instagram.com,,
Herbéos,Industrie cosmétique,Khniss,False,"Rue carthage, route, Khniss 5011, Tunisie",https://herbeos-store.com,https://www.facebook.com/Herbeos,https://www.instagram.com/herbeos_official,True,False,True,True,Herbéos Khniss site:facebook.com,Herbéos Khniss site:instagram.com,site_web,site_web
Simarome,Magasin de cosmétiques,Ksar Hellal,False,"Ksar Hellal 5070, Tunisie",,,,False,False,True,True,Simarome Ksar Hellal site:facebook.com,Simarome Ksar Hellal site:instagram.com,,
Floraison - Monastir,Magasin de cosmétiques,Monastir,False,"QRCF+HRJ, Av. du combattant suprême, Monastir, Tunisie",https://floraison.bio,https://www.facebook.com/floraison.tunisia,https://www.instagram.com/floraison.official,True,False,True,True,Floraison - Monastir Monastir site:facebook.com,Floraison - Monastir Monastir site:instagram.com,site_web,site_web
Rayhana Cosmetique,Parfumerie,Monastir,False,"R6 5000, Tunisie",,https://m.facebook.com/rayhanacosmo,https://www.instagram.com/rayhana_cosmetique,False,True,False,True,,Rayhana Cosmetique Monastir site:instagram.com,,google
Arvea Nature,Magasin de cosmétiques,Lamta,False,"MVFM+4HV, Lamta, Tunisie",,,https://www.instagram.com/arvea_nature_officiel,False,False,True,True,Arvea Nature Lamta site:facebook.com,Arvea Nature Lamta site:instagram.com,,google
Maison brillante bébé confort,Magasin de cosmétiques,Bembla and Manarah,False,"MQXW+76J, Bembla and Manarah, Tunisie",,,,False,False,True,True,Maison brillante bébé confort Bembla and Manarah site:facebook.com,Maison brillante bébé confort Bembla and Manarah site:instagram.com,,
Ste Tanit Cosmetics,Magasin de cosmétiques,Moknine,False,"JWP6+VQV, Moknine, Tunisie",,,https://www.instagram.com/tanit.botanics,False,False,True,True,Ste Tanit Cosmetics Moknine site:facebook.com,Ste Tanit Cosmetics Moknine site:instagram.com,,google
ALOE PRODUCT,Industrie cosmétique,Boumerdes,False,"Route, Boumerdes 5199, Tunisie",,,,False,False,True,True,ALOE PRODUCT Boumerdes site:facebook.com,ALOE PRODUCT Boumerdes site:instagram.com,,
Glamour,Magasin de cosmétiques,Ksibet El Médiouni,False,"MRMR+5HR, Ksibet El Médiouni, Tunisie",,https://www.facebook.com/100092476196333,https://www.instagram.com/glam.by_safa,False,False,True,True,Glamour Ksibet El Médiouni site:facebook.com,Glamour Ksibet El Médiouni site:instagram.com,google,google
Biotypharma,Magasin de cosmétiques,Monastir,False,"QR87+R66, Unnamed Road, Monastir, Tunisie",,,https://www.instagram.com/biotypharma,False,False,True,True,Biotypharma Monastir site:facebook.com,Biotypharma Monastir site:instagram.com,,google
Nadine Beauty Store,Magasin de cosmétiques,Bennane,False,"MRGM+CRJ, Av. Habib bourguiba, Bennane, Tunisie",,,,False,False,True,True,Nadine Beauty Store Bennane site:facebook.com,Nadine Beauty Store Bennane site:instagram.com,,
Gattino,Magasin de cosmétiques,Monastir,False,"QRFH+876, Rue de l'Indépendance, Monastir, Tunisie",,https://www.facebook.com/parfurmerie,,False,True,False,True,,Gattino Monastir site:instagram.com,,
RAYHANA PRO,Magasin de cosmétiques,Monastir,False,"QR86+FMP, Monastir, Tunisie",,https://www.facebook.com/rayhanacosmo,https://www.instagram.com/rayhana_cosmetique,False,False,True,True,RAYHANA PRO Monastir site:facebook.com,RAYHANA PRO Monastir site:instagram.com,google,google
Baby Gros Confort ESPACE MARWEN,Magasin de cosmétiques,Bou hjar,False,"MVC6+29M, Av. Habib bourguiba, Bou hjar 5015, Tunisie",,,,False,False,True,True,Baby Gros Confort ESPACE MARWEN Bou hjar site:facebook.com,Baby Gros Confort ESPACE MARWEN Bou hjar site:instagram.com,,
Parfumerie VSCO,Magasin de produits de beauté,madzara,False,"Av. Taieb Mhiri, madzara 5100, Tunisie",,https://www.facebook.com/Beauty.care.cosmetics.VSCO,,False,False,True,True,Parfumerie VSCO madzara site:facebook.com,Parfumerie VSCO madzara site:instagram.com,google,
TT SHOP Tunisie Telecom,Magasin d'électronique,Kélibia,False,"Av. Habib-Bourguiba, Kélibia 8090, Tunisie",,https://www.facebook.com/Agence.Kelibia.N1?mibextid=LQQJ4d,,False,True,False,True,,TT SHOP Tunisie Telecom Kélibia site:instagram.com,,
Boutique Tunisia-Gsm,Centre commercial,La Chebba,False,"64P8+VMV, La Chebba, Tunisie",,,,False,False,True,True,Boutique Tunisia-Gsm La Chebba site:facebook.com,Boutique Tunisia-Gsm La Chebba site:instagram.com,,
Tunisie Télécom,Magasin,Tunis,False,"143 Av. Louis Braille, Tunis, Tunisie",,,https://www.instagram.com/ttshop.boutique.telecom,False,False,True,True,Tunisie Télécom Tunis site:facebook.com,Tunisie Télécom Tunis site:instagram.com,,google
SM STORE AVENUE H.B MAHDIA,Magasin de téléphonie mobile,Mahdia,False,"C82, Mahdia, Tunisie",https://smstore.tn,https://www.facebook.com/SMSTOREMAHDIA.TN,,True,False,True,True,SM STORE AVENUE H.B MAHDIA Mahdia site:facebook.com,SM STORE AVENUE H.B MAHDIA Mahdia site:instagram.com,site_web,
moby store,Atelier de réparation de téléphones mobiles,Sousse,False,"Rue Imam Boukhari, Sousse, Tunisie",,https://www.facebook.com/MobyStore.sousse,,False,True,False,True,,moby store Sousse site:instagram.com,,
Tech World Kallel,Atelier de réparation de téléphones mobiles,Sfax,False,"طريق, Sfax, Tunisie",https://www.techworld.tn,,https://www.instagram.com/techworldkallel,True,False,True,True,Tech World Kallel Sfax site:facebook.com,Tech World Kallel Sfax site:instagram.com,,google
PRESTIGE PHONE,Magasin d'accessoires pour téléphones mobiles,Sfax,False,"Km 7, Rte Teniour, Sfax 3041, Tunisie",https://prestige-phone.tn,https://www.facebook.com/CHIHIA.SERVICES,https://www.instagram.com/prestige_phone_shop,True,False,True,True,PRESTIGE PHONE Sfax site:facebook.com,PRESTIGE PHONE Sfax site:instagram.com,site_web,site_web
zitouna shop hammamet,Magasin d'accessoires pour téléphones mobiles,Hammamet,False,"Av. Taieb Mhiri, Hammamet 8050, Tunisie",,https://web.facebook.com/zitouna.shop/?fref=ts,,False,True,False,True,,zitouna shop hammamet Hammamet site:instagram.com,,
Ra7-Tech Vente & Réparation GSM,Magasin de téléphonie mobile,Ben Arous,False,"09 Rue de Paris, Ben Arous 2013, Tunisie",https://ra7tech.tn,,,True,False,True,True,Ra7-Tech Vente & Réparation GSM Ben Arous site:facebook.com,Ra7-Tech Vente & Réparation GSM Ben Arous site:instagram.com,,
2mi 3abdou store smartphone informatique,Magasin de téléphonie mobile,Sfax,False,"Rue habib ayedi Sfax TN 3041, Rue Habib Achour, Sfax, Tunisie",http://www.abdoustore.tn,https://www.facebook.com/3abdoustore,https://www.instagram.com/3abdou.store,True,False,True,True,2mi 3abdou store smartphone informatique Sfax site:facebook.com,2mi 3abdou store smartphone informatique Sfax site:instagram.com,site_web,site_web
Mageek Store Apple Authorized Reseller,Magasin d'informatique,Tunis,False,"Rue du Lac Huron, Tunis 1053, Tunisie",http://www.mageekstore.tn,https://www.facebook.com/Mageekstore.tn,https://www.instagram.com/mageekstore,True,False,True,True,Mageek Store Apple Authorized Reseller Tunis site:facebook.com,Mageek Store Apple Authorized Reseller Tunis site:instagram.com,site_web,site_web
Green Store,Magasin de téléphonie mobile,Sousse,False,"12 Rue Mongi Bali, Sousse 4059, Tunisie",https://instagram.com/green_store_tunisie?igshid=YmMyMTA2M2Y=,https://www.facebook.com/100067594252869,,True,False,True,True,Green Store Sousse site:facebook.com,Green Store Sousse site:instagram.com,google,
Club Jouets jardins de carthage,Magasin de jouets,,True,"Res La perle de Carthage, Avenue Hannibal – Tunis, Tunis, 1000, Tunisie",https://www.clubjouets.tn,,https://www.instagram.com/clubjouets,True,False,True,True,Club Jouets jardins de carthage site:facebook.com,Club Jouets jardins de carthage site:instagram.com,,google
Club Jouets Djerba,Centre commercial,Ouled Amor,False,"Km 2 Djerba, Centre commercial Bourgo Mall - Midoun, Route, 4116, Tunisie",https://www.clubjouets.tn,https://www.facebook.com/ClubJouetsTN,https://www.instagram.com/clubjouets,True,False,True,True,Club Jouets Djerba Ouled Amor site:facebook.com,Club Jouets Djerba Ouled Amor site:instagram.com,google,google
Rayart Tunisie,Magasin de matériel artistique,Tunis,False,"06 Rue Al Jazira, Tunis 1000, Tunisie",https://www.rayart.com.tn,https://www.facebook.com/RayArt.com.tn,https://www.instagram.com/rayart.com.tn,True,False,True,True,Rayart Tunisie Tunis site:facebook.com,Rayart Tunisie Tunis site:instagram.com,site_web,site_web
Joaillerie Chokri LAROUS,Bijouterie,Nabeul‎,False,"Av. Habib Thameur, Nabeul‎ 8000, Tunisie",,,,False,False,True,True,Joaillerie Chokri LAROUS Nabeul‎ site:facebook.com,Joaillerie Chokri LAROUS Nabeul‎ site:instagram.com,,
La Reine (Maquillage & parfum),Magasin de cosmétiques,Monastir,False,"immeuble Naouar, Route Kairouan, Monastir 5000, Tunisie",,,,False,False,True,True,La Reine (Maquillage & parfum) Monastir site:facebook.com,La Reine (Maquillage & parfum) Monastir site:instagram.com,,
Idéal cosmétique,Magasin de cosmétiques,Sidi Alouane,False,"9WFQ+QCV, Rue Lazaar Abdejjalil, Sidi Alouane, Tunisie",,https://www.facebook.com/Ideal-cosmetique-1372832939408978,,False,True,False,True,,Idéal cosmétique Sidi Alouane site:instagram.com,,
haifa london,Magasin de cosmétiques,Monastir,False,"QRFH+PR9, Monastir, Tunisie",http://haifalondon.tn,,,True,False,True,True,haifa london Monastir site:facebook.com,haifa london Monastir site:instagram.com,,
Nour Chic,Magasin de cosmétiques,Bekalta,False,"JX9W+C9P, Bekalta, Tunisie",,,https://www.instagram.com/nour__chic,False,False,True,True,Nour Chic Bekalta site:facebook.com,Nour Chic Bekalta site:instagram.com,,google
Ste laurene cosmétiques,Magasin de cosmétiques,Ksar Hellal,False,"JVVQ+W85, Av. Habib bourguiba, Ksar Hellal, Tunisie",,,,False,False,True,True,Ste laurene cosmétiques Ksar Hellal site:facebook.com,Ste laurene cosmétiques Ksar Hellal site:instagram.com,,
So Cute Beauty,Magasin de cosmétiques,Monastir,False,"QRF3+64M, Monastir, Tunisie",,,,False,False,True,True,So Cute Beauty Monastir site:facebook.com,So Cute Beauty Monastir site:instagram.com,,
Coin Bio Mahdia,Magasin bio,Mahdia,False,"G353+J25, Av. Habib Bourguiba, Mahdia 5100, Tunisie",,,https://www.instagram.com/coinbiomahdia,False,False,True,True,Coin Bio Mahdia Mahdia site:facebook.com,Coin Bio Mahdia Mahdia site:instagram.com,,google
Pharmavie,Magasin de cosmétiques,Téboulba,False,"JXPC+G9C, Téboulba, Tunisie",,,,False,False,True,True,Pharmavie Téboulba site:facebook.com,Pharmavie Téboulba site:instagram.com,,
𝙼𝚄𝚂é𝙴 𝙳𝚄 𝚂𝙰𝚅𝙾𝙽,Magasin de cosmétiques,Mahdia,False,"G33C+XRR, rue Saïda Mannoubia, Mahdia, Tunisie",,,,False,False,True,True,𝙼𝚄𝚂é𝙴 𝙳𝚄 𝚂𝙰𝚅𝙾𝙽 Mahdia site:facebook.com,𝙼𝚄𝚂é𝙴 𝙳𝚄 𝚂𝙰𝚅𝙾𝙽 Mahdia site:instagram.com,,
Parfumerie Nabil Jemmali,Magasin de cosmétiques,Monastir,False,"Cite trabelsia en face biat, Monastir 5000, Tunisie",,,,False,False,True,True,Parfumerie Nabil Jemmali Monastir site:facebook.com,Parfumerie Nabil Jemmali Monastir site:instagram.com,,
Assafa Propreté,Magasin de cosmétiques,Mahdia,False,"près pharmacie HABIBA COUBANI, Av République, Mahdia 5199, Tunisie",,,https://www.instagram.com/popular/alg%C3%A9rie-force-expresse-detache-tout,False,False,True,True,Assafa Propreté Mahdia site:facebook.com,Assafa Propreté Mahdia site:instagram.com,,google
Yara cosmétique,Magasin de cosmétiques,Moknine,False,"JWH2+XR2 mosque sidi hmad, Moknine, Tunisie",,,,False,False,True,True,Yara cosmétique Moknine site:facebook.com,Yara cosmétique Moknine site:instagram.com,,
Para&Cosmo Samah (parfumerie et parapharmacie 96622786),Magasin de cosmétiques,Téboulba,False,"JXVM+9FQ، طريق الفاضلين, Téboulba, Tunisie",,,,False,False,True,True,Para&Cosmo Samah (parfumerie et parapharmacie 96622786) Téboulba site:facebook.com,Para&Cosmo Samah (parfumerie et parapharmacie 96622786) Téboulba site:instagram.com,,
Cosma pro,Magasin de cosmétiques,Menzel Ennour,False,"MQCJ+VR7, Menzel Ennour 5022, Tunisie",,https://www.facebook.com/CosmaClean/mentions,https://www.instagram.com/x_phone_tn,False,False,True,True,Cosma pro Menzel Ennour site:facebook.com,Cosma pro Menzel Ennour site:instagram.com,google,google
Parfumerie Trés'Or,Magasin de cosmétiques,Ksour Essef,False,"C292+7Q5, Ksour Essef, Tunisie",,,,False,False,True,True,Parfumerie Trés'Or Ksour Essef site:facebook.com,Parfumerie Trés'Or Ksour Essef site:instagram.com,,
Societe NASR,Magasin de jouets,Bennane,False,"MV97+P93, Av. Habib bourguiba, Bennane 5025, Tunisie",,https://www.facebook.com/societenasr,,False,True,False,True,,Societe NASR Bennane site:instagram.com,,
Hadhood Shop,Centre commercial,Monastir,False,"QR74+FPV, Monastir, Tunisie",,https://www.facebook.com/hadhood.shop,,False,False,True,True,Hadhood Shop Monastir site:facebook.com,Hadhood Shop Monastir site:instagram.com,google,
BIGKAZA Khnis Monstir,Magasin de jouets,Khniss,False,"Khniss, Tunisie",,,,False,False,True,True,BIGKAZA Khnis Monstir Khniss site:facebook.com,BIGKAZA Khnis Monstir Khniss site:instagram.com,,
Magasin BABY KING,Boutique de cadeaux,Mahdia,False,"G346+593, Mahdia, Tunisie",,,,False,False,True,True,Magasin BABY KING Mahdia site:facebook.com,Magasin BABY KING Mahdia site:instagram.com,,
HamzAart,Magasin de modélisme ferroviaire,Ksar Hellal,False,"Ksar Hellal 5070, Tunisie",,,,False,False,True,True,HamzAart Ksar Hellal site:facebook.com,HamzAart Ksar Hellal site:instagram.com,,
Tapiti Toy Store,Magasin de jouets,Monastir,False,"QQCV+FG9, Avenue Ali Bourguiba, route de sousse, Monastir, Tunisie",,https://www.facebook.com/p/Tapiti-Toy-Store-100086573755916,https://www.instagram.com/tapiti.toy.store,False,False,True,True,Tapiti Toy Store Monastir site:facebook.com,Tapiti Toy Store Monastir site:instagram.com,google,google
Pangui,Magasin de jouets,Monastir,False,"QQCW+QFM, Monastir, Tunisie",,https://www.facebook.com/Pangui.MallofSousse,https://www.instagram.com/pangui_mallofsousse,False,False,True,True,Pangui Monastir site:facebook.com,Pangui Monastir site:instagram.com,google,google
so nice design,Magasin de modélisme,Ksar Hellal,False,"Ksar Hellal, Tunisie",,,,False,False,True,True,so nice design Ksar Hellal site:facebook.com,so nice design Ksar Hellal site:instagram.com,,
"Magasin ""MAGIC""",Magasin,Moknine,False,"JVHX+WCG, Moknine, Tunisie",,,,False,False,True,True,"Magasin ""MAGIC"" Moknine site:facebook.com","Magasin ""MAGIC"" Moknine site:instagram.com",,
محل بيع الالعاب,Magasin de jouets,Bekalta,False,"JX9V+MVW, Bekalta, Tunisie",,,,False,False,True,True,محل بيع الالعاب Bekalta site:facebook.com,محل بيع الالعاب Bekalta site:instagram.com,,
ecole,Magasin de jouets,Téboulba,False,"Av. Amor Bayoudh, Téboulba 5080, Tunisie",,https://www.facebook.com/epcTunisie/mentions,,False,False,True,True,ecole Téboulba site:facebook.com,ecole Téboulba site:instagram.com,google,
Bekalti Jouets Midoun,Magasin de jouets,Djerba Midun,False,"Djerba Midoun avenue salah ben youssef Djerba, 4180, Tunisie",,,,False,False,True,True,Bekalti Jouets Midoun Djerba Midun site:facebook.com,Bekalti Jouets Midoun Djerba Midun site:instagram.com,,
BEKALTI JOUETS,Magasin de jouets,Houmt Souk,False,"VVF5+9X6, Av. Abdelhamidel Cadhi, Houmt Souk, Tunisie",,https://www.facebook.com/100064156142784,https://www.instagram.com/bekalti_jouets,False,False,True,True,BEKALTI JOUETS Houmt Souk site:facebook.com,BEKALTI JOUETS Houmt Souk site:instagram.com,google,google
"Magasin de jeux, jouets et puériculture chez OMMI SISSI en Sfax et Tunis",Magasin de jouets,Sfax,False,"Sfax, Tunisie",http://ommisissi.com/FR/Groupe.awp,,,True,False,True,True,"Magasin de jeux, jouets et puériculture chez OMMI SISSI en Sfax et Tunis Sfax site:facebook.com","Magasin de jeux, jouets et puériculture chez OMMI SISSI en Sfax et Tunis Sfax site:instagram.com",,
BOJO Tunisie,Magasin de jouets,Houmt Souk,False,"Av. Salah Ben youssef, Houmt Souk 4180, Tunisie",,,,False,False,True,True,BOJO Tunisie Houmt Souk site:facebook.com,BOJO Tunisie Houmt Souk site:instagram.com,,
Kid Land,Magasin pour enfants,Houmt Souk,False,"VV83+JV8, Houmt Souk, Tunisie",,https://www.facebook.com/p/KID-LAND-100071327822599,,False,False,True,True,Kid Land Houmt Souk site:facebook.com,Kid Land Houmt Souk site:instagram.com,google,
BEKALTI MY SHOP,Magasin de jouets,Houmt Souk,False,"25 Rue Sakiet Sidi Youssef, Houmt Souk 4180, Tunisie",,,,False,False,True,True,BEKALTI MY SHOP Houmt Souk site:facebook.com,BEKALTI MY SHOP Houmt Souk site:instagram.com,,
Dream-store Djerba,Magasin de jouets,Houmt Souk,False,"4180 Djerba, Tunisie",,,,False,False,True,True,Dream-store Djerba Houmt Souk site:facebook.com,Dream-store Djerba Houmt Souk site:instagram.com,,
Librairie La Forêt De Fourniture,Magasin de jouets,Djerba Midun,False,"RX6P+RMC, Avenue la liberté, Djerba Midun 4116, Tunisie",,,,False,False,True,True,Librairie La Forêt De Fourniture Djerba Midun site:facebook.com,Librairie La Forêt De Fourniture Djerba Midun site:instagram.com,,
Just iphone,Magasin d'accessoires informatiques,Moknine,False,"JVPW+JHR, Av. des Martyrs, Moknine, Tunisie",,,,False,False,True,True,Just iphone Moknine site:facebook.com,Just iphone Moknine site:instagram.com,,
Accessoires Mayssem,Boutique d'accessoires de mode,Ksar Hellal,False,"JVWF+485, Ksar Hellal, Tunisie",,,,False,False,True,True,Accessoires Mayssem Ksar Hellal site:facebook.com,Accessoires Mayssem Ksar Hellal site:instagram.com,,
Octanet,Magasin d'accessoires informatiques,Téboulba,False,"Av. Habib bourguiba, Téboulba 5080, Tunisie",,,,False,False,True,True,Octanet Téboulba site:facebook.com,Octanet Téboulba site:instagram.com,,
..parfumerie morano,Magasin de cosmétiques,Téboulba,False,"96-116 Av. Mahbouba Soussia, Téboulba, Tunisie",,,,False,False,True,True,..parfumerie morano Téboulba site:facebook.com,..parfumerie morano Téboulba site:instagram.com,,
Magasin mokhtar chamkhi,Magasin de cosmétiques,Bou hjar,False,"MV97+HP5, Av. Habib bourguiba, Bou hjar 5015, Tunisie",,,,False,False,True,True,Magasin mokhtar chamkhi Bou hjar site:facebook.com,Magasin mokhtar chamkhi Bou hjar site:instagram.com,,
COSMETIC HOUSE,Parfumerie,Moknine,False,"JVPW+GV6, Av. Habib bourguiba, Moknine, Tunisie",,,,False,False,True,True,COSMETIC HOUSE Moknine site:facebook.com,COSMETIC HOUSE Moknine site:instagram.com,,
Espace Bio,Magasin de cosmétiques,Bennane,False,"MRGP+472, Bennane, Tunisie",,https://www.facebook.com/oxygene.technologies,https://www.instagram.com/natexpo,False,False,True,True,Espace Bio Bennane site:facebook.com,Espace Bio Bennane site:instagram.com,google,google
Fleur des Champs,Boutique de santé et beauté,Monastir,False,"QRCC+M4F, Unnamed Road, Monastir, Tunisie",http://www.fleurdeschamps.tn,https://www.facebook.com/Fleurdeschampspara/about_privacy_and_legal_info,https://www.instagram.com/fleurdeschampsmonastir,True,False,True,True,Fleur des Champs Monastir site:facebook.com,Fleur des Champs Monastir site:instagram.com,site_web,site_web
Espace Nour (بيع مواد تنظيف ومواد تجميل),Magasin de cosmétiques,Téboulba,False,"نهج شبيل نويرة،, Téboulba, Tunisie",,,,False,False,True,True,Espace Nour (بيع مواد تنظيف ومواد تجميل) Téboulba site:facebook.com,Espace Nour (بيع مواد تنظيف ومواد تجميل) Téboulba site:instagram.com,,
الغضاب المواد التنضيف,Magasin de cosmétiques,Moknine,False,"JVMX+5CH, Moknine, Tunisie",,,,False,False,True,True,الغضاب المواد التنضيف Moknine site:facebook.com,الغضاب المواد التنضيف Moknine site:instagram.com,,
Espace islem,Magasin de cosmétiques,Lamta,False,"MVCM+829, Lamta, Tunisie",,https://www.facebook.com/people/Espace-islem-de-commerces/100063675871518,,False,False,True,True,Espace islem Lamta site:facebook.com,Espace islem Lamta site:instagram.com,google,
New Parapharmacie SK,Magasin de cosmétiques,Monastir,False,"QR76+MG4, Monastir, Tunisie",,,,False,False,True,True,New Parapharmacie SK Monastir site:facebook.com,New Parapharmacie SK Monastir site:instagram.com,,
Paraspot,Magasin de cosmétiques,Moknine,False,"JWH5+2P3, Moknine, Tunisie",,,https://www.instagram.com/paraspot_ai,False,False,True,True,Paraspot Moknine site:facebook.com,Paraspot Moknine site:instagram.com,,google
SPO Oriflame Moknine,Entreprise de cosmétique,Moknine,False,"JVHX+X9W, Av. des Martyrs, Moknine, Tunisie",,,,False,False,True,True,SPO Oriflame Moknine Moknine site:facebook.com,SPO Oriflame Moknine Moknine site:instagram.com,,
boutique be green,Magasin de cosmétiques,Mahdia,False,"Galerie Belkhir, Av. Habib Bourguiba, Mahdia 5100, Tunisie",,,,False,False,True,True,boutique be green Mahdia site:facebook.com,boutique be green Mahdia site:instagram.com,,
FATALES Monastir,Parfumerie,Monastir,False,"QRCG+R6W, Av. du combattant suprême, Monastir, Tunisie",http://www.fatales.tn,https://www.facebook.com/fatales.tunisie,https://www.instagram.com/fatales_stores/ ,True,False,True,True,FATALES Monastir Monastir site:facebook.com,FATALES Monastir Monastir site:instagram.com,site_web,site_web
Parfumerie menzel fersi,Magasin de cosmétiques,Menzel Fersi,False,"HV29+JV8, Menzel Fersi, Tunisie",,,,False,False,True,True,Parfumerie menzel fersi Menzel Fersi site:facebook.com,Parfumerie menzel fersi Menzel Fersi site:instagram.com,,
Kiss and smile,Magasin de cosmétiques,Monastir,False,"QRF2+2CH, Monastir, Tunisie",,https://www.facebook.com/rayhanacosmo/mentions,https://www.instagram.com/lellacosmetics,False,False,True,True,Kiss and smile Monastir site:facebook.com,Kiss and smile Monastir site:instagram.com,google,google
ha-tek informatique,Service d'e-commerce,Sousse,False,"4000, beb behar, Sousse 4000, Tunisie",,,,False,False,True,True,ha-tek informatique Sousse site:facebook.com,ha-tek informatique Sousse site:instagram.com,,
Société les frères louzir de commerce et distribution alimentation générale,Service d'e-commerce,Menzel Ennour,False,"MQ7F+3JG, Menzel Ennour, Tunisie",,,,False,False,True,True,Société les frères louzir de commerce et distribution alimentation générale Menzel Ennour site:facebook.com,Société les frères louzir de commerce et distribution alimentation générale Menzel Ennour site:instagram.com,,
ijashop Tunisie,Magasin d'électronique,Monastir,False,"Cyber parc avenue ibn al jazzar| 5060 Monastir Monastir TN 5060, Monastir, Tunisie",http://www.ijashop.com,,,True,False,True,True,ijashop Tunisie Monastir site:facebook.com,ijashop Tunisie Monastir site:instagram.com,,
allagui services électroniquesالعلاقي للخدمات الإلكترونية,Magasin d'électronique,Hammam Sousse,False,"13 Rte de la Plage, Hammam Sousse 4011, Tunisie",https://www.allaguielectroniques.com,http://www.facebook.com/p/ALLAGUI-SERVICES-ELECTRONIQUES-100063669559096,https://www.instagram.com/allagui.services.electroniques,True,False,True,True,allagui services électroniquesالعلاقي للخدمات الإلكترونية Hammam Sousse site:facebook.com,allagui services électroniquesالعلاقي للخدمات الإلكترونية Hammam Sousse site:instagram.com,site_web,site_web
electro,Service d'e-commerce,Monastir,False,"QRCG+F7H, Monastir, Tunisie",,https://www.facebook.com/p/Electro-Connect-100057534824806,https://www.instagram.com/electro__youssef,False,False,True,True,electro Monastir site:facebook.com,electro Monastir site:instagram.com,google,google
E Cigarette Tunisie,Service d'e-commerce,Beni Khiar,False,"FQ3R+QJV, Beni Khiar, Tunisie",http://e-cigarette-nabeul.blogspot.com/?m=1,,,True,False,True,True,E Cigarette Tunisie Beni Khiar site:facebook.com,E Cigarette Tunisie Beni Khiar site:instagram.com,,
Sociéte Soua De Commerce,Service d'e-commerce,Akouda,False,"VH89+X2C à coté de مدرسة الراجحية, Avenue Habib Bourguiba, Akouda 4070, Tunisie",,,,False,False,True,True,Sociéte Soua De Commerce Akouda site:facebook.com,Sociéte Soua De Commerce Akouda site:instagram.com,,
ETABLISSEMMENT EE,Service d'e-commerce,Téboulba,False,"113 rue taher maarref, Téboulba 5080, Tunisie",,,,False,False,True,True,ETABLISSEMMENT EE Téboulba site:facebook.com,ETABLISSEMMENT EE Téboulba site:instagram.com,,
Effi-COM Solutions,Service d'e-commerce,Nabeul,False,"Av 2 mars, Nabeul, Tunisie",http://www.efficom-solutions.com,https://www.facebook.com/effi.com.solutions,https://www.instagram.com/effi_com,True,False,True,True,Effi-COM Solutions Nabeul site:facebook.com,Effi-COM Solutions Nabeul site:instagram.com,google,google
Vidange.tn site de vente en ligne des pièces de rechange automobile origines et adaptables en multimarques,Magasin de pièces automobiles,Tunis,False,"bloc A 1er étage, Immeuble centre de vie, Tunis 2060, Tunisie",https://vidange.tn,,,True,False,True,True,Vidange.tn site de vente en ligne des pièces de rechange automobile origines et adaptables en multimarques Tunis site:facebook.com,Vidange.tn site de vente en ligne des pièces de rechange automobile origines et adaptables en multimarques Tunis site:instagram.com,,
Télé Achat Tunisna,Centre commercial,Tunis,False,"R5P6+282, Rue Caracalla, Tunis, Tunisie",,,,False,False,True,True,Télé Achat Tunisna Tunis site:facebook.com,Télé Achat Tunisna Tunis site:instagram.com,,
Géant Tunis City,Hypermarché,Cebalat Ben Ammar,False,"Centre commercial Tunis City Ariana, 2032, Tunisie",https://www.geant.tn,,https://www.instagram.com/popular/geant-tunis-city-ariana,True,False,True,True,Géant Tunis City Cebalat Ben Ammar site:facebook.com,Géant Tunis City Cebalat Ben Ammar site:instagram.com,,google
Para Promo Tunisie la Parapharmacie en ligne,Boutique de santé et beauté,Ariana,False,"09 Rue de Sabra, Ariana 2037, Tunisie",,,,False,False,True,True,Para Promo Tunisie la Parapharmacie en ligne Ariana site:facebook.com,Para Promo Tunisie la Parapharmacie en ligne Ariana site:instagram.com,,
Tunisia Mall 2,Centre commercial,Tunis,False,"R7WJ+R7F, Tunis 1053, Tunisie",,https://www.facebook.com/TunisiaMall.page.officielle,https://www.instagram.com/tunisiamallofficial,False,True,False,True,,Tunisia Mall 2 Tunis site:instagram.com,,google
Joliesse Djerba,Magasin de chaussures,Houmt Souk,False,"VVH6+QFJ, Houmt Souk, Tunisie",,https://www.facebook.com/ChaussureJoliesse,,False,True,False,True,,Joliesse Djerba Houmt Souk site:instagram.com,,
Decathlon Djerba,Magasin d'articles de sports,Ouled Amor,False,"route houmt souk km2، 4116, Tunisie",http://decathlon.tn,https://www.facebook.com/Decathlon.Tunisie.Officiel,https://www.instagram.com/decathlontunisie,True,False,True,True,Decathlon Djerba Ouled Amor site:facebook.com,Decathlon Djerba Ouled Amor site:instagram.com,site_web,site_web
Bergachi meubles,Magasins et centres commerciaux,Menzel Jemil,False,"6WHF+4J8, P8, Menzel Jemil, Tunisie",,,https://www.instagram.com/oxygene_fm,False,False,True,True,Bergachi meubles Menzel Jemil site:facebook.com,Bergachi meubles Menzel Jemil site:instagram.com,,google
TuniShopping,Magasin,Monastir,False,"QRCF+624 cnrps 1123, Monastir 5000, Tunisie",,https://www.facebook.com/tounesstoday,https://www.instagram.com/tunishopping.tn,False,False,True,True,TuniShopping Monastir site:facebook.com,TuniShopping Monastir site:instagram.com,google,google
Alarabia Informatique,Magasin d'informatique,Mahdia,False,"Av. Ali Belhouane, Mahdia, Tunisie",http://www.alarabia.com.tn,https://www.facebook.com/Alarabia.com.tn,https://www.instagram.com/alarabia.com.tn,True,False,True,True,Alarabia Informatique Mahdia site:facebook.com,Alarabia Informatique Mahdia site:instagram.com,site_web,site_web
Jumia Houni | Electro Belazreg,Service d'e-commerce,Moknine,False,"JVJX+297, Moknine 5050, Tunisie",,,,False,False,True,True,Jumia Houni | Electro Belazreg Moknine site:facebook.com,Jumia Houni | Electro Belazreg Moknine site:instagram.com,,
TheMarchi,Service d'e-commerce,Sidi Alouane,False,"rue casa blanca, Sidi Alouane 5190, Tunisie",,,,False,False,True,True,TheMarchi Sidi Alouane site:facebook.com,TheMarchi Sidi Alouane site:instagram.com,,
GSM+,Service d'e-commerce,Sidi Alouane,False,"9WCQ+H5M, Av. Habib Bourguiba, Sidi Alouane 5190, Tunisie",,https://www.facebook.com/maystroTN,,False,False,True,True,GSM+ Sidi Alouane site:facebook.com,GSM+ Sidi Alouane site:instagram.com,google,
Importation-paris France,Centre commercial,Bekalta,False,"J282+7CP, rue sidi abeddaim, Bekalta, Tunisie",,,,False,False,True,True,Importation-paris France Bekalta site:facebook.com,Importation-paris France Bekalta site:instagram.com,,
kombas,Service d'e-commerce,Ksibet El Médiouni,False,"2eme étage, Immeuble Ouannes, Av. Habib Bourguiba, 5031, Ksibet El Mediouni 5031, Tunisie",https://kombas.net,,,True,False,True,True,kombas Ksibet El Médiouni site:facebook.com,kombas Ksibet El Médiouni site:instagram.com,,
Chaouch Service et nègoce,Service d'e-commerce,Ksar Hellal,False,"21 5070 Rue Mohamed Ali El Hammi, Ksar Hellal 5035, Tunisie",,,,False,False,True,True,Chaouch Service et nègoce Ksar Hellal site:facebook.com,Chaouch Service et nègoce Ksar Hellal site:instagram.com,,
The SHOP,Service d'e-commerce,Monastir,False,"5015, Monastir, Tunisie",,,,False,False,True,True,The SHOP Monastir site:facebook.com,The SHOP Monastir site:instagram.com,,
HNBHAStore,Service d'e-commerce,Monastir,False,"QR76+PG3, Rue Les Oranges, Maatmeur, Monastir 5012, Tunisie",https://pharmacie-aycha-doudeche-admin-side.netlify.app,,,True,False,True,True,HNBHAStore Monastir site:facebook.com,HNBHAStore Monastir site:instagram.com,,
Support Oracle EBS -By- Fatma,Magasin,Monastir,False,"Cité El Faouz Route Remada C5 C6 n°67 , 5000 Monastir Cité El Faouz Route Remada C5 C6 n°67 , 5000 Monastir Tunis, 5000, Tunisie",,,,False,False,True,True,Support Oracle EBS -By- Fatma Monastir site:facebook.com,Support Oracle EBS -By- Fatma Monastir site:instagram.com,,
InfoCity,Magasin d'accessoires informatiques,Monastir,False,"QRC9+C5H, Monastir, Tunisie",,,,False,False,True,True,InfoCity Monastir site:facebook.com,InfoCity Monastir site:instagram.com,,
Zarzis Home,Magasin d'ameublement et de décoration,Zarzis,False,"G4X4+W6R, Zarzis, Tunisie",,,,False,False,True,True,Zarzis Home Zarzis site:facebook.com,Zarzis Home Zarzis site:instagram.com,,
FLORA Mobili,Magasin de meubles,Zarzis,False,"41 Av. Habib Bourguiba, Zarzis 4170, Tunisie",,,,False,False,True,True,FLORA Mobili Zarzis site:facebook.com,FLORA Mobili Zarzis site:instagram.com,,
CASASHOP Tunisia,Magasin de meubles,Tunis,False,"Tunis 2046, Tunisie",,https://www.facebook.com/casashoptunisie,,False,True,False,True,,CASASHOP Tunisia Tunis site:instagram.com,,
HOME SQUARE,Magasin de meubles,à coté de l'école américaine Tunis،,False,"GP 9 Route de la Marsa Tunis, à coté de l'école américaine Tunis، 2076, Tunisie",,,,False,False,True,True,HOME SQUARE à coté de l'école américaine Tunis، site:facebook.com,HOME SQUARE à coté de l'école américaine Tunis، site:instagram.com,,
Loft Square Tunisia,Magasin d'ameublement et de décoration,Tunis,False,"Les, Les Local M6 et M7, Résidence L'Horizon, Avenue Jugurtha, Tunis 2045, Tunisie",http://loftsquare.tn,https://www.facebook.com/profile.php,https://www.instagram.com/loftsquare.tn,True,False,True,True,Loft Square Tunisia Tunis site:facebook.com,Loft Square Tunisia Tunis site:instagram.com,site_web,site_web
Tuniscount La Soukra,Magasin d'ameublement et de décoration,Tunis,False,"Av. de l'UMA, Tunis, Tunisie",https://www.tuniscount.com,https://www.facebook.com/tuniscount,https://www.instagram.com/tuniscountsarl,True,False,True,True,Tuniscount La Soukra Tunis site:facebook.com,Tuniscount La Soukra Tunis site:instagram.com,site_web,site_web
Dolce Vita Home Collection,Magasin d'ameublement et de décoration,,True,"SILA RSD LES COUPOLES, 2036, Tunisie",,https://www.facebook.com/DolceVitaLuxuryHomeCollection,https://www.instagram.com/popular/dolce-vita-home-collection,False,True,False,True,,Dolce Vita Home Collection site:instagram.com,,google
Coin de meuble Zarzis,Magasin de meubles,Zarzis,False,"Zarzis, Tunisie",,,,False,False,True,True,Coin de meuble Zarzis Zarzis site:facebook.com,Coin de meuble Zarzis Zarzis site:instagram.com,,
Bois Concept,Magasin de meubles,Zarzis,False,"F3XQ+VWR, Zarzis, Tunisie",,https://www.facebook.com/profile.php?id=100054384315932&mibextid=b06tZ0,,False,True,False,True,,Bois Concept Zarzis site:instagram.com,,
Mondeco Ezzahra,Magasin de meubles,Ez Zahra,False,"Station de bus ""Comptoirs Sfaxiens"", Tunis،, Ez Zahra, Tunisie",http://www.mondeco.tn,https://www.facebook.com/mondeco.tn,https://www.instagram.com/mondeco.tn,True,False,True,True,Mondeco Ezzahra Ez Zahra site:facebook.com,Mondeco Ezzahra Ez Zahra site:instagram.com,site_web,site_web
MEUBLE HAMIDOU,Magasin d'ameublement et de décoration,Zarzis,False,"G3CW+WH7, Rue djerba, Zarzis, Tunisie",,,,False,False,True,True,MEUBLE HAMIDOU Zarzis site:facebook.com,MEUBLE HAMIDOU Zarzis site:instagram.com,,
Innovation Naima,Magasin de meubles,El May Djerba،,False,"BP 22, El May Djerba، 4175, Tunisie",https://www.innovationnaima.com,https://www.facebook.com/innovationnaima,https://www.instagram.com/innovation_naima,True,False,True,True,Innovation Naima El May Djerba، site:facebook.com,Innovation Naima El May Djerba، site:instagram.com,site_web,site_web
Echrii,Service d'e-commerce,Zarzis,False,"F4X6+RQ7, Près Collège Madina Zarzis, Rue Canal, Zarzis 4170, Tunisie",,https://www.facebook.com/wechriTn,,False,False,True,True,Echrii Zarzis site:facebook.com,Echrii Zarzis site:instagram.com,google,
Abonnements tunisie,Agence e-commerce,Sfax,False,"Kaied Mohamed, Av. Mohamed Jmal, Sfax 3039, Tunisie",,,,False,False,True,True,Abonnements tunisie Sfax site:facebook.com,Abonnements tunisie Sfax site:instagram.com,,
tunisie commerce mondiale,Agence e-commerce,Sfax,False,"route d'aéroport km 0.5 sfax sfax, 3000, Tunisie",,,,False,False,True,True,tunisie commerce mondiale Sfax site:facebook.com,tunisie commerce mondiale Sfax site:instagram.com,,
Jumia Houni | Electro Store,Service d'e-commerce,Gafsa,False,"Gafsa 2100, Tunisie",,,,False,False,True,True,Jumia Houni | Electro Store Gafsa site:facebook.com,Jumia Houni | Electro Store Gafsa site:instagram.com,,
MC STORE,Service d'e-commerce,Sfax,False,"Rue 05 mars, Sfax, Tunisie",,https://www.facebook.com/by.mc.high.store,,False,False,True,True,MC STORE Sfax site:facebook.com,MC STORE Sfax site:instagram.com,google,
ILEYCOM,Service d'e-commerce,Sfax,False,"63 Rue de La Mecque, Sfax 3000, Tunisie",https://ileycom.tn,https://www.facebook.com/ILEYCOM,https://www.instagram.com/ileycom,True,False,True,True,ILEYCOM Sfax site:facebook.com,ILEYCOM Sfax site:instagram.com,site_web,site_web
Alkirtas *** القرطاس و القلم,Librairie,Bizerte,False,"Route de la Corniche, Bizerte, Tunisie",http://www.alkirtas.com,https://www.facebook.com/Alkirtas,https://www.instagram.com/al_kirtas,True,False,True,True,Alkirtas *** القرطاس و القلم Bizerte site:facebook.com,Alkirtas *** القرطاس و القلم Bizerte site:instagram.com,site_web,site_web
Balcem,Magasin,Menzel Jemil,False,"6WP7+GVH Ben Miled, Avenue Mahjoub, Menzel Jemil 7080, Tunisie",,,,False,False,True,True,Balcem Menzel Jemil site:facebook.com,Balcem Menzel Jemil site:instagram.com,,
HERBALYA NATURAL CARE,Industrie cosmétique,monastir,False,"Bennane, monastir 5025, Tunisie",https://www.herbalya.tn,https://www.facebook.com/HERBALYA.natural.care,https://www.instagram.com/herbalyanaturalcare,True,False,True,True,HERBALYA NATURAL CARE monastir site:facebook.com,HERBALYA NATURAL CARE monastir site:instagram.com,site_web,site_web
Serma,Magasin de cosmétiques,Monastir,False,"MAG 36 COMP KHEFACHA, 5000, Tunisie",,,https://www.instagram.com/serma__comsma,False,False,True,True,Serma Monastir site:facebook.com,Serma Monastir site:instagram.com,,google
Nagazi de commerce,Magasin de cosmétiques,Ksar Hellal,False,"Ksar Hellal, Tunisie",,,,False,False,True,True,Nagazi de commerce Ksar Hellal site:facebook.com,Nagazi de commerce Ksar Hellal site:instagram.com,,
DXN Tunisie Service Center ( Monastir ),Magasin de cosmétiques,MONASTIR,False,"1er étage Bureau n. 102, Imm Debbabi, 103 Rue 18 Janvier, MONASTIR 5000, Tunisie",https://linktr.ee/dxntunisia,https://www.facebook.com/dxntunisiaofficial,https://www.instagram.com/dxntunisia_official,True,False,True,True,DXN Tunisie Service Center ( Monastir ) MONASTIR site:facebook.com,DXN Tunisie Service Center ( Monastir ) MONASTIR site:instagram.com,site_web,site_web
الفارس للعطور و العود,Magasin de cosmétiques,Moknine,False,"JVMX+832, Av. des Martyrs, Moknine, Tunisie",,,,False,False,True,True,الفارس للعطور و العود Moknine site:facebook.com,الفارس للعطور و العود Moknine site:instagram.com,,
BonPrix,Magasin de cosmétiques,Monastir,False,"QR9Q+WHQ, Av. du Golf Arabe, Monastir, Tunisie",,,,False,False,True,True,BonPrix Monastir site:facebook.com,BonPrix Monastir site:instagram.com,,
Bramastre,Magasin de cosmétiques,Bembla and Manarah,False,"MQVR+3R9, Unnamed Road, Bembla and Manarah, Tunisie",,,,False,False,True,True,Bramastre Bembla and Manarah site:facebook.com,Bramastre Bembla and Manarah site:instagram.com,,
Inchoo,Magasin de cosmétiques,Téboulba,False,"JXV9+64M, Avenue La Victoire, Téboulba, Tunisie",,,https://www.instagram.com/inchoo_fragrances,False,False,True,True,Inchoo Téboulba site:facebook.com,Inchoo Téboulba site:instagram.com,,google
Fanki perfume,Magasin de cosmétiques,Bennane,False,"MRCM+78X, Bennane, Tunisie",,,,False,False,True,True,Fanki perfume Bennane site:facebook.com,Fanki perfume Bennane site:instagram.com,,
Naturadoux,Entreprise de cosmétique,Ksar Hellal,False,"JVVF+WCH, Ksar Hellal, Tunisie",,https://m.facebook.com/paratuni,,False,False,True,True,Naturadoux Ksar Hellal site:facebook.com,Naturadoux Ksar Hellal site:instagram.com,google,
Sassi clean,Magasin de cosmétiques,Moknine,False,"JVMR+F29, Moknine, Tunisie",,,,False,False,True,True,Sassi clean Moknine site:facebook.com,Sassi clean Moknine site:instagram.com,,
Parfumerie Al asli Lil outor mbarek Nesrine,Magasin de cosmétiques,Sidi Alouane,False,"9WGP+HW7, Av. de la republique, Sidi Alouane, Tunisie",,,,False,False,True,True,Parfumerie Al asli Lil outor mbarek Nesrine Sidi Alouane site:facebook.com,Parfumerie Al asli Lil outor mbarek Nesrine Sidi Alouane site:instagram.com,,
Avant parfumerie baya,Magasin de cosmétiques,Monastir,False,"QR9R+HJ9, Monastir, Tunisie",,,,False,False,True,True,Avant parfumerie baya Monastir site:facebook.com,Avant parfumerie baya Monastir site:instagram.com,,
sisters parfumerie,Parfumerie,Monastir,False,"QRCF+969, Av. du combattant suprême, Monastir, Tunisie",,,,False,False,True,True,sisters parfumerie Monastir site:facebook.com,sisters parfumerie Monastir site:instagram.com,,
Parfumerie Nadia,Parfumerie,Ksar Hellal,False,"Ksar Hellal 5070, Tunisie",,,,False,False,True,True,Parfumerie Nadia Ksar Hellal site:facebook.com,Parfumerie Nadia Ksar Hellal site:instagram.com,,
INGICOM Corporation,Boutique de logiciels,Houmt Arbah,False,"Hawmat as Suq Djerba Djerba, 4180, Tunisie",https://ingicom-corp.tn,,,True,False,True,True,INGICOM Corporation Houmt Arbah site:facebook.com,INGICOM Corporation Houmt Arbah site:instagram.com,,
"STE ARAFCO MONTBLANC, CARTHAGO CERAMIC,MACINTOSH",Magasin d'électronique,Houmt Souk,False,"VRFV+HR9, Rue Boumessouer, Houmt Souk, Tunisie",,,,False,False,True,True,"STE ARAFCO MONTBLANC, CARTHAGO CERAMIC,MACINTOSH Houmt Souk site:facebook.com","STE ARAFCO MONTBLANC, CARTHAGO CERAMIC,MACINTOSH Houmt Souk site:instagram.com",,
Live Commande,Service d'e-commerce,Houmt Souk,False,"Cyber park houmet souk Djerba, 4180, Tunisie",,,,False,False,True,True,Live Commande Houmt Souk site:facebook.com,Live Commande Houmt Souk site:instagram.com,,
Assil assas,Service d'e-commerce,Houmt Souk,False,"44 Rue 20 Mars, Houmt Souk 4180, Tunisie",,,,False,False,True,True,Assil assas Houmt Souk site:facebook.com,Assil assas Houmt Souk site:instagram.com,,
Jumia Houni - Point Relais Librairie Elwaraka Zarzis,Service d'e-commerce,Zarzis,False,"Route de Tataouine, km1 zone touristique, Zarzis 4170, Tunisie",,,,False,False,True,True,Jumia Houni - Point Relais Librairie Elwaraka Zarzis Zarzis site:facebook.com,Jumia Houni - Point Relais Librairie Elwaraka Zarzis Zarzis site:instagram.com,,
Agence Web Segmalog,Service d'e-commerce,Houmt Souk,False,"7 Avenue de l'environnement Cyber Parc Houmt Souk، 4180, Tunisie",http://segmalog.com,https://www.facebook.com/segmalog,,True,False,True,True,Agence Web Segmalog Houmt Souk site:facebook.com,Agence Web Segmalog Houmt Souk site:instagram.com,site_web,
HORMIGA,Agence e-commerce,Houmt Souk,False,"4100 Rue Ibn Khaldoun, Houmt Souk, Tunisie",,,,False,False,True,True,HORMIGA Houmt Souk site:facebook.com,HORMIGA Houmt Souk site:instagram.com,,
FAMEN TN,Agence e-commerce,Monastir,False,"Monastir 5000, Tunisie",,,https://www.instagram.com/famen.tn,False,False,True,True,FAMEN TN Monastir site:facebook.com,FAMEN TN Monastir site:instagram.com,,google
Sf visual solutions,Service de photographie,Monastir,False,"Rue 18 janvier, Monastir 5000, Tunisie",https://www.instagram.com/sf.visualsolutions,https://developers.facebook.com/docs/instagram,https://about.instagram.com,True,False,True,True,Sf visual solutions Monastir site:facebook.com,Sf visual solutions Monastir site:instagram.com,site_web,site_web
Gyzel Tunisie,Magasin de vêtements,Monastir,False,"QRCF+C62, Av. du combattant suprême, Monastir, Tunisie",,https://fr-fr.facebook.com/GyzelTunisie/community,,False,False,True,True,Gyzel Tunisie Monastir site:facebook.com,Gyzel Tunisie Monastir site:instagram.com,google,
YAHYA TELECOM,Magasin d'informatique,Téboulba,False,"JXR7+599, 5080 Rue 23 Janvier, Téboulba, Tunisie",,https://www.facebook.com/Marketing.Digital.Monastir,,False,True,False,True,,YAHYA TELECOM Téboulba site:instagram.com,,
Anazur Shopping en Ligne,Agence e-commerce,Ksar Hellal,False,"Av. Habib Bourguiba, Ksar Hellal 5070, Tunisie",,,,False,False,True,True,Anazur Shopping en Ligne Ksar Hellal site:facebook.com,Anazur Shopping en Ligne Ksar Hellal site:instagram.com,,
DarTex,Service d'e-commerce,Bennane,False,"MRFJ+9C7, Bennane 5025, Tunisie",,https://www.facebook.com/Dartex.tunisie,,False,False,True,True,DarTex Bennane site:facebook.com,DarTex Bennane site:instagram.com,google,
Tomobile Store,Magasin d'accessoires automobiles,,True,"13 rue jaoudat al hayat Chotrana1 la soukra, 2036, Tunisie",https://tomobile.store,https://www.facebook.com/tomobile.store,https://www.instagram.com/tomobile.store,True,False,True,True,Tomobile Store site:facebook.com,Tomobile Store site:instagram.com,site_web,site_web
Electro MBH,Magasin d'électroménager,Bizerte,False,"Av. Farhat Hached, Bizerte, Tunisie",http://electro-mbh.tn,https://www.facebook.com/ElectroMBH,https://www.instagram.com/electrombh,True,False,True,True,Electro MBH Bizerte site:facebook.com,Electro MBH Bizerte site:instagram.com,site_web,site_web
Innovation Naima,Magasin d'ameublement et de décoration,Houmt Souk,False,"Rte Zaim Salah Ben Youssef, Houmt Souk, Tunisie",https://www.innovationnaima.com,https://www.facebook.com/innovationnaima,https://www.instagram.com/innovation_naima,True,False,True,True,Innovation Naima Houmt Souk site:facebook.com,Innovation Naima Houmt Souk site:instagram.com,site_web,site_web
Meubles La Coupole,Magasin de meubles,Houmt Souk,False,"VV8C+C96, Unnamed Road, Houmt Souk, Tunisie",,,,False,False,True,True,Meubles La Coupole Houmt Souk site:facebook.com,Meubles La Coupole Houmt Souk site:instagram.com,,
Décors d'Orient Djerba,Magasin d'ameublement et de décoration,Houmt Souk,False,"VV6G+2XP, Houmt Souk, Tunisie",,https://www.facebook.com/Decors-Dorient-Djerba-DDD-291231737566406,,False,True,False,True,,Décors d'Orient Djerba Houmt Souk site:instagram.com,,
Meuble Lina Djerba,Magasin de mobilier de jardin,El May,False,"Km 5, Route, El May 4175, Tunisie",https://meublelina.tn,https://www.facebook.com/meuble.lina.sfax,https://www.instagram.com/meuble_lina_,True,False,True,True,Meuble Lina Djerba El May site:facebook.com,Meuble Lina Djerba El May site:instagram.com,site_web,site_web
la coupole,Magasin d'ameublement et de décoration,El May,False,"RV3M+7CP, El May, Tunisie",,http://www.facebook.com/pg/coupoleelmay/about/?ref=page_internal,https://www.instagram.com/popular/la-coupole-tunis,False,True,False,True,,la coupole El May site:instagram.com,,google
Bricola,Magasin de meubles,Houmt Souk,False,"Km2, route de zarzis, Houmt Souk 4180, Tunisie",http://www.bricola.tn,https://www.facebook.com/Bricola.tn,https://www.instagram.com/bricola.tn,True,False,True,True,Bricola Houmt Souk site:facebook.com,Bricola Houmt Souk site:instagram.com,site_web,site_web
Meubles kallel djerba,Magasin d'ameublement et de décoration,Houmt Souk,False,"VV6H+2C4, Houmt Souk, Tunisie",,,,False,False,True,True,Meubles kallel djerba Houmt Souk site:facebook.com,Meubles kallel djerba Houmt Souk site:instagram.com,,
MAISON LOUKA DECO,Magasin d'ameublement et de décoration,Djerba Midun,False,"RX5W+Q7G, C209, Djerba Midun 4116, Tunisie",http://www.maisonlouka.tn,,https://www.instagram.com/maisonlouka,True,False,True,True,MAISON LOUKA DECO Djerba Midun site:facebook.com,MAISON LOUKA DECO Djerba Midun site:instagram.com,,site_web
Meuble Borgi,Magasin d'ameublement et de décoration,Médenine,False,"Avenue La liberté, Médenine 4116, Tunisie",,,,False,False,True,True,Meuble Borgi Médenine site:facebook.com,Meuble Borgi Médenine site:instagram.com,,
Ste ben jemaa maher,Magasin d'ameublement et de décoration,Djerba Midun,False,"Djerba Midun, Tunisie",,https://www.facebook.com/Ste-ben-jemaa-maher-845634485513759,,False,True,False,True,,Ste ben jemaa maher Djerba Midun site:instagram.com,,
MINOOTY,Magasin d'ameublement et de décoration,Houmt Souk,False,"VV38+RQ2, Houmt Souk, Tunisie",,https://www.facebook.com/Jasmin.concept.meuble,,False,False,True,True,MINOOTY Houmt Souk site:facebook.com,MINOOTY Houmt Souk site:instagram.com,google,
Djerba Meuble / Mac Cuisine,Magasin d'ameublement et de décoration,Houmt Souk,False,"VV5H+VJX, Unnamed Road, Houmt Souk, Tunisie",,,,False,False,True,True,Djerba Meuble / Mac Cuisine Houmt Souk site:facebook.com,Djerba Meuble / Mac Cuisine Houmt Souk site:instagram.com,,
High déco,Magasin de meubles,Djerba Midun,False,"R274+G9W, C209, Djerba Midun, Tunisie",,https://www.facebook.com/djerbahighdeco?mibextid=ZbWKwL,,False,True,False,True,,High déco Djerba Midun site:instagram.com,,
Meuble Antalya,Magasin d'ameublement et de décoration,Houmt Souk,False,"VV5J+FQ9, Houmt Souk, Tunisie",,,,False,False,True,True,Meuble Antalya Houmt Souk site:facebook.com,Meuble Antalya Houmt Souk site:instagram.com,,
Espace SELIM,Magasin d'ameublement et de décoration,Houmt Souk,False,"VRGX+784, Houmt Souk, Tunisie",,,,False,False,True,True,Espace SELIM Houmt Souk site:facebook.com,Espace SELIM Houmt Souk site:instagram.com,,
Meuble jaafar+,Magasin de meubles,Houmt Souk,False,"QWW3+P2X, Houmt Souk, Tunisie",,https://www.facebook.com/share/18UpopogbN,,False,True,False,True,,Meuble jaafar+ Houmt Souk site:instagram.com,,
Antiquité Ben Ghorbal,Magasin d'antiquités,Houmt Souk,False,"VVG5+P78, Houmt Souk, Tunisie",https://www.mosaicnorthafrica.com/antiquite-tunisian-antiques-haven,,,True,False,True,True,Antiquité Ben Ghorbal Houmt Souk site:facebook.com,Antiquité Ben Ghorbal Houmt Souk site:instagram.com,,
أثاث مستعمل,Magasin de meubles d'occasion,Houmt Souk,False,"VVC3+384, Houmt Souk, Tunisie",,https://www.facebook.com/100086310857749,,False,False,True,True,أثاث مستعمل Houmt Souk site:facebook.com,أثاث مستعمل Houmt Souk site:instagram.com,google,
أميرة العطور,Magasin de cosmétiques,Ksour Essef,False,"CX8X+H86, Ksour Essef, Tunisie",,,,False,False,True,True,أميرة العطور Ksour Essef site:facebook.com,أميرة العطور Ksour Essef site:instagram.com,,
Baya Shop,Magasin de cosmétiques,Monastir,False,"QR9Q+WHQ, Av. du Golf Arabe, Monastir, Tunisie",,,https://www.instagram.com/popular/s%C3%A8che-cheveux-remington-tunisie,False,False,True,True,Baya Shop Monastir site:facebook.com,Baya Shop Monastir site:instagram.com,,google
Espace aya,Magasin de cosmétiques,Bembla and Manarah,False,"MQVR+3R9, Bembla and Manarah, Tunisie",,,,False,False,True,True,Espace aya Bembla and Manarah site:facebook.com,Espace aya Bembla and Manarah site:instagram.com,,
boutique kawther,Magasin de cosmétiques,Menzel Fersi,False,"Rue Ibn Rochd, Menzel Fersi 5024, Tunisie",,,https://www.instagram.com/popular/tenue-mariage-ado-fille-16-ans,False,False,True,True,boutique kawther Menzel Fersi site:facebook.com,boutique kawther Menzel Fersi site:instagram.com,,google
حانوت الهادي النوري,Magasin de cosmétiques,Oued Beja Nord,False,"8VXH+C7, Oued Beja Nord, Tunisie",,,,False,False,True,True,حانوت الهادي النوري Oued Beja Nord site:facebook.com,حانوت الهادي النوري Oued Beja Nord site:instagram.com,,
Etr echam Moknine (عطر الشام مكنين),Magasin de cosmétiques,Moknine,False,"JWH7+Q45, Av. Habib bourguiba, Moknine, Tunisie",,,,False,False,True,True,Etr echam Moknine (عطر الشام مكنين) Moknine site:facebook.com,Etr echam Moknine (عطر الشام مكنين) Moknine site:instagram.com,,
Meriem Fashion,Boutique de robes,Ksar Hellal,False,"Rue Habib Thamer, Ksar Hellal 5070, Tunisie",,,,False,False,True,True,Meriem Fashion Ksar Hellal site:facebook.com,Meriem Fashion Ksar Hellal site:instagram.com,,
Sahar shopping,Magasin de cosmétiques,Beni Hassen,False,"hnacher, Beni Hassen 5014, Tunisie",,,,False,False,True,True,Sahar shopping Beni Hassen site:facebook.com,Sahar shopping Beni Hassen site:instagram.com,,
Electro KMS OOREDOO (vente téléphones et accessoires),Magasin de téléphonie mobile,Djerba Midun,False,"RX5V+J6V, Djerba Midun, Tunisie",,,,False,False,True,True,Electro KMS OOREDOO (vente téléphones et accessoires) Djerba Midun site:facebook.com,Electro KMS OOREDOO (vente téléphones et accessoires) Djerba Midun site:instagram.com,,
Boutique houri phone,Magasin de téléphonie mobile,Houmt Souk,False,"VVG5+WG4, Rue mohamed ferjeni, 35 4180 Rue mohamed ferjeni 35 4180, Houmt Souk 4180, Tunisie",https://www.houriphone.store,,,True,False,True,True,Boutique houri phone Houmt Souk site:facebook.com,Boutique houri phone Houmt Souk site:instagram.com,,
Lotophone,Magasin d'accessoires informatiques,Djerba Midun,False,"RX5R+Q46, Djerba Midun, Tunisie",https://www.instagram.com/lotophone_?igsh=M3RvN3duOW9taTRn&utm_source=qr,https://developers.facebook.com/docs/instagram,https://about.instagram.com,True,False,True,True,Lotophone Djerba Midun site:facebook.com,Lotophone Djerba Midun site:instagram.com,site_web,site_web
Media7 Store,Magasin d'informatique,Houmt Souk,False,"Rue Ibn Khaldoun, Houmt Souk 4180, Tunisie",https://www.media7store.com,https://www.facebook.com/p/TouchCrea-61571168765666,,True,False,True,True,Media7 Store Houmt Souk site:facebook.com,Media7 Store Houmt Souk site:instagram.com,google,
SaifPro Ooredoo Hessi Jerbi,Magasin de téléphonie mobile,Zarzis,False,"Zarzis 4174, Tunisie",,,,False,False,True,True,SaifPro Ooredoo Hessi Jerbi Zarzis site:facebook.com,SaifPro Ooredoo Hessi Jerbi Zarzis site:instagram.com,,
DjoTech,Magasin d'accessoires informatiques,Houmt Souk,False,"Av. Salah Ben youssef, Houmt Souk 4180, Tunisie",,,https://www.instagram.com/go_smart_menzah5,False,False,True,True,DjoTech Houmt Souk site:facebook.com,DjoTech Houmt Souk site:instagram.com,,google
Sacetbagage,Service d'e-commerce,centre urbain tunis,False,"Résidence Ines Bloc B, Centre Urbain Nord Tunis، centre urbain tunis 1082, Tunisie",,,,False,False,True,True,Sacetbagage centre urbain tunis site:facebook.com,Sacetbagage centre urbain tunis site:instagram.com,,
Meubles Barhoumi,Magasin de meubles,Farwa,False,"Route bizerte, Farwa, Tunisie",,,https://www.instagram.com/popular/meubles-barhoumi,False,False,True,True,Meubles Barhoumi Farwa site:facebook.com,Meubles Barhoumi Farwa site:instagram.com,,google
Chic Home,Magasin d'ameublement et de décoration,Ras Jebel,False,"Rue du Caire, Ras Jebel 7070, Tunisie",http://www.chichome.tn,https://www.facebook.com/chichome.tn,https://www.instagram.com/chic.home,True,False,True,True,Chic Home Ras Jebel site:facebook.com,Chic Home Ras Jebel site:instagram.com,site_web,site_web
Shay’ma chic,Accessoires mobiliers,Ras Jebel,False,"Ras Jebel 7070, Tunisie",,https://www.facebook.com/share/14XuHVZEF6P/?mibextid=wwXIfr,,False,True,False,True,,Shay’ma chic Ras Jebel site:instagram.com,,
Meubles Anene,Magasin de meubles,Bizerte,False,"22 Rue Habib Thameur, Bizerte 7000, Tunisie",https://meubleanene.com,,,True,False,True,True,Meubles Anene Bizerte site:facebook.com,Meubles Anene Bizerte site:instagram.com,,
OUERTANI MEUBLES,Magasin d'ameublement et de décoration,Menzel Bourguiba,False,"4QWQ+QMQ, Menzel Bourguiba, Tunisie",,,,False,False,True,True,OUERTANI MEUBLES Menzel Bourguiba site:facebook.com,OUERTANI MEUBLES Menzel Bourguiba site:instagram.com,,
Idees d'ailleurs,Magasin de meubles,Bizerte,False,"Route de la Corniche, Bizerte 7000, Tunisie",,,,False,False,True,True,Idees d'ailleurs Bizerte site:facebook.com,Idees d'ailleurs Bizerte site:instagram.com,,
Meubles Dachraoui,Magasin d'ameublement et de décoration,Bizerte,False,"Bizerte, Tunisie",,,,False,False,True,True,Meubles Dachraoui Bizerte site:facebook.com,Meubles Dachraoui Bizerte site:instagram.com,,
فضاء شراء و بيع الأثاث المستعمل meubles occasion,Magasin de meubles,Bizerte,False,"7VG7+PM3, Bizerte, Tunisie",,,,False,False,True,True,فضاء شراء و بيع الأثاث المستعمل meubles occasion Bizerte site:facebook.com,فضاء شراء و بيع الأثاث المستعمل meubles occasion Bizerte site:instagram.com,,
Ozalis Meuble,Magasin de meubles,El Alia,False,"5246+58V, El Alia, Tunisie",,,,False,False,True,True,Ozalis Meuble El Alia site:facebook.com,Ozalis Meuble El Alia site:instagram.com,,
Brocante Ras Jbel,Magasin de meubles,Ras Jebel,False,"belhouwen, Rue ali, Ras Jebel 7070, Tunisie",,https://m.facebook.com/profile.php?id=100064928760071&name=xhp_nt__fb__action__open_user&locale2=fr_FR,,False,True,False,True,,Brocante Ras Jbel Ras Jebel site:instagram.com,,
CUISINA_BIZERTE,Magasin de meubles,Bizerte,False,"Route de la Corniche, Bizerte 7000, Tunisie",,,,False,False,True,True,CUISINA_BIZERTE Bizerte site:facebook.com,CUISINA_BIZERTE Bizerte site:instagram.com,,
espritdar,Cuisiniste,Bizerte,False,"016 rue annaba, Bizerte 7000, Tunisie",https://www.espritdar.com,,,True,False,True,True,espritdar Bizerte site:facebook.com,espritdar Bizerte site:instagram.com,,
Opéra Meubles,Magasin de meubles,Ras Jebel,False,"646F+635, Ras Jebel, Tunisie",,,,False,False,True,True,Opéra Meubles Ras Jebel site:facebook.com,Opéra Meubles Ras Jebel site:instagram.com,,
Omezine maison moto,Magasin de meubles,Aousaja,False,"43PV+WJ7, Rue De L’Environnement, Aousaja, Tunisie",,,,False,False,True,True,Omezine maison moto Aousaja site:facebook.com,Omezine maison moto Aousaja site:instagram.com,,
Deco cuisine ras jbel,Magasin de meubles,Ras Jebel,False,"647F+W7P, Av. Habib Bourguiba, Ras Jebel, Tunisie",,,,False,False,True,True,Deco cuisine ras jbel Ras Jebel site:facebook.com,Deco cuisine ras jbel Ras Jebel site:instagram.com,,
Sté Ideal Meubles,Magasin de meubles,Ras Jebel,False,"64C6+CCP, Ras Jebel, Tunisie",,,,False,False,True,True,Sté Ideal Meubles Ras Jebel site:facebook.com,Sté Ideal Meubles Ras Jebel site:instagram.com,,
D&ARTbenzart Rafa,Magasin de meubles,Bizerte,False,"7VH4+J6M, Bizerte, Tunisie",,,,False,False,True,True,D&ARTbenzart Rafa Bizerte site:facebook.com,D&ARTbenzart Rafa Bizerte site:instagram.com,,
MEUBLATEX,Magasin de meubles,Menzel Bourguiba,False,"5Q2V+5XQ, blvd Saadi Carnot, Menzel Bourguiba, Tunisie",http://www.meublatex.com,http://www.facebook.com/meublatex.mx,https://www.instagram.com/popular/meublatex-tunisie,True,False,True,True,MEUBLATEX Menzel Bourguiba site:facebook.com,MEUBLATEX Menzel Bourguiba site:instagram.com,site_web,google
Deco Mariem,Magasin de literie,Bizerte,False,"22 Rue Bourguiba, 19 Rue D'Algérie, Bizerte 7000, Tunisie",,,,False,False,True,True,Deco Mariem Bizerte site:facebook.com,Deco Mariem Bizerte site:instagram.com,,
Bizerte Meuble,Magasin d'ameublement et de décoration,Menzel Abderrahmane,False,"7V2H+29P, Menzel Abderrahmane, Tunisie",,,,False,False,True,True,Bizerte Meuble Menzel Abderrahmane site:facebook.com,Bizerte Meuble Menzel Abderrahmane site:instagram.com,,
Meuble horizon,Magasin de meubles,Menzel Jemil,False,"6WV6+4QC, Menzel Jemil, Tunisie",,,,False,False,True,True,Meuble horizon Menzel Jemil site:facebook.com,Meuble horizon Menzel Jemil site:instagram.com,,
Occaz’,Magasin de meubles,Bizerte,False,"7VW8+JG8, Bizerte, Tunisie",,https://www.facebook.com/p/Occaz-61574323206129,,False,False,True,True,Occaz’ Bizerte site:facebook.com,Occaz’ Bizerte site:instagram.com,google,
La cuisine,Magasin de meubles de cuisine,Bizerte,False,"7000, Bizerte 7053, Tunisie",,,,False,False,True,True,La cuisine Bizerte site:facebook.com,La cuisine Bizerte site:instagram.com,,
Meublatex,Magasin d'ameublement et de décoration,Bizerte,False,"7VC9+5WX, Bizerte, Tunisie",https://www.meublatex.com/contact,http://www.facebook.com/meublatex.mx,https://www.instagram.com/popular/meublatex-tunisie,True,False,True,True,Meublatex Bizerte site:facebook.com,Meublatex Bizerte site:instagram.com,site_web,google
La Marque,Magasin d'ameublement et de décoration,,True,"P8, Tunisie",,https://www.facebook.com/ecommercefactorytunis,https://www.instagram.com/que.de.la.marque.tunis,False,False,True,True,La Marque site:facebook.com,La Marque site:instagram.com,google,google
Lina cuisine,Magasin d'ameublement et de décoration,Ras Jebel,False,"644H+J4G, Bd de L'Environnement, Ras Jebel 7070, Tunisie",,,https://www.instagram.com/popular/casserole-imco-prix,False,False,True,True,Lina cuisine Ras Jebel site:facebook.com,Lina cuisine Ras Jebel site:instagram.com,,google
Meuble anoir ben Mustapha,Magasin de meubles,Kalâat el-Andalous,False,"3459+4J7, Kalâat el-Andalous, Tunisie",,,,False,False,True,True,Meuble anoir ben Mustapha Kalâat el-Andalous site:facebook.com,Meuble anoir ben Mustapha Kalâat el-Andalous site:instagram.com,,
Ste Meuble & decor ABBASSI,Magasin d'ameublement et de décoration,Menzel Bourguiba,False,"4QQH+7CF، طريق شلاغمية ماطور, Menzel Bourguiba, Tunisie",,,,False,False,True,True,Ste Meuble & decor ABBASSI Menzel Bourguiba site:facebook.com,Ste Meuble & decor ABBASSI Menzel Bourguiba site:instagram.com,,
Tunisie Meubles,Magasin d'ameublement et de décoration,Bizerte,False,"10 Rue Bourguiba, Bizerte, Tunisie",,https://www.facebook.com/100093064617165/mentions,https://www.instagram.com/popular/stand-tunisie,False,False,True,True,Tunisie Meubles Bizerte site:facebook.com,Tunisie Meubles Bizerte site:instagram.com,google,google
Royal meuble,Magasin de meubles,Ras Jebel,False,"Rue Nechma, Ras Jebel, Tunisie",,https://www.facebook.com/p/Dar-Royal-Meubles-100063706803419,,False,False,True,True,Royal meuble Ras Jebel site:facebook.com,Royal meuble Ras Jebel site:instagram.com,google,
Moncoin Bizerte,Magasin de meubles,Menzel Bourguiba,False,"7R5H+RXH, Bizerte, rue, Menzel Bourguiba, Tunisie",,,,False,False,True,True,Moncoin Bizerte Menzel Bourguiba site:facebook.com,Moncoin Bizerte Menzel Bourguiba site:instagram.com,,
Permaflex Bizerte Hessan Nouri,Magasin de literie,Bizerte,False,"Ave Hassen Nouri, Bizerte, Tunisie",,,,False,False,True,True,Permaflex Bizerte Hessan Nouri Bizerte site:facebook.com,Permaflex Bizerte Hessan Nouri Bizerte site:instagram.com,,
Espace El Medina,Magasin de meubles,El Alia,False,"528J+P8F, Avenue Farhat Hached, El Alia, Tunisie",,,,False,False,True,True,Espace El Medina El Alia site:facebook.com,Espace El Medina El Alia site:instagram.com,,
galaxy store,Magasin d'accessoires informatiques,Rafraf,False,"centre, Rafraf 7015, Tunisie",,https://www.facebook.com/p/Galaxy-store-100069635679891,https://www.instagram.com/popular/samsung-experience-store-sousse,False,False,True,True,galaxy store Rafraf site:facebook.com,galaxy store Rafraf site:instagram.com,google,google
Bizerte Store,Magasin d'informatique,Bizerte,False,"142 rue othmane allouche, Bizerte 7000, Tunisie",http://www.bizerte-store.com,,,True,False,True,True,Bizerte Store Bizerte site:facebook.com,Bizerte Store Bizerte site:instagram.com,,
StarMedia Shop,Magasin de téléphonie mobile,Bizerte,False,"88 Av. Habib Bourguiba, Bizerte 7000, Tunisie",http://starmedia-tn.com,https://www.facebook.com/p/Star-Media-Shop-100085438392849,,True,False,True,True,StarMedia Shop Bizerte site:facebook.com,StarMedia Shop Bizerte site:instagram.com,google,
Laabidi Store,Atelier de réparation de téléphones mobiles,Bizerte,False,"à coté du cinéma Majestic, rue tripoli, Beb Errmal, Bizerte 7000, Tunisie",,,,False,False,True,True,Laabidi Store Bizerte site:facebook.com,Laabidi Store Bizerte site:instagram.com,,
Doctor Phone Bizerte,Magasin de téléphonie mobile,Bizerte,False,"Gouvernorat de, Av. Farhat Hached, Bizerte 7000, Tunisie",,,,False,False,True,True,Doctor Phone Bizerte Bizerte site:facebook.com,Doctor Phone Bizerte Bizerte site:instagram.com,,
Sosmart.tn,Magasin d'informatique,Menzel Jemil,False,"rue 18 janvier, Menzel Jemil 7080, Tunisie",http://sosmart.tn,https://www.facebook.com/61578113902856,,True,False,True,True,Sosmart.tn Menzel Jemil site:facebook.com,Sosmart.tn Menzel Jemil site:instagram.com,google,
DERBEL CONCEPT,Magasin de meubles,Houmt Souk,False,"VV38+RQ2, Houmt Souk, Tunisie",,,,False,False,True,True,DERBEL CONCEPT Houmt Souk site:facebook.com,DERBEL CONCEPT Houmt Souk site:instagram.com,,
Etna atelier,Magasin de meubles,Houmt Souk,False,"Boumallel a coter café zitouna, Houmt Souk 4180, Tunisie",,,,False,False,True,True,Etna atelier Houmt Souk site:facebook.com,Etna atelier Houmt Souk site:instagram.com,,
Meublatex Houmt Souk,Magasin de meubles,Houmt Souk,False,"VV76+R84, Unnamed Road, Houmt Souk, Tunisie",,,,False,False,True,True,Meublatex Houmt Souk Houmt Souk site:facebook.com,Meublatex Houmt Souk Houmt Souk site:instagram.com,,
MEUBLE BEN JEMAA,Magasin de meubles,Houmt Souk,False,"Houmt Souk 4180, Tunisie",,https://www.facebook.com/share/1FwBdpYPHP,,False,True,False,True,,MEUBLE BEN JEMAA Houmt Souk site:instagram.com,,
My Kitchen Djerba,Cuisiniste,El May,False,"KM1 Route, El May 4175, Tunisie",,,,False,False,True,True,My Kitchen Djerba El May site:facebook.com,My Kitchen Djerba El May site:instagram.com,,
AROUA MEUBLES,Magasin de mobilier de bureau d'occasion,Houmt Souk,False,"VVG4+VMV, Houmt Souk, Tunisie",,,,False,False,True,True,AROUA MEUBLES Houmt Souk site:facebook.com,AROUA MEUBLES Houmt Souk site:instagram.com,,
Stanliver Djerba,Magasin de meubles,El May,False,"Route El May, Km 2, Houmet Souk, Djerba Djerba, Tunisie",http://www.stanliver.com,https://www.facebook.com/100052050025994,,True,False,True,True,Stanliver Djerba El May site:facebook.com,Stanliver Djerba El May site:instagram.com,google,
Société NAF Équipements,Magasin de matériel de cuisine,Fatou,False,"Djerba Tunisie, Rue De Houmt Souk, Fatou, Tunisie",,https://www.facebook.com/share/1CHokvTAXa/?mibextid=wwXIfr,https://www.instagram.com/naf.equipements,False,True,False,True,,Société NAF Équipements Fatou site:instagram.com,,google
Innovative Design,Cuisiniste,El May,False,"RV3P+2PR, El May 4175, Tunisie",,,,False,False,True,True,Innovative Design El May site:facebook.com,Innovative Design El May site:instagram.com,,
Fatou,Magasin de meubles,Fatou,False,"VV8P+WX5, Fatou, Tunisie",,,,False,False,True,True,Fatou Fatou site:facebook.com,Fatou Fatou site:instagram.com,,
Kitchen Art & Design,Cuisiniste,Houmt Souk,False,"rue des agrummes, Houmt Souk 4180, Tunisie",,,,False,False,True,True,Kitchen Art & Design Houmt Souk site:facebook.com,Kitchen Art & Design Houmt Souk site:instagram.com,,
Inova Cuisine Djerba,Magasin de meubles de cuisine,Tlet,False,"Station Ecole de, Tlet, Tunisie",https://inova-cuisine.com,https://www.facebook.com/inova.cuisine.djerba,,True,False,True,True,Inova Cuisine Djerba Tlet site:facebook.com,Inova Cuisine Djerba Tlet site:instagram.com,site_web,
Rhibi Store Anoir 2025,Accessoires mobiliers,Djerba Midun,False,"RX5X+W2R, C209, Djerba Midun, Tunisie",,,,False,False,True,True,Rhibi Store Anoir 2025 Djerba Midun site:facebook.com,Rhibi Store Anoir 2025 Djerba Midun site:instagram.com,,
Meuble El Baraka أثاث البركة,Magasin d'ameublement et de décoration,Houmt Souk,False,"59 Avenue Mohamed Badra, Houmt Souk 4180, Tunisie",,https://www.facebook.com/p/Djerba-Shopping-100057102917901,,False,False,True,True,Meuble El Baraka أثاث البركة Houmt Souk site:facebook.com,Meuble El Baraka أثاث البركة Houmt Souk site:instagram.com,google,
Concepta Design,Magasin de meubles,Bizerte,False,"1ére étage، Rue D'Istanbul, Bizerte 7000, Tunisie",https://conceptadesign69.wixsite.com/monsite,https://www.facebook.com/conceptadesign69,https://www.instagram.com/conceptadesign69,True,False,True,True,Concepta Design Bizerte site:facebook.com,Concepta Design Bizerte site:instagram.com,site_web,site_web
