title,category,address,city,website
Taraji store,Magasin de souvenirs sportifs,"Rue d'Arabie Saoudite, Tunis, Tunisie",Tunis,https://taraji-store.com/fr/
Lingerie.tn,Boutique de lingerie,"84 rue les jardins de carthage ain zaghouan, 2045, Tunisie",,http://www.lingerie.tn/
Catchy 99,Magasin de vêtements,"V578+MH3, Av. Mohamed Rached El Baji, Ariana, Tunisie",Ariana,
Blanc Sur Blanc,Boutique d'articles de mode,"03 Av. de La Gare, Tunis, Tunisie",Tunis,
"PINKO BOUTIQUE Tunis, Lac II",Magasin de vêtements pour femmes,"Les berges du lac II Residence Ismail Boutique 3 PINKO BOUTIQUE Tunis, 1053, Tunisie",,https://www.pinko.com/en-int/a/storelocator/stores_tunisia_tunis?utm_source=google&utm_medium=GMBSitelink&utm_campaign=GMBSitelink_Tunis_Pinko842
LAMODE Menzah 9,Horlogerie,"Centre X, Av. Taher Ben Ammar, Tunis 1013, Tunisie",Tunis,https://lamode.tn/
Boutique Dim Tunisie,Boutique de lingerie,"50 Rue Moheddine Klibi, Tunis 2092, Tunisie",Tunis,https://www.facebook.com/dimtn/
DRYM CONCEPT IZIPIZI,Magasin de lunettes de soleil,"7 Rue Tahar Ben Achour, Marsa 2070, Tunisie",Marsa,https://drymconcept.com/
Boutique en ligne MarketPlace Elbazar,Dépôt-vente,,,
Le Sportif,Magasin d'articles de sports,"Av. Fattouma Bourguiba, Tunis, Tunisie",Tunis,http://lesportif.com.tn/
vêtements Square plus fripe,Magasin de vêtements pour hommes,"36 Avenue Ali Belhouane،, Tunis, Tunisie",Tunis,
Aglaé Concept Store,Boutique de cadeaux,"Rue Abdelhafidh El Mekki, Marsa 2070, Tunisie",Marsa,
ZEN GABES,Magasin de vêtements,"Avenue Farhat Hached, Centre ville, Gabès 6000, Tunisie",Gabès,
Zara Tunisia Mall,Magasin de vêtements,"2 Lac Leman, Tunis 1053, Tunisie",Tunis,https://www.zara.com/tn/fr/stores-locator/zara-tunis-tunis-mall-s1390
My Little Bagatelle,Magasin de vêtements,"RN9, Marsa, Tunisie",Marsa,https://www.mylittlebagatelle.tn/
Maison Doniez Haute Couture,Magasin de vêtements pour femmes,"R5M2+QC3, Rue Habib Chatti, Tunis, Tunisie",Tunis,
Magasin Techniques de Pêche à la Ligne,Magasin de pêche,"1 Rue Ali bech hamba, Hammam-Lif 2050, Tunisie",Hammam-Lif,https://magasin-tpl.com/
Game World :1ère boutique de gaming en Tunisie,Magasin de jeux vidéo,"L'aouina Aouina, 19 Av. Monji Slim, Tunis 2043, Tunisie",Tunis,http://gameworld.tn/
Outlet Kontakt Moknine,Magasin de vêtements,"47, Zone industrielle Moknine, 5050, Tunisie",,https://kontakt.com.tn/
Lindex Tunisie - La Soukra,Magasin de vêtements pour femmes,"17 Av. Fattouma Bourguiba, Ariana 2036, Tunisie",Ariana,http://www.lindex.tn/
E2BUSINESS CONSULTING,Service d'e-commerce,"Appar N° B 6.1 Résidence Ines Bloc B، Boulevard de la Terre, Tunis 1082, Tunisie",Tunis,https://e2b-consulting.com/
Web Media Tunisie,Agence de marketing,"N 1, étage, Centre Mariem Bureau, 66, 3 Av. Jean Jaurès, Tunis 1001, Tunisie",Tunis,http://webmedia-tunisie.com/
Devmix,Agence de marketing,"Bureau A-4.2, Yasmine Tower, Bd de la Terre, Tunis 1082, Tunisie",Tunis,https://devmix.tn/
Ikigai Agence de communication Tunisie,Agence de marketing,"Résidence Ines, Bloc A-1 3ème étage, Tunis 1082, Tunisie",Tunis,https://ikigai.tn/
MEDIANET,Service de marketing Internet,"Immeuble Essadi Tour C-D Mezzanine, 10 Av. Habib Bourguiba, Décembre, Tunisie",Décembre,https://www.medianet.tn/
Azoolo Tunisie,Service d'e-commerce,"11 Av. de la Republique, Tunis 2000, Tunisie",Tunis,https://www.azoolo.tn/
AS AGENCY - Agence Web Tunis,Concepteur de sites Web,"B3, Résidence L'Horizon RDC, 2 2080, Tunisie",2,https://as-agency.com/
WEBSEO,Service de marketing Internet,"Appt 2, 2éme étage, 16 Rue de La Palestine, Tunis 1002, Tunisie",Tunis,https://www.webseo.tn/
I3C,Exportateur,"I3C : International Commercial & Consulting Corporation Immeuble Golden Tower Bloc B - 10 ème étage - B10.5, Tunis 1082, Tunisie",Tunis,https://www.i3c.com.tn/
Tunisie E Shop,Service d'e-commerce,"Résidence les palmiers, jardin d'elmenzah 2، Mnihla، 2094, Tunisie",Mnihla,https://www.tunisie-e-shop.tn/
iTrend - Agence SEO Tunisie,Agence de marketing,"Appt 6, 3éme étage, 32 Av. Habib Bourguiba, Ariana 2080, Tunisie",Ariana,https://www.itrend.tn/
Web2code,Agence de marketing,"3 Av. Taieb Mhiri, Marsa 2070, Tunisie",Marsa,https://www.web2code.com/
Tenovates,Concepteur de sites Web,"Espace Happy Days, 1053 Avenue Sadok Mokadem، Tunis 1053, Tunisie",Tunis,https://tenovates.com/
Creado Agency,Agence de marketing,"Rue de la bourse, Immeuble Saphir, Tunis 1053, Tunisie",Tunis,http://www.creado.agency/
Chill&Lit,Service d'e-commerce,"Pres de La Mosquée Taouba, Rue Jabeur Ibn Hayen Bhar Lazreg, Marsa 2046, Tunisie",Marsa,https://chillandlit.tn/
Agence Web THE ROAD,Service d'e-commerce,"THE DOT, Tunis 1053, Tunisie",Tunis,https://www.theroad.tn/
TikTak Pro,Concepteur de sites Web,"2 ème étage, Près de l’UIB, 5 Rue Mustapha Abdessalem, Tunis, Tunisie",Tunis,https://tiktakpro.tn/
Drest Tunisie,Service d'e-commerce,"R8M4+586, La Goulette 2089, Tunisie",La Goulette,https://www.drest.tn/
Pi 2r,Agence de marketing,"14 Rue Saleh Hafsa, Ariana 2080, Tunisie",Ariana,https://pi-2r.com/
AXELITES,Concepteur de sites Web,"Bloc A, 5 ème étage, APP A51, Résidence Venus, Tunis 1082, Tunisie",Tunis,https://www.axelites.com/
La Vitrine Tunisie,Dépôt-vente,"galerie des loisirs, Cite jamil, Ariana 2061, Tunisie",Ariana,
Tounsi Store: Marketplace Vente en ligne en Tunisie,Dépôt-vente,"immeuble, 63 Av. Habib Bourguiba, Tunis 2000, Tunisie",Tunis,
"Verso, dépôt vente",Dépôt-vente,"5ème étage, APP E53, Bloc E, Résidence Venus, Tunis 1082, Tunisie",Tunis,http://www.verso.tn/
Lady troc,Magasin de vêtements,"9 Rue Abderrahman Mami, Tunis, Tunisie",Tunis,
Le troc de luxe,Dépôt-vente,"02 Rue Taher Mami, Tunis 2091, Tunisie",Tunis,
Revivre dépot de vente,Boutique d'articles de mode,"R5R5+4WX, Rue Farhat Ben Afia, Tunis, Tunisie",Tunis,
Spazio Tunisie - Cosmétique Naturel Tunisie - Vente en ligne,Magasin de produits de beauté,"Av. Hédi Nouira, Ariana 2001, Tunisie",Ariana,https://spaziotunisie.com/home
Last Price Tunisie,Magasin d'électronique,"41 Rue Tahar Sfar, Tunis, Tunisie",Tunis,http://www.lastpricetunisie.tn/
marketplace tunisie,Grossiste,"20 rue antakia cité ennassim mhamdia, Ariana 1145, Tunisie",Ariana,
Electro Magic,Magasin d'électroménager,"Ben Arous, Tunisie",Ben Arous,http://www.electromagic.tn/
Promouv,Magasin d'électroménager,"06 Rue Jaafer El Barmaki Mutuelle Ville 1082, Tunis 1082, Tunisie",Tunis,http://www.promouv.com/
Electro HADJ KACEM - Vente électroménager en Tunisie,Magasin d'électroménager,"Centre ville Maâmoura 8013, Al-Maamoura 8013, Tunisie",Al-Maamoura,https://electrohadjkacem.com/
La Centrale de l'Électroménager,Magasin d'électroménager,"V724+CVM, Av. de l'UMA, Tunis, Tunisie",Tunis,
Mytek Charguia,Magasin d'informatique,"17 Rue de l'énergie solaire, Tunis 2035, Tunisie",Tunis,https://mytek.tn/
Magasin Focus électroménager en Tunisie,Vente d'électroménager en gros,"Rue mars, Tunis, Tunisie",Tunis,http://www.focusline.tn/
Affariyet,Magasin d'électroménager,"24 Rue de l'Usine, 2 2035, Tunisie",2,https://www.affariyet.com/
EL ATHIR الأثير,Vente d'électroménager en gros,"1073, 27 Av. Kheireddine Pacha, Tunis, Tunisie",Tunis,http://www.elathirgroup.com/
Original Electro,Magasin d'électronique,"108 Av. Fethi Zouhir, enkhilette 2083, Tunisie",enkhilette,https://originalelectro.com/
SELECT HOME EQUIPEMENT,Magasin d'électroménager,"V678+C38, Ariana 2036, Tunisie",Ariana,https://select-tunisie.com/
blechflouss boutique,Magasin d'électroménager d'occasion,"R429+VRV, Den Den, Tunisie",Denden,
Electro Destock,Magasin d'électroménager,"Avenue Mongi Slim, Tunis 2035, Tunisie",Tunis,https://www.facebook.com/profile.php?id=100086404328814
ELECTROFROID ALLANI,Magasin d'électroménager,"Lac Leman, Tunis, Tunisie",Tunis,http://www.allani.com.tn/
Prestige Electro,Magasin d'électronique,"R56J+V3J, Tunis, Tunisie",Tunis,
"KAMOUN HOME électroménager, meuble et informatique",Magasin d'électronique,"5 rue sbitla, Tunisie",Sousse,http://kamounhome.tn/
Moulinex - Service Après-Vente (SAV),Magasin d'électroménager,"170 Av. Taieb Mhiri, Tunis, Tunisie",Tunis,
SMEG TUNISIE Électroménager de Luxe,Magasin d'électroménager,"88 Av. Khaled Ibn El Walid, Marsa, Tunisie",Marsa,https://www.facebook.com/Smeg.Tunisie/
Electro Tounes,Magasin d'électronique,"Résidence al barik, Ben Arous 2074, Tunisie",Ben Arous,https://electrotounes.tn/
Mont Blanc Electroménager,Siège social,"P75Q+3VX, Boumhel El Bassatine, Tunisie",Boumhel El Bassatine,http://www.montblanc-electromenager.com/
TRY AND BUY,Magasin d'électroménager,"Essebs immeuble، Boulevard Beji Kaied, Sana Business Center, Bd de la Terre, Tunis 1082, Tunisie",Tunis,http://www.try-and-buy.tn/
Shipper,Service d'e-commerce,"Bloc B, Immeuble Emna City, Bureau 52 Av. Hédi Nouira, Sfax 3027, Tunisie",Sfax,https://shipper.network/
Sellmax,Service d'e-commerce,"53 Rue des Minéraux, Tunis 2035, Tunisie",Tunis,http://www.sellmax.ai/
Easy Info Service,Assistance et services informatiques,"Tajerouine, Tunisie",Tajerouine,
livraison pizza el manar menzah,Livraison de pizzas,"centre molka el manar, 02 bellapasta, Tunis 2092, Tunisie",Tunis,https://web.facebook.com/Bellapasta.tunis/?fref=ts
Royal food,Pizzeria,"GVQM+VJ5, El Aayoun, Tunisie",El Aayoun,
Time food,Pizzeria,"G3VC+PHV, C71, Sbiba, Tunisie",Sbiba,
Sami Food,Restauration rapide,"Naceur Yaakoubi, 7 November, Tajerouine 7150, Tunisie",Tajerouine,https://sami.food/
Chicken house,Pizzeria,"HMC9+HX, Thala, Tunisie",Thala,
Pizza Story,Restaurant,"rue hbib bourgiba, Le Sers, Tunisie",Le Sers,https://www.facebook.com/PIZZASTORY06/
Kentaki,Pizzeria,"G3WF+9FW, Sbiba, Tunisie",Sbiba,
alo pizza bardo tunis,Livraison de repas à domicile,"2092, roussi el manar 02 code postale, 15 Av. Salah Ben Youssef, Tunis 2092, Tunisie",Tunis,
VIOLA fast food,Restaurant,"32GF+6F4, rue lhedi chaker, Le Sers 7180, Tunisie",Le Sers,
J&J DELIVERY,,"R54J+HJV, Tunis 1000, Tunisie",Tunis,https://www.facebook.com/juiceanjoy/
First Delivery,Service de livraison,"N°39 rue 8601, 1 2035, Tunisie",Tunis,http://www.firstdeliverygroup.com/
Best Delivery Tunis,Service de transport,"V43G+PCM, Tunis, Tunisie",Tunis,http://best-delivery.net/
Pizzaria Kalaa,Pizzeria,"MH7P+CC9, Kalaat Khasba, Tunisie",Kalaat Khasba,
بيزاريا كنتاكي,Pizzeria,"G3VC+FMX, Sbiba, Tunisie",Sbiba,
Allo Coursier,Service de transport et d'accompagnement,"Tunis, Tunisie",Tunis,http://www.allocoursier.com/
Pizzeria Amir,Pizzeria,"H33F+855, Sbiba, Tunisie",Sbiba,
Yummy Kef,Restaurant,"5P66+PH3, Le Kef, Tunisie",Le Kef,
Pizza JUGURTHA au feu de bois,Pizzeria,"Q89R+WX5, Kalaat Sinan, Tunisie",Kalaat Sinan,
Pizzeria Peppe,Pizzas à emporter,"Rue Joumhouria, Dahmani 7170, Tunisie",Dahmani,https://www.facebook.com/profile.php?id=61556602940922
Pizzeria Chabeb Sbiba,Restaurant,"G3VC+4V7, Sbiba, Tunisie",Sbiba,
Otrity,Épicerie,"13 Avenue Taieb Mhiri, Marsa 2070, Tunisie",Marsa,http://www.otrity.com/
Promofood Tunisie,Fournisseur de produits alimentaires,"Rue 8603, Tunis, Tunisie",Tunis,http://www.promofoodtunisie.com/
Grossiste produits alimentaires,Épicerie,"Q25C+PX4, Mornaguia, Tunisie",Mornaguia,https://www.coca-colacompany.com/
Echourouk commerciale - الشروق التّجاريّة,Grossiste,"10, 1 Rue 4120, Tunis 2052, Tunisie",Tunis,
Master store alimentaire,Grossiste alimentaire,"Rue Sebkha, Tunis 1000, Tunisie",Tunis,
Tunisie Bio Megrine,Magasin d'alimentation bio,"Rue Hédi Errayes, Mégrine, Tunisie",Megrine,https://tunisiebio.tn/
Faouez cosmetique,Magasin de cosmétiques,"Q8CV+P85, Kalaat Sinan, Tunisie",Kalaat Sinan,
J&J Beauty,Magasin de cosmétiques,"9P29+XV9, Khmouda, Tunisie",Khmouda,
ROSEN RS chez Roua,Magasin de cosmétiques,"Rue Habib Bourguiba, Tajerouine, Tunisie",Tajerouine,https://www.facebook.com/profile.php?id=100088188381277&mibextid=LQQJ4d
Bio Thala,Industrie cosmétique,"HMHC+X7G, Thala, Tunisie",Thala,
JE SUIS BELLE,Magasin de cosmétiques,"Cité El Fatah, Haydrah 1221, Tunisie",Haïdra,https://jesuisbelle.tn/
Parfumerie Zarai,Magasin de cosmétiques,"Q88R+MCH, Kalaat Sinan, Tunisie",Kalaat Sinan,
The_bio_space,Magasin de cosmétiques,"V53X+2C6, Maktar, Tunisie",Maktar,
وليد ربيع,Magasin de cosmétiques,"Q89R+WX5, Kalaat Sinan, Tunisie",Kalaat Sinan,
Parfumerie Sève,Magasin de cosmétiques,"5M5V+3XF, Le Kef, Tunisie",Le Kef,https://www.facebook.com/share/1YLeJ1c7eb/
Bella cosmétique,Magasin de cosmétiques,"5P95+5RF, Le Kef, Tunisie",Le Kef,
Promacoif,Magasin de cosmétiques,"Av. de La Gare, Tunis, Tunisie",Tunis,https://promacoif.tn/
عطورات الملائكة,Institut de beauté,"WRV9+F25 الجبل الأحمر, Dahmani, Tunisie",Dahmani,
Cosmetique.tn,Magasin de cosmétiques,"14 Rue Médinat El Mastoura, Ariana 2083, Tunisie",Ariana,https://cosmetique.tn/
Beauty Shop lac 2,Magasin de produits de beauté,"Residence les orchidées Bloc A , N°03, Tunis 1053, Tunisie",Tunis,
Amour Fou by Amal,Institut de beauté,"WH34+2H, Tajerouine, Tunisie",Tajerouine,
Touta,Magasin de cosmétiques,"GVRJ+6P, El Aayoun, Tunisie",El Aayoun,
beauty shop ennasr,Magasin de produits de beauté,"Résidence El Baraka 132, Av. Hédi Nouira - Ennasr 2 Tunis, Tunisie Ennasr 2, 2037, Tunisie",Ariana,https://beautyshop-tunisie.com/
Yasmina cosma,Magasin de cosmétiques,"Q8FV+99V, Kalaat Sinan, Tunisie",Kalaat Sinan,
حمام,Institut de beauté,"V54R+CFV, شارع فرحات حشاد, Maktar, Tunisie",Maktar,
Shwoppy Tunisie,Dépôt-vente,"Rue l'environnement, Ariana 2036, Tunisie",Ariana,
City Mode,Magasin de vêtements,"Rue Ariana les roses, Immeuble El Kssour bureau N°2 2eme étage, Ennaser 2, Ariana Ariana, 2037, Tunisie",Ariana,https://citymode.tn/
Bershka Habib Bourguiba,Magasin de vêtements,"31 Av. Habib Bourguiba, Tunis 1001, Tunisie",Tunis,https://www.bershka.com/tn
vente vêtement,Centre commercial,"CITE SALAMA L, Tunis, Tunisie",Tunis,
Flashmode - Casting & Mode,Agence artistique,"AA2 RDC,Immeuble 5 Avenue de la liberté, Menzeh 5, Ariana menzah 5، 2091, Tunisie",Ariana,https://www.flashmode.tn/
HA Hamadi Abid - La Soukra,Magasin de vêtements,"V68F+QCG, Tunis, Tunisie",Tunis,https://www.ha.com.tn/nos-magasins
Square5,Centre commercial,"Passage du, Lac-Édouard 1053, Tunisie",Lac-Édouard,
KIABI,Magasin de vêtements,"1er étage, Monoprix Soukra Square, Av. de l'UMA, Ariana 2036, Tunisie",Ariana,https://www.kiabi.tn/?utm_campaign=fiches_google&utm_id=fiches_google&utm_medium=link&utm_source=google
Sport Outlet,Boutique d'articles de mode,"3em etage APP 11، 17 Av. de Lyon, Tunis 1000, Tunisie",Tunis,
SPORT ONE,Centre commercial,"17 Av. de Londres, Tunis 1000, Tunisie",Tunis,https://www.sport1-tn.com/
Brandstore Tunisie,Horlogerie,"2 rue Damas, Ariana 2080, Tunisie",Ariana,https://www.brandstore.tn/
Ben Jannet & Co - Boulevard Principal - Détaillant Officiel Rolex,Joaillier,"Tunis Business Center, 1 Boulevard Principal, Tunis 1053, Tunisie",Tunis,https://www.benjannetandco.com/fr/
BEN JANNET,Joaillier,"Lac Leman, Tunis 1053, Tunisie",Tunis,https://www.benjannet.com/
Joaillerie Diamelle by jarraya,Bijouterie,"5 Rue Lac Victoria, Tunis, Tunisie",Tunis,https://diamelle.tn/
Hamadi Abid,Magasin de vêtements,"18 Av. Martyrs, El Mourouj, Tunisie",El Mourouj,http://www.ha.com.tn/
Élégant beauty,Magasin de cosmétiques,"Rue 18 Janvier, Siliana, Tunisie",Siliana,
FYMF NATURE,Magasin de cosmétiques,"3HW8+6RV, Bargou, Tunisie",Bargou,
Lz cosmétique 😊,Parfumerie,"9GVV+8V8, Hajeb El Ayoun, Tunisie",Hajeb El Ayoun,
Emna Onglerie,Institut de beauté,"9GXQ+68H, Hajeb El Ayoun, Tunisie",Hajeb El Ayoun,
Make Me Shine,Institut de beauté,"Av. de la République, Siliana 6100, Tunisie",Siliana,
Afnen Cosma Shop,Magasin de cosmétiques,"39H8+QG9, Siliana, Tunisie",Siliana,
مغازت سيف 10 و 10,Magasin de cosmétiques,"9GVV+QQ6, Hajeb El Ayoun, Tunisie",Hajeb El Ayoun,
Yosra beauty center,Institut de beauté,"VHR3+557, Tajerouine, Tunisie",Tajerouine,
Jouets enfants Tunisie Tunis,Magasin de jouets,"102 Imp. de l'environnement, Gammarth, Tunisie",Gammarth,https://mannaitntn.wixsite.com/website/boutique
Wishes box,Magasin de jouets,"5PC5+PFM, Rue Hassan Harbouch, Le Kef, Tunisie",Le Kef,
Société bee jouets enfants Tunisie Tunis,Magasin de jouets,"Av. Ali Balhaouène, Marsa, Tunisie",Marsa,https://mannaitntn.wixsite.com/website/boutique
Maxi Toys,Magasin de jouets,"102 Av. de l'UMA, la soukra 1034, Tunisie",la soukra,
La mère et l'enfant Le Colisée,Magasin de jouets,"R52J+4J3, Av. de Paris, Tunis, Tunisie",Tunis,http://www.lamereetlenfant.tn/
Petit Ange magasin de puériculture et de jouets en Tunisie,Magasin de jouets,"Av. de l’Ère Nouvelle, Ariana, Tunisie",Ariana,https://ptitange.tn/
Magasin de jouets bébés et enfants.Tunisie,Magasin de jouets,"P7G4+JRH, Ben Arous, Tunisie",Ben Arous,https://mannaitntn.wixsite.com/website/boutique
Zizou land,Magasin de jouets,"Ave. Hedi Chaker, Nabeul‎ 8000, Tunisie",Nabeul‎,
La Mère et l'Enfant - La Soukra,Magasin de jouets,"2036 Av. de l'UMA, Tunis 2036, Tunisie",Tunis,http://www.lamereetlenfant.tn/
ABRACADABRA - La Soukra,Magasin de jouets,"109 Av. de l'UMA, Ariana, Tunisie",Ariana,https://www.facebook.com/abracadabratunisie/
Tipirate,Magasin de jouets,"10 rue Menzel Mabrouk, Tunis 1003, Tunisie",Tunis,https://www.tipirate-store.tn/
univers enfants,Magasin de jouets,"rue sidi salem, Bizerte 7000, Tunisie",Bizerte,
Côté bébé Côté enfant,Magasin de jouets,"Rue du Commandant Bejaoui, Sousse 4000, Tunisie",Sousse,
Tunisie jouets,Magasin de jouets,"2083, Tunisie",,http://www.tunisiejouets.com/
King Toys,Magasin de jouets,"R5Q4+282, Tunis, Tunisie",Tunis,
Moncef jouets,Magasin de jouets,"Espace la, Perle Bleu, 5, Km5 Route du Gammarth, Marsa 2078, Tunisie",Marsa,http://www.moncefjouets.com/
Magasin de Jouets Happiness Store,Magasin de jouets,"23 Av. Khaled Ibn El Walid, El Aouina 2045, Tunisie",El Aouina,https://www.facebook.com/happiness.store.tn/
Bébé et Maman,Magasin de jouets,"Mourouj 3, El Mourouj, Tunisie",El Mourouj,https://bebeetmaman.tn/fr/
"Esprit Jouets – Bébé, Éveil & Éducatif à Sousse",Magasin de jouets,"Av. Mohamed Karoui, Sousse 4000, Tunisie",Sousse,http://www.espritjouets.tn/
Kids Factory,Magasin de jouets,"42 Av. de Paris, El Mourouj, Tunisie",El Mourouj,
عدنان بلار,Magasin de meubles,"WRRH+PMM, P18, Dahmani, Tunisie",Dahmani,
عبد الحق النجار,Magasin de meubles,"WRRH+R3W, Dahmani, Tunisie",Dahmani,
STL,Magasin de fournitures pour bars et restaurants,"5M6W+RQQ, Le Kef, Tunisie",Le Kef,
محمد مرشد الخماسي,Magasin de meubles,"WRRH+H9, Dahmani, Tunisie",Dahmani,
HAMDANI MEUBLEs,Magasin d'ameublement et de décoration,"M4XW+469, Sidi 'Amarah, Tunisie",Sidi 'Amarah,
دار الأثاث و التأثيث بالكاف,Magasin de meubles,"Cité El Bassatine en face de STEG, Le Kef 7100, Tunisie",Le Kef,
Ramzi للأثاث,Magasin de meubles,"G3VC+55F, Sbiba, Tunisie",Sbiba,
Royal meuble sbeitla,Magasin de meubles,"13 km à sbeitla, route de, Sbiba, Tunisie",Sbiba,
لسعد نجار,Magasin de meubles,"WRQG+VVV, Avenue Hédi Chaker, Dahmani, Tunisie",Dahmani,
Art Et Decor,Magasin d'ameublement et de décoration,"5P87+376, Le Kef, Tunisie",Le Kef,
Zou furniture,Magasin de meubles,"Dahmani 3200, Tunisie",Dahmani,
Mohammed ali samaali store,Accessoires mobiliers,"VVVM+RQ, El Ksour 7160, Tunisie",El Ksour,
Boughanmi meuble vente et achat el kef,Magasin d'ameublement et de décoration,"5PG6+FWV, Unnamed Road, Le Kef, Tunisie",Le Kef,
Meuble sfaxi,Magasin de meubles,"33 rue République, Dahmani 7170, Tunisie",Dahmani,
Bouzoraa lassaad,Magasin de meubles,"VVVQ+4RQ, El Ksour, Tunisie",El Ksour,
Meuble boulaabi,Magasin de meubles,"9J2F+CV6, Foussana, Tunisie",Foussana,
Meuble importé d l'Italie,Magasin de meubles,"5P86+H29, Le Kef, Tunisie",Le Kef,
Côté Maison - La Soukra,Magasin de meubles,"116 Av. de l'UMA, Tunis, Tunisie",Tunis,http://cotemaison.tn/
Meubles GOLDEN HOUSE,Magasin de meubles d'occasion,"5P77+V88, Rte Harrouch, Le Kef, Tunisie",Le Kef,
Meubles MEZGHANI,Magasin de meubles,"avenue de l'industrie charguia 1 Tunis, 15 rue de l'industrie, Tunis 2035, Tunisie",Tunis,http://www.meublesmezghani.com/
Serenity beauty,Institut de beauté,"39HC+WFR, Siliana, Tunisie",Siliana,
ONS Médical & Parapharmacie,Parapharmacie,"000 Av. Abdessattar Dridi, Siliana 6100, Tunisie",Siliana,
Elna Onglerie,Institut de beauté,"9GVV+RPX, Rue Ali Zwawi, Hajeb El Ayoun, Tunisie",Hajeb El Ayoun,
Glamour beauty lounge,Institut de beauté,"Le Kef, Tunisie",Le Kef,
Espace Nature,Magasin bio,"5P56+HC3, P5, El Kef, Tunisie",Le Kef,
Forclean jamila,Magasin de cosmétiques,"39V9+R2G, Siliana, Tunisie",Siliana,
حمام بوعزير,Institut de beauté,"G3RJ+P7J, Sbiba, Tunisie",Sbiba,
Red flower,Magasin de cosmétiques,"8JXH+2WP, Foussana, Tunisie",Foussana,
حمام البحري,Institut de beauté,"5M7V+825, Le Kef, Tunisie",Le Kef,
Safa Najlaoui,Institut de beauté,"J3W4+3WV, Ar-Rawhiyah, Tunisie",Ar-Rawhiyah,
حمام الفيلاج,Institut de beauté,"9P3W+8RR, Tunisie",,
شهد للحجامة الطبية,Institut de beauté,"Khmouda, Tunisie",Khmouda,
maison des jeunes Makthar,Magasin de cosmétiques,"V53X+2CJ, Maktar, Tunisie",Maktar,
Bella nails By Nourhene,Salon de manucure,"Q89V+93Q, Kalaat Sinan, Tunisie",Kalaat Sinan,
"J3X4+GRH, Ar-Rawhiyah, Tunisie",Salon de manucure,"J3X4+GRH, Ar-Rawhiyah, Tunisie",Ar-Rawhiyah,
حمام رجال حمادة,Salon de manucure,"39M6+6WJ, Siliana, Tunisie",Siliana,
عسقلان,Institut de beauté,"RJWP+M43, Al-Jarissah, Tunisie",Al-Jarissah,
Look at me,Institut de beauté,"VVQQ+2FM Résidence, El Ksour, Tunisie",El Ksour,
Takwa Plast,Magasin de meubles,"39Q9+R23, Siliana, Tunisie",Siliana,
Electro Meuble Magdouli,Magasin de meubles,"Route Principale, Oueslatia 3120, Tunisie",Oueslatia,https://www.electromeublemagdouli.com/
Meubles Essifi,Magasin de meubles,"RHWQ+C6W, Oueslatia, Tunisie",Oueslatia,
محل أثاث بيوت,Magasin de meubles,"G3VG+882, Sbiba, Tunisie",Sbiba,
Centre de coiffure,Institut de beauté,"RRM4+2X3, السرس, Tunisie",السرس,
Royal touch by cyrin belhedi,Institut de beauté,"9GWQ+QJ8 بالقرب من, Hajeb El Ayoun, Tunisie",Hajeb El Ayoun,
Espace Ramla Boughdiri,Institut de beauté,"RJRM+JH, Al-Jarissah, Tunisie",Al-Jarissah,
صالون تجميل,Institut de beauté,"9P3V+QF6, Tunisie",,
AZAR DIAMONDS,Bijouterie,"Tunis, Tunisie",Tunis,http://www.azardiamonds.com/
Bijouterie Zaher 1,Bijouterie,"Rue Sidi Jebeli, Ariana, Tunisie",Ariana,
"Lunja Bijoux Création de bijoux faits à la main, originaux et personnalisés",Bijouterie,"33 Av. Habib Bourguiba, Tunis 1001, Tunisie",Tunis,http://www.lunjabijoux.com/
Joaillerie larous,Bijouterie,"Centre commercial Nabeul centre, 8000, Tunisie",Nabeul‎,https://www.joaillerie-larous.com.tn/
Bijouterie Chichkhane Lac,Bijouterie,"Rue Lac Victoria, Tunis, Tunisie",Tunis,http://www.bijouterie-chichkhane.com/
Beads,Bijouterie,"Q5WC+JP3, Tunis, Tunisie",Tunis,https://instagram.com/bijoux.jade?igshid=MWZjMTM2ODFkZg==
Bling Piercing Jardins Del Menzah 2,Salon de piercing,"Cité, 2 Ave El Faouz, Ariana, Tunisie",Ariana,https://www.facebook.com/blingpiercingtunisie/
GAŸA accessoire,Bijouterie,"Avenue Mongi Slim, Tunis, Tunisie",Tunis,https://gaya.com.tn/
Bijouterie Driouech,Bijouterie,"avenue de la republique, Téboursouk 9040, Tunisie",Téboursouk,https://www.facebook.com/bijouterie.driouech/
Habiba Jewellery,Bijouterie,"R6JP+RPJ, Hotel le concorde lac I Tunis, Rue du Lac Turkana, Tunis 1053, Tunisie",Tunis,https://habiba.jewelry/
White One Jewelry,Boutique d'accessoires de mode,"Avenue Tahar Sfar, Tunis 2092, Tunisie",Tunis,
Bijouterie Chichkhane,Bijouterie,"Rue Ali Belhouane , Immeuble La Jarre, Nabeul‎ 8000, Tunisie",Nabeul‎,http://www.bijouterie-chichkhane.com/
Bijouterie Kacem,Bijouterie,"IMMEUBLE MERIEM، 68 Hedi Chaker St., Nabeul‎ 8000, Tunisie",Nabeul‎,http://www.bijouterie-kacem.com/
elya bijoux,Bijouterie,"Rue de la bourse, Tunis 1053, Tunisie",Tunis,
Sara Jomaa Créatrice de Bijoux,Bijouterie,"Tunis, Tunisie",Tunis,http://www.sarajomaa.com/
Dali's piercings shop,Salon de piercing,"Centre Galaxy, 60 Rue de La Palestine, Tunis 1002, Tunisie",Tunis,https://www.instagram.com/piercingsbydali?igsh=dm1uamRxb3B6MXlv
Phone house +,Magasin de téléphonie mobile,"Av. Habib Thameur, Tunis, Tunisie",Tunis,
LindaPhone Store,Magasin d'accessoires pour téléphones mobiles,"N°38, Av. Khaled Ibn El Walid, Tunis 2045, Tunisie",Tunis,
B2B store plus,Magasin d'accessoires pour téléphones mobiles,"V735+23Q, Tunis, Tunisie",Tunis,
Sellphone TN,Magasin de téléphonie mobile,"10 Rue de Marseille, Tunis 1009, Tunisie",Tunis,
Samsung Brand Shop Tunisie,Magasin de téléphonie mobile,"Bd de la Terre, Tunis 1082, Tunisie",Tunis,https://www.samsungtunisie.tn/
Tunisia-Smartphone Store,Magasin de téléphonie mobile,"Rue du Niger, Tunis 1002, Tunisie",Tunis,https://www.tunisia-smartphone.store/
Telifouni,Magasin de téléphonie mobile,"Cité Ennasr, Rue Ariana Al Wouroud Résidence Errayahine Magasin M1 Ennasr, 2037, Tunisie",Ariana,https://www.instagram.com/zonephone.tn?igsh=dnlkN3B2eTB5eWdu
Mr.Phone Tunisia,Magasin de téléphonie mobile,"57 Chedli Kallela, Tunis 1002, Tunisie",Tunis,https://mrphone.tn/
Samsung Brand Shop,Magasin de téléphonie mobile,"Rue du Lac Biwa Túnez TN 1053, Rue du Lac Biwa, Tunis, Tunisie",Tunis,https://www.samsungshop.tn/
Magasin Téléphone Mobile Tichilla Store,Magasin de téléphonie mobile,"64 Av. Khaled Ibn El Walid, Tunis, Tunisie",Tunis,
Phone Store Tn Menzeh 5,Magasin d'électronique,"2 Rue Mustapha Abdessalem, Ariana, Tunisie",Ariana,https://phonestoretn.tn/
Iphone tunisia store,Magasin de téléphonie mobile,"gallerie7,B48, Tunis 1038, Tunisie",Tunis,https://www.instagram.com/iphonetunsiastore?igsh=eG41YXluNDRxOWZr&utm_source=qr
Samsung Brand Shop Tunisie,Magasin de téléphonie mobile,"10 Avenue Habib Bourguiba, Megrine, Tunisie",Megrine,http://www.samsungtunisie.tn/
sos informatique,Magasin d'accessoires pour téléphones mobiles,"شارع الوفاء, Tunis 2024, Tunisie",Tunis,https://www.facebook.com/SOS-informatique-1634343173449927/
Your tech,Magasin de téléphonie mobile,"2086, Tunisie",,
PSTORE +,Magasin de téléphonie mobile,"Immeuble l’Empereur, Av. Hédi Nouira, Ariana 2037, Tunisie",Ariana,http://www.pstore.tn/
High Tech Store,Magasin de téléphonie mobile,"13، 2092 Av. Taher Ben Ammar, Tunis 2092, Tunisie",Tunis,https://hightechstore.tn/
Tokyo Store,Magasin d'électronique,"Rue Mustapha Abdessalem, Ariana 2091, Tunisie",Ariana,
My Phone,Magasin d'accessoires pour téléphones mobiles,"Rue Aéroport, 2036, Tunisie",,http://www.topnet.tn/
Fashion Phone,Magasin de téléphonie mobile,"Immeuble FOURAT، 106 Av. Hédi Nouira, Ariana 2037, Tunisie",Ariana,http://fashionphone.tn/
شاكر للاثاث و التاثيث,Magasin de meubles,"9J2F+JX4, Foussana, Tunisie",Foussana,
Nourdinne boulaabi,Magasin de meubles,"8JXH+2WP, Rue el fatah, Foussana, Tunisie",Foussana,
بوتيك روبي,Magasin de meubles,"9P3W+9JH, Tunisie",,
Gsm Nasri,Accessoires mobiliers,"39Q9+2CQ, Rue Bizerte, Siliana, Tunisie",Siliana,
Dar Habib KHALED,Magasin d'antiquités,"V652+2WF, P4, Maktar, Tunisie",Maktar,
PDV OOREDOO NADER MEMNI,Magasin d'électronique,"9GVV+WVH, Hajeb El Ayoun, Tunisie",Hajeb El Ayoun,
PassBuy,Service d'e-commerce,"Place du marché, Al-Jarissah 7114, Tunisie",Al-Jarissah,http://www.passbuy.com.tn/
Shipper Tunis,Service d'e-commerce,"ZI, Tunis 2046, Tunisie",Tunis,https://shipper.network/tn/
SBC Tunisie : Société Bouzouita de Commerce,Magasin d'accessoires informatiques,"P6XX+Q4Q, Ben Arous, Tunisie",Ben Arous,http://www.sbc.com.tn/
SEBCOM II ( Ste Electro Bennour Du Commerce),Magasin d'électronique,"6 Rue de Sparte, Tunis 1000, Tunisie",Tunis,
SCPE Société de Commerce des Produits Electriques et Electroniques,Distributeur d'appareils électroniques,"Rte de Gabes, Sfax 3079, Tunisie",Sfax,http://www.scpe.tn/
société tunisie ecolight de commerce,Magasin d'électronique,"Rue Jordanie, Sfax 3000, Tunisie",Sfax,
ecommerce,Service d'e-commerce,"Complexe Cap Gammarth - BP 86 2078 La Marsa Les Côtes de Carthage - Tunisie, Tunis 2078, Tunisie",Tunis,http://www.ecommercetunis.com/
Merkado,Service d'e-commerce,"51, 2 Rue des Entrepreneurs, Tunis 2035, Tunisie",Tunis,
Teklocus Tunisie,Service d'e-commerce,"75 Av. Kheireddine Pacha, Monplaisir 1073, Tunisie",Monplaisir,
Zoom Informatique,Magasin d'informatique,"22 Av. Alain Savary, Tunis 1002, Tunisie",Tunis,https://www.zoom.com.tn/
Caisse Enregistreuse Tunisie,Entreprise de logiciels,"cyber parc avenue ibn al jazzar Monastir, Monastir 5060, Tunisie",Monastir,
Enda Tao | Arfa TechStore,Service d'e-commerce,"Cite Essalah, Rue 18 Janvier, Siliana 6100, Tunisie",Siliana,https://www.facebook.com/profile.php?id=100082378006907
L'OFFICIEL SHOP,Magasin d'informatique,"7 Av. Habib Bourguiba, 2000, Tunisie",,http://www.lofficielshop.tn/
Teklocus Tunisie,Service d'e-commerce,"12 Av. Taher Ben Ammar, el manar 2 2092, Tunisie",el manar 2,
Oxtek,Magasin d'informatique,"39 ibn rachiq le belvedere tunis, 1002, Tunisie",Tunis,http://www.technopro-online.com/
KLAKK Commerce Electronique,Service d'e-commerce,"Route de l'aeroport, Houmt Souk 4180, Tunisie",Houmt Souk,
N-store Tunisie,Service d'e-commerce,"Hammamet 8050, Tunisie",Hammamet,https://nstore-1.converty.shop/
Kenza Vente en ligne,Magasin de vêtements,"32HF+XW5, Le Sers, Tunisie",Le Sers,
Kairouan Tapis,Magasin de moquettes,"M4J3+P54, Kairouan, Tunisie",Kairouan,
Royal market,Boutique de cadeaux,"54 Av. des orangers, Sousse 4051, Tunisie",Sousse,
Carrefour Market Hammam Sousse,Supermarché,"Avenue de la liberté, Sousse 4011, Tunisie",Sousse,https://www.carrefour.tn/
CHAUSSURES PITILLOS TUNISIE,Magasin de chaussures,"V6GW+3G8, Tunis, Tunisie",Tunis,
Baletto,Magasin de chaussures,"8 Ave d'Afrique, Ariana 2091, Tunisie",Ariana,https://www.baletto.tn/
Hkeya.tn,Magasin de chaussures,"Impasse Fatma Ennachi, Ariana, Tunisie",Ariana,https://hkeya.com/
SeaSide chaussures Centre Ville,Magasin de chaussures,"Av. de Londres, Tunis 1001, Tunisie",Tunis,https://seasidecollection.store/
Baletto Lac 1,Magasin de chaussures,"Rue LAC COME Imm. ALYSSA Lac 1 Tunis, 1053, Tunisie",Tunis,http://www.baletto.tn/
Chaussures Joliesse,Magasin de chaussures,"R5P5+HJV, Tunis, Tunisie",Tunis,http://joliesse.com.tn/
Shoes Center,Magasin de chaussures,"14 Av. De Carthage, Tunis 1001, Tunisie",Tunis,
Shoes Center,Magasin de chaussures,"V549+4J6, Av. Othman Ibn Affane, Ariana, Tunisie",Ariana,
Bamby Chaussures Tunisie,Magasin de chaussures,"R52J+F7C, Rue Mokhtar Attia, Tunis, Tunisie",Tunis,
Shoes Space,Magasin de chaussures,"114 Av. Tahar Ben Achour, Ariana, Tunisie",Ariana,
Chaussures Joliesse,Magasin de chaussures,"64 Rue de La Palestine, Tunis 1002, Tunisie",Tunis,https://www.facebook.com/ChaussureJoliesse/
Nesrinou,Magasin de chaussures,"36 Av. de Paris, Tunis 1000, Tunisie",Tunis,
Boutique Fratelli Mitatou,Magasin de chaussures,"R52J+GX2, Tunis, Tunisie",Tunis,
AD MAKEBA,Magasin de chaussures,"53 Rue Mokhtar Attia, Tunis 1001, Tunisie",Tunis,https://www.facebook.com/admakeba
Le Sportif,Magasin d'articles de sports,"R-Point, 40414041, Av. de Yasser Arafat, Sousse, Tunisie",Sousse,https://www.lesportif.com.tn/
XTI Store,Magasin de chaussures,"Tunisia Mall 2 Tunis, 1053, Tunisie",,
Azar shoes store Manar City,Magasin de chaussures,"MANAR CITY MALL MANAR CITY, Tunis 2092, Tunisie",Tunis,https://azar.com.tn/
Rosace palmaruim rez de chaussés,Magasin de chaussures,"Rue de Greece, Tunis 1000, Tunisie",Tunis,https://rosace.com.tn/
bijouterie EL HAMDANI,Joaillier,"angle rue 2 mars mongi slim, Bizerte 7000, Tunisie",Bizerte,https://www.elhamdani.com/
Boutique Faux Bijoux,Boutique de cadeaux,"Cité Jamil Tunis, 2036, Tunisie",Ariana,
Accessoires et bijoux femme en Tunisie l Oumaima.TN,Boutique d'accessoires de mode,"Av. Habib Bourguiba, Marsa 1054, Tunisie",Marsa,https://oumaima.tn/
Wahret Nes Zmen kairouan,Boutique de robes,"M3GV+Q9Q, Av. Abi Zamâa El Balaoui, Kairouan, Tunisie",Kairouan,
Boutique Zen,Magasin de vêtements,"M4G3+4JQ, ave Assad Ibn Fourat, Kairouan, Tunisie",Kairouan,http://www.zen.com.tn/
Castello,Magasin de vêtements,"M4M3+2XF, Rue cité des jardins, Kairouan, Tunisie",Kairouan,
Tunisie Télécom,Entreprise de télécommunications,"M4C2+FC8, Kairouan, Tunisie",Kairouan,
ESS Store,Magasin de vêtements de sport,"Av. Mohamed Karoui, Sousse 4001, Tunisie",Sousse,https://www.facebook.com/ESSStore/
Mall of Sousse,Centre commercial,"RN1, Tunis Km 128, 4060, Tunisie",,http://www.mallofsousse.tn/
Droppex,Service de transport,"Sousse 4000, Tunisie",Sousse,http://www.droppex.com/
Digital rise solutions | SEO | référencement naturel | Agence SEO Tunisie | سيو,Concepteur de sites Web,"hassan hlel, Kairouan 3100, Tunisie",Kairouan,https://digital-rise-solutions.com/
MS-technologie Agence Web Tunisie,Service d'e-commerce,"20 Rue Ibrahim Ben bechir cité assalem manssoura, Kairouan 3131, Tunisie",Kairouan,
ELIFE Siliana,École technique,"39FG+XX9, Siliana, Tunisie",Siliana,
Shopa,Agence e-commerce,,,
e-commerce,Agence commerciale,Tunisie,,
2B TRADING,Magasin d'électronique,"IMMEUBLE EL MOEZ, P04, Sousse 4054, Tunisie",Sousse,http://2btrading.tn/
Madame troc,Dépôt-vente,"Hammam Sousse, Tunisie",Hammam Sousse,
Giex Tunisie,Agence e-commerce,"Av. Charles De Gaulle, Hammam Sousse 4011, Tunisie",Hammam Sousse,
massimo dutti Mall of sousse,Magasin de vêtements,"kalaa kebira s/n Mall Of Sousse RN1, Tunis Km 128. 4060, Tunis 4060, Tunisie",Tunis,https://www.massimodutti.com/tn/fr/store-locator/sousse-mall-of-sousse-s12833
zen sahloul,Magasin de vêtements,"RHMV+M43, Av. de Yasser Arafat, بحي, Tunisie",بحي,http://www.zen.com.tn/
Stradivarius,Magasin de vêtements pour femmes,"Tunis Km 128. Mall Of, Sousse 4060, Tunisie",Sousse,"https://www.stradivarius.com/tn/store-locator/sousse/kalaa-kebira,-s-n-s12241.html"
Twetyk,Magasin de vêtements,"PHPH+9R8, M'saken, Tunisie",M'saken,
Go sport mall of sousse,Magasin de vêtements,"P1, Tunisie",,
LC Waikiki,Magasin de vêtements,"Av. de Yasser Arafat, بحي، Tunisie",بحي,https://corporate.lcwaikiki.com/Magazalar
PULL & BEAR Mall of sousse,Magasin de vêtements,"S/N, KALAA KEBIRA, TUNIS 4060, Tunisie",TUNIS,https://www.pullandbear.com/tn/fr/stores-locator/sousse/mall-of-sousse-s11786
LC Waikiki,Magasin de vêtements,"Mall of Sousse, Route RN1 tunis P1, Tunus, Tunisie",Tunus,https://corporate.lcwaikiki.com/Magazalar
Bershka,Magasin de vêtements,"S/N, Kalaa Kebira, Tunis 4060, Tunisie",Tunis,https://www.bershka.com/tn
Lefties Sousse,Magasin de vêtements,"Mall of Sousse RN1, Tunis Km128, 4060, Tunisie",,https://www.lefties.com/tn/
Centre Slim,Centre commercial,"RJWC+36R, Sousse, Tunisie",Sousse,
Heni Collection - Sousse,Magasin de vêtements,"RHRX+626 Salon de Thé Yachting, Sousse, Tunisie",Sousse,http://www.facebook.com/heni.collections
Zara Sousse,Magasin de vêtements,"S/N, Kalâa Kebira 4060, Tunisie",Kalâa Kebira,https://www.zara.com/tn/fr/stores-locator/zara-sousse-mall-of-sousse-s12452
HENI COLLECTION,Magasin de vêtements,"P1, Tunisie",,
DCM Jennyfer,Magasin de vêtements,"P1, Tunisie",,https://www.jennyfer.com/
Psychologues en ligne Tunisie,Service de santé mentale,"7VFG+GG2, Avenue Habib Bourguiba, Tunis, Tunisie",Tunis,
wishop.tn,Service d'e-commerce,"5Q4V+GV2, Rue Habib Bougatfa, Menzel Bourguiba 7050, Tunisie",Menzel Bourguiba,
mycare.tn,Parapharmacie,"7V97+GFM, Av. Habib Bourguiba Bab Mateur, avenue habib bougiba, Bizerte 7063, Tunisie",Bizerte,https://mycare.tn/
NATILAIT,Fabricant,"Rte des Ruines, Kalâat el-Andalous, Tunisie",Kalâat el-Andalous,http://www.natilait.com.tn/
Point de vente Nouvelair,Agence de voyages,"Bizerte, Tunisie",Bizerte,
Centra Nord,Grossiste en produits pharmaceutiques,"Zarzouna, Tunisie",Zarzouna,
LC Waikiki,Magasin de vêtements,"35,RUE CENTER, Ave Hassen Nouri, HYPPO, Tunisie",HYPPO,https://corporate.lcwaikiki.com/Magazalar
Rank It : Agence Web et Digital Marketing,Service de marketing Internet,"Avenue habib bourguiba, Bizerte 7000, Tunisie",Bizerte,
SOCIETE AL RAYEN,Vendeur en gros,"7VG7+PM3, ROUTE BORJ TALEB, Bizerte 7000, Tunisie",Bizerte,https://lesmoulinserrayen.com/
Familia Chic,Boutique d'articles de mariage,"346C+3G4, Kalâat el-Andalous, Tunisie",Kalâat el-Andalous,
Khadraoui TEK,Magasin de téléphonie mobile,"33 Rue Bourguiba, Bizerte 7000, Tunisie",Bizerte,https://khadraouitek.tn/
ElectroTech,Supermarché,"ZARZOUNA RTE DE, Menzel Abderrahmane 7021, Tunisie",Menzel Abderrahmane,http://www.bacha.tn/
VOG,Magasin de vêtements pour femmes,"Centre ville rue d'Espagne derrière la municipalité et terrain tennis, Bizerte 7000, Tunisie",Bizerte,http://vog.com.tn/
FATALES Colisée,Magasin de cosmétiques,"rue 1 mai, Bizerte, Tunisie",Bizerte,http://www.fatales.tn/
ITS 2050,Fournisseur d'accès Internet,"No-Hope St, Menzel Jemil 7080, Tunisie",Menzel Jemil,https://sites.google.com/view/its2050/accueil
Tunisie Télécom Ras Jebel,Entreprise de télécommunications,"646G+5PM, Av. Habib Bourguiba, Ras Jebel, Tunisie",Ras Jebel,http://www.tunisietelecom.tn/
El Maqsoura,Marché,"Rue 14 Janvier, Tunisie",Bizerte,http://elmaqsoura.com/
Hamadi Abid,Magasin de vêtements,"7VCC+X4F, Ave Hassen Nouri, Bizerte, Tunisie",Bizerte,
مكتبة القرطاس والقلم بنزرت,Librairie,"rue d'Espagne, Bizerte 7000, Tunisie",Bizerte,https://www.alkirtas.com/
makewebsite,Agence e-commerce,"4000 Av 20 mars, Sousse 4000, Tunisie",Sousse,https://makewebsite.io/
Youbi Trading,Service d'e-commerce,"4 -ème étage, immeuble bouhajeb, Bureau A10, Sousse 5054, Tunisie",Sousse,
ITGate,Service d'e-commerce,"2éme étage B1، Résidence El Hamd, Rue d'Algérie, Sousse 4011, Tunisie",Sousse,https://itgate-group.com/
Apeiron Technologies (Développement de logiciel),Concepteur de sites Web,"AV YASSER ARAFET SAHLOUL (2 ETAGE B A21 RESIDENCE SarayE, 4054 Av. de Yasser Arafat, Sousse 4053, Sousse 4054, Tunisie",Sousse,https://www.apeiron-tech.com/
Bling tn,Agence e-commerce,"RHRV+4PP, Sousse, Tunisie",Sousse,
UCANBE,Service d'e-commerce,"Av. la Perle du Sahel, Sousse 4000, Tunisie",Sousse,http://www.ucanbe.tn/
IDEAL CONCEPTION,Concepteur de sites Web,"près de Carrefour Market Jawhara، Boulevard 20 Mars Immeuble Aoun، N° 604 6ème étage, Sousse 4000, Tunisie",Sousse,http://www.idealconception.com/
ENVAST,Entreprise de logiciels,"Technopôle de Sousse, Cité Hammam Maarou, Route ceinture de Sahloul Sousse, 4000, Tunisie",,http://www.envast.tn/
Youbi,Agence e-commerce,"Résidence Bouhajeb, Avenue Yasser Arafet, sahloul Sousse, Tunisie sousse, 4054, Tunisie",Sousse,
e-tijara PRO,Service d'e-commerce,,,https://e-tijara.tn/
5 Sens Advertising,Agence de publicité,"7 Bd de l'Environnement, Sousse 4089, Tunisie",Sousse,https://5sens.tn/
Wamia kalaa Seghira,Service d'e-commerce,"Rond-point Raouebi (vers autoroute Tunisie Sfax, Kalâa Seghira 4021, Tunisie",Kalâa Seghira,http://www.wamia.tn/
Gobig,Service d'e-commerce,"RHPV+4W, Sousse, Tunisie",Sousse,https://www.gobig.tn/
Princesse NG+,Service d'e-commerce,"rue al kanz hay riadh num 41 Sousse, 4023, Tunisie",Sousse,
MiraShop,Agence e-commerce,"Immeuble Aoun, Rue 20 Mars Sousse, Jaouhara, 4000, Tunisie",Sousse,https://www.mirashop.tn/
Evoplast sousse,Entreprise de logiciels,"Avenue de la république (Immeuble Mezri Jaaîm) Akouda, Sousse 4022, Tunisie",Sousse,https://whitecapetech.com/
Foresti.tn,Service d'e-commerce,"Av Beb Elkos, Akouda 4022, Tunisie",Akouda,https://foresti.tn/
Advery Agency,Agence de publicité,"Av. de Yasser Arafat, Arafet 4054, Tunisie",Arafet,https://www.advery.agency/
Boutique Rania Fashion,Magasin de vêtements pour femmes,"Rue 105, Tunis 2041, Tunisie",Tunis,
Boutique ANGEL,Magasin de vêtements pour femmes,"شارع الحبيب بورقيبة, Mahdia, Tunisie",Mahdia,http://www.boutique-angel.com/
LILY CLOTHES TUNIS,Magasin de vêtements pour femmes,"8 Rue du Lac Biwa, Tunis, Tunisie",Tunis,
Boutique new collection mahdia,Magasin de vêtements,"Av. Taher Sfar, Mahdia 5100, Tunisie",Mahdia,
AMIRAL,Magasin de vêtements,"MV9R+2X3, Rue de l'Indépendance, Sayada, Tunisie",Sayada,http://amirallingerie.com/
ZEN,Magasins et centres commerciaux,"QRCG+JQP, Av. des martyrs, Monastir, Tunisie",Monastir,http://www.zen.com.tn/
Elle_M,Magasin de vêtements,"Khniss 5011, Tunisie",Khniss,http://www.ellem.tn/
Kawargi,Magasin de vêtements,"نهج عبد القادر محلة, Monastir, Tunisie",Monastir,
la mariee monastir,Boutique de robes,"immeuble Amel boulvard de l'environnement 5000, Tunisie",Monastir,
Hizem World,Magasin d'électronique,"Av. du combattant suprême, Monastir, Tunisie",Monastir,http://hizemworld.tn/
Espace chahdouda,Service d'e-commerce,"Tunisie Bizerte 7000, 7000, Tunisie",Bizerte,
Mytek Bizerte,Magasin d'informatique,"33 rue d'Espagne, Bizerte 7000, Tunisie",Bizerte,
UpstoreTN,Service d'e-commerce,"Bizerte 7000, Tunisie",Bizerte,https://upstore.tn/
Sawred,Service d'e-commerce,"Bizerte, Tunisie",Bizerte,https://swared.tn/trouver-un-agent/
geek store,Agence e-commerce,"56V5+W7V, ghrouss, Rafraf 7015, Tunisie",Rafraf,
DND SERV,Concepteur de sites Web,"Rue Mongi Slim, Centre Habiba, 3ème étage, bureau N° 13, Menzel Bourguiba 7050, Tunisie",Menzel Bourguiba,
tout commerce,Agence e-commerce,"Bizerte 7011, Tunisie",Bizerte,
MB Design,Service d'e-commerce,"App. n°2, 4 ème étage Immeuble Carrefour, rue 14 janvier 7000 Bizerte App. 64, Immeuble le Montplaisir, 1067, Avenue Kheireddine Pacha, Bizerte 7000, Tunisie",Bizerte,http://www.mbdesign-tn.com/
MOTO FATHI LIMEM,Magasin d'électroménager,"648G+6GC, Rue Ali Blhuan, Ras Jebel, Tunisie",Ras Jebel,
Aramex Bizerte,Service d'e-commerce,"aramex Bizert, 16 rue Constantinople, Tn 7000, Tunisie",Tn,https://www.aramex.com/
Belle Me Up,Service d'e-commerce,"Kalla sghuira, 01 Rue Farabi, Sousse 4021, Tunisie",Sousse,https://www.bellemeup.com/
Al-Farouk Consulting,Consultant.e économique,"App. A2, Imm. Ben Othmen, Av. Ribat, La corniche, Sousse 4000, Tunisie",Sousse,
Zahra Medical,Agence e-commerce,"immeuble braham center, Av. 14 Janvier, Sousse 4051, Tunisie",Sousse,http://zahramedical.com.tn/
devokt,Entreprise de logiciels,"Avenue Yasser Arafat, Sahloul, Immeuble Tartella, Sousse 4054, Tunisie",Sousse,http://devokt.com/
a9thili,Agence e-commerce,,,http://www.a9thili.tn/
Rcode Vision,Concepteur de sites Web,"Tunisie, Sousse, Sahloul 4, Sousse 4054, Tunisie",Sousse,https://www.rcodevision.com/
Shoes Center,Magasin de chaussures,"Rue Bourguiba, Bizerte, Tunisie",Bizerte,
DECATHLON MALL OF SOUSSE,Magasin de vêtements,"Location Mall Of Sousse RN1, Tunis Km 128. , 4060, Tunisie SOUSSE, 4060, Tunisie",,http://www.decathlon.tn/
celio Sousse,Magasin de vêtements,"Sousse, Tunisie",Sousse,http://celio.com/
Santé Plus Tunisie - Parapharmacie,Grossiste en produits chirurgicaux,"3 Rue de Carthage, Sousse 4000, Tunisie",Sousse,http://www.santeplus.com.tn/
City Sport Sousse,Magasin de vêtements de sport,"RJX9+F2W, Av. 14 Janvier, Sousse, Tunisie",Sousse,
Mytek (Trocadero) Sousse,Magasin d'informatique,"Rue El Farabi, Sousse 4000, Tunisie",Sousse,https://www.mytek.tn/
Houwaida,Magasin de vêtements,"شارع الامام بخاري بحي،, Sousse 4071, Tunisie",Sousse,https://houwaida.com/
Le Vicomte,Centre commercial,"RJX9+29J, Sousse, Tunisie",Sousse,https://www.facebook.com/Le-Vicomte-Sousse-102180261543456/?__cft__[0]=AZU9Ninvo-QEorZlblZGpXwBNpt72vRhAg2-eWss6KK8vIay1xzJtwT8TwMvg3ataYTAXkh9auwP_LdvG1LhQkFrDqvlewuJrh3JnHNHY9e90HHkRAmNevQyvAsTsx1Jq-lv24xH2D-PWUbbWxcNSb6yz7qgNEKeNhW0baSjMY8ORA&__tn__=-UC%2CP-R
LapTek Store,Magasin d'informatique,"Mosquée Al Tawba, Kalâa Seghira 4021, Tunisie",Kalâa Seghira,https://laptek.tn/
Aoun cuir sousse,Magasin de vêtements,"RJJF+7XQ, Av. du 20 Mars 1956, Sousse, Tunisie",Sousse,
Borgi PHONES,Magasin d'électronique,"Av. la Perle du Sahel, Sousse, Tunisie",Sousse,http://www.borgiphones.com/
Cocodeco,Boutique d'articles de mariage,"RJ24+4G6, Av. Etawfeek, Sousse, Tunisie",Sousse,http://www.cocodeco.tn/
Polaris Sousse,Magasin de chaussures,"RHQW+5GQ, Av. de Yasser Arafat, Sousse, Tunisie",Sousse,
Manuella,Magasin de chaussures,"WG3V+452, Sousse, Tunisie",Sousse,
Galeria.tn,Magasin d'ameublement et de décoration,"Avenue El Taoufik, Sousse 4023, Tunisie",Sousse,http://www.galeria.tn/
Boutique ELU Sousse Beb Bhar,Vêtements pour enfants,"RJFM+RR4 Hôtel Fares, avenue hassouna ayachi, Sousse, Tunisie",Sousse,https://www.facebook.com/ELU.PRET.A.PORTER.ET.ACCESSOIRES/
StationTotal BIZERTE-RN11,Centre commercial,"Haf El Mhor Bizerte Sud 7011, Tunis, Tunisie",Tunis,
Aramex El Alia,Service d'e-commerce,"aramex El Alia alia, Av. Habib Bourguiba, El Alia 7081, Tunisie",El Alia,https://www.aramex.com/
Look Up,Agence e-commerce,"Rue 9 April 1938, Bizerte 7080, Tunisie",Bizerte,
Nefzi Heni,Agence e-commerce,"6WQ9+7C4 Gouvernorat de, Menzel Jemil 7080, Tunisie",Menzel Jemil,
BK CERAM,Service d'e-commerce,"6498+WQP, Av. Habib Bourguiba, Ras Jebel, Tunisie",Ras Jebel,
Miel Liwen,Service d'e-commerce,"7070, Ras Jebel 7070, Tunisie",Ras Jebel,http://www.mielliwen.tn/
fluxos tunisie,Concepteur de sites Web,"6 rue du théâtre, Bizerte 7000, Tunisie",Bizerte,https://fluxos.tn/
lpizo,Agence e-commerce,"Abou Baker razi, Ras Jebel 7070, Tunisie",Ras Jebel,
STECOM,Magasin d'électroménager,"Direction commerciale et Showroom 49, La Tunis, Rue 8600, Tunis 2035, Tunisie",Tunis,https://stecom.ste-stecom.com/fr/
Graiet,Magasin d'électroménager,"Av. de l'UMA, Tunis 2036, Tunisie",Tunis,https://www.graiet.tn/
Monoprix Monastir,Supermarché,"25 Av. Habib Bourguiba, Monastir 5000, Tunisie",Monastir,http://www.monoprix.tn/
mazroub,Agence e-commerce,"3ème étage, immeuble jrah, Av. de la republique, Monastir 5000, Tunisie",Monastir,https://mazroub.com/
commerce,Service d'e-commerce,"Ksar Hellal 5070, Tunisie",Ksar Hellal,
Le boudoir Preloved Luxury & Concept Store,Dépôt-vente,"Rue Kaboul, Ariana, Tunisie",Ariana,
ZEMNY – Vente en ligne Bsissa Tunisie,Producteur de nourriture,"Av Hedi Nouira, Route la falaise, Monastir 5000, Tunisie",Monastir,https://www.zemny.co/
Tunisianet,Magasin d'informatique,"10 Rue St Augustin, Tunis, Tunisie",Tunis,https://www.tunisianet.com.tn/
TUNEWTEC,Magasin d'informatique,"B4 et 12 centre galaxie 2000, Tunis 1002, Tunisie",Tunis,https://tunewtec.com/
Mega-PC,Magasin d'informatique,"6 Boulevard de l'Environnement, Tunis 2045, Tunisie",Tunis,https://megapc.tn/
Planète Informatique,Magasin d'informatique,"14 Rue El Bassatine, Tunis, Tunisie",Tunis,https://planete-informatique.tn/
SBS INFORMATIQUE,Magasin d'informatique,"22 Rue de l'énergie solaire, Tunis 2035, Tunisie",Tunis,https://www.sbsinformatique.com/
JMB Tunisie,Magasin d'informatique,"34 Rue de La Palestine, Tunis 1002, Tunisie",Tunis,https://jmb.com.tn/
Spacenet Charguia,Magasin d'informatique,"56 rue de l'industrie, I 2035, Tunisie",I,https://spacenet.tn/
Informatica Tunisie,Magasin d'informatique,"3, Rue imem, Rue Tahar Ben Achour, La Marsa 2070, Tunisie",Marsa,https://informatica.tn/
Meilleurs Prix Ordinateurs,Magasin d'électronique,"à côté de Station, Rue d'inde, Métro Nelson Mandela, Tunis 1002, Tunisie",Tunis,https://www.facebook.com/Meilleursprixordinateur
Best Buy Tunisie افضل شراء في تونس,Magasin d'informatique,"QPCW+C93, Avenue Mohamed Jmal, Kassas Bouzayen, 3012 Sfax. (à côté Point chaud, Av. Mohamed Jmal, Sfax, Tunisie",Sfax,https://bestbuytunisie.tn/
Loop Informatique,Magasin d'informatique,"6979 نهج الهادي بن لدرم, Tunis 1091, Tunisie",Tunis,https://loop.tn/
MPSHOP,Magasin d'informatique,"43 Rue de Marseille, Tunis 1001, Tunisie",Tunis,http://mpshop.tn/
Mytek liberté,Magasin d'informatique,"Av. de La Liberté, Tunis 1002, Tunisie",Tunis,
SpaceNet Ariana,Magasin d'informatique,"25, rue Mustapha Hjaiej 2080 Ariana - Tunis, Ariana 2080, Tunisie",Ariana,https://spacenet.tn/
Drive-in Tunisianet,Magasin d'informatique,"8 Rue 8603, Tunis 2035, Tunisie",Tunis,https://www.tunisianet.com.tn/
INFOTEC,Magasin d'informatique,"Ave. Jdeida Magherbia, Nabeul‎, Tunisie",Nabeul‎,http://www.infotec.tn/
SERVISAT,Magasin d'informatique,"SOCIÉTÉ SERVISAT, Av. Habib Bourguiba, Sayada 5035, Tunisie",Sayada,https://servisat.tn/content/4-a-propos-servisat
Alarabia Informatique,Magasin d'informatique,"Av. Hadj Ali Soua, Ksar Hellal 5070, Tunisie",Ksar Hellal,http://www.alarabia.com.tn/
Meubles Abdennadher Design,Magasin de meubles,"c39 Boumhel, Boumhel 2097, Tunisie, Boumhel 2097, Tunisie",Boumhel,http://www.a-design.tn/
Meuble Design,Magasin d'ameublement et de décoration,"V744+WMF، Avenue Mongi Slim, Tunis, Tunisie",Tunis,
Idéal Meubles Tunisie,Magasin de meubles,"Route de Tunis Km 127-128 B.P. N°5 Akouda, Sousse 4022, Tunisie",Sousse,https://www.ideal-meubles.com/
L'ARTISTOU Meubles,Showroom,"Av. Hédi Nouira, Nabeul‎, Tunisie",Nabeul‎,https://www.lartistou.com/
ABDENNOUR Cocina,Magasin d'ameublement et de décoration,"49 Av. Fattouma Bourguiba, Ariana 2036, Tunisie",Ariana,https://www.abdennourcocina.com/
Ahladecor.tn,Magasin de meubles,"Rue Oum Kalthoum, Nabeul‎ 8000, Tunisie",Nabeul‎,https://www.ahladecor.tn/
Mondeco Sfax - Meubles & Décoration,Magasin de meubles,"Rte de Tunis, Sfax, Tunisie",Sfax,https://mondeco.tn/
Chaabani Meuble de Luxe,Magasin de meubles,"Rue 4106 Avenue Hedi Chaker, Rue 4106،, Tunis, Tunisie",Tunis,
Galerie Des Décors,Magasin d'ameublement et de décoration,"64 Av. Hédi Chaker, Tunis 1002, Tunisie",Tunis,http://www.galeriedesdecors.com/
èrika meubles,Magasin de meubles,"Avant rond point Soltane, Avenue Abou dhabi, Hammamet 8050, Tunisie",Hammamet,https://www.facebook.com/Meubles.Decoration.Architecture.d.interieur/
WORKROOM TN Déco et Meuble,Magasin d'ameublement et de décoration,"34 avenue abou el kacem chebbi, Ariana 2080, Tunisie",Ariana,http://www.workroom.tn/
Meuble Ton sur Ton,Magasin d'ameublement et de décoration,"Résidence FARES, Av. Fattouma Bourguiba, La soukra 2036, Tunisie",La soukra,
Mobilia Deco Tunis,Magasin d'ameublement et de décoration,"20 Av. Farhat Hached, Site archéologique de Carthage, Tunisie",Site archéologique de Carthage,
Royal Déco,Décorateur d'intérieur,"2073, Ariana 2073, Tunisie",Ariana,http://www.royaldeco.tn/
INTUITION Meubles,Magasin de meubles,"45 Av. Fattouma Bourguiba, Tunis, Tunisie",Tunis,
Ideekor,Magasin de meubles,"Ksar Hellal 5070, Tunisie",Ksar Hellal,https://www.ideekor.tn/
INTÉRIEURS-LA SOUKRA,Magasin de meubles de bureau,"km13 Sidi Fradj, Route de la Soukra, Tunis 2036, Tunisie",Tunis,https://www.interieurs.com.tn/
Meuble Hnannou,Magasin de meubles,"près du stegg, Rue Tarek Ben-Zied, Moknine 5050, Tunisie",Moknine,https://www.meublehnannou.com/
Tapissier nader,Tapissier décorateur,"MV3R+W5J, Ksar Hellal, Tunisie",Ksar Hellal,
La Chaise N°14,Magasin de meubles,"stade municipal, Rue de L'environnement , prés du, Ksibet El Médiouni 5031, Tunisie",Ksibet El Médiouni,
Meublatex Monastir,Magasin d'ameublement et de décoration,"C100e, Tunisie",Monastir,
بيع و شراء الأثاث المستعمل عند سامر,Magasin d'ameublement et de décoration,"MRMR+FPR, Ksibet El Médiouni, Tunisie",Ksibet El Médiouni,
PRODEZIGN,Décorateur d'intérieur,"Ksar Hellal 5070, Tunisie",Ksar Hellal,http://www.prodezign.tn/
SOTUFAB SHOWROOM KSAR HELLAL,Magasin d'ameublement et de décoration,"MV6C+5W4, Rue Union Maghrébine, Ksar Hellal 5070, Tunisie",Ksar Hellal,
Thapsus Meubles,Magasin de meubles,"Boulevard de l'environnement, Bekalta, Tunisie",Bekalta,
FEKIH CONCEPT,Magasin de meubles,"Khniss 5011, Tunisie",Khniss,
Ruspina Meubles,Fabricant de meubles,"Route de, Khniss 5000, Tunisie",Khniss,
MEUBLATEX MAHDIA,Magasin d'ameublement et de décoration,"135 شارع الحبيب بورقيبة،, Mahdia, Tunisie",Mahdia,http://www.meublatex.com/
Dar el felly meubles et décorations,Magasin de meubles,"JVPR+QWC, Rue monji slim, Ksar Hellal 5070, Tunisie",Ksar Hellal,
Fly Deco,Magasin de meubles,"MV89+G49, Av. Habib bourguiba, Bou hjar 5015, Tunisie",Bou hjar,
Tendance LMD,Magasin de meubles,"Monastir 5000, Tunisie",Monastir,
Meubles Dhraief,Magasin de meubles,"QRFC+478, Monastir, Tunisie",Monastir,
Meubles Limem,Magasin d'ameublement et de décoration,"39 C82, Ksour Essef, Tunisie",Ksour Essef,
Youssef Yahia CONCEPT,Magasin de meubles,"JWRW+MJ5, Téboulba, Tunisie",Téboulba,
Amine Meuble,Magasin de meubles,"F2FW+36M، Avenue Habib bourguiba Réjiche - Mahdia, C82, Rejiche 5121, Tunisie",Rejiche,
Dayeg Meuble,Magasin de meubles,"Avenue Bassatine, Rue Salah Ben Ali Ksour Essef, 5180, Tunisie",Ksour Essef,
Showroom SOTUFAB Monastir,Magasin d'ameublement et de décoration,"Résidence Flamants Roses, Cité Ennozha 5000, Tunisie",Monastir,
Meuble mou7eb,Magasin de meubles,"Bekalta 5090, Tunisie",Bekalta,
MOBICASA,Magasin de meubles,"10 C82, Tunisie",,
Ortho Matelas,Magasin de meubles de chambre à coucher,"Au-dessus de la pharmacie Essouani - Monastir (Bureau n°01 Monastir, 5000, Tunisie",Monastir,
Meuble Fekih,Magasin d'ameublement et de décoration,"MV96+RW9, Bou hjar, Tunisie",Bou hjar,https://www.facebook.com/fekihmeuble/
Meubles en bois naturel,Magasin de meubles,"QR8F+CJ2, Monastir, Tunisie",Monastir,
أثاث سهيل,Magasin de meubles,"QR7F+JJC, Cité, avenue de la liberté, Monastir, Tunisie",Monastir,
Meublanet,Magasin de meubles,"route Mahdia à côté Centre de la garde Nationale, Bekalta 5090, Tunisie",Bekalta,http://meublanet.com/
S.abdjalil,Magasin de meubles,"PR6C+J45, avenue l'environnement, Khniss 5011, Tunisie",Khniss,
Store et rideaux Jaafoura,Tapissier décorateur,"QRCF+CMP, Av. du combattant suprême, Monastir, Tunisie",Monastir,
Konfimark Meubles,Magasin de meubles,"MV6R+M73, Sayada, Tunisie",Sayada,
Msolly meubles,Magasin de meubles,"JWF2+X2G, Moknine, Tunisie",Moknine,
Meuble Fares,Magasin de meubles,"JXRG+2CJ, Téboulba, Tunisie",Téboulba,
Société Ben Aziz,Magasin d'ameublement et de décoration,"MVM4+GJM, Av. Habib Bourguiba, Ksibet El Médiouni, Tunisie",Ksibet El Médiouni,https://www.facebook.com/S.B.Aziz.Officiel/
SOCIÉTÉ SARAYA MEUBLES,Magasin de meubles,"Ksour Essef, Tunisie",Ksour Essef,
Sofa.tn,Magasin de meubles,"Av. Fadhline, Téboulba, Tunisie",Téboulba,http://www.sofa.tn/
Meuble Thapsus,Magasin de meubles,"5080, Rue Habib bourguiba, Téboulba, Tunisie",Téboulba,
Ste Ennozha Confort,Magasin de meubles,"187 C82, Ksour Essef, Tunisie",Ksour Essef,
Intermeuble mahdia,Magasin de meubles,"5100 Av. de Tunis, Mahdia, Tunisie",Mahdia,https://www.intermeuble.com.tn/
Permaflex ksour essef,Magasin de meubles,"C262+WRP, C82, Ksour Essef, Tunisie",Ksour Essef,
Meuble molkaa,Magasin de meubles de cuisine,"Khniss 5011, Tunisie",Khniss,
Deco Riahi,Magasin de canapés,"JX9Q+67Q, Bekalta, Tunisie",Bekalta,
Essef meuble,Magasin d'ameublement et de décoration,"CX8V+93G, Ksour Essef, Tunisie",Ksour Essef,
Sweet sofa,Tapissier décorateur,"Rue Mohammed Slim, mhalla 5000, Tunisie",mhalla,
Tunisie Shopping | Tunisie Shop | Tunisieshopping.tn | Tunisieshop.tn,Magasin de mobilier pour supermarchés et boutiques,"94 Av. Mahbouba Soussia, Téboulba 5080, Tunisie",Téboulba,https://tunisieshopping.tn/
الجمّالي لصنع و بيع الأبواب و النوافذ,Magasin de meubles,"Ceinture Ksour Essef Route El Jem, Ksour Essef 5180, Tunisie",Ksour Essef,https://www.facebook.com/al7aj.kamel.mabrouk
Meubles hammouda,Magasin de meubles,"MQFG+8FF, Menzel Ennour, Tunisie",Menzel Ennour,
Meuble Maher,Magasin d'ameublement et de décoration,"MQJP+QQ2, Menzel Ennour, Tunisie",Menzel Ennour,
Meuble Chef,Tapissier décorateur,"JXQ9+4RR, Av. Amor Bayoudh, Téboulba, Tunisie",Téboulba,
TASNIM MEUBLE أثاث تسنيم,Magasin de meubles,"Av. de l'environnement, Menzel Fersi, Tunisie",Menzel Fersi,
الأثاث المستعمل عند وليد,Magasin de meubles,"C275+5XX, Ksour Essef, Tunisie",Ksour Essef,
Basli meuble,Magasin d'ameublement et de décoration,"MV2Q+986, Av. Des Nations Unis, Ksar Hellal, Tunisie",Ksar Hellal,
MEUBLE LAZREG,Magasin de meubles,"MQFJ+MR3, Menzel Ennour, Tunisie",Menzel Ennour,
Zaouali Meuble,Magasin d'ameublement et de décoration,"rue meddeb Youssef, Ksibet El Médiouni 5031, Tunisie",Ksibet El Médiouni,https://www.annuaire-publicitaire.com/zaouali-meuble/
ECO MEUBLE,Magasin de meubles de cuisine,"Av. Habib bourguiba, Bembla and Manarah, Tunisie",Bembla and Manarah,
Boutique ARDOtn,Décorateur d'intérieur,"3 Avenue Taher HADDAD, Ksour Essef 5180, Tunisie",Ksour Essef,
Tasnim Meubles,Magasin de meubles,"JXCM+JGH, route, Téboulba, Tunisie",Téboulba,
Hm meuble,Magasin de meubles,"مندرة الشاهد عدد 1, Moknine, Tunisie",Moknine,
Galerie Hela,Magasin de meubles,"Avenue Fadhline, Téboulba 5080, Tunisie",Téboulba,
KBAYER CUISINES,Magasin de mobilier préfabriqué,"Av. Habib bourguiba, Ksar Hellal, Tunisie",Ksar Hellal,
Rapidoss Delivery,Service de livraison,"Rue de la pépinière , El Agba Tunis, Manouba, Tunisie",Manouba,http://www.rapidoss.tn/
Delivgo App livraison à domicile Monastir,,"Monastir 5000, Tunisie",Monastir,https://www.facebook.com/delivgo.tn?mibextid=ZbWKwL
Fast Coursier,,"22 Rue de La Palestine, Tunis 1002, Tunisie",Tunis,
Ayfast Coursier Pro,Coursier,"Rue Yasmina, Tunis, Tunisie",Tunis,https://app.ayfastcoursierpro.com/
AMíGOS Delivery,Livraison de repas à domicile,"Djerba Midun 4116, Tunisie",Djerba Midun,http://amigosdelivery.app/
Navex Delivery,Service de livraison,"1 Rue de l'Energie Atomique, Tunis 2035, Tunisie",Tunis,https://navex.tn/
Best Delivery,Service de transport,"RP78+VC2, Av. Okba ibn nafaa, Sfax, Tunisie",Sfax,http://best-delivery.net/
X Delivery,,"Mosquée Charguia 1, 45 rue 86001, Tunis 2035, Tunisie",Tunis,https://x-delivery.io/
coursier privé,Service de livraison,"PQR2+4V7 House deco, Bd Majida Boulila, Sfax, Tunisie",Sfax,
Livraison food à domicile,Livraison de repas à domicile,"Midoun Center, Midoun, Djerba Midun, Tunisie",Djerba Midun,https://wa.me/c/21696010110
Home Delivery Tunisia,Service de transport,"Cité Elmanar, Route de Moknine, Jemmel 5020, Tunisie",Jemmel,
Rapido livraison food djerba,Livraison de repas à domicile,"4116, Djerba Midun, Tunisie",Djerba Midun,https://www.facebook.com/profile.php?id=100092503715208&mibextid=ZbWKwL
IntiGo Delivery,Service de livraison,"17 Rue de l'Usine, Ariana, Tunisie",Ariana,http://www.intigo.net/
Livraison commande,,"R5WX+V54, Tunis, Tunisie",Tunis,
elyes meuble et ameublement,Magasin d'ameublement et de décoration,"MV4R+429, Ksar Hellal, Tunisie",Ksar Hellal,
BIBO,Magasin de literie,"MV7W+283, Rue Palestine, Sayada 5035, Tunisie",Sayada,
Meuble Bk,Magasin de canapés,"JXQ9+7F2, Av. Mahbouba Soussia, Téboulba, Tunisie",Téboulba,
Espace Sarrah,Magasin de meubles,"MV4H+629, Av. Habib bourguiba, Ksar Hellal, Tunisie",Ksar Hellal,
Tapissier Zied,Tapissier décorateur,"MV8R+7FF, Sayada, Tunisie",Sayada,
Meubles Mariem,Magasin de meubles,"QRCH+57H, Monastir, Tunisie",Monastir,
أثاث سامي Meuble Sami,Accessoires mobiliers,"MX27+F22, Téboulba, Tunisie",Téboulba,
Meuble confort,Magasin de meubles,"PRRC+VX9, Monastir, Tunisie",Monastir,
فضاء الموس والحشايا اللولبية,Magasin de literie,"MVFQ+2JJ, Sayada, Tunisie",Sayada,
Importation,Accessoires mobiliers,"Rue hedi chaker, Ksar Hellal 5070, Tunisie",Ksar Hellal,
Coujinti Ksibet El Mediouni,Magasin d'ameublement et de décoration,"MRMP+HX8, Ksibet El Médiouni, Tunisie",Ksibet El Médiouni,
ironscraft,Accessoires mobiliers,"face salle handball, rue eltoute, Téboulba 5080, Tunisie",Téboulba,https://ironscraft.com/
Gardabou meuble,Magasin de meubles,"Ksar Hellal 5070, Tunisie",Ksar Hellal,
Tapisserie haj bassem,Tapissier décorateur,"Cité bir, Bou hjar 5015, Tunisie",Bou hjar,
بيع لوازم المقاهي - El Badia,Magasin de matériel de cuisine,"5035, Sayada 5035, Tunisie",Sayada,
Tapissier El Bakouche,Tapissier décorateur,"FR2J+PM9, Amirat Fehoul, Tunisie",Amirat Fehoul,
showroom mhenni,Magasin d'électroménager,"avenue l'environnement, Khniss 5011, Tunisie",Khniss,http://www.mhenni.com/
Showroom Sl meuble,Magasin de meubles,"CX4X+GQG, Ksour Essef, Tunisie",Ksour Essef,
Meuble Echbilia,Magasin de meubles,"Rue Sidi Ali Chebil, Téboulba 5080, Tunisie",Téboulba,https://sites.google.com/view/meuble-echbilia/
MEUBLES BEN MAALLEM,Magasin d'ameublement et de décoration,"5025 Av. Habib BOURGUIBA, Menzel Fersi, Tunisie",Menzel Fersi,
HIDDEN,Magasin de chaussures,"R8W6+4G9، Rue Bilal, Tunis, Tunisie",Tunis,
Polaris Central Parc,Magasin de chaussures,"Centre Commercial CENTRAL PARK Boutique B1, 1002, Tunis, Tunisie",Tunis,
Boutique Giovana Tunis,Magasin de chaussures,"4 Rue Charles de Gaulle, Tunis, Tunisie",Tunis,
Enzo,Magasin de chaussures,"V549+77W, Av. Othman Ibn Affane, Ariana, Tunisie",Ariana,
ROSACE MANAR 2,Magasin de chaussures,"4 Av. Slimen Ben Slimen, Tunis, Tunisie",Tunis,http://www.rosace.com.tn/
Permaflex,Magasin de meubles,"QQCR+7P8, Unnamed Road, Monastir, Tunisie",Monastir,
Jasmin Gsm Mahdia,Accessoires mobiliers,"G27P+7GC, Mahdia, Tunisie",Mahdia,
SH KBAYER MEUBLES,Magasin de meubles,"MV6R+997, Sayada, Tunisie",Sayada,
Khniss,Magasin de meubles,"PR6C+M42, Khniss, Tunisie",Khniss,https://www.facebook.com/groups/furniture.sofa
Société intégrité meubles,Magasin de meubles de chambre à coucher,"Rue zaytouna, Moknine 5050, Tunisie",Moknine,
اثاث البرج,Magasin de meubles,"G23Q+2R8, Rue de la Republique, Mahdia, Tunisie",Mahdia,
YASMINE MEUBLE,Magasin d'ameublement et de décoration,"Rue Salem Bchir, Monastir 5000, Tunisie",Monastir,
Tir fir,Magasin de meubles,"QR76+PG3 tir fir, Rue, Monastir, Tunisie",Monastir,
Cuisine & Déco,Magasin de meubles de cuisine,"5035, Sayada 5035, Tunisie",Sayada,
Afric mod jmal,Magasin de meubles,"MVCR+G4M, Av. Habib Bourguiba, Sayada, Tunisie",Sayada,https://www.facebook.com/profile.php?id=61562767273102
Meuble kamoune,Tapissier décorateur,"JXVM+9PG, Téboulba, Tunisie",Téboulba,
Espace zayneb,Magasin de matériel de cuisine,"Ksour Essef 5180, Tunisie",Ksour Essef,
Bohome,Magasin d'ameublement et de décoration,"QQCW+MF4, Monastir, Tunisie",Monastir,
Meubles HadjMessaoued,Magasin de meubles,"MRFV+G3X, Bennane, Tunisie",Bennane,
ANB SHOPPING. TN,Accessoires mobiliers,"Rue Ibn Eljazzar, Téboulba 5080, Tunisie",Téboulba,
tableau S plus+,Magasin de meubles,"QR76+PG3 nibla, Monastir, Tunisie",Monastir,
Mobelix,Magasin de meubles,"Av. Habib Bourguiba, Sayada, Tunisie",Sayada,
ARmin Home,Siège social,"Armin home, Ksar Hellal 5070, Tunisie",Ksar Hellal,http://arminhome.com/
Super Siesta Monastir,Magasin d'usine,"C100e, Monastir 5000, Tunisie",Monastir,https://super-siesta.com/
Meuble Ben Mahmoud,Magasin de meubles,"JVVP+4MH, Ksar Hellal, Tunisie",Ksar Hellal,
Saghroun.com,Siège social,"Av. Ali Belhouane, Mahdia, Tunisie",Mahdia,https://www.saghroun.com/
Safa cuisine,Magasin de meubles de cuisine,"Rue el jhomhouria Mahdia, 5100, Tunisie",Oued Beja Nord,
Meuble maryouma,Magasin de meubles,"C275+4QC, Ksour Essef, Tunisie",Ksour Essef,
Tapiserie Harzallah,Tapissier décorateur,"QR7F+27R, Monastir, Tunisie",Monastir,
InterMeuble ksar hlel,Magasin de meubles,"Ksar Hellal 5070, Tunisie",Ksar Hellal,https://www.intermeuble.com.tn/
مفروشات فرات,Magasin de meubles,"CX9W+4G5، Rue Ali Ben Kamla, Ksour Essaf, Tunisie",Ksour Essef,
Mohamed Lahmar et fils,Dépôt,"G257+QR7 Gouvernorat de, route, Chiba 5800, Tunisie",Chiba,https://www.facebook.com/Mohamed-Lahmar-Fils-112713113806746/?ref=page_internal
Design Plus,Agence de design,"J285+FJ3, Bekalta, Tunisie",Bekalta,
Mobelix sayada,Immeuble en copropriété,"Rue Ali Sliman, Sayada 5035, Tunisie",Sayada,http://www.mobelixsayada.com/
Bassem tapisserie,Tapissier décorateur,"Lamta 5090, Tunisie",Lamta,
home dame,Cuisiniste,"CX9X+23F, mahdia, Ksour Essef 5180, Tunisie",Ksour Essef,
joker tech,,"boulangerie el bay en face magazin aziza، avenue tunis prész, Mahdia 5100, Tunisie",Mahdia,https://www.facebook.com/jokertechnologie/
Atelier assil,Cuisiniste,"G27V+7C3, Av. Habib Bourgiba, Hiboun, Tunisie",Hiboun,
Wafa mousse,Magasin de meubles,"JXCM+6V6, Bekalta, Tunisie",Bekalta,
Trame Design Bureau d'architecture d'intérieur et décoration,Designer d'intérieur,"1er étage N 1, Avenue Ali Bourguiba Skanes au dessus de la boutique Maximo Donatti, Monastir 5000, Tunisie",Monastir,
Rue Abdul Salem chaouch,,"QR76+PG3, Monastir, Tunisie",Monastir,
Khalil,Magasin de meubles,"QRCH+996, Ane Habib Bourguiba, Monastir, Tunisie",Monastir,
Ste fatimide,Magasin de meubles,"G339+H3Q, Mahdia, Tunisie",Mahdia,
Safa cuisine,Cuisiniste,"G23Q+QPX, Avenue de la république, Mahdia 5100, Tunisie",Mahdia,
Maranphone,,"Hamada, Bekalta 5090, Tunisie",Bekalta,
ANAYA - Vente Produits cosmetiques tunisie,Magasin de cosmétiques,"immeuble Aicha, 88 Av. Hédi Nouira, Nabeul‎ 8000, Tunisie",Nabeul‎,
FLORAISON NATURAL BEAUTY,Magasin de cosmétiques,"Les Amortisseurs Tunisiens NORTEX SA, AV Bagdad،، Ouardanine 5010, Tunisie",Ouardanine,http://www.floraison.bio/
Aphrodite cosmetique,Magasin de cosmétiques,"QP38+RHF, Sahline, Tunisie",Sahline,
bonheur.tn,Magasin de cosmétiques,"GOLDEN TOWERS, Bloc B, 10ème étage, B10.5, Centre Urbain Nord, 1082, Ariana, Tunisie",Ariana,https://www.bonheur.tn/
Fantaisie cosmetique,Magasin de cosmétiques,"QR9H+5FH, Monastir, Tunisie",Monastir,https://www.facebook.com/fantaisiemonastir/
Beautystore.tn,Magasin de cosmétiques,"7 1 er etage, bureau 7، Bureau B, Ctre Millenium, N9, La Marsa 2046, Tunisie",Marsa,http://www.beautystore.tn/
Ecovillage Natural Beauty - Boutique Hammam Sousse,Magasin de cosmétiques,"Avenue 14 Janvier, Route touristique, Hammam Sousse 4083, Tunisie",Hammam Sousse,https://www.ecovillage.com.tn/
VIF - Beauté et Cosmétique,Magasin de cosmétiques,"Choket El Arrassa, Hammam Sousse 4011, Tunisie",Hammam Sousse,https://vif.tn/
Fashion Makeup Tunisie,Centre commercial,"R6MV+V3H, Tunis, Tunisie",Tunis,https://www.facebook.com/fashionmakeuptunisia/
Wissemcosmetique,Magasin de cosmétiques,"R5F3+PP6, Rue 6472, Tunis, Tunisie",Tunis,
Aya Cosmetique. Vente de parfum & materiels de coiffure et cosmethique,Magasin de cosmétiques,"QR87+Q82, Monastir, Tunisie",Monastir,
KARINA TUNISIE,Magasin de cosmétiques,"106 Av. Habib Bourguiba, Ez Zahra, Tunisie",Ez Zahra,
Nakawa Bio,Entreprise de cosmétique,"Sousse, Tunisie",Sousse,http://www.nakawa-bio.com/
Cherry Beauty,Magasin de produits de beauté,"Boutique N°6 Nouvelle, Avenue Habib Bourguiba,Centre FARAH rez de chaussée, Ariana 2080, Tunisie",Ariana,http://www.cherrybeauty.tn/
BIOМир магазин натуральной косметики,Magasin de cosmétiques,"G2PJ+869, Hiboun, Tunisie",Hiboun,
L’impérial-cosmetics,Parfumerie,"QRF8+86Q rond point de terre, Monastir, Tunisie",Monastir,https://www.instagram.com/limperial_cosmetics?igsh=d2pqcDZrdnRweXc2&utm_source=qr
تعليب المأكولات conserverie alimentaire,Conserverie,"V54J+JM5، Rue El Ifada, Ariana, Tunisie",Ariana,https://www.facebook.com/share/1ZDAfhcuT2/
Ste aymen nasri,Grossiste alimentaire,"P4X6+7X8, Tunis, Tunisie",Tunis,
Le Matériel Alimentaire (LMA),Équipement pour boulangerie,"RN8, Ariana 2058, Tunisie",Ariana,http://lma.tn/
Elixir Bio Tunisie,Magasin bio,"90 Av. Jugurtha, Tunis, Tunisie",Tunis,https://www.elixirbio.store/
Société Générale d’alimentation,Fournisseur de produits alimentaires,"36-42 Av 20 Mars, Tunis 1006, Tunisie",Tunis,https://sga-tn.com/
Ste la parole industrie alimentaire,Équipement de transformation des aliments,"cité Avicenne, 17rue ahmed meskawey, Tunis 2066, Tunisie",Tunis,
A Table - L'épicerie fine (Menzah 1),Épicerie fine,"15 Rue El Moez, 1 1004, Tunisie",1,http://www.atablelepiceriefine.com/
Land’Or,Fabricant de fromage,"Bir Jedid، Khelida 2054, Tunisie",Khelida,http://www.landor-group.com/
MaPara Tunisie Parapharmacie,Parapharmacie,"4, 1 Rue Tachkent, Ariana 2037, Tunisie",Ariana,https://www.maparatunisie.tn/
Société Fadhel de Commerce et Distribution ventes en gros alimentations générales ventes en gros boissons et jus,Grossiste alimentaire,"2 Rue Zine El Abidine Essnoussi, Tunis 1008, Tunisie",Tunis,https://sfcdv.tn/
Fast delivery,Livraison de repas à domicile,"QRCH+855, Monastir, Tunisie",Monastir,
Livraison monastir,Service de transport,"QR76+PG3, Monastir, Tunisie",Monastir,
Mas3oud delivery,Livraison de repas à domicile,"JVJX+VF8, Moknine, Tunisie",Moknine,
serbini,Service de livraison,"Monastir 5000, Tunisie",Monastir,https://serbini.cloud/
Express Trust Delivery,Service de livraison,"Rue Mahmoud abbes El Akkad, Ksar Hellal 5070, Tunisie",Ksar Hellal,
رياض الغضاب,Livraison de repas à domicile,"JWH6+93J, Moknine, Tunisie",Moknine,
Papadam Food Monastir,Sandwicherie,"Avenue 14 Janvier immeuble kalthoum, Tunisie",Monastir,
Alsawani Grocery مغازة السواني,Service de livraison des courses,"QRG8+Q59, Monastir, Tunisie",Monastir,
Domino Pizza,Pizzeria,"QRFM+G95, Monastir, Tunisie",Monastir,
Soprano,Pizzeria,"R6, 29 av H Bourguiba, Monastir 5000, Tunisie",Monastir,http://www.soprano.tn/
Yummy Mummy,Traiteur,"MV27+P65, Ksar Hellal, Tunisie",Ksar Hellal,
THE BOX Food Monastir,Traiteur,"Immeuble Bouslama zone du stade monastir, 5000, Tunisie",Monastir,https://www.facebook.com/THE-BOX-482548118783103
Chaneb Food شناب فود,Restauration rapide,"En Face De « ZEN », 199 Av. Habib bourguiba, Ksar Hellal 5070, Tunisie",Ksar Hellal,
PALETTE FOOD,Restaurant,"QRFJ+4JV, Avenue Habib Bourguiba, Monastir, Tunisie",Monastir,
One Piece Pizza,Restaurant,"Rue habib thameur،, Rejiche 5121, Tunisie",Rejiche,
4 gouts Monastir,Pizzeria,"QR87+PJP, C100e, Monastir, Tunisie",Monastir,
"O'SLIM: Restaurant Sidi Alouane, Fast Food",Restaurant,"9WFQ+XFG, Rue de l'indépendance, Sidi Alouane 5190, Tunisie",Sidi Alouane,
Salon de beauté coiffure et esthétique,Institut de beauté,"GV53+PP2, Chrahil, Tunisie",Chrahil,
Herbéos,Industrie cosmétique,"Rue carthage, route, Khniss 5011, Tunisie",Khniss,https://herbeos-store.com/
Simarome,Magasin de cosmétiques,"Ksar Hellal 5070, Tunisie",Ksar Hellal,
Floraison - Monastir,Magasin de cosmétiques,"QRCF+HRJ, Av. du combattant suprême, Monastir, Tunisie",Monastir,https://floraison.bio/
Beauty And Sense - Monastir,Grossiste de produits de beauté,"QR8H+WHR, Monastir 5000, Tunisie",Monastir,
Rayhana Cosmetique,Parfumerie,"R6 5000, Tunisie",Monastir,https://m.facebook.com/rayhanacosmo/
Arvea Nature,Magasin de cosmétiques,"MVFM+4HV, Lamta, Tunisie",Lamta,
Maison brillante bébé confort,Magasin de cosmétiques,"MQXW+76J, Bembla and Manarah, Tunisie",Bembla and Manarah,
Ste Tanit Cosmetics,Magasin de cosmétiques,"JWP6+VQV, Moknine, Tunisie",Moknine,
ALOE PRODUCT,Industrie cosmétique,"Route, Boumerdes 5199, Tunisie",Boumerdes,
Glamour,Magasin de cosmétiques,"MRMR+5HR, Ksibet El Médiouni, Tunisie",Ksibet El Médiouni,
Biotypharma,Magasin de cosmétiques,"QR87+R66, Unnamed Road, Monastir, Tunisie",Monastir,
Nadine Beauty Store,Magasin de cosmétiques,"MRGM+CRJ, Av. Habib bourguiba, Bennane, Tunisie",Bennane,
Gattino,Magasin de cosmétiques,"QRFH+876, Rue de l'Indépendance, Monastir, Tunisie",Monastir,https://www.facebook.com/parfurmerie/
RAYHANA PRO,Magasin de cosmétiques,"QR86+FMP, Monastir, Tunisie",Monastir,
Baby Gros Confort ESPACE MARWEN,Magasin de cosmétiques,"MVC6+29M, Av. Habib bourguiba, Bou hjar 5015, Tunisie",Bou hjar,
Parfumerie VSCO,Magasin de produits de beauté,"Av. Taieb Mhiri, madzara 5100, Tunisie",madzara,
TT SHOP Tunisie Telecom,Magasin d'électronique,"Av. Habib-Bourguiba, Kélibia 8090, Tunisie",Kélibia,https://www.facebook.com/Agence.Kelibia.N1?mibextid=LQQJ4d
Boutique Tunisia-Gsm,Centre commercial,"64P8+VMV, La Chebba, Tunisie",La Chebba,
Tunisie Télécom,Magasin,"143 Av. Louis Braille, Tunis, Tunisie",Tunis,
SM STORE AVENUE H.B MAHDIA,Magasin de téléphonie mobile,"C82, Mahdia, Tunisie",Mahdia,https://smstore.tn/
moby store,Atelier de réparation de téléphones mobiles,"Rue Imam Boukhari, Sousse, Tunisie",Sousse,https://www.facebook.com/MobyStore.sousse/
Tech World Kallel,Atelier de réparation de téléphones mobiles,"طريق, Sfax, Tunisie",Sfax,https://www.techworld.tn/
PRESTIGE PHONE,Magasin d'accessoires pour téléphones mobiles,"Km 7, Rte Teniour, Sfax 3041, Tunisie",Sfax,https://prestige-phone.tn/
zitouna shop hammamet,Magasin d'accessoires pour téléphones mobiles,"Av. Taieb Mhiri, Hammamet 8050, Tunisie",Hammamet,https://web.facebook.com/zitouna.shop/?fref=ts
Ra7-Tech Vente & Réparation GSM,Magasin de téléphonie mobile,"09 Rue de Paris, Ben Arous 2013, Tunisie",Ben Arous,https://ra7tech.tn/
2mi 3abdou store smartphone informatique,Magasin de téléphonie mobile,"Rue habib ayedi Sfax TN 3041, Rue Habib Achour, Sfax, Tunisie",Sfax,http://www.abdoustore.tn/
Mageek Store Apple Authorized Reseller,Magasin d'informatique,"Rue du Lac Huron, Tunis 1053, Tunisie",Tunis,http://www.mageekstore.tn/
Green Store,Magasin de téléphonie mobile,"12 Rue Mongi Bali, Sousse 4059, Tunisie",Sousse,https://instagram.com/green_store_tunisie?igshid=YmMyMTA2M2Y=
Club Jouets jardins de carthage,Magasin de jouets,"Res La perle de Carthage, Avenue Hannibal – Tunis, Tunis, 1000, Tunisie",,https://www.clubjouets.tn/
Club Jouets Djerba,Centre commercial,"Km 2 Djerba, Centre commercial Bourgo Mall - Midoun, Route, 4116, Tunisie",Ouled Amor,https://www.clubjouets.tn/
Rayart Tunisie,Magasin de matériel artistique,"06 Rue Al Jazira, Tunis 1000, Tunisie",Tunis,https://www.rayart.com.tn/
Joaillerie Chokri LAROUS,Bijouterie,"Av. Habib Thameur, Nabeul‎ 8000, Tunisie",Nabeul‎,
DIMA COSMETICA,Fournisseur de produits de beauté,"JXCV+7W4، Cité Snit, Bekalta 5090, Tunisie",Bekalta,
La Reine (Maquillage & parfum),Magasin de cosmétiques,"immeuble Naouar, Route Kairouan, Monastir 5000, Tunisie",Monastir,
Idéal cosmétique,Magasin de cosmétiques,"9WFQ+QCV, Rue Lazaar Abdejjalil, Sidi Alouane, Tunisie",Sidi Alouane,https://www.facebook.com/Ideal-cosmetique-1372832939408978/
haifa london,Magasin de cosmétiques,"QRFH+PR9, Monastir, Tunisie",Monastir,http://haifalondon.tn/
Nour Chic,Magasin de cosmétiques,"JX9W+C9P, Bekalta, Tunisie",Bekalta,
Ste laurene cosmétiques,Magasin de cosmétiques,"JVVQ+W85, Av. Habib bourguiba, Ksar Hellal, Tunisie",Ksar Hellal,
ONA Beauty Center,Institut de beauté,"Résidence de la la Falaise, Monastir 5000, Tunisie",Monastir,
So Cute Beauty,Magasin de cosmétiques,"QRF3+64M, Monastir, Tunisie",Monastir,
Coin Bio Mahdia,Magasin bio,"G353+J25, Av. Habib Bourguiba, Mahdia 5100, Tunisie",Mahdia,
Pharmavie,Magasin de cosmétiques,"JXPC+G9C, Téboulba, Tunisie",Téboulba,
𝙼𝚄𝚂é𝙴 𝙳𝚄 𝚂𝙰𝚅𝙾𝙽,Magasin de cosmétiques,"G33C+XRR, rue Saïda Mannoubia, Mahdia, Tunisie",Mahdia,
Parfumerie Nabil Jemmali,Magasin de cosmétiques,"Cite trabelsia en face biat, Monastir 5000, Tunisie",Monastir,
Eva Beauty Center,Institut de beauté,"Avenue les Marthyres, Imeuble Abbess 2, Monastir, Tunisie",Monastir,https://www.instagram.com/zoubeida_mzali/
SO CUTE | By Mariem & Fatma,Institut de beauté,"C82, Rajis, C82, Rejiche, Tunisie",Rejiche,https://www.facebook.com/socutetn
Assafa Propreté,Magasin de cosmétiques,"près pharmacie HABIBA COUBANI, Av République, Mahdia 5199, Tunisie",Mahdia,
Yara cosmétique,Magasin de cosmétiques,"JWH2+XR2 mosque sidi hmad, Moknine, Tunisie",Moknine,
Para&Cosmo Samah (parfumerie et parapharmacie 96622786),Magasin de cosmétiques,"JXVM+9FQ، طريق الفاضلين, Téboulba, Tunisie",Téboulba,
Cosma pro,Magasin de cosmétiques,"MQCJ+VR7, Menzel Ennour 5022, Tunisie",Menzel Ennour,
Parfumerie Trés'Or,Magasin de cosmétiques,"C292+7Q5, Ksour Essef, Tunisie",Ksour Essef,
Ibtissem Beauty Center,Institut de beauté,"G28V+9QH, Av. Taher Sfar, Hiboun, Tunisie",Hiboun,
Societe NASR,Magasin de jouets,"MV97+P93, Av. Habib bourguiba, Bennane 5025, Tunisie",Bennane,https://www.facebook.com/societenasr/
Hadhood Shop,Centre commercial,"QR74+FPV, Monastir, Tunisie",Monastir,
BIGKAZA Khnis Monstir,Magasin de jouets,"Khniss, Tunisie",Khniss,
Magasin BABY KING,Boutique de cadeaux,"G346+593, Mahdia, Tunisie",Mahdia,
HamzAart,Magasin de modélisme ferroviaire,"Ksar Hellal 5070, Tunisie",Ksar Hellal,
Tapiti Toy Store,Magasin de jouets,"QQCV+FG9, Avenue Ali Bourguiba, route de sousse, Monastir, Tunisie",Monastir,
Pangui,Magasin de jouets,"QQCW+QFM, Monastir, Tunisie",Monastir,
so nice design,Magasin de modélisme,"Ksar Hellal, Tunisie",Ksar Hellal,
"Magasin ""MAGIC""",Magasin,"JVHX+WCG, Moknine, Tunisie",Moknine,
محل بيع الالعاب,Magasin de jouets,"JX9V+MVW, Bekalta, Tunisie",Bekalta,
ecole,Magasin de jouets,"Av. Amor Bayoudh, Téboulba 5080, Tunisie",Téboulba,
Bekalti Jouets Midoun,Magasin de jouets,"Djerba Midoun avenue salah ben youssef Djerba, 4180, Tunisie",Djerba Midun,
BEKALTI JOUETS,Magasin de jouets,"VVF5+9X6, Av. Abdelhamidel Cadhi, Houmt Souk, Tunisie",Houmt Souk,
"Magasin de jeux, jouets et puériculture chez OMMI SISSI en Sfax et Tunis",Magasin de jouets,"Sfax, Tunisie",Sfax,http://ommisissi.com/FR/Groupe.awp
BOJO Tunisie,Magasin de jouets,"Av. Salah Ben youssef, Houmt Souk 4180, Tunisie",Houmt Souk,
Kid Land,Magasin pour enfants,"VV83+JV8, Houmt Souk, Tunisie",Houmt Souk,
BEKALTI MY SHOP,Magasin de jouets,"25 Rue Sakiet Sidi Youssef, Houmt Souk 4180, Tunisie",Houmt Souk,
Dream-store Djerba,Magasin de jouets,"4180 Djerba, Tunisie",Houmt Souk,
STE NEW TOYS,Magasin de gros,"houmt souk djerba, 4180, Tunisie",Houmt Souk,
Librairie La Forêt De Fourniture,Magasin de jouets,"RX6P+RMC, Avenue la liberté, Djerba Midun 4116, Tunisie",Djerba Midun,
Just iphone,Magasin d'accessoires informatiques,"JVPW+JHR, Av. des Martyrs, Moknine, Tunisie",Moknine,
Accessoires Mayssem,Boutique d'accessoires de mode,"JVWF+485, Ksar Hellal, Tunisie",Ksar Hellal,
Octanet,Magasin d'accessoires informatiques,"Av. Habib bourguiba, Téboulba 5080, Tunisie",Téboulba,
..parfumerie morano,Magasin de cosmétiques,"96-116 Av. Mahbouba Soussia, Téboulba, Tunisie",Téboulba,
Zohra beauty center,Institut de beauté,"Rue 1 juin 1955, Monastir 5000, Tunisie",Monastir,
Magasin mokhtar chamkhi,Magasin de cosmétiques,"MV97+HP5, Av. Habib bourguiba, Bou hjar 5015, Tunisie",Bou hjar,
COSMETIC HOUSE,Parfumerie,"JVPW+GV6, Av. Habib bourguiba, Moknine, Tunisie",Moknine,
Espace Bio,Magasin de cosmétiques,"MRGP+472, Bennane, Tunisie",Bennane,
Salon Imen bnk makeup artiste,Institut de beauté,"Imen bnk makeup artiste, Sidi Alouane, Tunisie",Sidi Alouane,https://www.facebook.com/share/18B9d2LKT1/?mibextid=wwXIfr
Fleur des Champs,Boutique de santé et beauté,"QRCC+M4F, Unnamed Road, Monastir, Tunisie",Monastir,http://www.fleurdeschamps.tn/
Espace Nour (بيع مواد تنظيف ومواد تجميل),Magasin de cosmétiques,"نهج شبيل نويرة،, Téboulba, Tunisie",Téboulba,
الغضاب المواد التنضيف,Magasin de cosmétiques,"JVMX+5CH, Moknine, Tunisie",Moknine,
Espace islem,Magasin de cosmétiques,"MVCM+829, Lamta, Tunisie",Lamta,
New Parapharmacie SK,Magasin de cosmétiques,"QR76+MG4, Monastir, Tunisie",Monastir,
AURA Skincare,Institut de beauté,"Av. Hadj Ali Soua, Ksar Hellal 5090, Tunisie",Ksar Hellal,
aswaaq mart,Grossiste de produits de beauté,"Hiboun 5111, Tunisie",Hiboun,
Paraspot,Magasin de cosmétiques,"JWH5+2P3, Moknine, Tunisie",Moknine,
SPO Oriflame Moknine,Entreprise de cosmétique,"JVHX+X9W, Av. des Martyrs, Moknine, Tunisie",Moknine,
boutique be green,Magasin de cosmétiques,"Galerie Belkhir, Av. Habib Bourguiba, Mahdia 5100, Tunisie",Mahdia,
Rania Beauty Lux,Institut de beauté,"G25V+WW7, Av. du 2 Mars 1934, Mahdia, Tunisie",Mahdia,
FATALES Monastir,Parfumerie,"QRCG+R6W, Av. du combattant suprême, Monastir, Tunisie",Monastir,http://www.fatales.tn/
Parfumerie menzel fersi,Magasin de cosmétiques,"HV29+JV8, Menzel Fersi, Tunisie",Menzel Fersi,
Kiss and smile,Magasin de cosmétiques,"QRF2+2CH, Monastir, Tunisie",Monastir,
ha-tek informatique,Service d'e-commerce,"4000, beb behar, Sousse 4000, Tunisie",Sousse,
Société les frères louzir de commerce et distribution alimentation générale,Service d'e-commerce,"MQ7F+3JG, Menzel Ennour, Tunisie",Menzel Ennour,
ijashop Tunisie,Magasin d'électronique,"Cyber parc avenue ibn al jazzar| 5060 Monastir Monastir TN 5060, Monastir, Tunisie",Monastir,http://www.ijashop.com/
allagui services électroniquesالعلاقي للخدمات الإلكترونية,Magasin d'électronique,"13 Rte de la Plage, Hammam Sousse 4011, Tunisie",Hammam Sousse,https://www.allaguielectroniques.com/
electro,Service d'e-commerce,"QRCG+F7H, Monastir, Tunisie",Monastir,
E Cigarette Tunisie,Service d'e-commerce,"FQ3R+QJV, Beni Khiar, Tunisie",Beni Khiar,http://e-cigarette-nabeul.blogspot.com/?m=1
Sociéte Soua De Commerce,Service d'e-commerce,"VH89+X2C à coté de مدرسة الراجحية, Avenue Habib Bourguiba, Akouda 4070, Tunisie",Akouda,
ETABLISSEMMENT EE,Service d'e-commerce,"113 rue taher maarref, Téboulba 5080, Tunisie",Téboulba,
Effi-COM Solutions,Service d'e-commerce,"Av 2 mars, Nabeul, Tunisie",Nabeul,http://www.efficom-solutions.com/
Vidange.tn site de vente en ligne des pièces de rechange automobile origines et adaptables en multimarques,Magasin de pièces automobiles,"bloc A 1er étage, Immeuble centre de vie, Tunis 2060, Tunisie",Tunis,https://vidange.tn/
Télé Achat Tunisna,Centre commercial,"R5P6+282, Rue Caracalla, Tunis, Tunisie",Tunis,
Géant Tunis City,Hypermarché,"Centre commercial Tunis City Ariana, 2032, Tunisie",Cebalat Ben Ammar,https://www.geant.tn/
Para Promo Tunisie la Parapharmacie en ligne,Boutique de santé et beauté,"09 Rue de Sabra, Ariana 2037, Tunisie",Ariana,
transfert tunisie privé,Service de transport et d'accompagnement,"aeroport tunis, Tunis, Tunisie",Tunis,https://wa.me/+21658919130/
Tunisia Mall 2,Centre commercial,"R7WJ+R7F, Tunis 1053, Tunisie",Tunis,https://www.facebook.com/TunisiaMall.page.officielle/
Joliesse Djerba,Magasin de chaussures,"VVH6+QFJ, Houmt Souk, Tunisie",Houmt Souk,https://www.facebook.com/ChaussureJoliesse/
Decathlon Djerba,Magasin d'articles de sports,"route houmt souk km2، 4116, Tunisie",Ouled Amor,http://decathlon.tn/
Patisserie Zallez,Pâtisserie,"16 Av. D'Algerie, Bizerte 7000, Tunisie",Bizerte,
Bergachi meubles,Magasins et centres commerciaux,"6WHF+4J8, P8, Menzel Jemil, Tunisie",Menzel Jemil,
ES.I.B SOFTWARE,Entreprise de logiciels,"40, Av. Farhat Hached, Bizerte 7000, Tunisie",Bizerte,http://www.medwin.tn/
TuniShopping,Magasin,"QRCF+624 cnrps 1123, Monastir 5000, Tunisie",Monastir,
Alarabia Informatique,Magasin d'informatique,"Av. Ali Belhouane, Mahdia, Tunisie",Mahdia,http://www.alarabia.com.tn/
Jumia Houni | Electro Belazreg,Service d'e-commerce,"JVJX+297, Moknine 5050, Tunisie",Moknine,
TheMarchi,Service d'e-commerce,"rue casa blanca, Sidi Alouane 5190, Tunisie",Sidi Alouane,
GSM+,Service d'e-commerce,"9WCQ+H5M, Av. Habib Bourguiba, Sidi Alouane 5190, Tunisie",Sidi Alouane,
Importation-paris France,Centre commercial,"J282+7CP, rue sidi abeddaim, Bekalta, Tunisie",Bekalta,
Boite Communication Trimeche,Commutateur téléphonique,"Rue de Grand Maghreb Arabe Kabir zone 2, Khniss 5011, Tunisie",Khniss,
kombas,Service d'e-commerce,"2eme étage, Immeuble Ouannes, Av. Habib Bourguiba, 5031, Ksibet El Mediouni 5031, Tunisie",Ksibet El Médiouni,https://kombas.net/
Chaouch Service et nègoce,Service d'e-commerce,"21 5070 Rue Mohamed Ali El Hammi, Ksar Hellal 5035, Tunisie",Ksar Hellal,
The SHOP,Service d'e-commerce,"5015, Monastir, Tunisie",Monastir,
Ste Expert Computer Tunisia,Assistance et services informatiques,"Immeuble Borj khefacha Bloc 3 - B 4.11، Avenue de la republique, Monastir 5000, Tunisie",Monastir,
HNBHAStore,Service d'e-commerce,"QR76+PG3, Rue Les Oranges, Maatmeur, Monastir 5012, Tunisie",Monastir,https://pharmacie-aycha-doudeche-admin-side.netlify.app/
Support Oracle EBS -By- Fatma,Magasin,"Cité El Faouz Route Remada C5 C6 n°67 , 5000 Monastir Cité El Faouz Route Remada C5 C6 n°67 , 5000 Monastir Tunis, 5000, Tunisie",Monastir,
InfoCity,Magasin d'accessoires informatiques,"QRC9+C5H, Monastir, Tunisie",Monastir,
Zarzis Home,Magasin d'ameublement et de décoration,"G4X4+W6R, Zarzis, Tunisie",Zarzis,
FLORA Mobili,Magasin de meubles,"41 Av. Habib Bourguiba, Zarzis 4170, Tunisie",Zarzis,
CASASHOP Tunisia,Magasin de meubles,"Tunis 2046, Tunisie",Tunis,https://www.facebook.com/casashoptunisie/
HOME SQUARE,Magasin de meubles,"GP 9 Route de la Marsa Tunis, à coté de l'école américaine Tunis، 2076, Tunisie",,
Loft Square Tunisia,Magasin d'ameublement et de décoration,"Les, Les Local M6 et M7, Résidence L'Horizon, Avenue Jugurtha, Tunis 2045, Tunisie",Tunis,http://loftsquare.tn/
Tuniscount La Soukra,Magasin d'ameublement et de décoration,"Av. de l'UMA, Tunis, Tunisie",Tunis,https://www.tuniscount.com/
Dolce Vita Home Collection,Magasin d'ameublement et de décoration,"SILA RSD LES COUPOLES, 2036, Tunisie",,https://www.facebook.com/DolceVitaLuxuryHomeCollection
Coin de meuble Zarzis,Magasin de meubles,"Zarzis, Tunisie",Zarzis,
Bois Concept,Magasin de meubles,"F3XQ+VWR, Zarzis, Tunisie",Zarzis,https://www.facebook.com/profile.php?id=100054384315932&mibextid=b06tZ0
Mondeco Ezzahra,Magasin de meubles,"Station de bus ""Comptoirs Sfaxiens"", Tunis،, Ez Zahra, Tunisie",Ez Zahra,http://www.mondeco.tn/
MEUBLE HAMIDOU,Magasin d'ameublement et de décoration,"G3CW+WH7, Rue djerba, Zarzis, Tunisie",Zarzis,
Innovation Naima,Magasin de meubles,"BP 22, El May Djerba، 4175, Tunisie",,https://www.innovationnaima.com/
Echrii,Service d'e-commerce,"F4X6+RQ7, Près Collège Madina Zarzis, Rue Canal, Zarzis 4170, Tunisie",Zarzis,
Abonnements tunisie,Agence e-commerce,"Kaied Mohamed, Av. Mohamed Jmal, Sfax 3039, Tunisie",Sfax,
tunisie commerce mondiale,Agence e-commerce,"route d'aéroport km 0.5 sfax sfax, 3000, Tunisie",Sfax,
Jumia Houni | Electro Store,Service d'e-commerce,"Gafsa 2100, Tunisie",Gafsa,
Partagili Packaging Tunisie,Agence de publicité,"Km 6 Rte Gremda, Sfax 3022, Tunisie",Sfax,https://www.partagili.com/
MC STORE,Service d'e-commerce,"Rue 05 mars, Sfax, Tunisie",Sfax,
ILEYCOM,Service d'e-commerce,"63 Rue de La Mecque, Sfax 3000, Tunisie",Sfax,https://ileycom.tn/
Alkirtas *** القرطاس و القلم,Librairie,"Route de la Corniche, Bizerte, Tunisie",Bizerte,http://www.alkirtas.com/
Balcem,Magasin,"6WP7+GVH Ben Miled, Avenue Mahjoub, Menzel Jemil 7080, Tunisie",Menzel Jemil,
HERBALYA NATURAL CARE,Industrie cosmétique,"Bennane, monastir 5025, Tunisie",monastir,https://www.herbalya.tn/
Serma,Magasin de cosmétiques,"MAG 36 COMP KHEFACHA, 5000, Tunisie",Monastir,
Bio Beauty,Institut de beauté,"5100 Rue 02 Mars 1934, Mahdia, Tunisie",Mahdia,
Nagazi de commerce,Magasin de cosmétiques,"Ksar Hellal, Tunisie",Ksar Hellal,
DXN Tunisie Service Center ( Monastir ),Magasin de cosmétiques,"1er étage Bureau n. 102, Imm Debbabi, 103 Rue 18 Janvier, MONASTIR 5000, Tunisie",MONASTIR,https://linktr.ee/dxntunisia
Le centre Fish pédicure,Institut de beauté,"En face du Café de la République Entre le Rond-Point de la Terre et Spring Land, Monastir, Tunisie",Monastir,https://www.instagram.com/fish_pedicure_?igsh=MWVkbHlmaHc1bGx0ag==
الفارس للعطور و العود,Magasin de cosmétiques,"JVMX+832, Av. des Martyrs, Moknine, Tunisie",Moknine,
BonPrix,Magasin de cosmétiques,"QR9Q+WHQ, Av. du Golf Arabe, Monastir, Tunisie",Monastir,
Bramastre,Magasin de cosmétiques,"MQVR+3R9, Unnamed Road, Bembla and Manarah, Tunisie",Bembla and Manarah,
Inchoo,Magasin de cosmétiques,"JXV9+64M, Avenue La Victoire, Téboulba, Tunisie",Téboulba,
La Maitrise,Centre de formation,"Avenue de la république imm jrah 2ème étage, Monastir 5000, Tunisie",Monastir,http://ecolelamaitrise.com/
Fanki perfume,Magasin de cosmétiques,"MRCM+78X, Bennane, Tunisie",Bennane,
Naturadoux,Entreprise de cosmétique,"JVVF+WCH, Ksar Hellal, Tunisie",Ksar Hellal,
Sassi clean,Magasin de cosmétiques,"JVMR+F29, Moknine, Tunisie",Moknine,
Tâche magique chez Khawla,Institut de beauté,"QRF9+MR6, Monastir, Tunisie",Monastir,
Parfumerie Al asli Lil outor mbarek Nesrine,Magasin de cosmétiques,"9WGP+HW7, Av. de la republique, Sidi Alouane, Tunisie",Sidi Alouane,
Avant parfumerie baya,Magasin de cosmétiques,"QR9R+HJ9, Monastir, Tunisie",Monastir,
Spa Étoile de mer,Institut de beauté,"JV4X+PC, Moknine, Tunisie",Moknine,
sisters parfumerie,Parfumerie,"QRCF+969, Av. du combattant suprême, Monastir, Tunisie",Monastir,
Parfumerie Nadia,Parfumerie,"Ksar Hellal 5070, Tunisie",Ksar Hellal,
INGICOM Corporation,Boutique de logiciels,"Hawmat as Suq Djerba Djerba, 4180, Tunisie",Houmt Arbah,https://ingicom-corp.tn/
"STE ARAFCO MONTBLANC, CARTHAGO CERAMIC,MACINTOSH",Magasin d'électronique,"VRFV+HR9, Rue Boumessouer, Houmt Souk, Tunisie",Houmt Souk,
Live Commande,Service d'e-commerce,"Cyber park houmet souk Djerba, 4180, Tunisie",Houmt Souk,
Assil assas,Service d'e-commerce,"44 Rue 20 Mars, Houmt Souk 4180, Tunisie",Houmt Souk,
Jumia Houni - Point Relais Librairie Elwaraka Zarzis,Service d'e-commerce,"Route de Tataouine, km1 zone touristique, Zarzis 4170, Tunisie",Zarzis,
Agence Web Segmalog,Service d'e-commerce,"7 Avenue de l'environnement Cyber Parc Houmt Souk، 4180, Tunisie",Houmt Souk,http://segmalog.com/
MRM Services,Assistance et services informatiques,"Guellala Route Ajim BP 135, Guellala, Tunisie",Guellala,https://www.mrmservicesinfo.com/
HORMIGA,Agence e-commerce,"4100 Rue Ibn Khaldoun, Houmt Souk, Tunisie",Houmt Souk,
FAMEN TN,Agence e-commerce,"Monastir 5000, Tunisie",Monastir,
procreagency web service,Consultant informatique,"QR73+9PG CyberParc, Rue Ibn eljazzar, Monastir 5000, Tunisie",Monastir,
Sf visual solutions,Service de photographie,"Rue 18 janvier, Monastir 5000, Tunisie",Monastir,https://www.instagram.com/sf.visualsolutions
DIGITAL BRANDING-Agence Digital Marketing Tunisie,Service de marketing Internet,"cyber parc avenue ibn al jazzar Monastir, Monastir 5060, Tunisie",Monastir,https://digitalbranding.tn/
Serious Consulting,Consultant informatique,"Avenue El Mourouj, Hiboun 5111, Tunisie",Hiboun,https://www.serious-consulting.com/
Gyzel Tunisie,Magasin de vêtements,"QRCF+C62, Av. du combattant suprême, Monastir, Tunisie",Monastir,
Société Probalnet,Assistance et services informatiques,"Rue Salem Bchi, Monastir 5000, Tunisie",Monastir,https://probalnet.com/
YAHYA TELECOM,Magasin d'informatique,"JXR7+599, 5080 Rue 23 Janvier, Téboulba, Tunisie",Téboulba,https://www.facebook.com/Marketing.Digital.Monastir/
Anazur Shopping en Ligne,Agence e-commerce,"Av. Habib Bourguiba, Ksar Hellal 5070, Tunisie",Ksar Hellal,
Mobelite Labs Monastir,Entreprise de logiciels,"immeuble Errachid, Av. du combattant suprême, Monastir 5000, Tunisie",Monastir,https://www.mobelite.fr/
DarTex,Service d'e-commerce,"MRFJ+9C7, Bennane 5025, Tunisie",Bennane,
Tomobile Store,Magasin d'accessoires automobiles,"13 rue jaoudat al hayat Chotrana1 la soukra, 2036, Tunisie",,https://tomobile.store/
Electro MBH,Magasin d'électroménager,"Av. Farhat Hached, Bizerte, Tunisie",Bizerte,http://electro-mbh.tn/
Innovation Naima,Magasin d'ameublement et de décoration,"Rte Zaim Salah Ben Youssef, Houmt Souk, Tunisie",Houmt Souk,https://www.innovationnaima.com/
Meubles La Coupole,Magasin de meubles,"VV8C+C96, Unnamed Road, Houmt Souk, Tunisie",Houmt Souk,
Décors d'Orient Djerba,Magasin d'ameublement et de décoration,"VV6G+2XP, Houmt Souk, Tunisie",Houmt Souk,https://www.facebook.com/Decors-Dorient-Djerba-DDD-291231737566406/
Meuble Lina Djerba,Magasin de mobilier de jardin,"Km 5, Route, El May 4175, Tunisie",El May,https://meublelina.tn/
Côté Bois,Menuisier,"Km 4 Djerba, Houmet Essouk Route Midoun, Houmt Souk 4180, Tunisie",Houmt Souk,https://cotebois.tn/
la coupole,Magasin d'ameublement et de décoration,"RV3M+7CP, El May, Tunisie",El May,http://www.facebook.com/pg/coupoleelmay/about/?ref=page_internal
Bricola,Magasin de meubles,"Km2, route de zarzis, Houmt Souk 4180, Tunisie",Houmt Souk,http://www.bricola.tn/
Meubles kallel djerba,Magasin d'ameublement et de décoration,"VV6H+2C4, Houmt Souk, Tunisie",Houmt Souk,
MAISON LOUKA DECO,Magasin d'ameublement et de décoration,"RX5W+Q7G, C209, Djerba Midun 4116, Tunisie",Djerba Midun,http://www.maisonlouka.tn/
Meuble Borgi,Magasin d'ameublement et de décoration,"Avenue La liberté, Médenine 4116, Tunisie",Médenine,
Ste ben jemaa maher,Magasin d'ameublement et de décoration,"Djerba Midun, Tunisie",Djerba Midun,https://www.facebook.com/Ste-ben-jemaa-maher-845634485513759/
MINOOTY,Magasin d'ameublement et de décoration,"VV38+RQ2, Houmt Souk, Tunisie",Houmt Souk,
Djerba Meuble / Mac Cuisine,Magasin d'ameublement et de décoration,"VV5H+VJX, Unnamed Road, Houmt Souk, Tunisie",Houmt Souk,
High déco,Magasin de meubles,"R274+G9W, C209, Djerba Midun, Tunisie",Djerba Midun,https://www.facebook.com/djerbahighdeco?mibextid=ZbWKwL
Meuble Antalya,Magasin d'ameublement et de décoration,"VV5J+FQ9, Houmt Souk, Tunisie",Houmt Souk,
Espace SELIM,Magasin d'ameublement et de décoration,"VRGX+784, Houmt Souk, Tunisie",Houmt Souk,
Meuble jaafar+,Magasin de meubles,"QWW3+P2X, Houmt Souk, Tunisie",Houmt Souk,https://www.facebook.com/share/18UpopogbN/
Antiquité Ben Ghorbal,Magasin d'antiquités,"VVG5+P78, Houmt Souk, Tunisie",Houmt Souk,https://www.mosaicnorthafrica.com/antiquite-tunisian-antiques-haven/
أثاث مستعمل,Magasin de meubles d'occasion,"VVC3+384, Houmt Souk, Tunisie",Houmt Souk,
Jiji nails & lashes,Salon de manucure,"QR8H+X9G, Monastir, Tunisie",Monastir,
أميرة العطور,Magasin de cosmétiques,"CX8X+H86, Ksour Essef, Tunisie",Ksour Essef,
ELLES Beauty Clinic,Institut de beauté,"QRH9+RFQ la falaise, Monastir, Tunisie",Monastir,
Baya Shop,Magasin de cosmétiques,"QR9Q+WHQ, Av. du Golf Arabe, Monastir, Tunisie",Monastir,
Mia amore beauty,Institut de beauté,"QRFG+5X7, Monastir, Tunisie",Monastir,
Sarah beauty center,Salon de manucure,"QRGG+42J, Rue de Libya, Monastir, Tunisie",Monastir,
Tayma Beauty,Institut de beauté,"QR94+JFQ, Monastir, Tunisie",Monastir,
Rim.makeup artist,Institut de beauté,"5000, Monastir 5000, Tunisie",Monastir,https://www.instagram.com/rim_makeup_artiste/profilecard/?igsh=MTd6ZjJvdGU2czE3dQ==
Espace aya,Magasin de cosmétiques,"MQVR+3R9, Bembla and Manarah, Tunisie",Bembla and Manarah,
boutique kawther,Magasin de cosmétiques,"Rue Ibn Rochd, Menzel Fersi 5024, Tunisie",Menzel Fersi,
Esthéticienne Yosra,Salon de manucure,"G347+6R9, Av. 14 Janvier, Mahdia, Tunisie",Mahdia,
Centre Beauté Zen,Salon de coiffure,"Rue des Andalous, Mahdia 5100, Tunisie",Mahdia,https://www.facebook.com/beautezenissra?mibextid=LQQJ4d
حانوت الهادي النوري,Magasin de cosmétiques,"8VXH+C7, Oued Beja Nord, Tunisie",Oued Beja Nord,
VIP Beauty Center,Institut de beauté,"Av. Hadj Ali Soua, Ksar Hellal 5070, Tunisie",Ksar Hellal,
Etr echam Moknine (عطر الشام مكنين),Magasin de cosmétiques,"JWH7+Q45, Av. Habib bourguiba, Moknine, Tunisie",Moknine,
مركز صفاء كرشود للعلاج الطبيعي وتقويم الأعضاء,Institut de beauté,"قرب المعتمدية المك, عمارة مصطفى الطابق الأول مكتب عدد 2, Moknine 5050, Tunisie",Moknine,
Meriem Fashion,Boutique de robes,"Rue Habib Thamer, Ksar Hellal 5070, Tunisie",Ksar Hellal,
Coconing Monastir,Institut de beauté,"Borj Khfecha, Skanes Meubles, Monastir 5000, Tunisie",Monastir,http://facebook.com/coconing.monastir
Yassmina beauty,Salon de manucure,"QRG2+88M, Monastir, Tunisie",Monastir,
Sahar shopping,Magasin de cosmétiques,"hnacher, Beni Hassen 5014, Tunisie",Beni Hassen,
Electro KMS OOREDOO (vente téléphones et accessoires),Magasin de téléphonie mobile,"RX5V+J6V, Djerba Midun, Tunisie",Djerba Midun,
Boutique houri phone,Magasin de téléphonie mobile,"VVG5+WG4, Rue mohamed ferjeni, 35 4180 Rue mohamed ferjeni 35 4180, Houmt Souk 4180, Tunisie",Houmt Souk,https://www.houriphone.store/
Lotophone,Magasin d'accessoires informatiques,"RX5R+Q46, Djerba Midun, Tunisie",Djerba Midun,https://www.instagram.com/lotophone_?igsh=M3RvN3duOW9taTRn&utm_source=qr
Media7 Store,Magasin d'informatique,"Rue Ibn Khaldoun, Houmt Souk 4180, Tunisie",Houmt Souk,https://www.media7store.com/
SaifPro Ooredoo Hessi Jerbi,Magasin de téléphonie mobile,"Zarzis 4174, Tunisie",Zarzis,
DjoTech,Magasin d'accessoires informatiques,"Av. Salah Ben youssef, Houmt Souk 4180, Tunisie",Houmt Souk,
Sacetbagage,Service d'e-commerce,"Résidence Ines Bloc B, Centre Urbain Nord Tunis، centre urbain tunis 1082, Tunisie",centre urbain tunis,
Meubles Barhoumi,Magasin de meubles,"Route bizerte, Farwa, Tunisie",Farwa,
Chic Home,Magasin d'ameublement et de décoration,"Rue du Caire, Ras Jebel 7070, Tunisie",Ras Jebel,http://www.chichome.tn/
Shay’ma chic,Accessoires mobiliers,"Ras Jebel 7070, Tunisie",Ras Jebel,https://www.facebook.com/share/14XuHVZEF6P/?mibextid=wwXIfr
Meubles Anene,Magasin de meubles,"22 Rue Habib Thameur, Bizerte 7000, Tunisie",Bizerte,https://meubleanene.com/
OUERTANI MEUBLES,Magasin d'ameublement et de décoration,"4QWQ+QMQ, Menzel Bourguiba, Tunisie",Menzel Bourguiba,
Idees d'ailleurs,Magasin de meubles,"Route de la Corniche, Bizerte 7000, Tunisie",Bizerte,
Meubles Dachraoui,Magasin d'ameublement et de décoration,"Bizerte, Tunisie",Bizerte,
فضاء شراء و بيع الأثاث المستعمل meubles occasion,Magasin de meubles,"7VG7+PM3, Bizerte, Tunisie",Bizerte,
Ozalis Meuble,Magasin de meubles,"5246+58V, El Alia, Tunisie",El Alia,
Brocante Ras Jbel,Magasin de meubles,"belhouwen, Rue ali, Ras Jebel 7070, Tunisie",Ras Jebel,https://m.facebook.com/profile.php?id=100064928760071&name=xhp_nt__fb__action__open_user&locale2=fr_FR
Uranus Deco,Tapissier décorateur,"Menzel Abderrahmane 7035, Tunisie",Menzel Abderrahmane,
Royal tap design,Tapissier décorateur,"Ras Jebel 7070, Tunisie",Ras Jebel,
CUISINA_BIZERTE,Magasin de meubles,"Route de la Corniche, Bizerte 7000, Tunisie",Bizerte,
espritdar,Cuisiniste,"016 rue annaba, Bizerte 7000, Tunisie",Bizerte,https://www.espritdar.com/
Opéra Meubles,Magasin de meubles,"646F+635, Ras Jebel, Tunisie",Ras Jebel,
Omezine maison moto,Magasin de meubles,"43PV+WJ7, Rue De L’Environnement, Aousaja, Tunisie",Aousaja,
Deco cuisine ras jbel,Magasin de meubles,"647F+W7P, Av. Habib Bourguiba, Ras Jebel, Tunisie",Ras Jebel,
Sté Ideal Meubles,Magasin de meubles,"64C6+CCP, Ras Jebel, Tunisie",Ras Jebel,
D&ARTbenzart Rafa,Magasin de meubles,"7VH4+J6M, Bizerte, Tunisie",Bizerte,
MEUBLATEX,Magasin de meubles,"5Q2V+5XQ, blvd Saadi Carnot, Menzel Bourguiba, Tunisie",Menzel Bourguiba,http://www.meublatex.com/
Tapisserie décoration couture (Zamouri),Tapissier décorateur,"317, RN8, Menzel Jemil, Tunisie",Menzel Jemil,https://www.facebook.com/chez.mohamed.et.safa/
Deco Mariem,Magasin de literie,"22 Rue Bourguiba, 19 Rue D'Algérie, Bizerte 7000, Tunisie",Bizerte,
Bizerte Meuble,Magasin d'ameublement et de décoration,"7V2H+29P, Menzel Abderrahmane, Tunisie",Menzel Abderrahmane,
Meuble horizon,Magasin de meubles,"6WV6+4QC, Menzel Jemil, Tunisie",Menzel Jemil,
Occaz’,Magasin de meubles,"7VW8+JG8, Bizerte, Tunisie",Bizerte,
La cuisine,Magasin de meubles de cuisine,"7000, Bizerte 7053, Tunisie",Bizerte,
Meublatex,Magasin d'ameublement et de décoration,"7VC9+5WX, Bizerte, Tunisie",Bizerte,https://www.meublatex.com/contact/
Société Tunisienne De Decoration,Siège social,"Bou Chekara, Tunisie",Bou Chekara,
La Marque,Magasin d'ameublement et de décoration,"P8, Tunisie",,
Lina cuisine,Magasin d'ameublement et de décoration,"644H+J4G, Bd de L'Environnement, Ras Jebel 7070, Tunisie",Ras Jebel,
Meuble anoir ben Mustapha,Magasin de meubles,"3459+4J7, Kalâat el-Andalous, Tunisie",Kalâat el-Andalous,
Ste Meuble & decor ABBASSI,Magasin d'ameublement et de décoration,"4QQH+7CF، طريق شلاغمية ماطور, Menzel Bourguiba, Tunisie",Menzel Bourguiba,
Tunisie Meubles,Magasin d'ameublement et de décoration,"10 Rue Bourguiba, Bizerte, Tunisie",Bizerte,
Meubles mouelhi,Tapissier décorateur,"7VV8+5H2، Rue Khalil Fouchali, Bizerte, Tunisie",Bizerte,
Royal meuble,Magasin de meubles,"Rue Nechma, Ras Jebel, Tunisie",Ras Jebel,
Moncoin Bizerte,Magasin de meubles,"7R5H+RXH, Bizerte, rue, Menzel Bourguiba, Tunisie",Menzel Bourguiba,
Meuble adem,Fournisseur de meubles encastrables,"7R6P+9R3, Bizerte, Tunisie",Bizerte,
Permaflex Bizerte Hessan Nouri,Magasin de literie,"Ave Hassen Nouri, Bizerte, Tunisie",Bizerte,
Espace El Medina,Magasin de meubles,"528J+P8F, Avenue Farhat Hached, El Alia, Tunisie",El Alia,
DH délivery hassen,Livraison de repas à domicile,"7VH6+PJF, Bizerte, Tunisie",Bizerte,
atef delivery,Livraison de repas à domicile,"7000, Bizerte 7000, Tunisie",Bizerte,http://deliveryatef.com/
Lakoud delivery express,Livraison de repas à domicile,"Bizerte, Tunisie",Bizerte,
PIZZA AL TAGLIO,Pizzeria,"Menzel Bourguiba, Tunisie",Menzel Bourguiba,
Dawar chat,Livraison de repas à domicile,"5Q5F+7XM, Menzel Bourguiba, Tunisie",Menzel Bourguiba,
X-food resto,Pizzeria,"56Q5+PHC, Rafraf, Tunisie",Rafraf,https://www.facebook.com/profile.php?id=100057714918007
Patty’s,Restaurant de hamburgers,"Route de la Corniche, Bizerte, Tunisie",Bizerte,http://pattystunisie.com/
Di Napoli Corniche,Pizzeria,"Rue de Corniche, Bizerte 7000, Tunisie",Bizerte,
Pizza Del Bosco,Livraison de pizzas,"kayas jdid, La Corniche، Bizerte 7000, Tunisie",Bizerte,
Mamy Hodhod,Traiteur,"64CM+R6V, Ras Jebel, Tunisie",Ras Jebel,
Pop’N,Restauration rapide,"Rue Jules Ferry, Bizerte 7000, Tunisie",Bizerte,
CLICKBOX,Restaurant,"Assia Kandara, cité la santé, Bizerte, Tunisie",Bizerte,
Aroubi,Pizzeria,"4QXR+H39, Menzel Bourguiba, Tunisie",Menzel Bourguiba,http://www.aroubipizza.online/
Calimero Pizzaria,Pizzeria,"7V9C+XF9, Rue Moncef Bey, Bizerte, Tunisie",Bizerte,
Triple one 111,Pizzeria,"63W9+JFG, Bd 9 Avril 1938, Metline 1722, Tunisie",Metline,https://www.instagram.com/triploeone111?igsh=MWJlcWFkbmJwczNhcA==
Pizzaria Hlel,Pizzeria,"7V8G+997, Unnamed Road, Zarzouna, Tunisie",Zarzouna,
Pizza Hot,Pizzeria,"8VJ7+2VQ, Bizerte, Tunisie",Bizerte,
galaxy store,Magasin d'accessoires informatiques,"centre, Rafraf 7015, Tunisie",Rafraf,
Bizerte Store,Magasin d'informatique,"142 rue othmane allouche, Bizerte 7000, Tunisie",Bizerte,http://www.bizerte-store.com/
StarMedia Shop,Magasin de téléphonie mobile,"88 Av. Habib Bourguiba, Bizerte 7000, Tunisie",Bizerte,http://starmedia-tn.com/
Laabidi Store,Atelier de réparation de téléphones mobiles,"à coté du cinéma Majestic, rue tripoli, Beb Errmal, Bizerte 7000, Tunisie",Bizerte,
Doctor Phone Bizerte,Magasin de téléphonie mobile,"Gouvernorat de, Av. Farhat Hached, Bizerte 7000, Tunisie",Bizerte,
Sosmart.tn,Magasin d'informatique,"rue 18 janvier, Menzel Jemil 7080, Tunisie",Menzel Jemil,http://sosmart.tn/
DERBEL CONCEPT,Magasin de meubles,"VV38+RQ2, Houmt Souk, Tunisie",Houmt Souk,
Etna atelier,Magasin de meubles,"Boumallel a coter café zitouna, Houmt Souk 4180, Tunisie",Houmt Souk,
Meublatex Houmt Souk,Magasin de meubles,"VV76+R84, Unnamed Road, Houmt Souk, Tunisie",Houmt Souk,
MEUBLE BEN JEMAA,Magasin de meubles,"Houmt Souk 4180, Tunisie",Houmt Souk,https://www.facebook.com/share/1FwBdpYPHP/
My Kitchen Djerba,Cuisiniste,"KM1 Route, El May 4175, Tunisie",El May,
AROUA MEUBLES,Magasin de mobilier de bureau d'occasion,"VVG4+VMV, Houmt Souk, Tunisie",Houmt Souk,
Stanliver Djerba,Magasin de meubles,"Route El May, Km 2, Houmet Souk, Djerba Djerba, Tunisie",El May,http://www.stanliver.com/
Société NAF Équipements,Magasin de matériel de cuisine,"Djerba Tunisie, Rue De Houmt Souk, Fatou, Tunisie",Fatou,https://www.facebook.com/share/1CHokvTAXa/?mibextid=wwXIfr
Innovative Design,Cuisiniste,"RV3P+2PR, El May 4175, Tunisie",El May,
Fatou,Magasin de meubles,"VV8P+WX5, Fatou, Tunisie",Fatou,
Güzel déco,Fabricant de meubles,"Route Du Phare, Djerba Midun 4116, Tunisie",Djerba Midun,https://www.facebook.com/GuzelDeco1
Kitchen Art & Design,Cuisiniste,"rue des agrummes, Houmt Souk 4180, Tunisie",Houmt Souk,
Inova Cuisine Djerba,Magasin de meubles de cuisine,"Station Ecole de, Tlet, Tunisie",Tlet,https://inova-cuisine.com/
Rhibi Store Anoir 2025,Accessoires mobiliers,"RX5X+W2R, C209, Djerba Midun, Tunisie",Djerba Midun,
Meuble El Baraka أثاث البركة,Magasin d'ameublement et de décoration,"59 Avenue Mohamed Badra, Houmt Souk 4180, Tunisie",Houmt Souk,
Concepta Design,Magasin de meubles,"1ére étage، Rue D'Istanbul, Bizerte 7000, Tunisie",Bizerte,https://conceptadesign69.wixsite.com/monsite
