id,type,shortCode,caption,hashtags,mentions,url,commentsCount,firstComment,latestComments,dimensionsHeight,dimensionsWidth,displayUrl,images,alt,likesCount,timestamp,childPosts,ownerFullName,ownerUsername,ownerId,isCommentsDisabled,inputUrl,originalHeight,originalWidth,productType,locationName,locationId,taggedUsers,videoUrl,videoViewCount,audioUrl,videoDuration,musicInfo,videoPlayCount,coauthorProducers,isPinned
3448117164551874223,Image,C_aLErRCqav,"⭐️⭐️ Notre réalisation ⭐️⭐️ :
Site web pour notre client 🎖 W-it 🎖
Veuillez consulter nos projets réalisés sur notre site web: 
🌐 www.24-7digital.com.tn
24-7 Digital Design est votre meilleur partenaire pour réaliser votre: 
✅ Site Web. 
✅ Application Web & Mobile
✅ Branding , logo et Charte graphique. 
✅ Conception de vos supports de communication. 
✅ Gestion de vos réseaux sociaux. 
✅ Modélisation 3D et rendu réaliste de vos produits. 
✅ Packaging design.
Pour toute étude personnalisée, veuillez contacter nos experts au : 
Mobile + whatsapp : +216 96 357 457 
Facebook : www.facebook.com/24.7.digital.design.tunisie 
instagram : www.instagram.com/247digitaldesign/ 
Linkedin : www.linkedin.com/company/11547031/
#Webdesign #siteweb #logo #chartegraphique #graphicdesign #smo #conception3d #packaging #branding #sitevitrine #ecommerce","['Webdesign', 'siteweb', 'logo', 'chartegraphique', 'graphicdesign', 'smo', 'conception3d', 'packaging', 'branding', 'sitevitrine', 'ecommerce']",[],https://www.instagram.com/p/C_aLErRCqav/,0,,[],720,1080,https://scontent-iad6-1.cdninstagram.com/v/t39.30808-6/491643302_1224773716321029_8923000130537908513_n.jpg?stp=dst-jpg_e35_s1080x1080_sh2.08_tt6&_nc_ht=scontent-iad6-1.cdninstagram.com&_nc_cat=109&_nc_oc=Q6cZ2gE5VHAx9SXCCHRmQ0MoR2QwUL2IpxC3fBnFBHok_UK2FICNroc9Hhn7q05DRdX_Bb3gQfec2qvfAZBsNI8Vjdy6&_nc_ohc=CUdje_I6kDcQ7kNvwF0AeI2&_nc_gid=xH2hGj-Uoam1CvVcb_hN8A&edm=ADp7STQAAAAA&ccb=7-5&oh=00_AQB82D17JTe-MYoCsNtxwZygeeE8d9-GWTSZaZAqP6NgpQ&oe=6A5E84E5&_nc_sid=c6f216,[],"Photo by 24-7digital design on September 02, 2024.",2,2024-09-02T09:00:20.000Z,[],24-7digital design,247digitaldesign,9774715009,False,https://www.instagram.com/247digitaldesign/,1366,2048,feed,,,,,,,,,,,
3455364944271378719,Image,C_z7BwIogkf,"⭐️⭐️ Notre réalisation ⭐️⭐️ :
Carte de visite pour notre client 🎖 MEETING 🎖
Veuillez consulter nos projets réalisés sur notre site web:
🌐 www.24-7digital.com.tn
24-7 Digital Design est votre meilleur partenaire pour réaliser votre:
✅ Site Web.
✅ Application Web & Mobile
✅ Branding , logo et Charte graphique.
✅ Conception de vos supports de communication.
✅ Gestion de vos réseaux sociaux.
✅ Modélisation 3D et rendu réaliste de vos produits.
✅ Packaging design.
Pour toute étude personnalisée, veuillez contacter nos experts au :
Mobile + whatsapp : +216 96 357 457
Facebook : www.facebook.com/24.7.digital.design.tunisie
instagram : www.instagram.com/247digitaldesign/
Linkedin : www.linkedin.com/company/11547031/
#Webdesign #siteweb #logo #chartegraphique #graphicdesign #smo #conception3d #packaging #branding #sitevitrine #ecommerce Voir moins","['Webdesign', 'siteweb', 'logo', 'chartegraphique', 'graphicdesign', 'smo', 'conception3d', 'packaging', 'branding', 'sitevitrine', 'ecommerce']",[],https://www.instagram.com/p/C_z7BwIogkf/,0,,[],810,1080,https://scontent-lga3-3.cdninstagram.com/v/t39.30808-6/492037144_1224950906303310_3755509236341059204_n.jpg?stp=dst-jpg_e35_s1080x1080_sh2.08_tt6&_nc_ht=scontent-lga3-3.cdninstagram.com&_nc_cat=106&_nc_oc=Q6cZ2gEJxyZjLQ1-IWr35nAxoDFVE0RIyaw8VmlqjUzk3xDJT73jg8tOiHU7xEUxh-A59bqGy1jQdj4TMrxVRMxWayQt&_nc_ohc=CGZtDCz8pyUQ7kNvwHgrivd&_nc_gid=2q8gRM7dG92eBzkhGLNqLQ&edm=ADp7STQAAAAA&ccb=7-5&oh=00_AQBJ9smGPfpgzDh2p9d9NWbtf8kMqNIAIJHfMByPzczQTw&oe=6A5E6FED&_nc_sid=c6f216,[],"Photo by 24-7digital design on September 12, 2024.",0,2024-09-12T09:00:22.000Z,[],24-7digital design,247digitaldesign,9774715009,False,https://www.instagram.com/247digitaldesign/,1536,2048,feed,,,,,,,,,,,
3460438407970305456,Image,DAF8mXaMDWw,"⭐️⭐️ Notre réalisation ⭐️⭐️ :
Conception 3D Table TV
Veuillez consulter nos projets réalisés sur notre site web:
🌐 www.24-7digital.com.tn
24-7 Digital Design est votre meilleur partenaire pour réaliser votre:
✅ Site Web.
✅ Application Web & Mobile
✅ Branding , logo et Charte graphique.
✅ Conception de vos supports de communication.
✅ Gestion de vos réseaux sociaux.
✅ Modélisation 3D et rendu réaliste de vos produits.
✅ Packaging design.
Pour toute étude personnalisée, veuillez contacter nos experts au :
Mobile + whatsapp : +216 96 357 457
Facebook : www.facebook.com/24.7.digital.design.tunisie
instagram : www.instagram.com/247digitaldesign/
Linkedin : www.linkedin.com/company/11547031/
#Webdesign #siteweb #logo #chartegraphique #graphicdesign #smo #conception3d #packaging #branding #sitevitrine #ecommerce Voir moins","['Webdesign', 'siteweb', 'logo', 'chartegraphique', 'graphicdesign', 'smo', 'conception3d', 'packaging', 'branding', 'sitevitrine', 'ecommerce']",[],https://www.instagram.com/p/DAF8mXaMDWw/,0,,[],720,1080,https://scontent-mia3-2.cdninstagram.com/v/t39.30808-6/491086548_1224953922969675_185800243756746342_n.jpg?stp=dst-jpg_e35_s1080x1080_sh2.08_tt6&_nc_ht=scontent-mia3-2.cdninstagram.com&_nc_cat=103&_nc_oc=Q6cZ2gE6bacVcRbagJwd04FmCQtUZeJsgD0gLER-XLacynGUIeSIXpEeHKDOy3BZH0wWqtNRFhs48vXH6E8qGyPyqCJQ&_nc_ohc=rznPoVgYuugQ7kNvwHoaE8M&_nc_gid=wLpF1nj-JUqgrR7bni7eyg&edm=ADp7STQAAAAA&ccb=7-5&oh=00_AQDdGz_W-8mTKQG4dPy0fwvr4-fmBXBqJ_uUtzmDUY1dHQ&oe=6A5E7EDE&_nc_sid=c6f216,[],"Photo by 24-7digital design on September 19, 2024.",0,2024-09-19T09:00:26.000Z,[],24-7digital design,247digitaldesign,9774715009,False,https://www.instagram.com/247digitaldesign/,1366,2048,feed,,,,,,,,,,,
3535449679505777313,Image,DEQcMB8NeKh,"✨ Toute l'équipe de 24-7 Digital Design vous souhaite une excellente année 2025 ! ✨

Que cette nouvelle année soit remplie de réussite, de bonheur et de sérénité.
Merci pour votre confiance tout au long de l'année passée. Nous sommes impatients de continuer à vous accompagner dans vos projets en 2025. 

Bonne Année 2025 et Meilleurs Vœux à tous ! 🎉",[],[],https://www.instagram.com/p/DEQcMB8NeKh/,0,,[],642,640,https://instagram.fabe1-1.fna.fbcdn.net/v/t39.30808-6/493192329_1232579375540463_1620539727259467386_n.jpg?stp=dst-jpg_e15_tt6&_nc_ht=instagram.fabe1-1.fna.fbcdn.net&_nc_cat=103&_nc_oc=Q6cZ2gGAik62-8WjULZmpHxzv2FfkqqgDaEh9SVCYi29nUsNXiYs4QTv_7v6VUtf0z6CyXc&_nc_ohc=FRifvmp7dQIQ7kNvwHK9L97&_nc_gid=-d5HN04OZ4DV37itSGUdNg&edm=ADp7STQAAAAA&ccb=7-5&oh=00_AQBCA4CXFCEN5BGOzW0ORHzRE3MmAd70ASTKWL62fSIpoQ&oe=6A5E8FFF&_nc_sid=c6f216,[],"Photo by 24-7digital design on December 31, 2024.",0,2024-12-31T20:54:26.000Z,[],24-7digital design,247digitaldesign,9774715009,False,https://www.instagram.com/247digitaldesign/,536,534,feed,,,,,,,,,,,
2205692158705466312,Image,B6cMVUDgPvI,"C'est le temps de booster votre visibilité et promouvoir votre image sur les réseaux sociaux ⚡️
Digital marketing Tunisia  est votre partenaire de succès pour vous garantir une présence sur le web et développer votre activité
✅Confiez-nous la gestion de vos comptes sociaux .Obtenir votre devis gratuitement
📩contact@digimarket.tn
#ThinkBetter
#DigitalMarketing","['ThinkBetter', 'DigitalMarketing']",[],https://www.instagram.com/p/B6cMVUDgPvI/,0,,[],564,1080,https://scontent-lga3-3.cdninstagram.com/v/t51.82787-15/619440643_18107928289675652_8525843142739359600_n.jpg?stp=dst-jpg_e15_tt6&_nc_ht=scontent-lga3-3.cdninstagram.com&_nc_cat=108&_nc_oc=Q6cZ2gE0aFAXa_iT7FRD-9FCnvoz7GxiOVZwXemenYKRp6tc3X21DcukJhVLl_DvGuBpjic&_nc_ohc=rDpTbsJI6Z8Q7kNvwHwtbQY&_nc_gid=EPSaVaQtyTUPAmCObfe8zQ&edm=ADp7STQBAAAA&ccb=7-5&oh=00_AQCCeUQBMCnznqjpFZ46wkX7yikGse5qUdYtMxNdb-vtTw&oe=6A5E81F1&_nc_sid=c6f216,[],"Photo by DIGITAL MARKETING TUNISIA on December 23, 2019.",3,2019-12-24T03:43:36.000Z,[],DIGITAL MARKETING TUNISIA,digital_marketing_tunisia,24896180662,False,https://www.instagram.com/digital_marketing_tunisia/,521,996,feed,,,,,,,,,,,
3449566733718257166,Image,C_fUqrwR_4O,"⭐️⭐️ Notre réalisation ⭐️⭐️ :
Conception 3D Borne Tactile pour notre client 🎖 WINCOM 🎖
Veuillez consulter nos projets réalisés sur notre site web:
🌐 www.24-7digital.com.tn
24-7 Digital Design est votre meilleur partenaire pour réaliser votre:
✅ Site Web.
✅ Application Web & Mobile
✅ Branding , logo et Charte graphique.
✅ Conception de vos supports de communication.
✅ Gestion de vos réseaux sociaux.
✅ Modélisation 3D et rendu réaliste de vos produits.
✅ Packaging design.
Pour toute étude personnalisée, veuillez contacter nos experts au :
Mobile + whatsapp : +216 96 357 457
Facebook : www.facebook.com/24.7.digital.design.tunisie
instagram : www.instagram.com/247digitaldesign/
Linkedin : www.linkedin.com/company/11547031/
#Webdesign #siteweb #logo #chartegraphique #graphicdesign #smo #conception3d #packaging #branding #sitevitrine #ecommerce Voir moins","['Webdesign', 'siteweb', 'logo', 'chartegraphique', 'graphicdesign', 'smo', 'conception3d', 'packaging', 'branding', 'sitevitrine', 'ecommerce']",[],https://www.instagram.com/p/C_fUqrwR_4O/,0,,[],607,1080,https://scontent-lax3-2.cdninstagram.com/v/t39.30808-6/490747502_1224950679636666_620152612303462307_n.jpg?stp=dst-jpg_e35_s1080x1080_sh2.08_tt6&_nc_ht=scontent-lax3-2.cdninstagram.com&_nc_cat=106&_nc_oc=Q6cZ2gGzIKlUkRsp7h4N3aWlj6B-r8lWtbzbx-KcjrYAtLF8BzBCPpBWODqQS0BkzzkNp2CMGmXa0KjE0K4tQfNg5mvW&_nc_ohc=oc70cdw1Gw8Q7kNvwG8VhML&_nc_gid=TcaXhxtv8PHBZin4sWoU0g&edm=ADp7STQAAAAA&ccb=7-5&oh=00_AQBrMZJunvIibVM-hP0DiBiK71LhMqTPe_hJt-7LtBARxA&oe=6A5E6C33&_nc_sid=c6f216,[],"Photo by 24-7digital design on September 04, 2024.",2,2024-09-04T09:00:21.000Z,[],24-7digital design,247digitaldesign,9774715009,False,https://www.instagram.com/247digitaldesign/,1152,2048,feed,,,,,,,,,,,
3276386187453010318,Image,C14D-DiIhGO,"🌟 Tout ce dont vous avez besoin, c'est d'un élan créatif ! 🚀 Chez ACM Marketing, nous sommes là pour donner vie à vos idées et transformer votre présence en ligne. Prêts à créer ensemble ? 💡✨ 

📞 73 367 402
💻 www.acm-marketing.tn
✉️ contact@acm-marketing.com
📌 Avenue yasser arafet sahloul, Sousse, Tunisia

#acmmarketing #Créativité #InnovationDigitale #RéussiteEnLigne #InnovationDigitale #Design #Visibilité #CroissanceDesAffaires #CréationDeSiteWeb #SiteWeb #PrésenceEnLigne #marketing #marketingtips #marketingtips #marketingagency #marketingonline #marketingdigital #marketingdigital #marketingstrategy #marketingstrategy #marketingstrategies #MarketingSuccess #marketingstrategies #marketingdigitalbrasil #digital #digital #digitalart #digitalartist","['acmmarketing', 'Créativité', 'InnovationDigitale', 'RéussiteEnLigne', 'Design', 'Visibilité', 'CroissanceDesAffaires', 'CréationDeSiteWeb', 'SiteWeb', 'PrésenceEnLigne', 'marketing', 'marketingtips', 'marketingagency', 'marketingonline', 'marketingdigital', 'marketingstrategy', 'marketingstrategies', 'MarketingSuccess', 'marketingdigitalbrasil', 'digital', 'digitalart', 'digitalartist']",[],https://www.instagram.com/p/C14D-DiIhGO/,0,,[],1080,1080,https://scontent-ord5-2.cdninstagram.com/v/t39.30808-6/490663688_1279288730381018_7693675050416858419_n.jpg?stp=dst-jpg_e15_fr_s1080x1080_tt6&_nc_ht=scontent-ord5-2.cdninstagram.com&_nc_cat=102&_nc_oc=Q6cZ2gF6uDry0anpnx21ydnYcdlEftgiv-qazFXkRsPhO9Efq_BU7zFKB4xU7pkncAkTWuBMjSBLKnqSU1XcFzk4ulk_&_nc_ohc=nffKLmI8rx8Q7kNvwGvfu6m&_nc_gid=Gdr6eYwoDAQnh6s-Mr60VQ&edm=ADp7STQAAAAA&ccb=7-5&oh=00_AQAccLAYFQf_X97etUYvcsMXyvPoIQIe0Gfr-66Hczl_EQ&oe=6A5E7B28&_nc_sid=c6f216,[],"Photo by ACM Marketing Tunisie on January 09, 2024.",1,2024-01-09T10:21:32.000Z,[],ACM Marketing Tunisie,acm.marketing.tn,4451580919,False,https://www.instagram.com/acm.marketing.tn/,1080,1080,feed,Sahloul,106377021175479,,,,,,,,,
2239312611157824470,Image,B8TovSZHVPW,"INTERNATIONAL COACH START-UP Une société de développement informatique (web, application mobile  et logiciel sur mesure ) recrute

Agent commercial motivé 
Le rôle de chaque commerciale sera: - Nous aider à obtenir des projets dans tous les pays. - Promouvoir la vente des produits et des services de la société.

Note : **C'est une opportunité basée sur la commission de la valeur du projet.  Si vous êtes un bon vendeur, cette offre sera votre meilleure opportunité.

Les clients cibles sont les sociétés de commerces, les boutiques, les PME, Grande entreprise , les Start-up en générale.

Comment postuler :
Envoyez votre demande par email à contact@icstartup.net , en décrivant votre compétence et expérience en tant que commercial.

Ville : Béja Tunisie 
Nom / Entreprise : INTERNATIONAL COACH START-UP
Email : contact@icstartup.net 
Adresse : Rue 18 janvier Béja Tunisie 9000",[],[],https://www.instagram.com/p/B8TovSZHVPW/,0,,[],686,1080,https://scontent-iad3-2.cdninstagram.com/v/t51.82787-15/634351986_18380502487081167_2010479393131571443_n.jpg?stp=dst-jpg_e15_fr_s1080x1080_tt6&_nc_ht=scontent-iad3-2.cdninstagram.com&_nc_cat=103&_nc_oc=Q6cZ2gEOG37Xfwegsb_b3p5e5PgnKToSTqjmIcel7epMufNDrP3Xu_J8kR-4Vya_DrzTxaablkXfsArai4k3H3T2YyIp&_nc_ohc=q_ue1qWc_XMQ7kNvwHdtY_Y&_nc_gid=mjy4BTGRmLLUOo5vcxMFFg&edm=ADp7STQBAAAA&ccb=7-5&oh=00_AQCIBLyl7u2jrEl-yUy0YDpt0g4YTSFqXoo0WWmkFOm50w&oe=6A5E6B85&_nc_sid=c6f216,[],"Photo by DIGITAL MARKETING TUNISIA on February 08, 2020.",5,2020-02-08T13:01:27.000Z,[],DIGITAL MARKETING TUNISIA,digital_marketing_tunisia,24896180662,False,https://www.instagram.com/digital_marketing_tunisia/,686,1080,feed,Béja,228400746,"[{'full_name': 'Action Belgique®', 'id': '4116263616', 'is_verified': True, 'profile_pic_url': 'https://scontent-atl3-1.cdninstagram.com/v/t51.2885-19/22071008_1121545794615468_2723347825051041792_n.jpg?stp=dst-jpg_s150x150_tt6&_nc_cat=106&ccb=7-5&_nc_sid=f7ccc5&efg=eyJ2ZW5jb2RlX3RhZyI6InByb2ZpbGVfcGljLnd3dy42MzMuQzMifQ%3D%3D&_nc_ohc=SR6teHWB8g8Q7kNvwG672Uf&_nc_oc=AdoJ28Felk0SVy5kd__HlcWl3Y7bIfGEAIkTYUrA1KAQNP_g8abZUjswQgs7KcJhIEg&_nc_zt=24&_nc_ht=scontent-atl3-1.cdninstagram.com&_nc_ss=72a8c&oh=00_AQB2UiUf1RrmOO1WvhM1tvuhsf_ajQDKrrz6gvtaNmhc-Q&oe=6A5E7A3B', 'username': 'action.belgique'}, {'full_name': 'DIGITAL MARKETING TUNISIA', 'id': '24896180662', 'is_verified': False, 'profile_pic_url': 'https://scontent-atl3-2.cdninstagram.com/v/t51.2885-19/74886253_1801674530134044_5499489851960983552_n.jpg?stp=dst-jpg_s150x150_tt6&_nc_cat=101&ccb=7-5&_nc_sid=f7ccc5&efg=eyJ2ZW5jb2RlX3RhZyI6InByb2ZpbGVfcGljLnd3dy44NTUuQzMifQ%3D%3D&_nc_ohc=m6kpXr-HLV8Q7kNvwFMUU9d&_nc_oc=AdoJRPGxSautgscVXwKfCa-E38ubXZvmS0GKBKdtFM9ddJUR-Eh-r-htGFaha1VYGL4&_nc_zt=24&_nc_ht=scontent-atl3-2.cdninstagram.com&_nc_ss=72a8c&oh=00_AQDj8tbrJD4QdDz3tACGf5TJMhrn3jOqZUa2Mema-UOJuQ&oe=6A5E8037', 'username': 'digital_marketing_tunisia'}, {'full_name': 'pauvre france', 'id': '25296166738', 'is_verified': False, 'profile_pic_url': 'https://scontent-atl3-3.cdninstagram.com/v/t51.2885-19/74711749_2360316270744189_7420414542032666624_n.jpg?stp=dst-jpg_s150x150_tt6&_nc_cat=108&ccb=7-5&_nc_sid=f7ccc5&efg=eyJ2ZW5jb2RlX3RhZyI6InByb2ZpbGVfcGljLnd3dy41MDAuQzMifQ%3D%3D&_nc_ohc=DatGOgxXnTEQ7kNvwEguAqj&_nc_oc=Ado1zp2OVnVeONVhnN2FXO4oLYN3L3zFFkHY06sQomVBqqeULbRdbZJerZ_SG4BFC9I&_nc_zt=24&_nc_ht=scontent-atl3-3.cdninstagram.com&_nc_ss=72a8c&oh=00_AQCL-myT94mrzeNIdiyTcG0_eRBTAk642qOl5qLxsAvi8w&oe=6A5E8864', 'username': 'vivefrancenational'}]",,,,,,,,
2235341913439756317,Image,B8Fh6B-HmAd,#marketingdigitalbrasil #marketingdigital360 #marketingdigitale #marketingdigitalnaveia #marketingdigitaliniciantes #marketingdigitalbh #marketingdigitalparaempresas #marketingdigitalecuador #marketingdigitalrecife #marketingdigital,"['marketingdigitalbrasil', 'marketingdigital360', 'marketingdigitale', 'marketingdigitalnaveia', 'marketingdigitaliniciantes', 'marketingdigitalbh', 'marketingdigitalparaempresas', 'marketingdigitalecuador', 'marketingdigitalrecife', 'marketingdigital']",[],https://www.instagram.com/p/B8Fh6B-HmAd/,0,,[],1065,1080,https://scontent-ord5-2.cdninstagram.com/v/t51.82787-15/639840120_18535057333068328_6097618314739028026_n.jpg?stp=dst-jpg_e15_tt6&_nc_ht=scontent-ord5-2.cdninstagram.com&_nc_cat=104&_nc_oc=Q6cZ2gGhJNj5Yi_DTy668B0pMI404cS46ZvN5JKZXNnWaHarmFvnf3ckBywm2xnTn_pKdWU&_nc_ohc=O8LFIo9XtbIQ7kNvwGXmnxD&_nc_gid=EHj95CjcPzLRLlaiJs4Ydg&edm=ADp7STQBAAAA&ccb=7-5&oh=00_AQCBApi0YI8nsyKIsvr-zpQiRwtkENoMUsWUqEGzFY0opQ&oe=6A5E9C79&_nc_sid=c6f216,[],"Photo by DIGITAL MARKETING TUNISIA on February 02, 2020.",10,2020-02-03T01:32:23.000Z,[],DIGITAL MARKETING TUNISIA,digital_marketing_tunisia,24896180662,False,https://www.instagram.com/digital_marketing_tunisia/,855,867,feed,Béja,228400746,"[{'full_name': 'DIGITAL MARKETING TUNISIA', 'id': '24896180662', 'is_verified': False, 'profile_pic_url': 'https://scontent-ord5-1.cdninstagram.com/v/t51.2885-19/74886253_1801674530134044_5499489851960983552_n.jpg?stp=dst-jpg_s150x150_tt6&_nc_cat=101&ccb=7-5&_nc_sid=f7ccc5&efg=eyJ2ZW5jb2RlX3RhZyI6InByb2ZpbGVfcGljLnd3dy44NTUuQzMifQ%3D%3D&_nc_ohc=m6kpXr-HLV8Q7kNvwGX9rJq&_nc_oc=AdpKBX1MEOUJf_hrqsPPOZAcD614JnZG0CTlz7JRffUvLdq92k_qObr1jzUl6UW7mnib0PsDjej1IC_PQ51YkGW4&_nc_zt=24&_nc_ht=scontent-ord5-1.cdninstagram.com&_nc_ss=72689&oh=00_AQAuYzvVRpsid74XxHo8-SvwCIzhTYE04czm9OkOXS6yeA&oe=6A5E8037', 'username': 'digital_marketing_tunisia'}]",,,,,,,,
3862131609038268778,Image,DWZDDxoiKlq,"When creativity starts looking like a recycled ghost from the past… 
it might be time to call someone new. 🚫👻
Kyubi — saving brands from creative disasters. 🚀
Request your audit today. 📩",[],[],https://www.instagram.com/p/DWZDDxoiKlq/,0,,[],1350,1080,https://instagram.fmli1-1.fna.fbcdn.net/v/t39.30808-6/657059822_1536416838486511_1692413422301499268_n.jpg?stp=dst-jpg_e15_fr_p1080x1080_tt6&_nc_ht=instagram.fmli1-1.fna.fbcdn.net&_nc_cat=107&_nc_oc=Q6cZ2gFodqNWdVQd4OA-VMfNdjyKOK38UNfYeK8QMDOECeiMv2xiJXITjPzKhUlFsWjC4DU&_nc_ohc=l5oWELky7dUQ7kNvwHfzKCE&_nc_gid=Xg1yDXCOgHAfTPYEZzKwqw&edm=ADp7STQAAAAA&ccb=7-5&oh=00_AQAmwEd9MfqIZbZjNyAUP5M8j8QH6MC7fOaNSliRsY8eCg&oe=6A5E9A73&_nc_sid=c6f216,[],"Photo by Kyubi.digital on March 27, 2026.",4,2026-03-27T14:33:08.000Z,[],Kyubi.digital,kyubi.digital,5331673638,False,https://www.instagram.com/kyubi.digital/,1350,1080,feed,,,,,,,,,,,
3877434458765665723,Image,DXPahjCliW7,"🧭 Find your direction and build a brand that actually knows where it’s going. 
Request your audit today. 📩",[],[],https://www.instagram.com/p/DXPahjCliW7/,0,,[],1350,1080,https://scontent-ord5-1.cdninstagram.com/v/t39.30808-6/673468128_1555154429946085_3348372775825248908_n.jpg?stp=dst-jpg_e15_fr_p1080x1080_tt6&_nc_ht=scontent-ord5-1.cdninstagram.com&_nc_cat=101&_nc_oc=Q6cZ2gHuTSz_DAt0RBiD3uoYfet1ofttvl5vODe-6-Kr_QFKhWp0qymtFBbC7q6TeMoJY4I&_nc_ohc=3XjB0HrLpNEQ7kNvwE_6iMn&_nc_gid=X1w45v7OVNYNBJzf_Tc0EA&edm=ADp7STQAAAAA&ccb=7-5&oh=00_AQAvWk_lmwiB9ARHa8dKlpFuu0UoTWmUdfeEEJaa_aI0OA&oe=6A5E9766&_nc_sid=c6f216,[],"Photo by Kyubi.digital on April 17, 2026. May be an image of magazine and poster.",7,2026-04-17T17:17:09.000Z,[],Kyubi.digital,kyubi.digital,5331673638,False,https://www.instagram.com/kyubi.digital/,1350,1080,feed,,,,,,,,,,,
2212759185370686770,Image,B61TMFhgKUy,"#Top #social #média #trends of #2020
Learn this #skill and rock #2020
#socialmediamarketing #videomarketing #influencermarketing #chatbotmarketing #digitalmarketing #Digitalmarketingtunisia #icstartup","['Top', 'social', 'média', 'trends', '2020', 'skill', 'socialmediamarketing', 'videomarketing', 'influencermarketing', 'chatbotmarketing', 'digitalmarketing', 'Digitalmarketingtunisia', 'icstartup']",[],https://www.instagram.com/p/B61TMFhgKUy/,0,,[],1350,1080,https://scontent-iad6-1.cdninstagram.com/v/t51.82787-15/625536738_18393413653197986_2055450323798202206_n.jpg?stp=dst-jpg_e15_fr_p1080x1080_tt6&_nc_ht=scontent-iad6-1.cdninstagram.com&_nc_cat=102&_nc_oc=Q6cZ2gEpwihjdi9bVLDofd2yWbRODfzmUZ5mYmq4K6NBNgQki1nWsOzF1MK_oCRG_12zhknKZcWOK3L8jE_H2_NIAzsX&_nc_ohc=Qvhw4mHppb0Q7kNvwFKLh0c&_nc_gid=qkn-awCgyFK19mWyI1LXUw&edm=ADp7STQBAAAA&ccb=7-5&oh=00_AQDvKsQaKd2exvxRSb3BG7aHSLyV_eWrWaiM2MaZH9Algg&oe=6A5E714D&_nc_sid=c6f216,[],"Photo by DIGITAL MARKETING TUNISIA on January 02, 2020.",4,2020-01-02T21:44:32.000Z,[],DIGITAL MARKETING TUNISIA,digital_marketing_tunisia,24896180662,False,https://www.instagram.com/digital_marketing_tunisia/,1350,1080,feed,Béja,228400746,"[{'full_name': 'DIGITAL MARKETING TUNISIA', 'id': '24896180662', 'is_verified': False, 'profile_pic_url': 'https://scontent-lga3-2.cdninstagram.com/v/t51.2885-19/74886253_1801674530134044_5499489851960983552_n.jpg?stp=dst-jpg_s150x150_tt6&_nc_cat=101&ccb=7-5&_nc_sid=f7ccc5&efg=eyJ2ZW5jb2RlX3RhZyI6InByb2ZpbGVfcGljLnd3dy44NTUuQzMifQ%3D%3D&_nc_ohc=m6kpXr-HLV8Q7kNvwHaFXH1&_nc_oc=AdpMZsLKSxC_OnVGvIXRtMAbQP947Yd3GAqAE_dJRsmBViJ3q9M_yU1Qu6B_kG8OWpVOK4X47Hh5fJ65gadEsIkB&_nc_zt=24&_nc_ht=scontent-lga3-2.cdninstagram.com&_nc_ss=7d689&oh=00_AQCJDW-vyIHPyUwu4y9nxcjlLGUVWIo4SlmAgZCgaSo_PQ&oe=6A5E8037', 'username': 'digital_marketing_tunisia'}]",,,,,,,,
3458988862078084598,Image,DAAzAsmMmX2,"⭐️⭐️ Notre réalisation ⭐️⭐️ :
Carte de visite pour notre client 🎖 SAPI BEAUX ARTS 🎖
Veuillez consulter nos projets réalisés sur notre site web:
🌐 https://24-7digital.com.tn/

24-7 Digital Design est votre meilleur partenaire pour réaliser votre:
✅ Site Web.
✅ Branding, logo et Charte graphique.
✅ Conception de vos supports de communication.
✅ Gestion de vos réseaux sociaux.
✅ Modélisation 3D et rendu réaliste de vos produits.
✅ Packaging design.

Pour toute étude personnalisée, veuillez contacter nos experts au :
Mobile + whatsapp : +216 96 357 457
Facebook : https://www.facebook.com/24.7.digital.design.tunisie
instagram : https://www.instagram.com/247digitaldesign/
Linkedin : https://www.linkedin.com/company/11547031/

#Webdesign #siteweb #logo #chartegraphique #graphicdesign #smo #conception3d #packaging #branding #sitevitrine #ecommerce Voir moins","['Webdesign', 'siteweb', 'logo', 'chartegraphique', 'graphicdesign', 'smo', 'conception3d', 'packaging', 'branding', 'sitevitrine', 'ecommerce']",[],https://www.instagram.com/p/DAAzAsmMmX2/,0,,[],810,1080,https://instagram.fcps4-1.fna.fbcdn.net/v/t39.30808-6/491724262_1224954082969659_5555020398495123500_n.jpg?stp=dst-jpg_e35_s1080x1080_sh2.08_tt6&_nc_ht=instagram.fcps4-1.fna.fbcdn.net&_nc_cat=103&_nc_oc=Q6cZ2gH5wXXhWoLAUb_23vrHhIf7i-c4mBPJ94XK46gIsw7bmqPcnNotv9lhe6BNOYqTgIL9Wn-Mgiz0h5ZOdjUqJ3Yc&_nc_ohc=2-7vMxNbQtwQ7kNvwGfr-sj&_nc_gid=pyUKlp3SWllb52UP6ubKJw&edm=ADp7STQAAAAA&ccb=7-5&oh=00_AQBwccMC74Uz8eKm8mUW8kv6ZyC1kHOIN8rlvK6drL9Qbw&oe=6A5E8DEC&_nc_sid=c6f216,[],"Photo by 24-7digital design on September 17, 2024.",0,2024-09-17T09:00:26.000Z,[],24-7digital design,247digitaldesign,9774715009,False,https://www.instagram.com/247digitaldesign/,1536,2048,feed,,,,,,,,,,,
3870001518611443846,Sidecar,DW1AeCFDrCG,"Chez Kyubi, on préfère éviter les confusions 👀 en s’alignant dès le départ pour transformer le flou en une direction claire.

Moins de débats inutiles. Plus d’impact. 👊

#Kyubi #LaVéritéDuMardi #Agence #Marketing #Stratégie #ClientLife","['Kyubi', 'LaVéritéDuMardi', 'Agence', 'Marketing', 'Stratégie', 'ClientLife']",[],https://www.instagram.com/p/DW1AeCFDrCG/,0,,[],1350,1080,https://scontent-iad6-1.cdninstagram.com/v/t39.30808-6/666229667_1546119667516228_7959914360161741558_n.jpg?stp=dst-jpg_e35_tt6&_nc_cat=100&ig_cache_key=Mzg3MDAwMTUwMzE1MTIxNTE1OA%3D%3D.3-ccb7-5&ccb=7-5&_nc_sid=58cdad&efg=eyJ2ZW5jb2RlX3RhZyI6IkNBUk9VU0VMX0lURU0ueHBpZHMuMTA4MC5zZHIucmVndWxhcl9waG90by5DMyJ9&_nc_ohc=jWuGa4eFK4EQ7kNvwGKAUn0&_nc_oc=AdqmxCFZTavh6nIkM-BbB8PrhOZuncnNbOkwWymQkY4nURUwlZdDkDDL61MERjckYLd1ym-cm-Yedv-aQqItQwoa&_nc_zt=23&_nc_ht=scontent-iad6-1.cdninstagram.com&_nc_gid=2qb-MuFYRl-On4rI1Z3UKg&_nc_ss=72a8c&oh=00_AQDtvSMZscOVBLjwmQtwLsoSmXwFVFhzvdJIGC4QursdWw&oe=6A5E936C,"['https://scontent-iad6-1.cdninstagram.com/v/t39.30808-6/666229667_1546119667516228_7959914360161741558_n.jpg?stp=dst-jpg_e35_tt6&_nc_cat=100&ig_cache_key=Mzg3MDAwMTUwMzE1MTIxNTE1OA%3D%3D.3-ccb7-5&ccb=7-5&_nc_sid=58cdad&efg=eyJ2ZW5jb2RlX3RhZyI6IkNBUk9VU0VMX0lURU0ueHBpZHMuMTA4MC5zZHIucmVndWxhcl9waG90by5DMyJ9&_nc_ohc=jWuGa4eFK4EQ7kNvwGKAUn0&_nc_oc=AdqmxCFZTavh6nIkM-BbB8PrhOZuncnNbOkwWymQkY4nURUwlZdDkDDL61MERjckYLd1ym-cm-Yedv-aQqItQwoa&_nc_zt=23&_nc_ht=scontent-iad6-1.cdninstagram.com&_nc_gid=2qb-MuFYRl-On4rI1Z3UKg&_nc_ss=72a8c&oh=00_AQDtvSMZscOVBLjwmQtwLsoSmXwFVFhzvdJIGC4QursdWw&oe=6A5E936C', 'https://scontent-iad6-1.cdninstagram.com/v/t39.30808-6/662733352_1546119790849549_8222061674777409781_n.jpg?stp=dst-jpg_e35_tt6&_nc_cat=106&ig_cache_key=Mzg3MDAwMTUwMjk0MTUwMzc0MA%3D%3D.3-ccb7-5&ccb=7-5&_nc_sid=58cdad&efg=eyJ2ZW5jb2RlX3RhZyI6IkNBUk9VU0VMX0lURU0ueHBpZHMuMTA4MC5zZHIucmVndWxhcl9waG90by5DMyJ9&_nc_ohc=xN3NuRVK3s4Q7kNvwF1fuZe&_nc_oc=Ado99tHRhuG7IlC1cgCkzBaZgXZYvKo4bQdPqwiAwi5H5zcf56ZYxI5B6NAhTriZwfSQxhFLBzTcNbwzqrtifSJ1&_nc_zt=23&_nc_ht=scontent-iad6-1.cdninstagram.com&_nc_gid=2qb-MuFYRl-On4rI1Z3UKg&_nc_ss=72a8c&oh=00_AQBJFM7MPZ4DhKDOccC_03ig_5GuJkfH7nPN2u7BvIwW9g&oe=6A5E871C', 'https://scontent-iad6-1.cdninstagram.com/v/t39.30808-6/668551907_1546119880849540_8044386624524129406_n.jpg?stp=dst-jpg_e35_tt6&_nc_cat=107&ig_cache_key=Mzg3MDAwMTUwMzQ2OTk3Mjc1Nw%3D%3D.3-ccb7-5&ccb=7-5&_nc_sid=58cdad&efg=eyJ2ZW5jb2RlX3RhZyI6IkNBUk9VU0VMX0lURU0ueHBpZHMuMTA4MC5zZHIucmVndWxhcl9waG90by5DMyJ9&_nc_ohc=nEElKN1S1oMQ7kNvwHVsWwS&_nc_oc=AdrIO295RZGqqxn0VsiBr4yDu7EG55F0l_dxhuM4W9Jz5DUG6q-VP6wEffTs74omxntTSM1lLQvU8Y-OkcuCYZnw&_nc_zt=23&_nc_ht=scontent-iad6-1.cdninstagram.com&_nc_gid=2qb-MuFYRl-On4rI1Z3UKg&_nc_ss=72a8c&oh=00_AQCmWwLP7ZY1iddlOTvd5RDSCsvoU_s92aeElqBy18CXbQ&oe=6A5E6D93', 'https://scontent-iad6-1.cdninstagram.com/v/t39.30808-6/668576611_1546120054182856_5545026504903424706_n.jpg?stp=dst-jpg_e35_tt6&_nc_cat=106&ig_cache_key=Mzg3MDAwMTUwMzAxNzAxNzYwNQ%3D%3D.3-ccb7-5&ccb=7-5&_nc_sid=58cdad&efg=eyJ2ZW5jb2RlX3RhZyI6IkNBUk9VU0VMX0lURU0ueHBpZHMuMTA4MC5zZHIucmVndWxhcl9waG90by5DMyJ9&_nc_ohc=oPwKLuueYBsQ7kNvwE9MM20&_nc_oc=Adqg4Ve6AfpuuIakzBnXABWHIEX4I8PcykyTnEFeZ8D8FuV6EVwqNZUftIagJb9FVNaiGqAD9ajajNvH6TAVnfwH&_nc_zt=23&_nc_ht=scontent-iad6-1.cdninstagram.com&_nc_gid=2qb-MuFYRl-On4rI1Z3UKg&_nc_ss=72a8c&oh=00_AQB1CDGmehxapOvUw0MEbskxGRZb9A0QPLxyft-bUZjo8A&oe=6A5E7770']","Photo by Kyubi.digital on April 07, 2026.",6,2026-04-07T11:09:13.000Z,"[{'id': '3870001503151215158', 'type': 'Image', 'caption': '', 'hashtags': [], 'mentions': [], 'url': 'https://www.instagram.com/p/DW1AdzrjlI2/', 'commentsCount': 0, 'firstComment': '', 'latestComments': [], 'dimensionsHeight': 1350, 'dimensionsWidth': 1080, 'displayUrl': 'https://scontent-iad6-1.cdninstagram.com/v/t39.30808-6/666229667_1546119667516228_7959914360161741558_n.jpg?stp=dst-jpg_e35_tt6&_nc_cat=100&ig_cache_key=Mzg3MDAwMTUwMzE1MTIxNTE1OA%3D%3D.3-ccb7-5&ccb=7-5&_nc_sid=58cdad&efg=eyJ2ZW5jb2RlX3RhZyI6IkNBUk9VU0VMX0lURU0ueHBpZHMuMTA4MC5zZHIucmVndWxhcl9waG90by5DMyJ9&_nc_ohc=jWuGa4eFK4EQ7kNvwGKAUn0&_nc_oc=AdqmxCFZTavh6nIkM-BbB8PrhOZuncnNbOkwWymQkY4nURUwlZdDkDDL61MERjckYLd1ym-cm-Yedv-aQqItQwoa&_nc_zt=23&_nc_ht=scontent-iad6-1.cdninstagram.com&_nc_gid=2qb-MuFYRl-On4rI1Z3UKg&_nc_ss=72a8c&oh=00_AQDtvSMZscOVBLjwmQtwLsoSmXwFVFhzvdJIGC4QursdWw&oe=6A5E936C', 'images': [], 'alt': 'Photo by Kyubi.digital on April 07, 2026.', 'likesCount': 0, 'timestamp': '2026-04-07T11:09:12.000Z', 'childPosts': [], 'ownerId': '17841405329146459', 'shortCode': 'DW1AdzrjlI2', 'originalHeight': 1350, 'originalWidth': 1080, 'ownerUsername': 'kyubi.digital'}, {'id': '3870001502941503740', 'type': 'Image', 'caption': '', 'hashtags': [], 'mentions': [], 'url': 'https://www.instagram.com/p/DW1AdzfDmD8/', 'commentsCount': 0, 'firstComment': '', 'latestComments': [], 'dimensionsHeight': 1350, 'dimensionsWidth': 1080, 'displayUrl': 'https://scontent-iad6-1.cdninstagram.com/v/t39.30808-6/662733352_1546119790849549_8222061674777409781_n.jpg?stp=dst-jpg_e35_tt6&_nc_cat=106&ig_cache_key=Mzg3MDAwMTUwMjk0MTUwMzc0MA%3D%3D.3-ccb7-5&ccb=7-5&_nc_sid=58cdad&efg=eyJ2ZW5jb2RlX3RhZyI6IkNBUk9VU0VMX0lURU0ueHBpZHMuMTA4MC5zZHIucmVndWxhcl9waG90by5DMyJ9&_nc_ohc=xN3NuRVK3s4Q7kNvwF1fuZe&_nc_oc=Ado99tHRhuG7IlC1cgCkzBaZgXZYvKo4bQdPqwiAwi5H5zcf56ZYxI5B6NAhTriZwfSQxhFLBzTcNbwzqrtifSJ1&_nc_zt=23&_nc_ht=scontent-iad6-1.cdninstagram.com&_nc_gid=2qb-MuFYRl-On4rI1Z3UKg&_nc_ss=72a8c&oh=00_AQBJFM7MPZ4DhKDOccC_03ig_5GuJkfH7nPN2u7BvIwW9g&oe=6A5E871C', 'images': [], 'alt': 'Photo by Kyubi.digital on April 07, 2026.', 'likesCount': 0, 'timestamp': '2026-04-07T11:09:12.000Z', 'childPosts': [], 'ownerId': '17841405329146459', 'shortCode': 'DW1AdzfDmD8', 'originalHeight': 1350, 'originalWidth': 1080, 'ownerUsername': 'kyubi.digital'}, {'id': '3870001503469972757', 'type': 'Image', 'caption': '', 'hashtags': [], 'mentions': [], 'url': 'https://www.instagram.com/p/DW1Adz-ji0V/', 'commentsCount': 0, 'firstComment': '', 'latestComments': [], 'dimensionsHeight': 1350, 'dimensionsWidth': 1080, 'displayUrl': 'https://scontent-iad6-1.cdninstagram.com/v/t39.30808-6/668551907_1546119880849540_8044386624524129406_n.jpg?stp=dst-jpg_e35_tt6&_nc_cat=107&ig_cache_key=Mzg3MDAwMTUwMzQ2OTk3Mjc1Nw%3D%3D.3-ccb7-5&ccb=7-5&_nc_sid=58cdad&efg=eyJ2ZW5jb2RlX3RhZyI6IkNBUk9VU0VMX0lURU0ueHBpZHMuMTA4MC5zZHIucmVndWxhcl9waG90by5DMyJ9&_nc_ohc=nEElKN1S1oMQ7kNvwHVsWwS&_nc_oc=AdrIO295RZGqqxn0VsiBr4yDu7EG55F0l_dxhuM4W9Jz5DUG6q-VP6wEffTs74omxntTSM1lLQvU8Y-OkcuCYZnw&_nc_zt=23&_nc_ht=scontent-iad6-1.cdninstagram.com&_nc_gid=2qb-MuFYRl-On4rI1Z3UKg&_nc_ss=72a8c&oh=00_AQCmWwLP7ZY1iddlOTvd5RDSCsvoU_s92aeElqBy18CXbQ&oe=6A5E6D93', 'images': [], 'alt': 'Photo by Kyubi.digital on April 07, 2026.', 'likesCount': 0, 'timestamp': '2026-04-07T11:09:12.000Z', 'childPosts': [], 'ownerId': '17841405329146459', 'shortCode': 'DW1Adz-ji0V', 'originalHeight': 1350, 'originalWidth': 1080, 'ownerUsername': 'kyubi.digital'}, {'id': '3870001503017017605', 'type': 'Image', 'caption': '', 'hashtags': [], 'mentions': [], 'url': 'https://www.instagram.com/p/DW1AdzjjqEF/', 'commentsCount': 0, 'firstComment': '', 'latestComments': [], 'dimensionsHeight': 1350, 'dimensionsWidth': 1080, 'displayUrl': 'https://scontent-iad6-1.cdninstagram.com/v/t39.30808-6/668576611_1546120054182856_5545026504903424706_n.jpg?stp=dst-jpg_e35_tt6&_nc_cat=106&ig_cache_key=Mzg3MDAwMTUwMzAxNzAxNzYwNQ%3D%3D.3-ccb7-5&ccb=7-5&_nc_sid=58cdad&efg=eyJ2ZW5jb2RlX3RhZyI6IkNBUk9VU0VMX0lURU0ueHBpZHMuMTA4MC5zZHIucmVndWxhcl9waG90by5DMyJ9&_nc_ohc=oPwKLuueYBsQ7kNvwE9MM20&_nc_oc=Adqg4Ve6AfpuuIakzBnXABWHIEX4I8PcykyTnEFeZ8D8FuV6EVwqNZUftIagJb9FVNaiGqAD9ajajNvH6TAVnfwH&_nc_zt=23&_nc_ht=scontent-iad6-1.cdninstagram.com&_nc_gid=2qb-MuFYRl-On4rI1Z3UKg&_nc_ss=72a8c&oh=00_AQB1CDGmehxapOvUw0MEbskxGRZb9A0QPLxyft-bUZjo8A&oe=6A5E7770', 'images': [], 'alt': 'Photo by Kyubi.digital on April 07, 2026.', 'likesCount': 0, 'timestamp': '2026-04-07T11:09:12.000Z', 'childPosts': [], 'ownerId': '17841405329146459', 'shortCode': 'DW1AdzjjqEF', 'originalHeight': 1350, 'originalWidth': 1080, 'ownerUsername': 'kyubi.digital'}]",Kyubi.digital,kyubi.digital,5331673638,False,https://www.instagram.com/kyubi.digital/,1350,1080,carousel_container,,,,,,,,,,,
3859294166367890315,Image,DWO95jOGGuL,"La vraie différence ne se fait pas dans l’action,
mais dans la stratégie derrière chaque mouvement.♟️
Et si c’était à votre tour de jouer plus intelligemment ? 🤔
Contactez Kyubi Digital, demandez votre devis et passez au niveau supérieur. 😉",[],[],https://www.instagram.com/p/DWO95jOGGuL/,0,,[],1350,1080,https://instagram.ftpa1-1.fna.fbcdn.net/v/t39.30808-6/655735124_1532619858866209_6731976129532960552_n.jpg?stp=dst-jpg_e15_fr_p1080x1080_tt6&_nc_ht=instagram.ftpa1-1.fna.fbcdn.net&_nc_cat=101&_nc_oc=Q6cZ2gHe7YJOypGdiT92y58yQuzfmA8gauL44vQD4cTPjDFG7MhCnsU1b0crPHZm7UeXCjLRQgNnwtJogGpIOSfAakby&_nc_ohc=tCJZwe3KoAIQ7kNvwF38TXc&_nc_gid=6xZtGKP3j3OptSWnnaTHBA&edm=ADp7STQAAAAA&ccb=7-5&oh=00_AQAYGdNUmW_lR0tH3P2xTsIMAd2XNzeL1lhjZoE-pTq59w&oe=6A5E6977&_nc_sid=c6f216,[],"Photo by Kyubi.digital on March 23, 2026.",5,2026-03-23T16:35:38.000Z,[],Kyubi.digital,kyubi.digital,5331673638,False,https://www.instagram.com/kyubi.digital/,1350,1080,feed,,,,,,,,,,,
3849042745957296482,Image,DVqi_v-FCli,"🔎 à la recherche d'une vrai identité ? ✨ vous savez qui contacter 😉📩
contact@kyubi.digital 💻 Demandez votre devis. 🚀",[],[],https://www.instagram.com/p/DVqi_v-FCli/,0,,[],1350,1080,https://scontent-atl3-2.cdninstagram.com/v/t39.30808-6/648834007_1519834993478029_4758280907682106306_n.jpg?stp=dst-jpg_e15_fr_p1080x1080_tt6&_nc_ht=scontent-atl3-2.cdninstagram.com&_nc_cat=101&_nc_oc=Q6cZ2gF_JITZmOgPvv0DZniziO8H6kHc_c-GoHy1Ipif7MWNx_GikHRNj5YY-1MRFfNlb5M&_nc_ohc=FVDunhEdmpUQ7kNvwEzosUE&_nc_gid=61bqsUD-bewVkbCB0IfOlg&edm=ADp7STQAAAAA&ccb=7-5&oh=00_AQD3-H1DMzsqcQL20gADNyjQH7lTs_uqj_pocHBeO7yJkA&oe=6A5E8838&_nc_sid=c6f216,[],"Photo by Kyubi.digital on March 09, 2026.",4,2026-03-09T13:07:53.000Z,[],Kyubi.digital,kyubi.digital,5331673638,False,https://www.instagram.com/kyubi.digital/,1350,1080,feed,,,,,,,,,,,
3327889138474276401,Image,C4vCYoeo9Yx,"🇹🇳🎉 ACM Marketing souhaite une joyeuse journée de l'Indépendance à la Tunisie ! 🎉🇹🇳 En cette journée mémorable, nous célébrons la liberté, la souveraineté et le progrès de notre cher pays. Vive la Tunisie ! 🌟🚀 

📞 73 367 402
💻 www.acm-marketing.tn
✉️ contact@acm-marketing.com
📌 Avenue yasser arafet sahloul, Sousse, Tunisia

#JournéeDeLIndépendance #Tunisie #ACMMarketing 🇹🇳🎉","['JournéeDeLIndépendance', 'Tunisie', 'ACMMarketing']",[],https://www.instagram.com/p/C4vCYoeo9Yx/,0,,[],1080,1080,https://scontent-lga3-3.cdninstagram.com/v/t39.30808-6/491751984_1280634623579762_6157556630669109586_n.jpg?stp=dst-jpg_e15_fr_s1080x1080_tt6&_nc_ht=scontent-lga3-3.cdninstagram.com&_nc_cat=102&_nc_oc=Q6cZ2gFBqaL6h--fzYYnYzxfipJhU6P6f0EanOqjBwkVV5mXQCpkKINrVfncpcMEMLz4GqwJmsCYVbLlMs4kTGEKJIBB&_nc_ohc=__6EtE6Ke8kQ7kNvwHIiOuY&_nc_gid=GhGRAXru3NLDL1pF03wOKA&edm=ADp7STQAAAAA&ccb=7-5&oh=00_AQCdc47wCeXS-LxarFP_ravQLJTg7ayqpOYVsKCEs4TWcA&oe=6A5E86B6&_nc_sid=c6f216,[],"Photo by ACM Marketing Tunisie on March 20, 2024.",0,2024-03-20T11:48:42.000Z,[],ACM Marketing Tunisie,acm.marketing.tn,4451580919,False,https://www.instagram.com/acm.marketing.tn/,1080,1080,feed,Sahloul,106377021175479,,,,,,,,,
2218755068608519464,Image,B7Kmfq8Ah0o,,[],[],https://www.instagram.com/p/B7Kmfq8Ah0o/,0,,[],750,750,https://scontent-lga3-3.cdninstagram.com/v/t51.82787-15/626409991_18357506125205104_3279297760652892910_n.jpg?stp=dst-jpg_e15_tt6&_nc_ht=scontent-lga3-3.cdninstagram.com&_nc_cat=104&_nc_oc=Q6cZ2gFnCuSskay-wyRj65wnuMCs2mFYI3BP0i8CHLqzSb18NCDAwaTMlfqq3MfF3_wducgDmnG3q8w35NBCg6UzXcVX&_nc_ohc=UIMLWN156HAQ7kNvwFEQe1D&_nc_gid=tSfjN2GaN7WDXBDu9nVm4w&edm=ADp7STQBAAAA&ccb=7-5&oh=00_AQBfq_AfljDSOSJVACaqKV-vz5SIFSwQ8BVQwvqKh-COyg&oe=6A5E81F7&_nc_sid=c6f216,[],"Photo by DIGITAL MARKETING TUNISIA on January 10, 2020.",2,2020-01-11T04:17:17.000Z,[],DIGITAL MARKETING TUNISIA,digital_marketing_tunisia,24896180662,False,https://www.instagram.com/digital_marketing_tunisia/,684,684,feed,,,,,,,,,,,
3342934076892371581,Image,C5kfNTQt9p9,ACM Marketing تتمنالكم عيد مبارك 🌙🕌🤍,[],[],https://www.instagram.com/p/C5kfNTQt9p9/,0,,[],1080,1080,https://scontent-phl2-1.cdninstagram.com/v/t39.30808-6/491590665_1281278733515351_3385480607350611980_n.jpg?stp=dst-jpg_e15_fr_s1080x1080_tt6&_nc_ht=scontent-phl2-1.cdninstagram.com&_nc_cat=111&_nc_oc=Q6cZ2gHMa456rACZQFPz2pILHDylEaDCk8HeKrXCD7oduwRxm2Ac2vwok6H1JCS4I5_oQ1Q&_nc_ohc=CdG1j8GWKlkQ7kNvwF6zA9z&_nc_gid=r6LGykt_hD9w54Sjmm1PvQ&edm=ADp7STQAAAAA&ccb=7-5&oh=00_AQCqcV-BFRF0kdxPlehquBLnBH5kmU0CpR8ygKxgLzvjKw&oe=6A5E8925&_nc_sid=c6f216,[],"Photo by ACM Marketing Tunisie on April 09, 2024.",3,2024-04-10T06:00:18.000Z,[],ACM Marketing Tunisie,acm.marketing.tn,4451580919,False,https://www.instagram.com/acm.marketing.tn/,1080,1080,feed,,,,,,,,,,,
3262639168968377658,Image,C1HOQm4osU6,"🚀 Chez ACM Marketing, nous concrétisons vos idées en succès palpables ! De la conception de campagnes percutantes à la création de sites web innovants, nous sommes là pour faire briller votre présence en ligne. 🚀

Rejoignez-nous dans cette aventure vers le succès ! 💼✨

Contactez-nous dès aujourd'hui pour découvrir comment nous pouvons vous aider ! 
📞 73 367 402
💻 www.acm-marketing.tn
✉️ contact@acm-marketing.com
📌 Avenue yasser arafet sahloul, Sousse, Tunisia

#acmmarketing #RéussiteEnLigne #InnovationDigitale #Design #Visibilité #CroissanceDesAffaires #CréationDeSiteWeb #SiteWeb #PrésenceEnLigne #marketing #marketingtips #marketingtips #marketingagency #marketingonline #marketingdigital #marketingdigital #marketingstrategy #marketingstrategy #marketingstrategies #MarketingSuccess #marketingstrategies #marketingdigitalbrasil #digital #digital #digitalart #digitalartist","['acmmarketing', 'RéussiteEnLigne', 'InnovationDigitale', 'Design', 'Visibilité', 'CroissanceDesAffaires', 'CréationDeSiteWeb', 'SiteWeb', 'PrésenceEnLigne', 'marketing', 'marketingtips', 'marketingagency', 'marketingonline', 'marketingdigital', 'marketingstrategy', 'marketingstrategies', 'MarketingSuccess', 'marketingdigitalbrasil', 'digital', 'digitalart', 'digitalartist']",[],https://www.instagram.com/p/C1HOQm4osU6/,0,,[],1080,1080,https://scontent-phl2-1.cdninstagram.com/v/t39.30808-6/491553327_1278864310423460_7979687348285254122_n.jpg?stp=dst-jpg_e15_fr_s1080x1080_tt6&_nc_ht=scontent-phl2-1.cdninstagram.com&_nc_cat=108&_nc_oc=Q6cZ2gH9lJ4fu__FIeFPb0g2WmqvsUvzbWiMovqZxV_KGF3tJfYIFchAbk91xcFmZaAhbfzvq2L8EZRg7d9ZWVUx7I8E&_nc_ohc=ekQpro1_X5oQ7kNvwFPrKg-&_nc_gid=XKD0kNflzwZe2VXLX4fbEw&edm=ADp7STQAAAAA&ccb=7-5&oh=00_AQDJtYAgyv05KXbfAcwps43_y9yMDeYzF8OoBY8LazZUAg&oe=6A5E9324&_nc_sid=c6f216,[],"Photo by ACM Marketing Tunisie on December 21, 2023.",2,2023-12-21T11:08:39.000Z,[],ACM Marketing Tunisie,acm.marketing.tn,4451580919,False,https://www.instagram.com/acm.marketing.tn/,1080,1080,feed,Sahloul,106377021175479,,,,,,,,,
3463337705711359127,Image,DAQP0s2JFSX,"⭐️⭐️ Notre réalisation ⭐️⭐️ :
Roll up pour notre client 🎖 TRE POWER 🎖
Veuillez consulter nos projets réalisés sur notre site web:
🌐 www.24-7digital.com.tn

24-7 Digital Design est votre meilleur partenaire pour réaliser votre:
✅ Site Web.
✅ Application Web & Mobile
✅ Branding , logo et Charte graphique.
✅ Conception de vos supports de communication.
✅ Gestion de vos réseaux sociaux.
✅ Modélisation 3D et rendu réaliste de vos produits.
✅ Packaging design.

Pour toute étude personnalisée, veuillez contacter nos experts au :
Mobile + whatsapp : +216 96 357 457
Facebook : www.facebook.com/24.7.digital.design.tunisie
instagram : www.instagram.com/247digitaldesign/
Linkedin : www.linkedin.com/company/11547031/

#Webdesign #siteweb #logo #chartegraphique #graphicdesign #smo #conception3d #packaging #branding #sitevitrine #ecommerce Voir moins","['Webdesign', 'siteweb', 'logo', 'chartegraphique', 'graphicdesign', 'smo', 'conception3d', 'packaging', 'branding', 'sitevitrine', 'ecommerce']",[],https://www.instagram.com/p/DAQP0s2JFSX/,0,,[],810,1080,https://scontent-sjc3-1.cdninstagram.com/v/t39.30808-6/491891851_1224954042969663_208912831752376880_n.jpg?stp=dst-jpg_e35_s1080x1080_sh2.08_tt6&_nc_ht=scontent-sjc3-1.cdninstagram.com&_nc_cat=103&_nc_oc=Q6cZ2gGGu8TNGUz2YSy7w2K5NrWX1ga0Xc_h8oFNI6JhNjdtxJHO-sc3UhG_xBU2Sgkbx5M7ueNKBe-mQS8HIs0MibWA&_nc_ohc=sTgQmNM5h1kQ7kNvwEzNli2&_nc_gid=7_apdZCEqS3enn3oGtvQxg&edm=ADp7STQAAAAA&ccb=7-5&oh=00_AQAnAfh0vYCBcVQhhR8dm83RbZvuNSW_PR2kUf0jLRM2AQ&oe=6A5E944F&_nc_sid=c6f216,[],"Photo by 24-7digital design on September 23, 2024.",1,2024-09-23T09:00:49.000Z,[],24-7digital design,247digitaldesign,9774715009,False,https://www.instagram.com/247digitaldesign/,1536,2048,feed,,,,,,,,,,,
3452465735943691836,Image,C_pn0t-IZ48,"⭐️⭐️ Notre réalisation ⭐️⭐️ :
Conception 3D d'un Plateforme Usine 
Veuillez consulter nos projets réalisés sur notre site web:
🌐 www.24-7digital.com.tn
24-7 Digital Design est votre meilleur partenaire pour réaliser votre:
✅ Site Web.
✅ Application Web & Mobile
✅ Branding , logo et Charte graphique.
✅ Conception de vos supports de communication.
✅ Gestion de vos réseaux sociaux.
✅ Modélisation 3D et rendu réaliste de vos produits.
✅ Packaging design.
Pour toute étude personnalisée, veuillez contacter nos experts au :
Mobile + whatsapp : +216 96 357 457
Facebook : www.facebook.com/24.7.digital.design.tunisie
instagram : www.instagram.com/247digitaldesign/
Linkedin : www.linkedin.com/company/11547031/
#Webdesign #siteweb #logo #chartegraphique #graphicdesign #smo #conception3d #packaging #branding #sitevitrine #ecommerce Voir moin","['Webdesign', 'siteweb', 'logo', 'chartegraphique', 'graphicdesign', 'smo', 'conception3d', 'packaging', 'branding', 'sitevitrine', 'ecommerce']",[],https://www.instagram.com/p/C_pn0t-IZ48/,0,,[],720,1080,https://scontent-phl2-1.cdninstagram.com/v/t39.30808-6/491348722_1224950882969979_965283455265524394_n.jpg?stp=dst-jpg_e35_s1080x1080_sh2.08_tt6&_nc_ht=scontent-phl2-1.cdninstagram.com&_nc_cat=103&_nc_oc=Q6cZ2gEAdDleh5BJXW5w7qvvlqgC2nO5GUHly5XVVfpJvCjk0SW4HCZg9Q_RIFxC0A6pi64&_nc_ohc=PPIRPc2SfDQQ7kNvwFiTWeb&_nc_gid=92WoAt2qOGpAgxqLFpv5hA&edm=ADp7STQAAAAA&ccb=7-5&oh=00_AQArbYap1xiBkLHyR6ezcVAdMrw4wSiqiGthVwOTZoY1dQ&oe=6A5E8F03&_nc_sid=c6f216,[],"Photo by 24-7digital design on September 08, 2024.",2,2024-09-08T09:00:10.000Z,[],24-7digital design,247digitaldesign,9774715009,False,https://www.instagram.com/247digitaldesign/,1366,2048,feed,,,,,,,,,,,
2211969210727387263,Image,B6yfkcTgdB_,#business #icstartup #worklife #happy #socialnetworking #network #networkingparty #businessowner #networkingbusiness #fun #prilaga #networkingbiz #events #networkingevents #entrepreneurship #opportunities #networkingz #instadaily #networkingday #leadership #networkingevent #contacts #marketing #networking #communication #community #success #entrepreneur #instagood #networkingsaveslives,"['business', 'icstartup', 'worklife', 'happy', 'socialnetworking', 'network', 'networkingparty', 'businessowner', 'networkingbusiness', 'fun', 'prilaga', 'networkingbiz', 'events', 'networkingevents', 'entrepreneurship', 'opportunities', 'networkingz', 'instadaily', 'networkingday', 'leadership', 'networkingevent', 'contacts', 'marketing', 'networking', 'communication', 'community', 'success', 'entrepreneur', 'instagood', 'networkingsaveslives']",[],https://www.instagram.com/p/B6yfkcTgdB_/,0,,[],937,750,https://scontent-atl3-1.cdninstagram.com/v/t51.82787-15/619640879_18100484056880784_4895598320793067474_n.jpg?stp=dst-jpg_e15_tt6&_nc_ht=scontent-atl3-1.cdninstagram.com&_nc_cat=100&_nc_oc=Q6cZ2gGXtX96SZ6PJW29vSjFVdg__aVLpvEOSzGYnzLUno1oQ9c2w1_UqehSfmhMk6MTlKb3kzbNWUnh5e_6o-j_lvgC&_nc_ohc=Iv_z1b2oQVQQ7kNvwEh0XkT&_nc_gid=I49H-SDL6eZWpJFGM98aYA&edm=ADp7STQBAAAA&ccb=7-5&oh=00_AQBdlTHG0keF76BYrkVYNF1zdUpntxWgTLhIEZLKtEp7XQ&oe=6A5E78FD&_nc_sid=c6f216,[],"Photo by DIGITAL MARKETING TUNISIA on January 01, 2020.",2,2020-01-01T19:34:59.000Z,[],DIGITAL MARKETING TUNISIA,digital_marketing_tunisia,24896180662,False,https://www.instagram.com/digital_marketing_tunisia/,920,736,feed,Béja,228400746,"[{'full_name': 'Vogue', 'id': '198154074', 'is_verified': True, 'profile_pic_url': 'https://scontent-lga3-3.cdninstagram.com/v/t51.2885-19/449319957_831601858493538_3317994094257200831_n.jpg?stp=dst-jpg_s150x150_tt6&_nc_cat=1&ccb=7-5&_nc_sid=f7ccc5&efg=eyJ2ZW5jb2RlX3RhZyI6InByb2ZpbGVfcGljLnd3dy40MDAuQzMifQ%3D%3D&_nc_ohc=pR7b2OBis0YQ7kNvwGjey3q&_nc_oc=AdqZnUOuCV_W8vi9FgniEQS9BIZDmKk8Dv1RVcc8Njq_KOpS8MqlJer1-ugSMayMMPuK48N-syyhXmxLvyNJfpnD&_nc_zt=24&_nc_ht=scontent-lga3-3.cdninstagram.com&_nc_ss=72a8c&oh=00_AQBsMEnINF6ct5sUFoMncpf_O3BSu-U8X2AlsGy5kHhKLQ&oe=6A5E82C4', 'username': 'voguemagazine'}, {'full_name': 'DIGITAL MARKETING TUNISIA', 'id': '24896180662', 'is_verified': False, 'profile_pic_url': 'https://scontent-lga3-2.cdninstagram.com/v/t51.2885-19/74886253_1801674530134044_5499489851960983552_n.jpg?stp=dst-jpg_s150x150_tt6&_nc_cat=101&ccb=7-5&_nc_sid=f7ccc5&efg=eyJ2ZW5jb2RlX3RhZyI6InByb2ZpbGVfcGljLnd3dy44NTUuQzMifQ%3D%3D&_nc_ohc=m6kpXr-HLV8Q7kNvwENSPqw&_nc_oc=AdrfhHFaIq8q6F2XFT--a-gLYkQFVTGkSTQnh5CsXO__BjMxJ1stR5pvvSHigglGs_tp0G1kbeqadidvk6V4k0oP&_nc_zt=24&_nc_ht=scontent-lga3-2.cdninstagram.com&_nc_ss=72a8c&oh=00_AQDodY_zYD4xPUjbrnEU0DIKYS5EW4_PNDQMXbNF5WFwLQ&oe=6A5E8037', 'username': 'digital_marketing_tunisia'}]",,,,,,,,
3347795956432147325,Image,C51wq9boJN9,"🌐🚀 La présence digitale est plus qu'une option, c'est une nécessité absolue !

Chez ACM Marketing, nous vous accompagnons dans cette transition vers le monde numérique pour assurer le succès de votre entreprise. 💼💡 

Contactez-nous dès maintenant pour franchir ce cap avec succès ! 

☎️ 73 367 402
💻 www.acm-marketing.tn
✉️ contact@acm-marketing.com
📌 Avenue yasser arafet sahloul, Sousse, Tunisia

#acmmarketing #PrésenceDigitale #successnumerique #PartenariatsStratégiques #Visibilité #CroissanceDesAffaires #CréationDeSiteWeb #SiteWeb #PrésenceEnLigne #marketing #marketingtips #marketingtips #marketingagency #marketingonline #marketingdigital #marketingdigital #marketingstrategy #marketingstrategy #marketingstrategies #MarketingSuccess #marketingstrategies #marketingdigitalbrasil #digital #digital #digitalart #digitalartist","['acmmarketing', 'PrésenceDigitale', 'successnumerique', 'PartenariatsStratégiques', 'Visibilité', 'CroissanceDesAffaires', 'CréationDeSiteWeb', 'SiteWeb', 'PrésenceEnLigne', 'marketing', 'marketingtips', 'marketingagency', 'marketingonline', 'marketingdigital', 'marketingstrategy', 'marketingstrategies', 'MarketingSuccess', 'marketingdigitalbrasil', 'digital', 'digitalart', 'digitalartist']",[],https://www.instagram.com/p/C51wq9boJN9/,0,,[],1080,1080,https://scontent-mia3-1.cdninstagram.com/v/t39.30808-6/490797278_1281487613494463_7539276506788195515_n.jpg?stp=dst-jpg_e15_fr_s1080x1080_tt6&_nc_ht=scontent-mia3-1.cdninstagram.com&_nc_cat=111&_nc_oc=Q6cZ2gGMJk3NaFZ9C8u17WhexnP-Ny3x_vDMTle6Ja4ktK1JCr1-DLVog9zr9veYKmVgYzYyjNhJUfRmaNk59sdQKnKg&_nc_ohc=n8lh_d6bqqMQ7kNvwFbK0v6&_nc_gid=5jCCMyjv4G46mbTt7gqLng&edm=ADp7STQAAAAA&ccb=7-5&oh=00_AQBaUKotQBrWBNtGMXkC_2xwihfalXkaXGxSwrgIzPEZlg&oe=6A5E87C7&_nc_sid=c6f216,[],"Photo by ACM Marketing Tunisie on April 16, 2024.",1,2024-04-16T22:59:59.000Z,[],ACM Marketing Tunisie,acm.marketing.tn,4451580919,False,https://www.instagram.com/acm.marketing.tn/,1080,1080,feed,Sahloul,106377021175479,,,,,,,,,
3290978700725613505,Image,C2r57EkIHPB,"🏆 ACM Marketing : la référence en marketing digital à Sousse ! 💼💡 

🚀🌟 Avec notre expertise et notre créativité, nous sommes prêts à propulser votre entreprise vers de nouveaux sommets en ligne. Faites confiance à notre équipe pour des résultats exceptionnels ! 🏆

📞 73 367 402
💻 www.acm-marketing.tn
✉️ contact@acm-marketing.com
📌 Avenue yasser arafet sahloul, Sousse, Tunisia

#acmmarketing #MeilleureAgence #Sousse #DigitalHeroes #PartenariatsStratégiques #Visibilité #CroissanceDesAffaires #CréationDeSiteWeb #SiteWeb #PrésenceEnLigne #marketing #marketingtips #marketingtips #marketingagency #marketingonline #marketingdigital #marketingdigital #marketingstrategy #marketingstrategy #marketingstrategies #MarketingSuccess #marketingstrategies #marketingdigitalbrasil #digital #digital #digitalart #digitalartist","['acmmarketing', 'MeilleureAgence', 'Sousse', 'DigitalHeroes', 'PartenariatsStratégiques', 'Visibilité', 'CroissanceDesAffaires', 'CréationDeSiteWeb', 'SiteWeb', 'PrésenceEnLigne', 'marketing', 'marketingtips', 'marketingagency', 'marketingonline', 'marketingdigital', 'marketingstrategy', 'marketingstrategies', 'MarketingSuccess', 'marketingdigitalbrasil', 'digital', 'digitalart', 'digitalartist']",[],https://www.instagram.com/p/C2r57EkIHPB/,1,,[],1080,1080,https://scontent-mia3-1.cdninstagram.com/v/t39.30808-6/490740619_1279504733692751_2594041273421539801_n.jpg?stp=dst-jpg_e15_fr_s1080x1080_tt6&_nc_ht=scontent-mia3-1.cdninstagram.com&_nc_cat=111&_nc_oc=Q6cZ2gHarHRfX3zZmCld5ynDVListVyDoo9DInHhQqbc3BGTWxKyFoH5SECpjlZLoIbByuGCvxyt7GzUhzLoudUELwx9&_nc_ohc=VHqp4o2oZKIQ7kNvwHD9hOl&_nc_gid=t6ke5l-p8o5sOz_OJzoY9A&edm=ADp7STQAAAAA&ccb=7-5&oh=00_AQBE7uuMCZg2wpOjpDSTigB16NSVfhRDGCWdirH3yySvKw&oe=6A5E7F68&_nc_sid=c6f216,[],"Photo by ACM Marketing Tunisie on January 29, 2024.",1,2024-01-29T13:34:15.000Z,[],ACM Marketing Tunisie,acm.marketing.tn,4451580919,False,https://www.instagram.com/acm.marketing.tn/,1080,1080,feed,Sahloul,106377021175479,,,,,,,,,
3833149316132189249,Image,DUyFP5_FzRB,"You don’t lose it suddenly.
You let it fade.",[],[],https://www.instagram.com/p/DUyFP5_FzRB/,0,,[],1350,1080,https://scontent-phl2-1.cdninstagram.com/v/t39.30808-6/634792811_1500146485446880_3655586622536071644_n.jpg?stp=dst-jpg_e15_fr_p1080x1080_tt6&_nc_ht=scontent-phl2-1.cdninstagram.com&_nc_cat=104&_nc_oc=Q6cZ2gHOz8B1Fpb9gzG8OQNqqkAwoyith7u6RWyQgyDG5p7ouARHeeTWbee23C93uh2C8c1ywl9m3nulrJzjyT8YjfaX&_nc_ohc=FJacmenr8s4Q7kNvwFiixPH&_nc_gid=FO4mmIkvKPbZR3P-A6t8_A&edm=ADp7STQAAAAA&ccb=7-5&oh=00_AQBh9pE5Kq4S1j15zOVylICmm0ZeFmyLAd8iifPpivBfMw&oe=6A5E97E5&_nc_sid=c6f216,[],"Photo by Kyubi.digital on February 15, 2026.",5,2026-02-15T14:50:28.000Z,[],Kyubi.digital,kyubi.digital,5331673638,False,https://www.instagram.com/kyubi.digital/,1350,1080,feed,,,,,,,,,,,
3285915837468507078,Image,C2Z6wtuI_vG,"🎉 En cette Journée des Community Managers, ACM Marketing célèbre ces héros du digital qui construisent des communautés vibrantes et connectées ! Merci pour votre dévouement à créer, inspirer et engager. 💬✨ 🎉

☎️ 73 367 402
💻 www.acm-marketing.tn
✉️ contact@acm-marketing.com
📌 Avenue yasser arafet sahloul, Sousse, Tunisia

#JournéeDesCommunityManagers #acmmarketing #DigitalHeroes #PartenariatsStratégiques #Visibilité #CroissanceDesAffaires #CréationDeSiteWeb #SiteWeb #PrésenceEnLigne #marketing #marketingtips #marketingtips #marketingagency #marketingonline #marketingdigital #marketingdigital #marketingstrategy #marketingstrategy #marketingstrategies #MarketingSuccess #marketingstrategies #marketingdigitalbrasil #digital #digital #digitalart #digitalartist","['JournéeDesCommunityManagers', 'acmmarketing', 'DigitalHeroes', 'PartenariatsStratégiques', 'Visibilité', 'CroissanceDesAffaires', 'CréationDeSiteWeb', 'SiteWeb', 'PrésenceEnLigne', 'marketing', 'marketingtips', 'marketingagency', 'marketingonline', 'marketingdigital', 'marketingstrategy', 'marketingstrategies', 'MarketingSuccess', 'marketingdigitalbrasil', 'digital', 'digitalart', 'digitalartist']",[],https://www.instagram.com/p/C2Z6wtuI_vG/,0,,[],1080,1080,https://scontent-iad3-2.cdninstagram.com/v/t39.30808-6/490861295_1279432520366639_6268680594111626089_n.jpg?stp=dst-jpg_e15_fr_s1080x1080_tt6&_nc_ht=scontent-iad3-2.cdninstagram.com&_nc_cat=111&_nc_oc=Q6cZ2gEYJh7omjeVeHlgdDjk-JLnVovHScHRTybIFv0_9acY-4uNeKm_V2Y2oqsPCrc6LSU&_nc_ohc=vc1S31b-VpQQ7kNvwEJV9Zp&_nc_gid=9GKSjg2aJ3rOGutdZHd3Lw&edm=ADp7STQAAAAA&ccb=7-5&oh=00_AQClKqM0Xo6MI7pKlfPPpBQhhiQLfUJSJvjzjfjB2b-gRQ&oe=6A5E688F&_nc_sid=c6f216,[],"Photo by ACM Marketing Tunisie on January 22, 2024.",0,2024-01-22T13:55:15.000Z,[],ACM Marketing Tunisie,acm.marketing.tn,4451580919,False,https://www.instagram.com/acm.marketing.tn/,1080,1080,feed,Sahloul,106377021175479,,,,,,,,,
3846783284844309336,Image,DVihQQ1DitY,"Moins de réunions… plus de décisions. ⚡
Collaborez avec des décideurs qui tranchent dans l’intérêt de vos projets. 🎯📈
📩 contact@kyubi.digital
💬 Demandez votre devis dès maintenant.",[],[],https://www.instagram.com/p/DVihQQ1DitY/,0,,[],1350,1080,https://scontent-ord5-3.cdninstagram.com/v/t39.30808-6/645445473_1517204573741071_5664734644018991185_n.jpg?stp=dst-jpg_e15_fr_p1080x1080_tt6&_nc_ht=scontent-ord5-3.cdninstagram.com&_nc_cat=107&_nc_oc=Q6cZ2gFnLPCogLu-tWSTl_9LlEvjj_cfQA2JTpVIADhA3NA-8FMNuJ_VcM1pa4MYtHFsJoi4BCixb4qk-5myfh3Vxzkp&_nc_ohc=ZXqN9I3AmDQQ7kNvwHm22S1&_nc_gid=abZU6fujUctxd5wFEEO3KA&edm=ADp7STQAAAAA&ccb=7-5&oh=00_AQBrp20EvriLLBCEXSxrZiw2FA7BOpvXkMMSpNyJ_rOWww&oe=6A5E7782&_nc_sid=c6f216,[],"Photo by Kyubi.digital on March 06, 2026.",8,2026-03-06T10:18:44.000Z,[],Kyubi.digital,kyubi.digital,5331673638,False,https://www.instagram.com/kyubi.digital/,1350,1080,feed,,,,,,,,,,,
3232834450112923656,Sidecar,CzdVc3YoEgI,"🌟 Joyeuse Journée des Stagiaires chez ACM Marketing ! 🌟

Merci à nos stagiaires exceptionnels pour leur énergie et leurs idées inspirantes. Vous êtes nos futurs leaders ! 🚀🌟

☎️ 73 367 402
💻 www.acm-marketing.tn
✉️ contact@acm-marketing.com
📌 Avenue yasser arafet sahloul, Sousse, Tunisia

#ACMMarketing #Stagiaires #FutursLeaders #Design #Visibilité #CroissanceDesAffaires #CréationDeSiteWeb #SiteWeb #PrésenceEnLigne #marketing #marketingtips #marketingtips #marketingagency #marketingonline #marketingdigital #marketingdigital #marketingstrategy #marketingstrategy #marketingstrategies #MarketingSuccess #marketingstrategies #marketingdigitalbrasil #digital #digital #digitalart #digitalartist","['ACMMarketing', 'Stagiaires', 'FutursLeaders', 'Design', 'Visibilité', 'CroissanceDesAffaires', 'CréationDeSiteWeb', 'SiteWeb', 'PrésenceEnLigne', 'marketing', 'marketingtips', 'marketingagency', 'marketingonline', 'marketingdigital', 'marketingstrategy', 'marketingstrategies', 'MarketingSuccess', 'marketingdigitalbrasil', 'digital', 'digitalart', 'digitalartist']",[],https://www.instagram.com/p/CzdVc3YoEgI/,2,@madhi_hamma 🙌,"[{'id': '18038744734597235', 'text': '@madhi_hamma 🙌', 'ownerUsername': 'zaineb_zizo', 'ownerProfilePicUrl': 'https://scontent-ord5-1.cdninstagram.com/v/t51.2885-19/70934437_1008816979463963_6588744161531265024_n.jpg?stp=dst-jpg_s150x150_tt6&_nc_cat=106&ccb=7-5&_nc_sid=f7ccc5&efg=eyJ2ZW5jb2RlX3RhZyI6InByb2ZpbGVfcGljLnd3dy4xMDgwLkMzIn0%3D&_nc_ohc=t63FgzCG5rcQ7kNvwHvCCrW&_nc_oc=AdqkI_gY-6Br-ZLLbMzjFuDfQXAF1q_7_aT_UgdBtwVIGhHUp6qlYQSiKNT2FrlJu_7jkVH7Lou6QhAmIjrYRhpL&_nc_zt=24&_nc_ht=scontent-ord5-1.cdninstagram.com&_nc_ss=72289&oh=00_AQDx951l7NM_OsP8W-itsqIKU71vTehnDwmmFkI0okARvA&oe=6A5E9C2B', 'timestamp': '2023-11-10T10:50:47.000Z', 'repliesCount': None, 'replies': None, 'likesCount': 1, 'owner': {'username': 'zaineb_zizo', 'profile_pic_url': 'https://scontent-ord5-1.cdninstagram.com/v/t51.2885-19/70934437_1008816979463963_6588744161531265024_n.jpg?stp=dst-jpg_s150x150_tt6&_nc_cat=106&ccb=7-5&_nc_sid=f7ccc5&efg=eyJ2ZW5jb2RlX3RhZyI6InByb2ZpbGVfcGljLnd3dy4xMDgwLkMzIn0%3D&_nc_ohc=t63FgzCG5rcQ7kNvwHvCCrW&_nc_oc=AdqkI_gY-6Br-ZLLbMzjFuDfQXAF1q_7_aT_UgdBtwVIGhHUp6qlYQSiKNT2FrlJu_7jkVH7Lou6QhAmIjrYRhpL&_nc_zt=24&_nc_ht=scontent-ord5-1.cdninstagram.com&_nc_ss=72289&oh=00_AQDx951l7NM_OsP8W-itsqIKU71vTehnDwmmFkI0okARvA&oe=6A5E9C2B', 'is_verified': False, 'id': '2017747867', 'full_name': None, 'is_mentionable': None, 'is_private': None, 'profile_pic_id': None, 'latest_reel_media': None}}]",1080,1080,https://scontent-ord5-1.cdninstagram.com/v/t39.30808-6/489810878_1277931360516755_8312131450193766584_n.jpg?stp=dst-jpg_e35_tt6&_nc_cat=111&ig_cache_key=MzIzMjgzNDQzNTcxODEyNDA4NA%3D%3D.3-ccb7-5&ccb=7-5&_nc_sid=58cdad&efg=eyJ2ZW5jb2RlX3RhZyI6IkNBUk9VU0VMX0lURU0ueHBpZHMuMTA4MC5zZHIucmVndWxhcl9waG90by5DMyJ9&_nc_ohc=gVrDlXckIe4Q7kNvwFlO9NE&_nc_oc=Adqfp2D7YDnhROR1glmahnPwLqZfriBZfX4D3GX9ajLuNhTXAs9QsN5KOk4OIShk4VNOGrG9NSG1yqvoGzfTlUBy&_nc_zt=23&_nc_ht=scontent-ord5-1.cdninstagram.com&_nc_gid=GPEjqLxR_oW1BU1pZTKzJg&_nc_ss=72289&oh=00_AQBc0p6uZYqYxPgz99Ckp_uBnXai_zaDAG-03XGkmp_Ing&oe=6A5E70AB,"['https://scontent-ord5-1.cdninstagram.com/v/t39.30808-6/489810878_1277931360516755_8312131450193766584_n.jpg?stp=dst-jpg_e35_tt6&_nc_cat=111&ig_cache_key=MzIzMjgzNDQzNTcxODEyNDA4NA%3D%3D.3-ccb7-5&ccb=7-5&_nc_sid=58cdad&efg=eyJ2ZW5jb2RlX3RhZyI6IkNBUk9VU0VMX0lURU0ueHBpZHMuMTA4MC5zZHIucmVndWxhcl9waG90by5DMyJ9&_nc_ohc=gVrDlXckIe4Q7kNvwFlO9NE&_nc_oc=Adqfp2D7YDnhROR1glmahnPwLqZfriBZfX4D3GX9ajLuNhTXAs9QsN5KOk4OIShk4VNOGrG9NSG1yqvoGzfTlUBy&_nc_zt=23&_nc_ht=scontent-ord5-1.cdninstagram.com&_nc_gid=GPEjqLxR_oW1BU1pZTKzJg&_nc_ss=72289&oh=00_AQBc0p6uZYqYxPgz99Ckp_uBnXai_zaDAG-03XGkmp_Ing&oe=6A5E70AB', 'https://scontent-ord5-3.cdninstagram.com/v/t39.30808-6/490021288_1277931410516750_4734196416043414146_n.jpg?stp=dst-jpg_e35_tt6&_nc_cat=100&ig_cache_key=MzIzMjgzNDQzNDcwMzA5MTI2MQ%3D%3D.3-ccb7-5&ccb=7-5&_nc_sid=58cdad&efg=eyJ2ZW5jb2RlX3RhZyI6IkNBUk9VU0VMX0lURU0ueHBpZHMuMTA4MC5zZHIucmVndWxhcl9waG90by5DMyJ9&_nc_ohc=6BsVAGVfq68Q7kNvwHaHNNk&_nc_oc=AdqMdBvtYf7ypBB3mni1SRQgRyQm-qlQxBxTmX4KGX7Q8OO8-539TuhdU6B_GHt0hRXpcdDH4eBZRTFu5dpCTTs2&_nc_zt=23&_nc_ht=scontent-ord5-3.cdninstagram.com&_nc_gid=GPEjqLxR_oW1BU1pZTKzJg&_nc_ss=72289&oh=00_AQDw2cjqn83OpjorAs2cV3CzaN-MPOFWlAGM2GoiozwXMg&oe=6A5E982B']","Photo by ACM Marketing Tunisie on November 10, 2023.",10,2023-11-10T08:11:59.000Z,"[{'id': '3232834435718124084', 'type': 'Image', 'caption': '', 'hashtags': [], 'mentions': [], 'url': 'https://www.instagram.com/p/CzdVcp-oRI0/', 'commentsCount': 0, 'firstComment': '', 'latestComments': [], 'dimensionsHeight': 1080, 'dimensionsWidth': 1080, 'displayUrl': 'https://scontent-ord5-1.cdninstagram.com/v/t39.30808-6/489810878_1277931360516755_8312131450193766584_n.jpg?stp=dst-jpg_e35_tt6&_nc_cat=111&ig_cache_key=MzIzMjgzNDQzNTcxODEyNDA4NA%3D%3D.3-ccb7-5&ccb=7-5&_nc_sid=58cdad&efg=eyJ2ZW5jb2RlX3RhZyI6IkNBUk9VU0VMX0lURU0ueHBpZHMuMTA4MC5zZHIucmVndWxhcl9waG90by5DMyJ9&_nc_ohc=gVrDlXckIe4Q7kNvwFlO9NE&_nc_oc=Adqfp2D7YDnhROR1glmahnPwLqZfriBZfX4D3GX9ajLuNhTXAs9QsN5KOk4OIShk4VNOGrG9NSG1yqvoGzfTlUBy&_nc_zt=23&_nc_ht=scontent-ord5-1.cdninstagram.com&_nc_gid=GPEjqLxR_oW1BU1pZTKzJg&_nc_ss=72289&oh=00_AQBc0p6uZYqYxPgz99Ckp_uBnXai_zaDAG-03XGkmp_Ing&oe=6A5E70AB', 'images': [], 'alt': 'Photo by ACM Marketing Tunisie on November 10, 2023.', 'likesCount': 0, 'timestamp': '2023-11-10T08:11:59.000Z', 'childPosts': [], 'ownerId': '17841404467586447', 'shortCode': 'CzdVcp-oRI0', 'originalHeight': 1080, 'originalWidth': 1080, 'ownerUsername': 'acm.marketing.tn'}, {'id': '3232834434703091261', 'type': 'Image', 'caption': '', 'hashtags': [], 'mentions': [], 'url': 'https://www.instagram.com/p/CzdVcpCIOY9/', 'commentsCount': 0, 'firstComment': '', 'latestComments': [], 'dimensionsHeight': 1080, 'dimensionsWidth': 1080, 'displayUrl': 'https://scontent-ord5-3.cdninstagram.com/v/t39.30808-6/490021288_1277931410516750_4734196416043414146_n.jpg?stp=dst-jpg_e35_tt6&_nc_cat=100&ig_cache_key=MzIzMjgzNDQzNDcwMzA5MTI2MQ%3D%3D.3-ccb7-5&ccb=7-5&_nc_sid=58cdad&efg=eyJ2ZW5jb2RlX3RhZyI6IkNBUk9VU0VMX0lURU0ueHBpZHMuMTA4MC5zZHIucmVndWxhcl9waG90by5DMyJ9&_nc_ohc=6BsVAGVfq68Q7kNvwHaHNNk&_nc_oc=AdqMdBvtYf7ypBB3mni1SRQgRyQm-qlQxBxTmX4KGX7Q8OO8-539TuhdU6B_GHt0hRXpcdDH4eBZRTFu5dpCTTs2&_nc_zt=23&_nc_ht=scontent-ord5-3.cdninstagram.com&_nc_gid=GPEjqLxR_oW1BU1pZTKzJg&_nc_ss=72289&oh=00_AQDw2cjqn83OpjorAs2cV3CzaN-MPOFWlAGM2GoiozwXMg&oe=6A5E982B', 'images': [], 'alt': 'Photo by ACM Marketing Tunisie on November 10, 2023.', 'likesCount': 0, 'timestamp': '2023-11-10T08:11:59.000Z', 'childPosts': [], 'ownerId': '17841404467586447', 'shortCode': 'CzdVcpCIOY9', 'originalHeight': 1080, 'originalWidth': 1080, 'ownerUsername': 'acm.marketing.tn'}]",ACM Marketing Tunisie,acm.marketing.tn,4451580919,False,https://www.instagram.com/acm.marketing.tn/,1080,1080,carousel_container,Sahloul,106377021175479,,,,,,,,,
3864902166964473778,Sidecar,DWi5Asxjg-y,The truths we avoid saying are often the most necessary. 😉🤔,[],[],https://www.instagram.com/p/DWi5Asxjg-y/,0,,[],1350,1080,https://scontent-atl3-1.cdninstagram.com/v/t39.30808-6/657593275_1539820584812803_1181093153628472928_n.jpg?stp=dst-jpg_e35_tt6&_nc_cat=100&ig_cache_key=Mzg2NDkwMjE1NDUwNzQ1MDQxNQ%3D%3D.3-ccb7-5&ccb=7-5&_nc_sid=58cdad&efg=eyJ2ZW5jb2RlX3RhZyI6IkNBUk9VU0VMX0lURU0ueHBpZHMuMTA4MC5zZHIucmVndWxhcl9waG90by5DMyJ9&_nc_ohc=IRRz97B72WQQ7kNvwGyBh9m&_nc_oc=AdoDHGAeDelXSeBYmgoZQBdxR2cr18BeGhMTuZubzRNGnqvaMTEHanWCa_6PnTUkIYcncZnamUjTC537kOycp5_Q&_nc_zt=23&_nc_ht=scontent-atl3-1.cdninstagram.com&_nc_gid=QGCc0i4GXiM8Pp-udKBntA&_nc_ss=72289&oh=00_AQCghLSaL3YfSMAlQLZd1QbvpjVUqcVSFzGdPNMpQZoOXA&oe=6A5E91B8,"['https://scontent-atl3-1.cdninstagram.com/v/t39.30808-6/657593275_1539820584812803_1181093153628472928_n.jpg?stp=dst-jpg_e35_tt6&_nc_cat=100&ig_cache_key=Mzg2NDkwMjE1NDUwNzQ1MDQxNQ%3D%3D.3-ccb7-5&ccb=7-5&_nc_sid=58cdad&efg=eyJ2ZW5jb2RlX3RhZyI6IkNBUk9VU0VMX0lURU0ueHBpZHMuMTA4MC5zZHIucmVndWxhcl9waG90by5DMyJ9&_nc_ohc=IRRz97B72WQQ7kNvwGyBh9m&_nc_oc=AdoDHGAeDelXSeBYmgoZQBdxR2cr18BeGhMTuZubzRNGnqvaMTEHanWCa_6PnTUkIYcncZnamUjTC537kOycp5_Q&_nc_zt=23&_nc_ht=scontent-atl3-1.cdninstagram.com&_nc_gid=QGCc0i4GXiM8Pp-udKBntA&_nc_ss=72289&oh=00_AQCghLSaL3YfSMAlQLZd1QbvpjVUqcVSFzGdPNMpQZoOXA&oe=6A5E91B8', 'https://scontent-atl3-3.cdninstagram.com/v/t39.30808-6/661091626_1539820534812808_6648463034877957045_n.jpg?stp=dst-jpg_e35_tt6&_nc_cat=110&ig_cache_key=Mzg2NDkwMjE1NDQ0ODcwMzQ3OA%3D%3D.3-ccb7-5&ccb=7-5&_nc_sid=58cdad&efg=eyJ2ZW5jb2RlX3RhZyI6IkNBUk9VU0VMX0lURU0ueHBpZHMuMTA4MC5zZHIucmVndWxhcl9waG90by5DMyJ9&_nc_ohc=tusKj6X_nBoQ7kNvwEW19ud&_nc_oc=AdpW-mhdfk-amHPxOq55DTr89omUkVYj8yaNMwbYkxsEj4c-Ep9WNVUS8HTqYYK51EElyQ2588abScr9zM1DjL_t&_nc_zt=23&_nc_ht=scontent-atl3-3.cdninstagram.com&_nc_gid=QGCc0i4GXiM8Pp-udKBntA&_nc_ss=72289&oh=00_AQDsSUyYZJqZy-nwUHMFw-kqAdsSbPbBnq1vcarvxlzjzw&oe=6A5E9432', 'https://scontent-atl3-2.cdninstagram.com/v/t39.30808-6/661073016_1539820538146141_3684989606776652796_n.jpg?stp=dst-jpg_e35_tt6&_nc_cat=104&ig_cache_key=Mzg2NDkwMjE1NDIxMzgzMzg1MA%3D%3D.3-ccb7-5&ccb=7-5&_nc_sid=58cdad&efg=eyJ2ZW5jb2RlX3RhZyI6IkNBUk9VU0VMX0lURU0ueHBpZHMuMTA4MC5zZHIucmVndWxhcl9waG90by5DMyJ9&_nc_ohc=c-n4tQVP6GQQ7kNvwGDluxe&_nc_oc=AdoXApxEgiqinn3PkpM_R2FrQy7RVn3pi5zVkyi2x736f8hV35bf1NgqHTStkjC6MpeiqCZR8U_ijhqtLRemVw8I&_nc_zt=23&_nc_ht=scontent-atl3-2.cdninstagram.com&_nc_gid=QGCc0i4GXiM8Pp-udKBntA&_nc_ss=72289&oh=00_AQCdJNqtUhJMArUC5pdv-MsNIvjUt2pRuKN5ggiJdZuaFg&oe=6A5E7382', 'https://scontent-atl3-2.cdninstagram.com/v/t39.30808-6/657383895_1539820541479474_7576095742879001689_n.jpg?stp=dst-jpg_e35_tt6&_nc_cat=104&ig_cache_key=Mzg2NDkwMjE1NDIwNTQ2MTMzNQ%3D%3D.3-ccb7-5&ccb=7-5&_nc_sid=58cdad&efg=eyJ2ZW5jb2RlX3RhZyI6IkNBUk9VU0VMX0lURU0ueHBpZHMuMTA4MC5zZHIucmVndWxhcl9waG90by5DMyJ9&_nc_ohc=cPVx9I9odNgQ7kNvwHN1i_I&_nc_oc=AdpALl5mMNvBkDYEUqOydr2GPlrENolvqe2SmJzdm7tv4RtwwFKf0iCFbFxbxNmbGwNociwZctzgcuv8M8Ank_Y0&_nc_zt=23&_nc_ht=scontent-atl3-2.cdninstagram.com&_nc_gid=QGCc0i4GXiM8Pp-udKBntA&_nc_ss=72289&oh=00_AQAEfvI6hGiM-1tzYpuApvFVjzVxis1_b3QRlcB0WPLl8w&oe=6A5E8EFA']","Photo by Kyubi.digital on March 31, 2026.",8,2026-03-31T10:17:43.000Z,"[{'id': '3864902154507450415', 'type': 'Image', 'caption': '', 'hashtags': [], 'mentions': [], 'url': 'https://www.instagram.com/p/DWi5AhLDvgv/', 'commentsCount': 0, 'firstComment': '', 'latestComments': [], 'dimensionsHeight': 1350, 'dimensionsWidth': 1080, 'displayUrl': 'https://scontent-atl3-1.cdninstagram.com/v/t39.30808-6/657593275_1539820584812803_1181093153628472928_n.jpg?stp=dst-jpg_e35_tt6&_nc_cat=100&ig_cache_key=Mzg2NDkwMjE1NDUwNzQ1MDQxNQ%3D%3D.3-ccb7-5&ccb=7-5&_nc_sid=58cdad&efg=eyJ2ZW5jb2RlX3RhZyI6IkNBUk9VU0VMX0lURU0ueHBpZHMuMTA4MC5zZHIucmVndWxhcl9waG90by5DMyJ9&_nc_ohc=IRRz97B72WQQ7kNvwGyBh9m&_nc_oc=AdoDHGAeDelXSeBYmgoZQBdxR2cr18BeGhMTuZubzRNGnqvaMTEHanWCa_6PnTUkIYcncZnamUjTC537kOycp5_Q&_nc_zt=23&_nc_ht=scontent-atl3-1.cdninstagram.com&_nc_gid=QGCc0i4GXiM8Pp-udKBntA&_nc_ss=72289&oh=00_AQCghLSaL3YfSMAlQLZd1QbvpjVUqcVSFzGdPNMpQZoOXA&oe=6A5E91B8', 'images': [], 'alt': 'Photo by Kyubi.digital on March 31, 2026.', 'likesCount': 0, 'timestamp': '2026-03-31T10:17:42.000Z', 'childPosts': [], 'ownerId': '17841405329146459', 'shortCode': 'DWi5AhLDvgv', 'originalHeight': 1350, 'originalWidth': 1080, 'ownerUsername': 'kyubi.digital'}, {'id': '3864902154448703478', 'type': 'Image', 'caption': '', 'hashtags': [], 'mentions': [], 'url': 'https://www.instagram.com/p/DWi5AhHjo_2/', 'commentsCount': 0, 'firstComment': '', 'latestComments': [], 'dimensionsHeight': 1350, 'dimensionsWidth': 1080, 'displayUrl': 'https://scontent-atl3-3.cdninstagram.com/v/t39.30808-6/661091626_1539820534812808_6648463034877957045_n.jpg?stp=dst-jpg_e35_tt6&_nc_cat=110&ig_cache_key=Mzg2NDkwMjE1NDQ0ODcwMzQ3OA%3D%3D.3-ccb7-5&ccb=7-5&_nc_sid=58cdad&efg=eyJ2ZW5jb2RlX3RhZyI6IkNBUk9VU0VMX0lURU0ueHBpZHMuMTA4MC5zZHIucmVndWxhcl9waG90by5DMyJ9&_nc_ohc=tusKj6X_nBoQ7kNvwEW19ud&_nc_oc=AdpW-mhdfk-amHPxOq55DTr89omUkVYj8yaNMwbYkxsEj4c-Ep9WNVUS8HTqYYK51EElyQ2588abScr9zM1DjL_t&_nc_zt=23&_nc_ht=scontent-atl3-3.cdninstagram.com&_nc_gid=QGCc0i4GXiM8Pp-udKBntA&_nc_ss=72289&oh=00_AQDsSUyYZJqZy-nwUHMFw-kqAdsSbPbBnq1vcarvxlzjzw&oe=6A5E9432', 'images': [], 'alt': 'Photo by Kyubi.digital on March 31, 2026.', 'likesCount': 0, 'timestamp': '2026-03-31T10:17:42.000Z', 'childPosts': [], 'ownerId': '17841405329146459', 'shortCode': 'DWi5AhHjo_2', 'originalHeight': 1350, 'originalWidth': 1080, 'ownerUsername': 'kyubi.digital'}, {'id': '3864902154213833850', 'type': 'Image', 'caption': '', 'hashtags': [], 'mentions': [], 'url': 'https://www.instagram.com/p/DWi5Ag5jrx6/', 'commentsCount': 0, 'firstComment': '', 'latestComments': [], 'dimensionsHeight': 1350, 'dimensionsWidth': 1080, 'displayUrl': 'https://scontent-atl3-2.cdninstagram.com/v/t39.30808-6/661073016_1539820538146141_3684989606776652796_n.jpg?stp=dst-jpg_e35_tt6&_nc_cat=104&ig_cache_key=Mzg2NDkwMjE1NDIxMzgzMzg1MA%3D%3D.3-ccb7-5&ccb=7-5&_nc_sid=58cdad&efg=eyJ2ZW5jb2RlX3RhZyI6IkNBUk9VU0VMX0lURU0ueHBpZHMuMTA4MC5zZHIucmVndWxhcl9waG90by5DMyJ9&_nc_ohc=c-n4tQVP6GQQ7kNvwGDluxe&_nc_oc=AdoXApxEgiqinn3PkpM_R2FrQy7RVn3pi5zVkyi2x736f8hV35bf1NgqHTStkjC6MpeiqCZR8U_ijhqtLRemVw8I&_nc_zt=23&_nc_ht=scontent-atl3-2.cdninstagram.com&_nc_gid=QGCc0i4GXiM8Pp-udKBntA&_nc_ss=72289&oh=00_AQCdJNqtUhJMArUC5pdv-MsNIvjUt2pRuKN5ggiJdZuaFg&oe=6A5E7382', 'images': [], 'alt': 'Photo by Kyubi.digital on March 31, 2026.', 'likesCount': 0, 'timestamp': '2026-03-31T10:17:42.000Z', 'childPosts': [], 'ownerId': '17841405329146459', 'shortCode': 'DWi5Ag5jrx6', 'originalHeight': 1350, 'originalWidth': 1080, 'ownerUsername': 'kyubi.digital'}, {'id': '3864902154205461335', 'type': 'Image', 'caption': '', 'hashtags': [], 'mentions': [], 'url': 'https://www.instagram.com/p/DWi5Ag5DvtX/', 'commentsCount': 0, 'firstComment': '', 'latestComments': [], 'dimensionsHeight': 1350, 'dimensionsWidth': 1080, 'displayUrl': 'https://scontent-atl3-2.cdninstagram.com/v/t39.30808-6/657383895_1539820541479474_7576095742879001689_n.jpg?stp=dst-jpg_e35_tt6&_nc_cat=104&ig_cache_key=Mzg2NDkwMjE1NDIwNTQ2MTMzNQ%3D%3D.3-ccb7-5&ccb=7-5&_nc_sid=58cdad&efg=eyJ2ZW5jb2RlX3RhZyI6IkNBUk9VU0VMX0lURU0ueHBpZHMuMTA4MC5zZHIucmVndWxhcl9waG90by5DMyJ9&_nc_ohc=cPVx9I9odNgQ7kNvwHN1i_I&_nc_oc=AdpALl5mMNvBkDYEUqOydr2GPlrENolvqe2SmJzdm7tv4RtwwFKf0iCFbFxbxNmbGwNociwZctzgcuv8M8Ank_Y0&_nc_zt=23&_nc_ht=scontent-atl3-2.cdninstagram.com&_nc_gid=QGCc0i4GXiM8Pp-udKBntA&_nc_ss=72289&oh=00_AQAEfvI6hGiM-1tzYpuApvFVjzVxis1_b3QRlcB0WPLl8w&oe=6A5E8EFA', 'images': [], 'alt': 'Photo by Kyubi.digital on March 31, 2026.', 'likesCount': 0, 'timestamp': '2026-03-31T10:17:42.000Z', 'childPosts': [], 'ownerId': '17841405329146459', 'shortCode': 'DWi5Ag5DvtX', 'originalHeight': 1350, 'originalWidth': 1080, 'ownerUsername': 'kyubi.digital'}]",Kyubi.digital,kyubi.digital,5331673638,False,https://www.instagram.com/kyubi.digital/,1350,1080,carousel_container,,,,,,,,,,,
3880181776891925433,Sidecar,DXZLMSbllO5,"Au début c’était une bonne idée.
Puis elle a rencontré un comité.
RIP créativité. 🪦🍌",[],[],https://www.instagram.com/p/DXZLMSbllO5/,0,,[],1350,1080,https://scontent-iad6-1.cdninstagram.com/v/t39.30808-6/678995780_1558404442954417_286442579599378933_n.jpg?stp=dst-jpg_e35_tt6&_nc_cat=100&ig_cache_key=Mzg4MDE4MTc1NTkwMzYzMTExNA%3D%3D.3-ccb7-5&ccb=7-5&_nc_sid=58cdad&efg=eyJ2ZW5jb2RlX3RhZyI6IkNBUk9VU0VMX0lURU0ueHBpZHMuMTA4MC5zZHIucmVndWxhcl9waG90by5DMyJ9&_nc_ohc=tMGrpIDrQAgQ7kNvwGfPjrx&_nc_oc=AdrVfXtGTrsXNNZmWhUyifB0R9m_O4-2nMdNTIrwYOIqeCb4U2Wj26Ot9pp1fwkYq86xxxQ4J4pz1pbYFqN-0MGh&_nc_zt=23&_nc_ht=scontent-iad6-1.cdninstagram.com&_nc_gid=F4oVAtJgqSffvlU1lmyAVw&_nc_ss=7c689&oh=00_AQBoOg4bi7nTwcSNdI1vRzQixmbUdw6CrUUg-UZDOEN60g&oe=6A5E81C7,"['https://scontent-iad6-1.cdninstagram.com/v/t39.30808-6/678995780_1558404442954417_286442579599378933_n.jpg?stp=dst-jpg_e35_tt6&_nc_cat=100&ig_cache_key=Mzg4MDE4MTc1NTkwMzYzMTExNA%3D%3D.3-ccb7-5&ccb=7-5&_nc_sid=58cdad&efg=eyJ2ZW5jb2RlX3RhZyI6IkNBUk9VU0VMX0lURU0ueHBpZHMuMTA4MC5zZHIucmVndWxhcl9waG90by5DMyJ9&_nc_ohc=tMGrpIDrQAgQ7kNvwGfPjrx&_nc_oc=AdrVfXtGTrsXNNZmWhUyifB0R9m_O4-2nMdNTIrwYOIqeCb4U2Wj26Ot9pp1fwkYq86xxxQ4J4pz1pbYFqN-0MGh&_nc_zt=23&_nc_ht=scontent-iad6-1.cdninstagram.com&_nc_gid=F4oVAtJgqSffvlU1lmyAVw&_nc_ss=7c689&oh=00_AQBoOg4bi7nTwcSNdI1vRzQixmbUdw6CrUUg-UZDOEN60g&oe=6A5E81C7', 'https://scontent-iad6-1.cdninstagram.com/v/t39.30808-6/678778497_1558404502954411_1397156383622489216_n.jpg?stp=dst-jpg_e35_tt6&_nc_cat=107&ig_cache_key=Mzg4MDE4MTc1NDQ3NzU2NzU0OA%3D%3D.3-ccb7-5&ccb=7-5&_nc_sid=58cdad&efg=eyJ2ZW5jb2RlX3RhZyI6IkNBUk9VU0VMX0lURU0ueHBpZHMuMTA4MC5zZHIucmVndWxhcl9waG90by5DMyJ9&_nc_ohc=Aq1kOd4ZTI4Q7kNvwGijgyJ&_nc_oc=AdqDfZEmiNg9D3BiZvUJkdgXBK0_v2Aq7TXJvqNTCx0_kkpMFhtPGrQJ7HEKAAR5J7OHfsDfkDu0DuFF_6Bsz9_Y&_nc_zt=23&_nc_ht=scontent-iad6-1.cdninstagram.com&_nc_gid=F4oVAtJgqSffvlU1lmyAVw&_nc_ss=7c689&oh=00_AQBWDb7vgmGJCK9B2F6wLIHzlvmYMEUrPJLjN-5mwKdvNQ&oe=6A5E6C77', 'https://scontent-iad3-2.cdninstagram.com/v/t39.30808-6/677051972_1558404576287737_542893111048489297_n.jpg?stp=dst-jpg_e35_tt6&_nc_cat=111&ig_cache_key=Mzg4MDE4MTc1ODY5NzA1NDc4Ng%3D%3D.3-ccb7-5&ccb=7-5&_nc_sid=58cdad&efg=eyJ2ZW5jb2RlX3RhZyI6IkNBUk9VU0VMX0lURU0ueHBpZHMuMTA4MC5zZHIucmVndWxhcl9waG90by5DMyJ9&_nc_ohc=Qm1rLpnbr64Q7kNvwG-kOa8&_nc_oc=AdoFlJWgkEp8sx7GDrCFkeY564NtT93eP6Wdkch-hyKtvZyYxhGgOWbbX69H0tTPV7hY7Gu6-nxGuXzY2-ydKmY1&_nc_zt=23&_nc_ht=scontent-iad3-2.cdninstagram.com&_nc_gid=F4oVAtJgqSffvlU1lmyAVw&_nc_ss=7c689&oh=00_AQC5ZoGeoo1QkMZmJYeGKyWqTBOV2aosGDksw56Yq6nRBQ&oe=6A5E6F66', 'https://scontent-iad3-1.cdninstagram.com/v/t39.30808-6/677240913_1558404672954394_2853414459355291972_n.jpg?stp=dst-jpg_e35_tt6&_nc_cat=101&ig_cache_key=Mzg4MDE4MTc1NTMzMzI0MzM3Ng%3D%3D.3-ccb7-5&ccb=7-5&_nc_sid=58cdad&efg=eyJ2ZW5jb2RlX3RhZyI6IkNBUk9VU0VMX0lURU0ueHBpZHMuMTA4MC5zZHIucmVndWxhcl9waG90by5DMyJ9&_nc_ohc=LU-InIoP5_QQ7kNvwFQ41aY&_nc_oc=AdqPBGRa49HqD5X3rRpiLZXQR9ootu6MjRKOmsZKpJbR8VYBmhp4AidOlfOCFH7D1ePcSlajQxQ4t7rb9dj1b8My&_nc_zt=23&_nc_ht=scontent-iad3-1.cdninstagram.com&_nc_gid=F4oVAtJgqSffvlU1lmyAVw&_nc_ss=7c689&oh=00_AQDCb1RXJr2XsDQvM361rsuQSZhkYtlw1qNjEbwMvCLeBg&oe=6A5E7AB8', 'https://scontent-iad3-1.cdninstagram.com/v/t39.30808-6/677095651_1558404776287717_5793179854558669186_n.jpg?stp=dst-jpg_e35_tt6&_nc_cat=110&ig_cache_key=Mzg4MDE4MTc1NTQwODczMTkxMA%3D%3D.3-ccb7-5&ccb=7-5&_nc_sid=58cdad&efg=eyJ2ZW5jb2RlX3RhZyI6IkNBUk9VU0VMX0lURU0ueHBpZHMuMTA4MC5zZHIucmVndWxhcl9waG90by5DMyJ9&_nc_ohc=wKh3avHpFysQ7kNvwFdaZyk&_nc_oc=Ado6eiGP_qfMuF-DHTBL5oOl1JXS3_ZFPMJwCk4JSj9QmrSl5nEZ5fcFKwk0ADgiyx-94eOsB0AlQ5LTegcW7NzT&_nc_zt=23&_nc_ht=scontent-iad3-1.cdninstagram.com&_nc_gid=F4oVAtJgqSffvlU1lmyAVw&_nc_ss=7c689&oh=00_AQB8X5Tok7GVycpdhwC2yVWPYFa9TV3Bd2T4cCIshGIgEg&oe=6A5E78C7']","Photo by Kyubi.digital on April 21, 2026.",12,2026-04-21T12:15:34.000Z,"[{'id': '3880181755903631114', 'type': 'Image', 'caption': '', 'hashtags': [], 'mentions': [], 'url': 'https://www.instagram.com/p/DXZLL-4ll8K/', 'commentsCount': 0, 'firstComment': '', 'latestComments': [], 'dimensionsHeight': 1350, 'dimensionsWidth': 1080, 'displayUrl': 'https://scontent-iad6-1.cdninstagram.com/v/t39.30808-6/678995780_1558404442954417_286442579599378933_n.jpg?stp=dst-jpg_e35_tt6&_nc_cat=100&ig_cache_key=Mzg4MDE4MTc1NTkwMzYzMTExNA%3D%3D.3-ccb7-5&ccb=7-5&_nc_sid=58cdad&efg=eyJ2ZW5jb2RlX3RhZyI6IkNBUk9VU0VMX0lURU0ueHBpZHMuMTA4MC5zZHIucmVndWxhcl9waG90by5DMyJ9&_nc_ohc=tMGrpIDrQAgQ7kNvwGfPjrx&_nc_oc=AdrVfXtGTrsXNNZmWhUyifB0R9m_O4-2nMdNTIrwYOIqeCb4U2Wj26Ot9pp1fwkYq86xxxQ4J4pz1pbYFqN-0MGh&_nc_zt=23&_nc_ht=scontent-iad6-1.cdninstagram.com&_nc_gid=F4oVAtJgqSffvlU1lmyAVw&_nc_ss=7c689&oh=00_AQBoOg4bi7nTwcSNdI1vRzQixmbUdw6CrUUg-UZDOEN60g&oe=6A5E81C7', 'images': [], 'alt': 'Photo by Kyubi.digital on April 21, 2026. May be an image of card, magazine, crossword puzzle and poster.', 'likesCount': 0, 'timestamp': '2026-04-21T12:15:33.000Z', 'childPosts': [], 'ownerId': '17841405329146459', 'shortCode': 'DXZLL-4ll8K', 'originalHeight': 1350, 'originalWidth': 1080, 'ownerUsername': 'kyubi.digital'}, {'id': '3880181754477567548', 'type': 'Image', 'caption': '', 'hashtags': [], 'mentions': [], 'url': 'https://www.instagram.com/p/DXZLL9jll48/', 'commentsCount': 0, 'firstComment': '', 'latestComments': [], 'dimensionsHeight': 1350, 'dimensionsWidth': 1080, 'displayUrl': 'https://scontent-iad6-1.cdninstagram.com/v/t39.30808-6/678778497_1558404502954411_1397156383622489216_n.jpg?stp=dst-jpg_e35_tt6&_nc_cat=107&ig_cache_key=Mzg4MDE4MTc1NDQ3NzU2NzU0OA%3D%3D.3-ccb7-5&ccb=7-5&_nc_sid=58cdad&efg=eyJ2ZW5jb2RlX3RhZyI6IkNBUk9VU0VMX0lURU0ueHBpZHMuMTA4MC5zZHIucmVndWxhcl9waG90by5DMyJ9&_nc_ohc=Aq1kOd4ZTI4Q7kNvwGijgyJ&_nc_oc=AdqDfZEmiNg9D3BiZvUJkdgXBK0_v2Aq7TXJvqNTCx0_kkpMFhtPGrQJ7HEKAAR5J7OHfsDfkDu0DuFF_6Bsz9_Y&_nc_zt=23&_nc_ht=scontent-iad6-1.cdninstagram.com&_nc_gid=F4oVAtJgqSffvlU1lmyAVw&_nc_ss=7c689&oh=00_AQBWDb7vgmGJCK9B2F6wLIHzlvmYMEUrPJLjN-5mwKdvNQ&oe=6A5E6C77', 'images': [], 'alt': 'Photo by Kyubi.digital on April 21, 2026. May be an image of poster.', 'likesCount': 0, 'timestamp': '2026-04-21T12:15:33.000Z', 'childPosts': [], 'ownerId': '17841405329146459', 'shortCode': 'DXZLL9jll48', 'originalHeight': 1350, 'originalWidth': 1080, 'ownerUsername': 'kyubi.digital'}, {'id': '3880181758697054786', 'type': 'Image', 'caption': '', 'hashtags': [], 'mentions': [], 'url': 'https://www.instagram.com/p/DXZLMBfFqJC/', 'commentsCount': 0, 'firstComment': '', 'latestComments': [], 'dimensionsHeight': 1350, 'dimensionsWidth': 1080, 'displayUrl': 'https://scontent-iad3-2.cdninstagram.com/v/t39.30808-6/677051972_1558404576287737_542893111048489297_n.jpg?stp=dst-jpg_e35_tt6&_nc_cat=111&ig_cache_key=Mzg4MDE4MTc1ODY5NzA1NDc4Ng%3D%3D.3-ccb7-5&ccb=7-5&_nc_sid=58cdad&efg=eyJ2ZW5jb2RlX3RhZyI6IkNBUk9VU0VMX0lURU0ueHBpZHMuMTA4MC5zZHIucmVndWxhcl9waG90by5DMyJ9&_nc_ohc=Qm1rLpnbr64Q7kNvwG-kOa8&_nc_oc=AdoFlJWgkEp8sx7GDrCFkeY564NtT93eP6Wdkch-hyKtvZyYxhGgOWbbX69H0tTPV7hY7Gu6-nxGuXzY2-ydKmY1&_nc_zt=23&_nc_ht=scontent-iad3-2.cdninstagram.com&_nc_gid=F4oVAtJgqSffvlU1lmyAVw&_nc_ss=7c689&oh=00_AQC5ZoGeoo1QkMZmJYeGKyWqTBOV2aosGDksw56Yq6nRBQ&oe=6A5E6F66', 'images': [], 'alt': 'Photo by Kyubi.digital on April 21, 2026. May be a cartoon of poster.', 'likesCount': 0, 'timestamp': '2026-04-21T12:15:33.000Z', 'childPosts': [], 'ownerId': '17841405329146459', 'shortCode': 'DXZLMBfFqJC', 'originalHeight': 1350, 'originalWidth': 1080, 'ownerUsername': 'kyubi.digital'}, {'id': '3880181755333243376', 'type': 'Image', 'caption': '', 'hashtags': [], 'mentions': [], 'url': 'https://www.instagram.com/p/DXZLL-WlvHw/', 'commentsCount': 0, 'firstComment': '', 'latestComments': [], 'dimensionsHeight': 1350, 'dimensionsWidth': 1080, 'displayUrl': 'https://scontent-iad3-1.cdninstagram.com/v/t39.30808-6/677240913_1558404672954394_2853414459355291972_n.jpg?stp=dst-jpg_e35_tt6&_nc_cat=101&ig_cache_key=Mzg4MDE4MTc1NTMzMzI0MzM3Ng%3D%3D.3-ccb7-5&ccb=7-5&_nc_sid=58cdad&efg=eyJ2ZW5jb2RlX3RhZyI6IkNBUk9VU0VMX0lURU0ueHBpZHMuMTA4MC5zZHIucmVndWxhcl9waG90by5DMyJ9&_nc_ohc=LU-InIoP5_QQ7kNvwFQ41aY&_nc_oc=AdqPBGRa49HqD5X3rRpiLZXQR9ootu6MjRKOmsZKpJbR8VYBmhp4AidOlfOCFH7D1ePcSlajQxQ4t7rb9dj1b8My&_nc_zt=23&_nc_ht=scontent-iad3-1.cdninstagram.com&_nc_gid=F4oVAtJgqSffvlU1lmyAVw&_nc_ss=7c689&oh=00_AQDCb1RXJr2XsDQvM361rsuQSZhkYtlw1qNjEbwMvCLeBg&oe=6A5E7AB8', 'images': [], 'alt': 'Photo by Kyubi.digital on April 21, 2026. May be an image of poster and banana.', 'likesCount': 0, 'timestamp': '2026-04-21T12:15:33.000Z', 'childPosts': [], 'ownerId': '17841405329146459', 'shortCode': 'DXZLL-WlvHw', 'originalHeight': 1350, 'originalWidth': 1080, 'ownerUsername': 'kyubi.digital'}, {'id': '3880181755408731910', 'type': 'Image', 'caption': '', 'hashtags': [], 'mentions': [], 'url': 'https://www.instagram.com/p/DXZLL-bFs8G/', 'commentsCount': 0, 'firstComment': '', 'latestComments': [], 'dimensionsHeight': 1350, 'dimensionsWidth': 1080, 'displayUrl': 'https://scontent-iad3-1.cdninstagram.com/v/t39.30808-6/677095651_1558404776287717_5793179854558669186_n.jpg?stp=dst-jpg_e35_tt6&_nc_cat=110&ig_cache_key=Mzg4MDE4MTc1NTQwODczMTkxMA%3D%3D.3-ccb7-5&ccb=7-5&_nc_sid=58cdad&efg=eyJ2ZW5jb2RlX3RhZyI6IkNBUk9VU0VMX0lURU0ueHBpZHMuMTA4MC5zZHIucmVndWxhcl9waG90by5DMyJ9&_nc_ohc=wKh3avHpFysQ7kNvwFdaZyk&_nc_oc=Ado6eiGP_qfMuF-DHTBL5oOl1JXS3_ZFPMJwCk4JSj9QmrSl5nEZ5fcFKwk0ADgiyx-94eOsB0AlQ5LTegcW7NzT&_nc_zt=23&_nc_ht=scontent-iad3-1.cdninstagram.com&_nc_gid=F4oVAtJgqSffvlU1lmyAVw&_nc_ss=7c689&oh=00_AQB8X5Tok7GVycpdhwC2yVWPYFa9TV3Bd2T4cCIshGIgEg&oe=6A5E78C7', 'images': [], 'alt': 'Photo by Kyubi.digital on April 21, 2026. May be an image of poster.', 'likesCount': 0, 'timestamp': '2026-04-21T12:15:33.000Z', 'childPosts': [], 'ownerId': '17841405329146459', 'shortCode': 'DXZLL-bFs8G', 'originalHeight': 1350, 'originalWidth': 1080, 'ownerUsername': 'kyubi.digital'}]",Kyubi.digital,kyubi.digital,5331673638,False,https://www.instagram.com/kyubi.digital/,1350,1080,carousel_container,,,,,,,,,,,
3457539258169498665,Image,C_7paLwKRwp,"⭐️⭐️ Notre réalisation ⭐️⭐️ :
Roll up pour notre client 🎖 MC CONSULTING 🎖
Veuillez consulter nos projets réalisés sur notre site web:
🌐 www.24-7digital.com.tn

24-7 Digital Design est votre meilleur partenaire pour réaliser votre:
✅ Site Web.
✅ Application Web & Mobile
✅ Branding , logo et Charte graphique.
✅ Conception de vos supports de communication.
✅ Gestion de vos réseaux sociaux.
✅ Modélisation 3D et rendu réaliste de vos produits.
✅ Packaging design.

Pour toute étude personnalisée, veuillez contacter nos experts au :
Mobile + whatsapp : +216 96 357 457
Facebook : www.facebook.com/24.7.digital.design.tunisie
instagram : www.instagram.com/247digitaldesign/
Linkedin : www.linkedin.com/company/11547031/

#Webdesign #siteweb #logo #chartegraphique #graphicdesign #smo #conception3d #packaging #branding #sitevitrine #ecommerce Voir moins","['Webdesign', 'siteweb', 'logo', 'chartegraphique', 'graphicdesign', 'smo', 'conception3d', 'packaging', 'branding', 'sitevitrine', 'ecommerce']",[],https://www.instagram.com/p/C_7paLwKRwp/,1,INCREDIBLE😮,"[{'id': '18352847407140380', 'text': 'INCREDIBLE😮', 'ownerUsername': 'logo.institute', 'ownerProfilePicUrl': 'https://scontent-ord5-3.cdninstagram.com/v/t51.2885-19/461810843_1014542570684276_5618525246200292274_n.jpg?stp=dst-jpg_s150x150_tt6&_nc_cat=100&ccb=7-5&_nc_sid=f7ccc5&efg=eyJ2ZW5jb2RlX3RhZyI6InByb2ZpbGVfcGljLnd3dy4xMDgwLkMzIn0%3D&_nc_ohc=_qLXtuVL3u4Q7kNvwGTR3q8&_nc_oc=Adppm1n_bPnaPOFjDKK0PhBS8RAqN8YMuSMgRd6YxV5YBLo1PqkZyib2tSsLLmwwsdSLuHklueWf1d5yeCgkYGci&_nc_zt=24&_nc_ht=scontent-ord5-3.cdninstagram.com&_nc_ss=72689&oh=00_AQA-NCCUCHCFi0Tq3sPgID72q3V1HAI2S5Uo7VTyFUEkZw&oe=6A5E8816', 'timestamp': '2024-09-15T09:20:49.000Z', 'repliesCount': None, 'replies': None, 'likesCount': 0, 'owner': {'username': 'logo.institute', 'profile_pic_url': 'https://scontent-ord5-3.cdninstagram.com/v/t51.2885-19/461810843_1014542570684276_5618525246200292274_n.jpg?stp=dst-jpg_s150x150_tt6&_nc_cat=100&ccb=7-5&_nc_sid=f7ccc5&efg=eyJ2ZW5jb2RlX3RhZyI6InByb2ZpbGVfcGljLnd3dy4xMDgwLkMzIn0%3D&_nc_ohc=_qLXtuVL3u4Q7kNvwGTR3q8&_nc_oc=Adppm1n_bPnaPOFjDKK0PhBS8RAqN8YMuSMgRd6YxV5YBLo1PqkZyib2tSsLLmwwsdSLuHklueWf1d5yeCgkYGci&_nc_zt=24&_nc_ht=scontent-ord5-3.cdninstagram.com&_nc_ss=72689&oh=00_AQA-NCCUCHCFi0Tq3sPgID72q3V1HAI2S5Uo7VTyFUEkZw&oe=6A5E8816', 'is_verified': False, 'id': '51989551682', 'full_name': None, 'is_mentionable': None, 'is_private': None, 'profile_pic_id': None, 'latest_reel_media': None}}]",810,1080,https://instagram.fcps4-2.fna.fbcdn.net/v/t39.30808-6/491395105_1224950862969981_844146347225115700_n.jpg?stp=dst-jpg_e35_s1080x1080_sh2.08_tt6&_nc_ht=instagram.fcps4-2.fna.fbcdn.net&_nc_cat=109&_nc_oc=Q6cZ2gH1INtkPS5zptBeHV0m6C6Nw7SDC9IGwNf-D62SJM4YgO9hKThNXnDQZhA2JJZ-DSNRat-LXI-uoOMY4ltva7KE&_nc_ohc=EPCz6sVg6HUQ7kNvwH5teLn&_nc_gid=svDxxNEas5N_SYeQid3C_A&edm=ADp7STQAAAAA&ccb=7-5&oh=00_AQAv4nB65PfVdAY3wFBQbf_uiIBNj90O7pvlZ_qzW38daw&oe=6A5E6DC7&_nc_sid=c6f216,[],"Photo by 24-7digital design on September 15, 2024.",1,2024-09-15T09:00:21.000Z,[],24-7digital design,247digitaldesign,9774715009,False,https://www.instagram.com/247digitaldesign/,1536,2048,feed,,,,,,,,,,,
3245176111333757422,Image,C0JLnrFodHu,"🚀 Prêts à booster votre stratégie marketing ? 

Chez ACM Marketing, nous sommes là pour propulser votre présence en ligne vers de nouveaux sommets ! 💻💡 

☎️ 73 367 402
💻 www.acm-marketing.tn
✉️ contact@acm-marketing.com
📌 Avenue yasser arafet sahloul, Sousse, Tunisia

#ACMMarketing #StratégieMarketing #DigitalSuccess #Design #Visibilité #CroissanceDesAffaires #CréationDeSiteWeb #SiteWeb #PrésenceEnLigne #marketing #marketingtips #marketingtips #marketingagency #marketingonline #marketingdigital #marketingdigital #marketingstrategy #marketingstrategy #marketingstrategies #MarketingSuccess #marketingstrategies #marketingdigitalbrasil #digital #digital #digitalart #digitalartist","['ACMMarketing', 'StratégieMarketing', 'DigitalSuccess', 'Design', 'Visibilité', 'CroissanceDesAffaires', 'CréationDeSiteWeb', 'SiteWeb', 'PrésenceEnLigne', 'marketing', 'marketingtips', 'marketingagency', 'marketingonline', 'marketingdigital', 'marketingstrategy', 'marketingstrategies', 'MarketingSuccess', 'marketingdigitalbrasil', 'digital', 'digitalart', 'digitalartist']",[],https://www.instagram.com/p/C0JLnrFodHu/,0,,[],1080,1080,https://scontent-bos5-1.cdninstagram.com/v/t39.30808-6/490217351_1278525030457388_106340324580046702_n.jpg?stp=dst-jpg_e15_fr_s1080x1080_tt6&_nc_ht=scontent-bos5-1.cdninstagram.com&_nc_cat=108&_nc_oc=Q6cZ2gH4KHcZO1xmAA0xs_44-a-38EbF6h0u5QYA9qJrbC1DaqXcTfHSgNMSN-qxoRbMhV2e1tDGo4UcLmzXQ9i1cosA&_nc_ohc=DQR3Ngsb-5wQ7kNvwFSiSci&_nc_gid=JdfvlNiSOfYktD2v60Vdig&edm=ADp7STQAAAAA&ccb=7-5&oh=00_AQBHgjQdYhwIh2r984W_DthyxIrxfZs81afvO5933XzmFw&oe=6A5E87E0&_nc_sid=c6f216,[],"Photo by ACM Marketing Tunisie on November 27, 2023.",0,2023-11-27T08:52:41.000Z,[],ACM Marketing Tunisie,acm.marketing.tn,4451580919,False,https://www.instagram.com/acm.marketing.tn/,1080,1080,feed,Sahloul,106377021175479,,,,,,,,,
3239291143236320584,Image,Cz0RiHcq31I,"🎉 En cette Journée Internationale de l'Homme, ACM Marketing célèbre la force, la bienveillance et la contribution exceptionnelle des hommes qui font partie de notre équipe et de notre communauté. Merci pour votre engagement et votre impact positif ! 💪👨

☎️ 73 367 402
💻 www.acm-marketing.tn
✉️ contact@acm-marketing.com
📌 Avenue yasser arafet sahloul, Sousse, Tunisia

#ACMMarketing #JournéeDeLHomme #ACMMarketing #ForceEtBienveillance #Design #Visibilité #CroissanceDesAffaires #CréationDeSiteWeb #SiteWeb #PrésenceEnLigne #marketing #marketingtips #marketingtips #marketingagency #marketingonline #marketingdigital #marketingdigital #marketingstrategy #marketingstrategy #marketingstrategies #MarketingSuccess #marketingstrategies #marketingdigitalbrasil #digital #digital #digitalart #digitalartist","['ACMMarketing', 'JournéeDeLHomme', 'ForceEtBienveillance', 'Design', 'Visibilité', 'CroissanceDesAffaires', 'CréationDeSiteWeb', 'SiteWeb', 'PrésenceEnLigne', 'marketing', 'marketingtips', 'marketingagency', 'marketingonline', 'marketingdigital', 'marketingstrategy', 'marketingstrategies', 'MarketingSuccess', 'marketingdigitalbrasil', 'digital', 'digitalart', 'digitalartist']",[],https://www.instagram.com/p/Cz0RiHcq31I/,0,,[],1080,1080,https://instagram.fosu2-1.fna.fbcdn.net/v/t39.30808-6/490367403_1278062410503650_3959113189071066917_n.jpg?stp=dst-jpg_e15_fr_s1080x1080_tt6&_nc_ht=instagram.fosu2-1.fna.fbcdn.net&_nc_cat=102&_nc_oc=Q6cZ2gENGcJ05k6aCQ06ez_Cdehs06q_poRFkDlwu2JovtjmfHk5WDhYR8331DoVYKPHf9tHbA_ZhPnaCo-W5fmLBB1g&_nc_ohc=YXFr45HwZHEQ7kNvwHXEyVv&_nc_gid=9zjS-27sHSpOjeLywKiDvQ&edm=ADp7STQAAAAA&ccb=7-5&oh=00_AQB7SLtFxUGAF0aAVGTUZqLAOe-OjG3-jn0gnLPUj4emLg&oe=6A5E6D46&_nc_sid=c6f216,[],"Photo by ACM Marketing Tunisie on November 18, 2023.",1,2023-11-19T06:00:18.000Z,[],ACM Marketing Tunisie,acm.marketing.tn,4451580919,False,https://www.instagram.com/acm.marketing.tn/,1080,1080,feed,Sahloul,106377021175479,,,,,,,,,
3865213399437309058,Video,DWj_xuminSC,"Production complète pour Vacation 🌴
Tournage & shooting produit skincare pensés pour sublimer chaque détail, entre lumière, texture et sensorialité ✨
Un univers visuel frais et immersif au service d’une marque forte 💫 @vacation_tunisia",[],['vacation_tunisia'],https://www.instagram.com/p/DWj_xuminSC/,0,,[],1136,640,https://scontent-ord5-3.cdninstagram.com/v/t51.71878-15/657315352_1631819291194378_662137604775477405_n.jpg?stp=dst-jpg_e15_tt6&_nc_ht=scontent-ord5-3.cdninstagram.com&_nc_cat=110&_nc_oc=Q6cZ2gFAb655SapniTNzVvUPkPglHjB_Kv_A-pRQtGmcVBapP56R7xv0aISKV9jSXrLS2Ik&_nc_ohc=4tRluOXYD0oQ7kNvwGpOW34&_nc_gid=fBpWJGPeyfDhKAL5u1uueg&edm=ADp7STQBAAAA&ccb=7-5&oh=00_AQDqcuUa3ktaaX0KlyaYFeXKc-jJ5bhg9S7UzyjPqJ7b8A&oe=6A5E76AD&_nc_sid=c6f216,[],"Video by MUSE on March 31, 2026.",11,2026-03-31T20:41:10.000Z,[],MUSE,muse_agency,408328146,False,https://www.instagram.com/muse_agency/,1920,1080,clips,,,"[{'full_name': 'Emna Marouani', 'id': '1457689707', 'is_verified': False, 'profile_pic_url': 'https://scontent-iad6-1.cdninstagram.com/v/t51.82787-19/650096481_18569836210025708_7112787654109295637_n.jpg?stp=dst-jpg_s150x150_tt6&_nc_cat=102&ccb=7-5&_nc_sid=f7ccc5&efg=eyJ2ZW5jb2RlX3RhZyI6InByb2ZpbGVfcGljLnd3dy4xMDgwLkMzIn0%3D&_nc_ohc=xTxCHj8B4BoQ7kNvwHzoW5X&_nc_oc=AdrTQZzW8JXOTlfcQqPHf-VxYn2XUJjCMldibDXW6gEMNRBngRo7HHGb9hXBH2QL9Es&_nc_zt=24&_nc_ht=scontent-iad6-1.cdninstagram.com&_nc_gid=tD65OKqR4JE_eVQcmiuUPA&_nc_ss=72a8c&oh=00_AQAZVlF6QgcvalU27ZzAZn66Npn8Y8t96crE3DwENo8dOg&oe=6A5E90C0', 'username': 'emna_marouani'}, {'full_name': 'Yosra Derouich Make-up Artist', 'id': '1572524910', 'is_verified': False, 'profile_pic_url': 'https://scontent-iad6-1.cdninstagram.com/v/t51.82787-19/625839502_18551141956044911_6782781947849499062_n.jpg?stp=dst-jpg_s150x150_tt6&_nc_cat=100&ccb=7-5&_nc_sid=f7ccc5&efg=eyJ2ZW5jb2RlX3RhZyI6InByb2ZpbGVfcGljLnd3dy4xMDgwLkMzIn0%3D&_nc_ohc=i_N0AWQ2HRoQ7kNvwGeKzu_&_nc_oc=AdqUTXDo86kV4iX6VhORUI3MKa9bXDQUz-GI9TRwu5lT-hpYGT9UMwgUJdJwxduTfis&_nc_zt=24&_nc_ht=scontent-iad6-1.cdninstagram.com&_nc_gid=tD65OKqR4JE_eVQcmiuUPA&_nc_ss=72a8c&oh=00_AQCJqZKd5RfPnEPVbqrLRSU1IQCT_BsAkPjrkYyFNis0-Q&oe=6A5E79B2', 'username': 'yosraderouiche_makeup_artist'}, {'full_name': 'N o u n o u🌞', 'id': '1909006213', 'is_verified': False, 'profile_pic_url': 'https://scontent-iad3-2.cdninstagram.com/v/t51.2885-19/475450428_406093942592551_5931298764843148443_n.jpg?stp=dst-jpg_s150x150_tt6&_nc_cat=105&ccb=7-5&_nc_sid=f7ccc5&efg=eyJ2ZW5jb2RlX3RhZyI6InByb2ZpbGVfcGljLnd3dy4xMDgwLkMzIn0%3D&_nc_ohc=PMMEzRGv-IsQ7kNvwHyS6cS&_nc_oc=AdrUgBt_CjpOlQiBbW6b3PrZzhIjP6B63rLvWHVC0REW6tyAup0LAakxYKLwsINASv0&_nc_zt=24&_nc_ht=scontent-iad3-2.cdninstagram.com&_nc_ss=72a8c&oh=00_AQAWn0C7KAyAsbdC-dJqD0J7mjlxxTqAgAhpuSyGD_zpBA&oe=6A5E7CD3', 'username': 'nour.abdella0ui'}, {'full_name': 'Muse Man', 'id': '6701597107', 'is_verified': False, 'profile_pic_url': 'https://scontent-iad3-2.cdninstagram.com/v/t51.82787-19/702209077_18338189362221108_6131811648411985308_n.jpg?stp=dst-jpg_s150x150_tt6&_nc_cat=111&ccb=7-5&_nc_sid=f7ccc5&efg=eyJ2ZW5jb2RlX3RhZyI6InByb2ZpbGVfcGljLnd3dy4xMDgwLkMzIn0%3D&_nc_ohc=NotCXVa04r8Q7kNvwHscsFg&_nc_oc=Ado1JQnJvrdWze1byldZHW3fEaAUMJkmAiBDfYFMCDG9vNjwg6eI2KUY0Om7hEYOwHI&_nc_zt=24&_nc_ht=scontent-iad3-2.cdninstagram.com&_nc_gid=tD65OKqR4JE_eVQcmiuUPA&_nc_ss=72a8c&oh=00_AQDDGdhjN4K6T2omtTN-tcvVTsR9F1_lW3gBb8Ax9I-uOA&oe=6A5E94C1', 'username': 'muse_man_'}, {'full_name': 'Maemoun Neji', 'id': '7273252004', 'is_verified': False, 'profile_pic_url': 'https://scontent-iad3-2.cdninstagram.com/v/t51.82787-19/620308504_18332959318244005_8925911861209023745_n.jpg?stp=dst-jpg_s150x150_tt6&_nc_cat=105&ccb=7-5&_nc_sid=f7ccc5&efg=eyJ2ZW5jb2RlX3RhZyI6InByb2ZpbGVfcGljLnd3dy4xMDgwLkMzIn0%3D&_nc_ohc=CrvRYxXLtNwQ7kNvwF1IHsK&_nc_oc=Adrw5IuuFP3CQfItfchu2ovBTX5QL-btLqXZa1jPKqqvemApsefRrl-wpHf7P8vC_PA&_nc_zt=24&_nc_ht=scontent-iad3-2.cdninstagram.com&_nc_gid=tD65OKqR4JE_eVQcmiuUPA&_nc_ss=72a8c&oh=00_AQBXUbs9-uoNRvpvZxIr6xbfnaQn7l2bTEBFr7DKIz-q6g&oe=6A5E973D', 'username': 'piki.maemoun'}, {'full_name': 'Vacation Skincare', 'id': '78198477873', 'is_verified': False, 'profile_pic_url': 'https://scontent-iad3-2.cdninstagram.com/v/t51.82787-19/671218049_17871036396605874_978793676803772447_n.jpg?stp=dst-jpg_s150x150_tt6&_nc_cat=105&ccb=7-5&_nc_sid=f7ccc5&efg=eyJ2ZW5jb2RlX3RhZyI6InByb2ZpbGVfcGljLnd3dy43MTUuQzMifQ%3D%3D&_nc_ohc=up6ZfzvOhH4Q7kNvwGV-PU1&_nc_oc=AdrXFE2iRpj9zu5e26btLHep6WQ9AnxZ4xRFy8CTh8YHI7qI6aJp8qeRSnOPowkmpnQ&_nc_zt=24&_nc_ht=scontent-iad3-2.cdninstagram.com&_nc_gid=tD65OKqR4JE_eVQcmiuUPA&_nc_ss=72a8c&oh=00_AQAOsHZZMYrfZGiOlFSehXwcZc3kG89yjzi6FVWp-lyZSQ&oe=6A5E9DD7', 'username': 'vacation_tunisia'}]",https://scontent-iad6-1.cdninstagram.com/o1/v/t2/f2/m86/AQOFDGMcba4cnk5eF40yoikiC33q1rMZTPAb4bLJWMkswxQdZthq93gnAOYtI6Xg416qHqF-UTNDRpA_KgMfVNN6pKyTNh3gA2olUxM.mp4?_nc_cat=102&_nc_sid=5e9851&_nc_ht=scontent-iad6-1.cdninstagram.com&_nc_ohc=7UoMEWlpA60Q7kNvwE2U2jc&efg=eyJ2ZW5jb2RlX3RhZyI6Inhwdl9wcm9ncmVzc2l2ZS5JTlNUQUdSQU0uQ0xJUFMuQzMuNzIwLmRhc2hfYmFzZWxpbmVfMV92MSIsInhwdl9hc3NldF9pZCI6MTg1OTYzNDc5MzYwMDgxNDcsImFzc2V0X2FnZV9kYXlzIjoxMDYsInZpX3VzZWNhc2VfaWQiOjEwMDk5LCJkdXJhdGlvbl9zIjoyNywidXJsZ2VuX3NvdXJjZSI6Ind3dyJ9&ccb=17-1&vs=91eeee89bd18a2b4&_nc_vs=HBksFQIYUmlnX3hwdl9yZWVsc19wZXJtYW5lbnRfc3JfcHJvZC9ENDRDQTRERUI2MUZBNUIyNDIwQ0E0OERBNTQ1M0I5Nl92aWRlb19kYXNoaW5pdC5tcDQVAALIARIAFQIYUWlnX3hwdl9wbGFjZW1lbnRfcGVybWFuZW50X3YyLzE3NDY1MzQwNjBCQ0M1MkRCRjA3MzE0QTFCM0UwOEE4X2F1ZGlvX2Rhc2hpbml0Lm1wNBUCAsgBEgAoABgAGwKIB3VzZV9vaWwBMRJwcm9ncmVzc2l2ZV9yZWNpcGUBMRUAACamn8ON9dGIQhUCKAJDMywXQDt1P3ztkWgYEmRhc2hfYmFzZWxpbmVfMV92MREAdf4HZeadAQA&_nc_gid=tD65OKqR4JE_eVQcmiuUPA&_nc_ss=72a8c&_nc_zt=28&oh=00_AQBIJlM4A91FNCG--3Xr-NZik9RH6MEv9ltJv1Lrx-x9bQ&oe=6A5A76A7,461,https://scontent-iad6-1.cdninstagram.com/o1/v/t2/f2/m78/AQMnhOjoS6kP23lkUlrdowlZ4Il67pHdSZp4FbS6ZLYhu5fAwYM_8c3xajVWtsoTHUkHn5b7E1YaaU-el0k2e976LpQ4StCGFS_r2V0.mp4?_nc_cat=102&_nc_sid=9ca052&_nc_ht=scontent-iad6-1.cdninstagram.com&_nc_ohc=JFyu4e954IYQ7kNvwGB2ZO9&efg=eyJ2ZW5jb2RlX3RhZyI6ImlnLXhwdmRzLmNsaXBzLmlnd3d3LUMzLmRhc2hfbG5faGVhYWNfdmJyM19hdWRpbyIsInZpZGVvX2lkIjpudWxsLCJvaWxfdXJsZ2VuX2FwcF9pZCI6OTM2NjE5NzQzMzkyNDU5LCJjbGllbnRfbmFtZSI6ImlnIiwieHB2X2Fzc2V0X2lkIjoxODU5NjM0NzkzNjAwODE0NywiYXNzZXRfYWdlX2RheXMiOjEwNiwidmlfdXNlY2FzZV9pZCI6MTAwOTksImR1cmF0aW9uX3MiOjI3LCJiaXRyYXRlIjo2NTg4MywidXJsZ2VuX3NvdXJjZSI6Ind3dyJ9&ccb=17-1&_nc_gid=tD65OKqR4JE_eVQcmiuUPA&_nc_ss=72a8c&_nc_zt=28&oh=00_AQBzUcUmC03zliie0AuqagXpurIcQGhBIerXzjEq8Om1_A&oe=6A5AA28B,27.468,"{'artist_name': 'muse_agency', 'song_name': 'Original audio', 'uses_original_audio': True, 'should_mute_audio': False, 'should_mute_audio_reason': '', 'audio_id': '26229848083366011'}",1565,,
3440869469318954116,Image,C_AbI1FPjyE,"⭐️⭐️ Notre réalisation ⭐️⭐️ :
Packaging pour notre client 🎖 CORPY 🎖
Veuillez consulter nos projets réalisés sur notre site web: 
🌐 www.24-7digital.com.tn
24-7 Digital Design est votre meilleur partenaire pour réaliser votre: 
✅ Site Web. 
✅ Application Web & Mobile
✅ Branding , logo et Charte graphique. 
✅ Conception de vos supports de communication. 
✅ Gestion de vos réseaux sociaux. 
✅ Modélisation 3D et rendu réaliste de vos produits. 
✅ Packaging design.
Pour toute étude personnalisée, veuillez contacter nos experts au : 
Mobile + whatsapp : +216 96 357 457 
Facebook : www.facebook.com/24.7.digital.design.tunisie 
instagram : www.instagram.com/247digitaldesign/ 
Linkedin : www.linkedin.com/company/11547031/
#Webdesign #siteweb #logo #chartegraphique #graphicdesign #smo #conception3d #packaging #branding #sitevitrine #ecommerce","['Webdesign', 'siteweb', 'logo', 'chartegraphique', 'graphicdesign', 'smo', 'conception3d', 'packaging', 'branding', 'sitevitrine', 'ecommerce']",[],https://www.instagram.com/p/C_AbI1FPjyE/,0,,[],720,1080,https://instagram.fsan1-1.fna.fbcdn.net/v/t39.30808-6/491179531_1224773702987697_6533751559943538895_n.jpg?stp=dst-jpg_e35_s1080x1080_sh2.08_tt6&_nc_ht=instagram.fsan1-1.fna.fbcdn.net&_nc_cat=109&_nc_oc=Q6cZ2gEZlwihMWbsSSLoEZ2LpVOxORPl04_Z-ln9zS4r17qrGuuMN6c4H0wH4qlndf0HcOHCWGgJL3slojxaQ17R6CDu&_nc_ohc=dAXuS9h2ImAQ7kNvwENZ3qx&_nc_gid=rr6zwfybJOYSJRppdc4mWg&edm=ADp7STQAAAAA&ccb=7-5&oh=00_AQA1Z-YOdvJARAy_d3Q5fnfE3dY8lUeyv9wqpkBhxg7eTw&oe=6A5E8179&_nc_sid=c6f216,[],"Photo by 24-7digital design on August 23, 2024.",2,2024-08-23T09:00:27.000Z,[],24-7digital design,247digitaldesign,9774715009,False,https://www.instagram.com/247digitaldesign/,1366,2048,feed,,,,,,,,,,,
3931819392098802209,Sidecar,DaQoOfLCpoh,"Nous sommes extrêmement fiers de féliciter nos deux formidables stagiaires, hanin chouk et Ayoub Yatouji, pour l'obtention de leurs diplômes avec distinction ! 

C'est un véritable plaisir pour nous de voir l'impact de nos jeunes talents, qui ont choisi E2Business pour relever des défis innovants au carrefour de l'intelligence artificielle et du marketing digital.

👏 Félicitations à hanin chouk ! Hanin vient d'obtenir sa Licence en Gestion des TIC à l'ISET'Com avec la Mention Très Bien (note de 17,5/20). Son PFE s'est concentré sur le positionnement de l'entreprise sur les moteurs de recherche génératifs (IA), éveillant son intérêt pour la Data et l'IA. Un grand merci pour tes mots, Hanin, ce n'est que le début ! ✨
👏 Félicitations à Ayoub Yatouji ! qui a brillamment soutenu son Master en Distribution, Négociation et Commerce Digital à l'ESC Tunis, également avec la Mention Très Bien. Son projet, axé sur l'automatisation du SEO par l'IA, est le fruit d'une collaboration d'un an avec E2Business. Bravo pour ta persévérance et ta capacité à transformer une idée en un système concret !

Avis aux Recruteurs et Entreprises !

Le marché évolue vite, et ces deux profils possèdent exactement les compétences hybrides (Marketing Digital + IA) que vous recherchez pour booster vos performances. Ils ont l'esprit d'innovation, la rigueur et une expérience pratique de terrain acquise au sein de notre cabinet.

📩 N'hésitez pas à les contacter directement sur leurs réseaux ou à nous demander une mise en relation. Des talents comme Hanin et Ayoub n'attendent pas !

Un grand bravo à tous les deux. Votre réussite est la nôtre, et ce n'est que le début d'un parcours professionnel brillant ! ✨
hashtag#InsertionProfessionnelle hashtag#Employabilité hashtag#Recrutement hashtag#TalentsIA hashtag#MarketingDigital hashtag#SEO hashtag#IA hashtag#ISETCom hashtag#ESCTunis hashtag#E2Business hashtag#JeunesTalents hashtag#Tunisie","['InsertionProfessionnelle', 'Employabilité', 'Recrutement', 'TalentsIA', 'MarketingDigital', 'SEO', 'IA', 'ISETCom', 'ESCTunis', 'E2Business', 'JeunesTalents', 'Tunisie']",[],https://www.instagram.com/p/DaQoOfLCpoh/,0,,[],1536,1152,https://scontent-hou1-1.cdninstagram.com/v/t39.30808-6/735608796_1466141705537523_5284617146102702346_n.jpg?stp=c0.48.1152.1440a_dst-jpg_e35_tt6&_nc_cat=111&ig_cache_key=MzkzMTgxOTM0NzczMTQ3ODUzOQ%3D%3D.3-ccb7-5&ccb=7-5&_nc_sid=58cdad&efg=eyJ2ZW5jb2RlX3RhZyI6IkNBUk9VU0VMX0lURU0ueHBpZHMuMTE1Mi5zZHIucmVndWxhcl9waG90by5DMyJ9&_nc_ohc=HY-cCsazKK0Q7kNvwFwAZxd&_nc_oc=Adq5RwCawiUbfH9XX1L6uuiSqCSAIKBICbO958UR0s1YdVnr8cqoBgLUVjzr6K8qJP1_01PqaJEZQVtOpw9hY_g0&_nc_zt=23&_nc_ht=scontent-hou1-1.cdninstagram.com&_nc_gid=CCc6HlbMDhdaN1rJVT2vUA&_nc_ss=7b20f&oh=00_AQBzWzu7dCkGynuZoNGWvd6OH3VXiB2anisV_9BdxjakqQ&oe=6A5E9613,"['https://scontent-hou1-1.cdninstagram.com/v/t39.30808-6/735608796_1466141705537523_5284617146102702346_n.jpg?stp=c0.48.1152.1440a_dst-jpg_e35_tt6&_nc_cat=111&ig_cache_key=MzkzMTgxOTM0NzczMTQ3ODUzOQ%3D%3D.3-ccb7-5&ccb=7-5&_nc_sid=58cdad&efg=eyJ2ZW5jb2RlX3RhZyI6IkNBUk9VU0VMX0lURU0ueHBpZHMuMTE1Mi5zZHIucmVndWxhcl9waG90by5DMyJ9&_nc_ohc=HY-cCsazKK0Q7kNvwFwAZxd&_nc_oc=Adq5RwCawiUbfH9XX1L6uuiSqCSAIKBICbO958UR0s1YdVnr8cqoBgLUVjzr6K8qJP1_01PqaJEZQVtOpw9hY_g0&_nc_zt=23&_nc_ht=scontent-hou1-1.cdninstagram.com&_nc_gid=CCc6HlbMDhdaN1rJVT2vUA&_nc_ss=7b20f&oh=00_AQBzWzu7dCkGynuZoNGWvd6OH3VXiB2anisV_9BdxjakqQ&oe=6A5E9613', 'https://scontent-hou1-1.cdninstagram.com/v/t39.30808-6/736715975_1466141702204190_8576998726502633383_n.jpg?stp=c0.48.1152.1440a_dst-jpg_e35_tt6&_nc_cat=111&ig_cache_key=MzkzMTgxOTM0ODQxOTM0NTU4Mg%3D%3D.3-ccb7-5&ccb=7-5&_nc_sid=58cdad&efg=eyJ2ZW5jb2RlX3RhZyI6IkNBUk9VU0VMX0lURU0ueHBpZHMuMTE1Mi5zZHIucmVndWxhcl9waG90by5DMyJ9&_nc_ohc=BV_fZ552aI8Q7kNvwFgZhXK&_nc_oc=Adr9XFp2KA44UYFeLgvLfa9IrOQEkvM0mgA6RNECQ76njVAW6PHR9aIyXYfW8iGO8S8FkGOjbkRmTMfgsWCzvUGW&_nc_zt=23&_nc_ht=scontent-hou1-1.cdninstagram.com&_nc_gid=CCc6HlbMDhdaN1rJVT2vUA&_nc_ss=7b20f&oh=00_AQCrLTQfuARej_gN1hp6cNikeIuHvWo0JB57tGnitW0igQ&oe=6A5E698D', 'https://scontent-hou1-1.cdninstagram.com/v/t39.30808-6/736207427_1466141728870854_9133310691938389937_n.jpg?stp=c0.45.1086.1357a_dst-jpg_e35_tt6&_nc_cat=102&ig_cache_key=MzkzMTgxOTM0ODcwNDUyNjExMA%3D%3D.3-ccb7-5&ccb=7-5&_nc_sid=58cdad&efg=eyJ2ZW5jb2RlX3RhZyI6IkNBUk9VU0VMX0lURU0ueHBpZHMuMTA4Ni5zZHIucmVndWxhcl9waG90by5DMyJ9&_nc_ohc=NAd3NvDQWB4Q7kNvwEU_uqo&_nc_oc=Adr4qC57LCjlvLpw9ooNJ4Dd7h5MfcLCoBb4YEEvnIA8Tsad9KlnyJx3CyMiH1OOE8ewoRDTMYjx6jrzcTN0-j8X&_nc_zt=23&_nc_ht=scontent-hou1-1.cdninstagram.com&_nc_gid=CCc6HlbMDhdaN1rJVT2vUA&_nc_ss=7b20f&oh=00_AQC043xSkzyGVNz6SRmybfk33dn27koqhla0kBpnJ1iZww&oe=6A5E984D']","Photo by E2bconsulting&training on July 01, 2026.",14,2026-07-01T18:10:18.000Z,"[{'id': '3931819347731478539', 'type': 'Image', 'caption': '', 'hashtags': [], 'mentions': [], 'url': 'https://www.instagram.com/p/DaQoN12ivgL/', 'commentsCount': 0, 'firstComment': '', 'latestComments': [], 'dimensionsHeight': 1536, 'dimensionsWidth': 1152, 'displayUrl': 'https://scontent-hou1-1.cdninstagram.com/v/t39.30808-6/735608796_1466141705537523_5284617146102702346_n.jpg?stp=c0.48.1152.1440a_dst-jpg_e35_tt6&_nc_cat=111&ig_cache_key=MzkzMTgxOTM0NzczMTQ3ODUzOQ%3D%3D.3-ccb7-5&ccb=7-5&_nc_sid=58cdad&efg=eyJ2ZW5jb2RlX3RhZyI6IkNBUk9VU0VMX0lURU0ueHBpZHMuMTE1Mi5zZHIucmVndWxhcl9waG90by5DMyJ9&_nc_ohc=HY-cCsazKK0Q7kNvwFwAZxd&_nc_oc=Adq5RwCawiUbfH9XX1L6uuiSqCSAIKBICbO958UR0s1YdVnr8cqoBgLUVjzr6K8qJP1_01PqaJEZQVtOpw9hY_g0&_nc_zt=23&_nc_ht=scontent-hou1-1.cdninstagram.com&_nc_gid=CCc6HlbMDhdaN1rJVT2vUA&_nc_ss=7b20f&oh=00_AQBzWzu7dCkGynuZoNGWvd6OH3VXiB2anisV_9BdxjakqQ&oe=6A5E9613', 'images': [], 'alt': ""Photo by E2bconsulting&training on July 01, 2026. May be an image of \u200etext that says '\u200ea République lunisienne Ministère l'EnscignementS Supéricur del laRecherche Scientifique Universited elaManouba Ecole Supérieured Commerce de de Tunis المل Ecolo Supérieure Commerce Tunta MEMOIRE DE FIN D'ETUDES En Vue de l'obtention du Diplôme de Master Professionnel Distribution, Négociation et Commerce Digital 2 CONSULTING TRAINING Automatisation des tiches SEO par l'Intelligence Artificielle Conceptione déploiement l'un agent IA appliqué au site kenzastihl.com Renlisépar: Encadrase aradémique Mme. Amsira Eacadrae prufessionnel :Mahamed Messaced, Professeur des Kbenine, E0 versiles: L'ESCT Comsulting Training Année Universitaire: 2025/2026\u200e'\u200e."", 'likesCount': 0, 'timestamp': '2026-07-01T18:10:15.000Z', 'childPosts': [], 'ownerId': '17841411074914327', 'shortCode': 'DaQoN12ivgL', 'originalHeight': 1536, 'originalWidth': 1152, 'ownerUsername': 'e2bconsulting.training'}, {'id': '3931819348419345582', 'type': 'Image', 'caption': '', 'hashtags': [], 'mentions': [], 'url': 'https://www.instagram.com/p/DaQoN2fivyu/', 'commentsCount': 0, 'firstComment': '', 'latestComments': [], 'dimensionsHeight': 1536, 'dimensionsWidth': 1152, 'displayUrl': 'https://scontent-hou1-1.cdninstagram.com/v/t39.30808-6/736715975_1466141702204190_8576998726502633383_n.jpg?stp=c0.48.1152.1440a_dst-jpg_e35_tt6&_nc_cat=111&ig_cache_key=MzkzMTgxOTM0ODQxOTM0NTU4Mg%3D%3D.3-ccb7-5&ccb=7-5&_nc_sid=58cdad&efg=eyJ2ZW5jb2RlX3RhZyI6IkNBUk9VU0VMX0lURU0ueHBpZHMuMTE1Mi5zZHIucmVndWxhcl9waG90by5DMyJ9&_nc_ohc=BV_fZ552aI8Q7kNvwFgZhXK&_nc_oc=Adr9XFp2KA44UYFeLgvLfa9IrOQEkvM0mgA6RNECQ76njVAW6PHR9aIyXYfW8iGO8S8FkGOjbkRmTMfgsWCzvUGW&_nc_zt=23&_nc_ht=scontent-hou1-1.cdninstagram.com&_nc_gid=CCc6HlbMDhdaN1rJVT2vUA&_nc_ss=7b20f&oh=00_AQCrLTQfuARej_gN1hp6cNikeIuHvWo0JB57tGnitW0igQ&oe=6A5E698D', 'images': [], 'alt': 'Photo by E2bconsulting&training on July 01, 2026. May be an image of one or more people, beard, people smiling, wingtip shoes, sunglasses, suit and text.', 'likesCount': 0, 'timestamp': '2026-07-01T18:10:15.000Z', 'childPosts': [], 'ownerId': '17841411074914327', 'shortCode': 'DaQoN2fivyu', 'originalHeight': 1536, 'originalWidth': 1152, 'ownerUsername': 'e2bconsulting.training'}, {'id': '3931819348704526110', 'type': 'Image', 'caption': '', 'hashtags': [], 'mentions': [], 'url': 'https://www.instagram.com/p/DaQoN2win8e/', 'commentsCount': 0, 'firstComment': '', 'latestComments': [], 'dimensionsHeight': 1448, 'dimensionsWidth': 1086, 'displayUrl': 'https://scontent-hou1-1.cdninstagram.com/v/t39.30808-6/736207427_1466141728870854_9133310691938389937_n.jpg?stp=c0.45.1086.1357a_dst-jpg_e35_tt6&_nc_cat=102&ig_cache_key=MzkzMTgxOTM0ODcwNDUyNjExMA%3D%3D.3-ccb7-5&ccb=7-5&_nc_sid=58cdad&efg=eyJ2ZW5jb2RlX3RhZyI6IkNBUk9VU0VMX0lURU0ueHBpZHMuMTA4Ni5zZHIucmVndWxhcl9waG90by5DMyJ9&_nc_ohc=NAd3NvDQWB4Q7kNvwEU_uqo&_nc_oc=Adr4qC57LCjlvLpw9ooNJ4Dd7h5MfcLCoBb4YEEvnIA8Tsad9KlnyJx3CyMiH1OOE8ewoRDTMYjx6jrzcTN0-j8X&_nc_zt=23&_nc_ht=scontent-hou1-1.cdninstagram.com&_nc_gid=CCc6HlbMDhdaN1rJVT2vUA&_nc_ss=7b20f&oh=00_AQC043xSkzyGVNz6SRmybfk33dn27koqhla0kBpnJ1iZww&oe=6A5E984D', 'images': [], 'alt': 'Photo by E2bconsulting&training on July 01, 2026. May be an image of text.', 'likesCount': 0, 'timestamp': '2026-07-01T18:10:15.000Z', 'childPosts': [], 'ownerId': '17841411074914327', 'shortCode': 'DaQoN2win8e', 'originalHeight': 1448, 'originalWidth': 1086, 'ownerUsername': 'e2bconsulting.training'}]",E2bconsulting&training,e2bconsulting.training,11234617163,False,https://www.instagram.com/e2bconsulting.training/,1536,1152,carousel_container,,,,,,,,,,,
3902903027227482316,Video,DYp5Z_ysNjM,,[],[],https://www.instagram.com/p/DYp5Z_ysNjM/,2,🔥🔥🔥,"[{'id': '17931477705272557', 'text': '🔥🔥🔥', 'ownerUsername': 'nobelgammar', 'ownerProfilePicUrl': 'https://scontent.cdninstagram.com/v/t51.89012-19/573323465_1219825463302212_7278921664109726296_n.jpg?stp=dst-jpg_s150x150_tt6&_nc_cat=1&ccb=7-5&_nc_sid=f7ccc5&efg=eyJ2ZW5jb2RlX3RhZyI6InByb2ZpbGVfcGljLnd3dy5DMyJ9&_nc_ohc=l7ChIGpa0oAQ7kNvwEpb77o&_nc_oc=Adq3s7swS-4ex0ePrH30nqhklAbdNNKbcYymhWnF2FTk8TSVgQGyYN0SecKAEBOAN3o&_nc_zt=24&_nc_ht=scontent.cdninstagram.com&_nc_gid=mwNBrGEmqDSsWO3nv5z38g&_nc_ss=7ca8c&oh=00_AQDaBEvQ3Je9d-N3psOCYwval690iR3Ik7aixHKOqLbkvQ&oe=6A5E8D22', 'timestamp': '2026-05-23T20:19:59.000Z', 'repliesCount': None, 'replies': None, 'likesCount': 0, 'owner': {'username': 'nobelgammar', 'profile_pic_url': 'https://scontent.cdninstagram.com/v/t51.89012-19/573323465_1219825463302212_7278921664109726296_n.jpg?stp=dst-jpg_s150x150_tt6&_nc_cat=1&ccb=7-5&_nc_sid=f7ccc5&efg=eyJ2ZW5jb2RlX3RhZyI6InByb2ZpbGVfcGljLnd3dy5DMyJ9&_nc_ohc=l7ChIGpa0oAQ7kNvwEpb77o&_nc_oc=Adq3s7swS-4ex0ePrH30nqhklAbdNNKbcYymhWnF2FTk8TSVgQGyYN0SecKAEBOAN3o&_nc_zt=24&_nc_ht=scontent.cdninstagram.com&_nc_gid=mwNBrGEmqDSsWO3nv5z38g&_nc_ss=7ca8c&oh=00_AQDaBEvQ3Je9d-N3psOCYwval690iR3Ik7aixHKOqLbkvQ&oe=6A5E8D22', 'is_verified': False, 'id': '3878433611', 'full_name': None, 'is_mentionable': None, 'is_private': None, 'profile_pic_id': None, 'latest_reel_media': None}}, {'id': '18550160845068976', 'text': 'Merci pour la présentation et l’information cher kais.', 'ownerUsername': 'malik_ben_said', 'ownerProfilePicUrl': 'https://scontent.cdninstagram.com/v/t51.82787-19/743294731_18420080215180259_7731174041062151949_n.jpg?stp=dst-jpg_s150x150_tt6&_nc_cat=105&ccb=7-5&_nc_sid=f7ccc5&efg=eyJ2ZW5jb2RlX3RhZyI6InByb2ZpbGVfcGljLnd3dy4xMDgwLkMzIn0%3D&_nc_ohc=8TlVf-jELjoQ7kNvwH3FeIv&_nc_oc=AdpdGKBFMgCubcEHok6pKuKeicjoJOwWv6VqprYkGrUpKsDJxMe335F51YmVP8AxFaY&_nc_zt=24&_nc_ht=scontent.cdninstagram.com&_nc_gid=mwNBrGEmqDSsWO3nv5z38g&_nc_ss=7ca8c&oh=00_AQBJ782c1I75deGuvnEckrIFV1LH7EhVb5ezyjePqxHwsw&oe=6A5E9AFD', 'timestamp': '2026-05-22T21:09:23.000Z', 'repliesCount': None, 'replies': None, 'likesCount': 1, 'owner': {'username': 'malik_ben_said', 'profile_pic_url': 'https://scontent.cdninstagram.com/v/t51.82787-19/743294731_18420080215180259_7731174041062151949_n.jpg?stp=dst-jpg_s150x150_tt6&_nc_cat=105&ccb=7-5&_nc_sid=f7ccc5&efg=eyJ2ZW5jb2RlX3RhZyI6InByb2ZpbGVfcGljLnd3dy4xMDgwLkMzIn0%3D&_nc_ohc=8TlVf-jELjoQ7kNvwH3FeIv&_nc_oc=AdpdGKBFMgCubcEHok6pKuKeicjoJOwWv6VqprYkGrUpKsDJxMe335F51YmVP8AxFaY&_nc_zt=24&_nc_ht=scontent.cdninstagram.com&_nc_gid=mwNBrGEmqDSsWO3nv5z38g&_nc_ss=7ca8c&oh=00_AQBJ782c1I75deGuvnEckrIFV1LH7EhVb5ezyjePqxHwsw&oe=6A5E9AFD', 'is_verified': False, 'id': '5313396258', 'full_name': None, 'is_mentionable': None, 'is_private': None, 'profile_pic_id': None, 'latest_reel_media': None}}]",1136,640,https://scontent-phl2-1.cdninstagram.com/v/t51.71878-15/703448360_2242438183160935_450511390878937703_n.jpg?stp=dst-jpg_e15_tt6&_nc_ht=scontent-phl2-1.cdninstagram.com&_nc_cat=107&_nc_oc=Q6cZ2gF1gsdX7Pzy7qEAbAGykKDYdv3DNHq6P8O8jClDhbbIbKKV-ppRUeXlQpDsC5DWQzs&_nc_ohc=ucIf7YWa4dIQ7kNvwHKvAho&_nc_gid=PAlxQ2vijrLTA9YRg-Q_Qg&edm=ADp7STQBAAAA&ccb=7-5&oh=00_AQBrGh3G9tAeQ7iASqpIi3QsaGF0tDcuaVxsOnZZMTIw8A&oe=6A5E73FE&_nc_sid=c6f216,[],"Video by Kais Khenine on May 22, 2026. May be an image of ‎pie and ‎text that says '‎노 كان تحبوا تتعلموا الذكاء الاصطناعي، ياعي‎'‎‎.",44,2026-05-22T20:40:19.000Z,[],Kais Khenine,kaiskhenine,254107068,False,https://www.instagram.com/e2bconsulting.training/,1920,1080,clips,,,"[{'full_name': 'E2bconsulting&training', 'id': '11234617163', 'is_verified': False, 'profile_pic_url': 'https://scontent.cdninstagram.com/v/t51.2885-19/101002711_841643919681756_1486131544241209344_n.jpg?stp=dst-jpg_s150x150_tt6&_nc_cat=103&ccb=7-5&_nc_sid=f7ccc5&efg=eyJ2ZW5jb2RlX3RhZyI6InByb2ZpbGVfcGljLnd3dy4xMDgwLkMzIn0%3D&_nc_ohc=RXgHCHB50NoQ7kNvwF4fU9z&_nc_oc=Adqnz3lg_kj10_eqA2etEfK1hXn1fc3fbd57_kmDCfEQGuobs-GeM7tcXEg85bQTryI&_nc_zt=24&_nc_ht=scontent.cdninstagram.com&_nc_ss=7ca8c&oh=00_AQBX4ucGoc41EauLIF9TnT2qfvxqoWLztkCIFftG4gZzdw&oe=6A5E8216', 'username': 'e2bconsulting.training'}]",https://instagram.fftk1-1.fna.fbcdn.net/o1/v/t2/f2/m86/AQPd9sVMsgCAlDF9u3tuZl_TUCj33GiyXfR8w2Qzq2fC8EotkPyLVKgxaV4BFLHr9rgQGcNNVRm3RFSUrTj_6R_SWvPM7Ajfw63kBm8.mp4?_nc_cat=108&_nc_oc=AdpX3CKVgA-GMF0qatTDhUjvgX-sGMnL6yl7njdsmXDl8v1WKGa67IPdNNlJfc7qWfo&_nc_sid=5e9851&_nc_ht=instagram.fftk1-1.fna.fbcdn.net&_nc_ohc=vBF6ggrHKugQ7kNvwHr5DyW&efg=eyJ2ZW5jb2RlX3RhZyI6Inhwdl9wcm9ncmVzc2l2ZS5JTlNUQUdSQU0uQ0xJUFMuQzMuNzIwLmRhc2hfYmFzZWxpbmVfMV92MSIsInhwdl9hc3NldF9pZCI6MTY2NjkwNDk3MTMxMTkyMCwiYXNzZXRfYWdlX2RheXMiOjU0LCJ2aV91c2VjYXNlX2lkIjoxMDA5OSwiZHVyYXRpb25fcyI6MTQ2LCJ1cmxnZW5fc291cmNlIjoid3d3In0%3D&ccb=17-1&vs=5fe94882818fa455&_nc_vs=HBksFQIYUmlnX3hwdl9yZWVsc19wZXJtYW5lbnRfc3JfcHJvZC8zRjQ2N0NDMDNDMjkzMDk0NjYyNjg2RjFGOEE5QjlCQl92aWRlb19kYXNoaW5pdC5tcDQVAALIARIAFQIYUWlnX3hwdl9wbGFjZW1lbnRfcGVybWFuZW50X3YyLzc0NEM0QzExMDZCOEQyMUQ5Njc3OTFCNENERkM1Q0FEX2F1ZGlvX2Rhc2hpbml0Lm1wNBUCAsgBEgAoABgAGwKIB3VzZV9vaWwBMRJwcm9ncmVzc2l2ZV9yZWNpcGUBMRUAACbg7IPr0YL2BRUCKAJDMywXQGJEQYk3S8cYEmRhc2hfYmFzZWxpbmVfMV92MREAdf4HZeadAQA&_nc_gid=mwNBrGEmqDSsWO3nv5z38g&_nc_ss=7ca8c&_nc_zt=28&oh=00_AQBQ5iMXi2gUHAWgkk6f3VOopUa8oi2dSE31GA4rSO_sMg&oe=6A5A8219,781,https://instagram.fftk1-1.fna.fbcdn.net/o1/v/t2/f2/m78/AQOpUKl8-JU0ANne-kyspv-8goHaVJ1wYPaouDNtXJyjwtkDZWhQ7R3MRk_I7SgZ47eLu9HJwh53jtqKLCSoRNM2puVtsoyVu2-1EGo.mp4?_nc_cat=106&_nc_oc=AdqseT9ZP-_IOiyVE2jLraL8xkc95hBcLmSpzYQaqJXimUCbNx1OPqYTRdQFRUH5GtQ&_nc_sid=9ca052&_nc_ht=instagram.fftk1-1.fna.fbcdn.net&_nc_ohc=POAraykD2pgQ7kNvwHjFBRI&efg=eyJ2ZW5jb2RlX3RhZyI6ImlnLXhwdmRzLmNsaXBzLmlnd3d3LUMzLmRhc2hfbG5faGVhYWNfdmJyM19hdWRpbyIsInZpZGVvX2lkIjpudWxsLCJvaWxfdXJsZ2VuX2FwcF9pZCI6OTM2NjE5NzQzMzkyNDU5LCJjbGllbnRfbmFtZSI6ImlnIiwieHB2X2Fzc2V0X2lkIjoxNjY2OTA0OTcxMzExOTIwLCJhc3NldF9hZ2VfZGF5cyI6NTQsInZpX3VzZWNhc2VfaWQiOjEwMDk5LCJkdXJhdGlvbl9zIjoxNDYsImJpdHJhdGUiOjU1OTAxLCJ1cmxnZW5fc291cmNlIjoid3d3In0%3D&ccb=17-1&_nc_gid=mwNBrGEmqDSsWO3nv5z38g&_nc_ss=7ca8c&_nc_zt=28&oh=00_AQCuZUqshJBUmGIBmYTVr-lxiVeM2bw7HoVOz7_kdGO-zA&oe=6A5A821B,146.133,"{'artist_name': 'kaiskhenine', 'song_name': 'Original audio', 'uses_original_audio': True, 'should_mute_audio': False, 'should_mute_audio_reason': '', 'audio_id': '27009885168640234'}",2745,"[{'id': '11234617163', 'is_verified': False, 'profile_pic_url': 'https://scontent.cdninstagram.com/v/t51.2885-19/101002711_841643919681756_1486131544241209344_n.jpg?stp=dst-jpg_s150x150_tt6&_nc_cat=103&ccb=7-5&_nc_sid=f7ccc5&efg=eyJ2ZW5jb2RlX3RhZyI6InByb2ZpbGVfcGljLnd3dy4xMDgwLkMzIn0%3D&_nc_ohc=RXgHCHB50NoQ7kNvwF4fU9z&_nc_oc=Adqnz3lg_kj10_eqA2etEfK1hXn1fc3fbd57_kmDCfEQGuobs-GeM7tcXEg85bQTryI&_nc_zt=24&_nc_ht=scontent.cdninstagram.com&_nc_ss=7ca8c&oh=00_AQBX4ucGoc41EauLIF9TnT2qfvxqoWLztkCIFftG4gZzdw&oe=6A5E8216', 'username': 'e2bconsulting.training', '__typename': 'User', 'is_unpublished': False, 'full_name': 'E2bconsulting&training', 'fbid': '17841411074914327'}]",
3883057489466024415,Video,DXjZDaeCuHf,"Remontez le temps et vibrez au rythme des années 90 🔥

Pour le 99e anniversaire de Volvo, nous avons recréé un univers rétro mêlant nostalgie, style et émotions.

Bienvenue dans l’expérience 90’s ✨

#Volvo99 #90sVibes #RetroExperience #ES90 #museagency","['Volvo99', '90sVibes', 'RetroExperience', 'ES90', 'museagency']",[],https://www.instagram.com/p/DXjZDaeCuHf/,0,,[],1136,640,https://instagram.fcps4-2.fna.fbcdn.net/v/t51.71878-15/682142933_2772851919736521_2929775859111932837_n.jpg?stp=dst-jpg_e15_tt6&_nc_ht=instagram.fcps4-2.fna.fbcdn.net&_nc_cat=109&_nc_oc=Q6cZ2gFAhwkqTZYUjB1LxReoVfWUWvPWHk-zrU3A1K5a2i21VpP6KdZEYcyt9HZf3FqyZpsLkWLXo75E_KE0X5BwgNMx&_nc_ohc=SuB0rnlkwTUQ7kNvwFoTNQF&_nc_gid=xqmLOT3WlQ67KwvEFUWPow&edm=ADp7STQBAAAA&ccb=7-5&oh=00_AQAc1Y96E1T7_VsI6lEehZBaElMSEO6c3jVE_LBTxiqoWQ&oe=6A5E992A&_nc_sid=c6f216,[],"Video by MUSE on April 25, 2026. May be an image of cash machine.",19,2026-04-25T11:38:48.000Z,[],MUSE,muse_agency,408328146,False,https://www.instagram.com/muse_agency/,1920,1080,clips,,,"[{'full_name': 'Volvo Car Tunisia', 'id': '49477171324', 'is_verified': False, 'profile_pic_url': 'https://scontent-den2-1.cdninstagram.com/v/t51.2885-19/317281244_222242896804028_6165732711475818186_n.jpg?stp=dst-jpg_s150x150_tt6&_nc_cat=110&ccb=7-5&_nc_sid=f7ccc5&efg=eyJ2ZW5jb2RlX3RhZyI6InByb2ZpbGVfcGljLnd3dy40MDAuQzMifQ%3D%3D&_nc_ohc=4Xbkpvp4OXgQ7kNvwHEnpBA&_nc_oc=AdqO8aGxqXpE-HsiYXHhv_Lu9GKHi2eSR0fnbMdhmQi38kZ_T3ZG0rntf9MOTZTrhC1jR3M8Ni9ka1H5llQOBE_W&_nc_zt=24&_nc_ht=scontent-den2-1.cdninstagram.com&_nc_ss=72689&oh=00_AQBY8yAzwMnb-kGeM5JXqvwi5CIPBdZnwcg2F4ws_rvldw&oe=6A5E881F', 'username': 'volvocartunisia'}]",https://scontent-den2-1.cdninstagram.com/o1/v/t2/f2/m367/AQMuDWzvyC6vO1q3ad8Y_sxkGucyOtFYe3HFXNEz8OupMd5biCifrztVVHvDMsc8lpaAcmQfTQCPQ3FmI3cj3gtnYNnbNic3Rqw1dsiIKxrv5Q.mp4?_nc_cat=105&_nc_sid=9ca052&_nc_ht=scontent-den2-1.cdninstagram.com&_nc_ohc=k7dlgl6QUUUQ7kNvwFbnE0w&efg=eyJ2ZW5jb2RlX3RhZyI6ImlnLXhwdmRzLmNsaXBzLmlnd3d3LUMzLmRhc2hfdnA5LWJhc2ljLWdlbjJfMTA4MHAiLCJ2aWRlb19pZCI6bnVsbCwib2lsX3VybGdlbl9hcHBfaWQiOjkzNjYxOTc0MzM5MjQ1OSwiY2xpZW50X25hbWUiOiJpZyIsInhwdl9hc3NldF9pZCI6MTg2MDI0ODE4NjgwMDgxNDcsImFzc2V0X2FnZV9kYXlzIjo4MSwidmlfdXNlY2FzZV9pZCI6MTAwOTksImR1cmF0aW9uX3MiOjYwLCJiaXRyYXRlIjoyMDU4Nzc5LCJ1cmxnZW5fc291cmNlIjoid3d3In0%3D&ccb=17-1&_nc_gid=_ZfOAEDIqyvNzvCt7FciPw&_nc_ss=72689&_nc_zt=28&oh=00_AQCZCLwLif0-LUUwQlc13TvLK0Wd0UDOC2hsmm7vcYQqTw&oe=6A5E9353,661,https://scontent-den2-1.cdninstagram.com/o1/v/t2/f2/m78/AQOOVmOACGyfBM2wQDEx2U0H4WnAnrZ4GUvRTCAuveW5hdXQ43qYxj41owuqI7bkNWi28hK08GR-EasxCCquc_HFxg6J4-20B7Janos.mp4?_nc_cat=102&_nc_sid=9ca052&_nc_ht=scontent-den2-1.cdninstagram.com&_nc_ohc=ilOf1tHoHC4Q7kNvwE-uVOr&efg=eyJ2ZW5jb2RlX3RhZyI6ImlnLXhwdmRzLmNsaXBzLmlnd3d3LUMzLmRhc2hfbG5faGVhYWNfdmJyM19hdWRpbyIsInZpZGVvX2lkIjpudWxsLCJvaWxfdXJsZ2VuX2FwcF9pZCI6OTM2NjE5NzQzMzkyNDU5LCJjbGllbnRfbmFtZSI6ImlnIiwieHB2X2Fzc2V0X2lkIjoxODYwMjQ4MTg2ODAwODE0NywiYXNzZXRfYWdlX2RheXMiOjgxLCJ2aV91c2VjYXNlX2lkIjoxMDA5OSwiZHVyYXRpb25fcyI6NjAsImJpdHJhdGUiOjc5OTQzLCJ1cmxnZW5fc291cmNlIjoid3d3In0%3D&ccb=17-1&_nc_gid=_ZfOAEDIqyvNzvCt7FciPw&_nc_ss=72689&_nc_zt=28&oh=00_AQAQnlVyvvs2-KoCsRlQDvHR9aT-8AAslAfqqwlhjRQxdw&oe=6A5A76E7,60.866,"{'artist_name': 'Velvet Funk', 'song_name': 'Stuck On You', 'uses_original_audio': False, 'should_mute_audio': False, 'should_mute_audio_reason': '', 'audio_id': '1196348905837884'}",2588,"[{'id': '49477171324', 'is_verified': False, 'profile_pic_url': 'https://scontent-den2-1.cdninstagram.com/v/t51.2885-19/317281244_222242896804028_6165732711475818186_n.jpg?stp=dst-jpg_s150x150_tt6&_nc_cat=110&ccb=7-5&_nc_sid=f7ccc5&efg=eyJ2ZW5jb2RlX3RhZyI6InByb2ZpbGVfcGljLnd3dy40MDAuQzMifQ%3D%3D&_nc_ohc=4Xbkpvp4OXgQ7kNvwHEnpBA&_nc_oc=AdqO8aGxqXpE-HsiYXHhv_Lu9GKHi2eSR0fnbMdhmQi38kZ_T3ZG0rntf9MOTZTrhC1jR3M8Ni9ka1H5llQOBE_W&_nc_zt=24&_nc_ht=scontent-den2-1.cdninstagram.com&_nc_ss=72689&oh=00_AQBY8yAzwMnb-kGeM5JXqvwi5CIPBdZnwcg2F4ws_rvldw&oe=6A5E881F', 'username': 'volvocartunisia', '__typename': 'User', 'is_unpublished': False, 'full_name': 'Volvo Car Tunisia', 'fbid': '17841449539724646'}]",
3919479932663174893,Video,DZkyjuCqRbt,"🎬 Behind the Scenes – Video Biolux

Merci à toute l’équipe, aux acteurs, aux techniciens et à tous ceux qui ont contribué à cette belle aventure. 🙌

Un grand merci à @biolux_tunisie pour sa confiance.

✨ Derrière chaque belle campagne, il y a une équipe passionnée. 
@muse_man_ 
@muse_agency 
@aziz_ben_arfa 
@benarfa.production 
@salma_mhiri 

#BehindTheScenes #Biolux #TeamWork #MUSEAgency","['BehindTheScenes', 'Biolux', 'TeamWork', 'MUSEAgency']","['biolux_tunisie', 'muse_man_', 'muse_agency', 'aziz_ben_arfa', 'benarfa.production', 'salma_mhiri']",https://www.instagram.com/p/DZkyjuCqRbt/,0,,[],1136,640,https://scontent-phx1-1.cdninstagram.com/v/t51.71878-15/723988019_4422459801342834_4631174588071888186_n.jpg?stp=dst-jpg_e15_tt6&_nc_ht=scontent-phx1-1.cdninstagram.com&_nc_cat=106&_nc_oc=Q6cZ2gG6Kcl8n-rDQXewkeI1B0fcCrOCbptOkv5s7VWkXyt2cjiKlLMsPXkCdKjl_qRMjJ9_1uEaeY18m8RDp8CyxU5N&_nc_ohc=AzxW3VRhtBAQ7kNvwG0Xvfi&_nc_gid=JzcMHt9AGVzEuDDWIwZVIQ&edm=ADp7STQBAAAA&ccb=7-5&oh=00_AQA8rHMGNpep7KaRy4hr3hOwUhWZfLGAyBHDpBK5KB9Rwg&oe=6A5E98B7&_nc_sid=c6f216,[],"Video by MUSE on June 14, 2026. May be an image of one or more people and text.",87,2026-06-14T17:44:48.000Z,[],MUSE,muse_agency,408328146,False,https://www.instagram.com/muse_agency/,1920,1080,clips,,,"[{'full_name': 'Bani Nesrine', 'id': '1582920226', 'is_verified': False, 'profile_pic_url': 'https://scontent-ord5-3.cdninstagram.com/v/t51.82787-19/728820978_18598086397008227_9087861494486884426_n.jpg?stp=dst-jpg_s150x150_tt6&_nc_cat=110&ccb=7-5&_nc_sid=f7ccc5&efg=eyJ2ZW5jb2RlX3RhZyI6InByb2ZpbGVfcGljLnd3dy43MjAuQzMifQ%3D%3D&_nc_ohc=_xEmVGowUYkQ7kNvwG8-2NT&_nc_oc=Adp1snR7MTbJOFCOjj5_K3r2VKvgJNVvwU1TlOt_74cpKjQV0j_lHKRn7BPsffn5vkk&_nc_zt=24&_nc_ht=scontent-ord5-3.cdninstagram.com&_nc_gid=K9JAJ-BezUZEGUXziprVnA&_nc_ss=7c689&oh=00_AQB1KctGstEJ7nN97c-JhFUds3nOxxRj0Ok1ptsfput7vg&oe=6A5E74E9', 'username': 'nesrine_bani'}, {'full_name': '', 'id': '1643871993', 'is_verified': False, 'profile_pic_url': 'https://scontent-ord5-3.cdninstagram.com/v/t51.82787-19/588648487_18547080673031994_3570674613247744565_n.jpg?stp=dst-jpg_s150x150_tt6&_nc_cat=109&ccb=7-5&_nc_sid=f7ccc5&efg=eyJ2ZW5jb2RlX3RhZyI6InByb2ZpbGVfcGljLnd3dy4xMDgwLkMzIn0%3D&_nc_ohc=1HF-buL2mu4Q7kNvwEYl25k&_nc_oc=AdqnS2GJQ4GjUIpB9C5-dtO8d1DsnMG27yH7w_t33yf0mDn5SZ2dCAmxdg6f0kFkOS4&_nc_zt=24&_nc_ht=scontent-ord5-3.cdninstagram.com&_nc_gid=K9JAJ-BezUZEGUXziprVnA&_nc_ss=7c689&oh=00_AQBFdxRWLjI2AnmHYM8G_3es1pGOJrRKlhUrvOT-L0OjIQ&oe=6A5E8CA4', 'username': 'salma_mhiri'}, {'full_name': 'Karim Gharbii', 'id': '3057541733', 'is_verified': True, 'profile_pic_url': 'https://scontent-ord5-2.cdninstagram.com/v/t51.2885-19/33638667_217107899091748_4472981256488878080_n.jpg?stp=dst-jpg_s150x150_tt6&_nc_cat=1&ccb=7-5&_nc_sid=f7ccc5&efg=eyJ2ZW5jb2RlX3RhZyI6InByb2ZpbGVfcGljLnd3dy4xMDAyLkMzIn0%3D&_nc_ohc=7R_rkJkiGswQ7kNvwFVx8_I&_nc_oc=AdqRYyvS_gDMmM3EZw-gIeIJivN5uImFOOWtABgtlyRz3lTAZvYaebjUU1-seSrnRnY&_nc_zt=24&_nc_ht=scontent-ord5-2.cdninstagram.com&_nc_ss=7c689&oh=00_AQBJTW68ljUIFRuG588zprcIf4TRHH1R4fjSCCSO9Y3X6Q&oe=6A5E6F2E', 'username': 'gharbiikarim'}, {'full_name': 'Aziz Benarfa🇹🇳', 'id': '3523613201', 'is_verified': False, 'profile_pic_url': 'https://scontent-ord5-1.cdninstagram.com/v/t51.2885-19/440628897_378917648468328_7783917000028039757_n.jpg?stp=dst-jpg_s150x150_tt6&_nc_cat=111&ccb=7-5&_nc_sid=f7ccc5&efg=eyJ2ZW5jb2RlX3RhZyI6InByb2ZpbGVfcGljLnd3dy4xMDgwLkMzIn0%3D&_nc_ohc=NwO1hMODLcMQ7kNvwGzaX_q&_nc_oc=Adps9EfESZtGz_kLLYl_NnQ7ekyrH02nNXKHYuZS6br9oQSWqrMzsKzOLKaSoruH53o&_nc_zt=24&_nc_ht=scontent-ord5-1.cdninstagram.com&_nc_ss=7c689&oh=00_AQAVzpfVJcwhaHVcuZXN-OdBuWVINshsKbUM1DNYnJhh2Q&oe=6A5E7B69', 'username': 'aziz_ben_arfa'}, {'full_name': 'Muse Man', 'id': '6701597107', 'is_verified': False, 'profile_pic_url': 'https://scontent-ord5-1.cdninstagram.com/v/t51.82787-19/702209077_18338189362221108_6131811648411985308_n.jpg?stp=dst-jpg_s150x150_tt6&_nc_cat=111&ccb=7-5&_nc_sid=f7ccc5&efg=eyJ2ZW5jb2RlX3RhZyI6InByb2ZpbGVfcGljLnd3dy4xMDgwLkMzIn0%3D&_nc_ohc=NotCXVa04r8Q7kNvwHN-36q&_nc_oc=Adrp22l7RSaT78nbcFIJfv1OlckXqIdbfVATKoXnxgbcn4JF5pPF9MQ6IMhNeGafsAk&_nc_zt=24&_nc_ht=scontent-ord5-1.cdninstagram.com&_nc_gid=K9JAJ-BezUZEGUXziprVnA&_nc_ss=7c689&oh=00_AQCwm7mqLU8jsS0k3Sby5XSicK6EjSqWhj_E3sn-IVPR3Q&oe=6A5E94C1', 'username': 'muse_man_'}, {'full_name': 'Biolux Tunisie', 'id': '48301089534', 'is_verified': False, 'profile_pic_url': 'https://scontent-ord5-3.cdninstagram.com/v/t51.2885-19/195887001_481389273088561_4566500941720267496_n.jpg?stp=dst-jpg_s150x150_tt6&_nc_cat=100&ccb=7-5&_nc_sid=f7ccc5&efg=eyJ2ZW5jb2RlX3RhZyI6InByb2ZpbGVfcGljLnd3dy45MzAuQzMifQ%3D%3D&_nc_ohc=Ke4I72kNyLoQ7kNvwHmm36w&_nc_oc=AdoteHyUZO8D7iHfp0vylvbazuUpChdwnq9ekmA404bz1ISg25cxRCBor8jyEMEEeBI&_nc_zt=24&_nc_ht=scontent-ord5-3.cdninstagram.com&_nc_ss=7c689&oh=00_AQBj3z24sSJd8P5eR0iHfX9BQWIXOJj7AQ-X7DtMUF-3gw&oe=6A5E81BA', 'username': 'biolux_tunisie'}, {'full_name': 'BENARFA Production', 'id': '65946222630', 'is_verified': False, 'profile_pic_url': 'https://scontent-ord5-3.cdninstagram.com/v/t51.82787-19/658217265_17936260344198631_7364830973251314469_n.jpg?stp=dst-jpg_s150x150_tt6&_nc_cat=109&ccb=7-5&_nc_sid=f7ccc5&efg=eyJ2ZW5jb2RlX3RhZyI6InByb2ZpbGVfcGljLnd3dy4zMjAuQzMifQ%3D%3D&_nc_ohc=uPax1zztM4cQ7kNvwFy_ddC&_nc_oc=Adod-zs5un4CZz9owDZE50hPAcxcysTNraOEn2Aubn-fQADhS-JWlVorouh3wjoe4gI&_nc_zt=24&_nc_ht=scontent-ord5-3.cdninstagram.com&_nc_gid=K9JAJ-BezUZEGUXziprVnA&_nc_ss=7c689&oh=00_AQA0KjAMBrB0ga6WC_tCezfusWgS1EFxCBnQeNPVY_NejQ&oe=6A5E9948', 'username': 'benarfa.production'}]",https://scontent-ord5-1.cdninstagram.com/o1/v/t2/f2/m86/AQMaKeL_eUUyfWbyl7wRpHog1zyjPZX3KwHOQXOqDyHghpIp0_JJzgeE7DT5xngjzLzgmhSioc3no8E7xJhvJoOzGALw314043XBmRA.mp4?_nc_cat=106&_nc_sid=5e9851&_nc_ht=scontent-ord5-1.cdninstagram.com&_nc_ohc=T1tKODge-ZQQ7kNvwGY0MBm&efg=eyJ2ZW5jb2RlX3RhZyI6Inhwdl9wcm9ncmVzc2l2ZS5JTlNUQUdSQU0uQ0xJUFMuQzMuNzIwLmRhc2hfYmFzZWxpbmVfMV92MSIsInhwdl9hc3NldF9pZCI6MjU1NTg3MjE0MTQ5NjU5NiwiYXNzZXRfYWdlX2RheXMiOjMxLCJ2aV91c2VjYXNlX2lkIjoxMDA5OSwiZHVyYXRpb25fcyI6MzcsInVybGdlbl9zb3VyY2UiOiJ3d3cifQ%3D%3D&ccb=17-1&vs=a1820238ffa44016&_nc_vs=HBksFQIYUmlnX3hwdl9yZWVsc19wZXJtYW5lbnRfc3JfcHJvZC9BMzQ0NDJEM0FBMTFEMzM1QjFDNkUzQzQ4RjM2RjE4OV92aWRlb19kYXNoaW5pdC5tcDQVAALIARIAFQIYUWlnX3hwdl9wbGFjZW1lbnRfcGVybWFuZW50X3YyLzU5NDBGNTE1QUQ4REM2MEIwMkUxRTBFNDY4NTBBRjk3X2F1ZGlvX2Rhc2hpbml0Lm1wNBUCAsgBEgAoABgAGwKIB3VzZV9vaWwBMRJwcm9ncmVzc2l2ZV9yZWNpcGUBMRUAACaoxK6xq6OKCRUCKAJDMywXQELEOVgQYk4YEmRhc2hfYmFzZWxpbmVfMV92MREAdf4HZeadAQA&_nc_gid=K9JAJ-BezUZEGUXziprVnA&_nc_ss=7c689&_nc_zt=28&oh=00_AQCosEhfMCozsnIurueY52R-rbJPNCFvk4SOf0dII__hhw&oe=6A5A8BEF,3805,https://scontent-ord5-2.cdninstagram.com/o1/v/t2/f2/m78/AQMyrCoTQ0CV3fk4JrPTSMHfRSW9U9dP2ZQvfOjmMHPxc7Gv9HDCkRpdH_VFPLF9Gl3ldpEHVOejr_THruz3G2XBuD7NDOomZgQij3E.mp4?_nc_cat=104&_nc_sid=9ca052&_nc_ht=scontent-ord5-2.cdninstagram.com&_nc_ohc=gWmdvZzJ-AAQ7kNvwFtLOWv&efg=eyJ2ZW5jb2RlX3RhZyI6ImlnLXhwdmRzLmNsaXBzLmlnd3d3LUMzLmRhc2hfbG5faGVhYWNfdmJyM19hdWRpbyIsInZpZGVvX2lkIjpudWxsLCJvaWxfdXJsZ2VuX2FwcF9pZCI6OTM2NjE5NzQzMzkyNDU5LCJjbGllbnRfbmFtZSI6ImlnIiwieHB2X2Fzc2V0X2lkIjoyNTU1ODcyMTQxNDk2NTk2LCJhc3NldF9hZ2VfZGF5cyI6MzEsInZpX3VzZWNhc2VfaWQiOjEwMDk5LCJkdXJhdGlvbl9zIjozNywiYml0cmF0ZSI6Njg3NzksInVybGdlbl9zb3VyY2UiOiJ3d3cifQ%3D%3D&ccb=17-1&_nc_gid=K9JAJ-BezUZEGUXziprVnA&_nc_ss=7c689&_nc_zt=28&oh=00_AQDigRu9ELAKzVS6wE9zhWjMEwinQzMjb6i1-DmTXaDFmg&oe=6A5AA651,37.533,"{'artist_name': 'muse_agency', 'song_name': 'Original audio', 'uses_original_audio': True, 'should_mute_audio': False, 'should_mute_audio_reason': '', 'audio_id': '27154772570844417'}",14276,"[{'id': '65946222630', 'is_verified': False, 'profile_pic_url': 'https://scontent-ord5-3.cdninstagram.com/v/t51.82787-19/658217265_17936260344198631_7364830973251314469_n.jpg?stp=dst-jpg_s150x150_tt6&_nc_cat=109&ccb=7-5&_nc_sid=f7ccc5&efg=eyJ2ZW5jb2RlX3RhZyI6InByb2ZpbGVfcGljLnd3dy4zMjAuQzMifQ%3D%3D&_nc_ohc=uPax1zztM4cQ7kNvwFy_ddC&_nc_oc=Adod-zs5un4CZz9owDZE50hPAcxcysTNraOEn2Aubn-fQADhS-JWlVorouh3wjoe4gI&_nc_zt=24&_nc_ht=scontent-ord5-3.cdninstagram.com&_nc_gid=K9JAJ-BezUZEGUXziprVnA&_nc_ss=7c689&oh=00_AQA0KjAMBrB0ga6WC_tCezfusWgS1EFxCBnQeNPVY_NejQ&oe=6A5E9948', 'username': 'benarfa.production', '__typename': 'User', 'is_unpublished': False, 'full_name': 'BENARFA Production', 'fbid': '17841465958923277'}, {'id': '1582920226', 'is_verified': False, 'profile_pic_url': 'https://scontent-ord5-3.cdninstagram.com/v/t51.82787-19/728820978_18598086397008227_9087861494486884426_n.jpg?stp=dst-jpg_s150x150_tt6&_nc_cat=110&ccb=7-5&_nc_sid=f7ccc5&efg=eyJ2ZW5jb2RlX3RhZyI6InByb2ZpbGVfcGljLnd3dy43MjAuQzMifQ%3D%3D&_nc_ohc=_xEmVGowUYkQ7kNvwG8-2NT&_nc_oc=Adp1snR7MTbJOFCOjj5_K3r2VKvgJNVvwU1TlOt_74cpKjQV0j_lHKRn7BPsffn5vkk&_nc_zt=24&_nc_ht=scontent-ord5-3.cdninstagram.com&_nc_gid=K9JAJ-BezUZEGUXziprVnA&_nc_ss=7c689&oh=00_AQB1KctGstEJ7nN97c-JhFUds3nOxxRj0Ok1ptsfput7vg&oe=6A5E74E9', 'username': 'nesrine_bani', '__typename': 'User', 'is_unpublished': False, 'full_name': 'Bani Nesrine', 'fbid': '17841400246804733'}]",
2202134154647400885,Image,B6PjVijg3G1,"🔴 #يهم_الباعثين_الشبان و #أصحاب_المؤسسات_الصغرى_والمتوسطةبتونس:(PME)🇹🇳👥🏭💱
✅ #رسميا🆕: إطلاق منصة #تمويلي بتونس يوم 5 ديسمبر 2019
 http://tamweeli.tn/
لتقديم: ✴ #الدعم_الفني ،و ✴ #تسهيل_النفاذ_للتمويل_المالي لفائدة المؤسسات الصغرى والمتوسطة بتونس عبر الحصول ع قروض من البنوك ومؤسسات التمويل الصغير أو من البنوك الإسلامية بتونس. 🔴 Le 🆕 en #Tunisie: pour les #entrepreneurs et #les_PME 🇹🇳👥🏭💱
✅ Lancement du platforme #Tamweeli assist📱, en #Tunisie en 5/12/19,
http://tamweeli.tn/
 pour : ✴ L' assistance comptable et financière aux PME tunisiennes ✴ Facilite aux PME le financement de leurs projets auprès des banques/établissements de micro_crédit ou banques islamiques tunisiens.","['يهم_الباعثين_الشبان', 'أصحاب_المؤسسات_الصغرى_والمتوسطةبتونس:(PME)🇹🇳👥🏭💱', 'رسميا🆕:', 'تمويلي', 'الدعم_الفني', 'تسهيل_النفاذ_للتمويل_المالي', 'Tunisie:', 'entrepreneurs', 'les_PME', 'Tamweeli', 'Tunisie']",[],https://www.instagram.com/p/B6PjVijg3G1/,0,,[],565,1080,https://scontent-det1-1.cdninstagram.com/v/t51.82787-15/620486856_18119784046570251_7115272727735927855_n.jpg?stp=dst-jpg_e15_tt6&_nc_ht=scontent-det1-1.cdninstagram.com&_nc_cat=103&_nc_oc=Q6cZ2gEQ9AOEnep1gSW6ToLyq6JeEfarIy68aCi3pSuTeMZG1pf0a0eFdiLPyDdU2GUmxjo&_nc_ohc=SQ_zld69pKoQ7kNvwEGgKZt&_nc_gid=4jshrashUiPHYL78soNphw&edm=ADp7STQBAAAA&ccb=7-5&oh=00_AQBbw73rtt_GrTKdZsRA6gRL0baruAJuigu3gZD86Hyk5A&oe=6A5E788C&_nc_sid=c6f216,[],"Photo by DIGITAL MARKETING TUNISIA on December 18, 2019.",1,2019-12-19T05:54:29.000Z,[],DIGITAL MARKETING TUNISIA,digital_marketing_tunisia,24896180662,False,https://www.instagram.com/digital_marketing_tunisia/,395,754,feed,Béja,228400746,"[{'full_name': 'DIGITAL MARKETING TUNISIA', 'id': '24896180662', 'is_verified': False, 'profile_pic_url': 'https://scontent-den2-1.cdninstagram.com/v/t51.2885-19/74886253_1801674530134044_5499489851960983552_n.jpg?stp=dst-jpg_s150x150_tt6&_nc_cat=101&ccb=7-5&_nc_sid=f7ccc5&efg=eyJ2ZW5jb2RlX3RhZyI6InByb2ZpbGVfcGljLnd3dy44NTUuQzMifQ%3D%3D&_nc_ohc=m6kpXr-HLV8Q7kNvwF8BmU1&_nc_oc=AdrY3FYM4OrrIROCEO6Yt8BC66_RV6z23X9nxpw07ud7ik9NDZyILbe6FF1jt3k9yKg&_nc_zt=24&_nc_ht=scontent-den2-1.cdninstagram.com&_nc_ss=7c689&oh=00_AQDoHgDlsD-UCQsCEWRVZicinD6ZtdnozTiUN8sUTHqecQ&oe=6A5E8037', 'username': 'digital_marketing_tunisia'}]",,,,,,,,
3874324564055451209,Image,DXEXan5GGZJ,"Breaking the mold isn’t a risk 🚀
It’s a strategy 🎯
We help brands move beyond “typical” to become truly memorable 👊🔥",[],[],https://www.instagram.com/p/DXEXan5GGZJ/,0,,[],1350,1080,https://scontent-lga3-2.cdninstagram.com/v/t39.30808-6/670780326_1551292356998959_8090505438852783203_n.jpg?stp=dst-jpg_e15_fr_p1080x1080_tt6&_nc_ht=scontent-lga3-2.cdninstagram.com&_nc_cat=107&_nc_oc=Q6cZ2gFeYOdIF-snyUbHjvlhQdehdjBs9mycJiPNSOM0D78hEXT2qoYOTiWXL9bNxRh5io6hNgFMpWKCZ4qq7-_GTCZP&_nc_ohc=IKnSXUUKZgkQ7kNvwFdmEDk&_nc_gid=K55MFx4Ps3eHRu9ghwsMYQ&edm=ADp7STQAAAAA&ccb=7-5&oh=00_AQAewDxFg0nnbwLK_SprsPcvGQxHeMvkqt2mFRFJpfVPvg&oe=6A5E6D02&_nc_sid=c6f216,[],"Photo by Kyubi.digital on April 13, 2026.",8,2026-04-13T10:18:21.000Z,[],Kyubi.digital,kyubi.digital,5331673638,False,https://www.instagram.com/kyubi.digital/,1350,1080,feed,,,,,,,,,,,
3928334509760295361,Image,DaEP2xlK7HB,"Quand une campagne dépasse les écrans, c’est qu’elle prend une nouvelle dimension.

Après le succès de notre lancement digital, la campagne Biolux 2026 poursuit son déploiement avec une présence en affichage urbain, afin de renforcer la visibilité de la marque et d’ancrer son message dans le quotidien des consommateurs.

Cette nouvelle étape est le fruit d’une collaboration bâtie sur la confiance, la vision et l’ambition.

Un immense merci à Biolux pour sa confiance renouvelée année après année. C’est un privilège de construire ensemble des campagnes qui allient créativité, impact et performance.

Fiers de cette nouvelle réalisation. Le meilleur reste à venir.

#Biolux #MuseTunisia #Campaign #OutdoorAdvertising #OOH","['Biolux', 'MuseTunisia', 'Campaign', 'OutdoorAdvertising', 'OOH']",[],https://www.instagram.com/p/DaEP2xlK7HB/,0,,[],1080,1080,https://scontent-bos5-1.cdninstagram.com/v/t51.82787-15/728909228_18621961813008147_2132561339158285487_n.jpg?stp=dst-jpg_e35_s1080x1080_sh2.08_tt6&_nc_ht=scontent-bos5-1.cdninstagram.com&_nc_cat=103&_nc_oc=Q6cZ2gE_MtST1qOelv3l26AYw0CQnHct6ZVfhkB1Z_OqML8Ojlvy5YWgTHfdtOLpqyW5VJ1BPt8jyc0ZdsdyyVCBV4qG&_nc_ohc=4uqpqXPiao0Q7kNvwHBD0Ho&_nc_gid=m4vRisJQXNUwchFBydtGnw&edm=ADp7STQBAAAA&ccb=7-5&oh=00_AQBaPebFa8c_z2YYEVuHq5HHs3iEVxbBm7OOQDo8unM31w&oe=6A5E6D23&_nc_sid=c6f216,[],"Photo by MUSE on June 26, 2026. May be an image of ‎screen, signboard, poster and ‎text that says '‎@biolux L'univers de Bnluore l'Meotromenngar LimieredelItmerr pHleot r3 3 Inverter MILDEW-PROOF PROOF Technology وحدو روحو ينضَفروحووحدو ينظف 10 GARANTIE ANS COMPREBSEUR GARANTIE ANS GLIMATIŞEUR‎'‎‎.",9,2026-06-26T22:47:30.000Z,[],MUSE,muse_agency,408328146,False,https://www.instagram.com/muse_agency/,3024,3024,feed,,,"[{'full_name': 'Karim Gharbii', 'id': '3057541733', 'is_verified': True, 'profile_pic_url': 'https://scontent-iad3-1.cdninstagram.com/v/t51.2885-19/33638667_217107899091748_4472981256488878080_n.jpg?stp=dst-jpg_s150x150_tt6&_nc_cat=104&ccb=7-5&_nc_sid=f7ccc5&efg=eyJ2ZW5jb2RlX3RhZyI6InByb2ZpbGVfcGljLnd3dy4xMDAyLkMzIn0%3D&_nc_ohc=7R_rkJkiGswQ7kNvwFsO7yg&_nc_oc=AdoUA77m0l-gzXSod0lajCVY7cAqWY-QG6ohkLU9gDLAcucQGNa45W-kqMPHvfuFrKs&_nc_zt=24&_nc_ht=scontent-iad3-1.cdninstagram.com&_nc_ss=7ca8c&oh=00_AQA81TGsVGsP3UtHiBgZ-vDqHvTpVv7TWV3Au40xL67KnQ&oe=6A5E6F2E', 'username': 'gharbiikarim'}, {'full_name': 'Biolux Tunisie', 'id': '48301089534', 'is_verified': False, 'profile_pic_url': 'https://scontent-iad6-1.cdninstagram.com/v/t51.2885-19/195887001_481389273088561_4566500941720267496_n.jpg?stp=dst-jpg_s150x150_tt6&_nc_cat=100&ccb=7-5&_nc_sid=f7ccc5&efg=eyJ2ZW5jb2RlX3RhZyI6InByb2ZpbGVfcGljLnd3dy45MzAuQzMifQ%3D%3D&_nc_ohc=Ke4I72kNyLoQ7kNvwG8r0bT&_nc_oc=Adr5FhQDzpwVIjFEpR2ghp8_Q2pEiFs1fYrbUj-zYBbXiaw-zsoQVhUB11_kse7BBxo&_nc_zt=24&_nc_ht=scontent-iad6-1.cdninstagram.com&_nc_ss=7ca8c&oh=00_AQB5XRhczrhs1SoHtjxATXBmR-DJx6-RvbCe1dH7iNSeXg&oe=6A5E81BA', 'username': 'biolux_tunisie'}]",,,,,,,,
3907231998736024569,Video,DY5Rs0rs0P5,نتحدث عن إطلاق Facebook الرسمي لـ MCP (Model Context Protocol)، وهو موصل يربط حسابات Meta Ads على Facebook و Instagram مع نماذج لغوية مثل Claude و ChatGPT. ندعوكم للانضمام إلى ويبينار مجاني حيث سنستكشف كيفية استخدام قوة نماذج Claude لإدارة الحملات الإعلانية، والتعامل مع تشبع الجمهور، وتعديل الميزانيات، وإطلاق الحملات مباشرة من Claude. سنشارك أيضاً تعديلات يومية فعالة وأفضل الممارسات والـ prompts القيمة لتحقيق عائد استثمار أعلى في حملاتك الإعلانية باستخدام Claude و ChatGPT.,[],[],https://www.instagram.com/p/DY5Rs0rs0P5/,7,Interested,"[{'id': '18079791500649980', 'text': 'Interested', 'ownerUsername': 'beekids_childcare', 'ownerProfilePicUrl': 'https://scontent-lga3-3.cdninstagram.com/v/t51.82787-19/723100503_18121489603610285_6395831957101572188_n.jpg?stp=dst-jpg_s150x150_tt6&_nc_cat=104&ccb=7-5&_nc_sid=f7ccc5&efg=eyJ2ZW5jb2RlX3RhZyI6InByb2ZpbGVfcGljLnd3dy4xMDgwLkMzIn0%3D&_nc_ohc=4rTiyVvx3cAQ7kNvwGDpRVq&_nc_oc=Adrxd4NqAVlPH-mGYprpcgQKAhHFG2NVnHYKYtRvy4ekiFyLabpk-x6utKvlEFgJDRFzkEIboenzFCXL85t71GBi&_nc_zt=24&_nc_ht=scontent-lga3-3.cdninstagram.com&_nc_gid=9ZyEo3ZYrXO10HEOL2Mffw&_nc_ss=78a8c&oh=00_AQBFr41qXAmh_yLii5vSwLo2QUzTq15JVapd9vnGgGt9Fw&oe=6A5E770A', 'timestamp': '2026-06-14T19:59:55.000Z', 'repliesCount': None, 'replies': None, 'likesCount': 0, 'owner': {'username': 'beekids_childcare', 'profile_pic_url': 'https://scontent-lga3-3.cdninstagram.com/v/t51.82787-19/723100503_18121489603610285_6395831957101572188_n.jpg?stp=dst-jpg_s150x150_tt6&_nc_cat=104&ccb=7-5&_nc_sid=f7ccc5&efg=eyJ2ZW5jb2RlX3RhZyI6InByb2ZpbGVfcGljLnd3dy4xMDgwLkMzIn0%3D&_nc_ohc=4rTiyVvx3cAQ7kNvwGDpRVq&_nc_oc=Adrxd4NqAVlPH-mGYprpcgQKAhHFG2NVnHYKYtRvy4ekiFyLabpk-x6utKvlEFgJDRFzkEIboenzFCXL85t71GBi&_nc_zt=24&_nc_ht=scontent-lga3-3.cdninstagram.com&_nc_gid=9ZyEo3ZYrXO10HEOL2Mffw&_nc_ss=78a8c&oh=00_AQBFr41qXAmh_yLii5vSwLo2QUzTq15JVapd9vnGgGt9Fw&oe=6A5E770A', 'is_verified': False, 'id': '18247722284', 'full_name': None, 'is_mentionable': None, 'is_private': None, 'profile_pic_id': None, 'latest_reel_media': None}}, {'id': '18107857525941881', 'text': 'Besif theb tbi3 open lel nes lkol betbiitha bara ekhdem haja okhra khyr wela ekhdem maa cheriket w yezi mn bi3an e ri7 lel 3bed', 'ownerUsername': 'yosri_aouadi', 'ownerProfilePicUrl': 'https://scontent-lga3-2.cdninstagram.com/v/t51.2885-19/455821654_828873429227418_8742591134302980683_n.jpg?stp=dst-jpg_s150x150_tt6&_nc_cat=107&ccb=7-5&_nc_sid=f7ccc5&efg=eyJ2ZW5jb2RlX3RhZyI6InByb2ZpbGVfcGljLnd3dy4xMDgwLkMzIn0%3D&_nc_ohc=TuYCMM_ae8oQ7kNvwFoIt_Z&_nc_oc=AdqZXarIkpEpaKVA5p3rrBBXnpreNjLpjFCWNE-VXqx4zGKagIt0yB7jlsNCzN_PTdD_TPn0hYQcUxxG9iDbHV8n&_nc_zt=24&_nc_ht=scontent-lga3-2.cdninstagram.com&_nc_ss=78a8c&oh=00_AQAbpvrpFYiOgh16QCdwV5j7rkdycZnV5QP7YfXCa18WBA&oe=6A5E9F3A', 'timestamp': '2026-05-30T01:16:18.000Z', 'repliesCount': None, 'replies': None, 'likesCount': 0, 'owner': {'username': 'yosri_aouadi', 'profile_pic_url': 'https://scontent-lga3-2.cdninstagram.com/v/t51.2885-19/455821654_828873429227418_8742591134302980683_n.jpg?stp=dst-jpg_s150x150_tt6&_nc_cat=107&ccb=7-5&_nc_sid=f7ccc5&efg=eyJ2ZW5jb2RlX3RhZyI6InByb2ZpbGVfcGljLnd3dy4xMDgwLkMzIn0%3D&_nc_ohc=TuYCMM_ae8oQ7kNvwFoIt_Z&_nc_oc=AdqZXarIkpEpaKVA5p3rrBBXnpreNjLpjFCWNE-VXqx4zGKagIt0yB7jlsNCzN_PTdD_TPn0hYQcUxxG9iDbHV8n&_nc_zt=24&_nc_ht=scontent-lga3-2.cdninstagram.com&_nc_ss=78a8c&oh=00_AQAbpvrpFYiOgh16QCdwV5j7rkdycZnV5QP7YfXCa18WBA&oe=6A5E9F3A', 'is_verified': False, 'id': '1920514043', 'full_name': None, 'is_mentionable': None, 'is_private': None, 'profile_pic_id': None, 'latest_reel_media': None}}, {'id': '18055665869558728', 'text': 'Le lien est où ? Merci', 'ownerUsername': 'yassine_bhir', 'ownerProfilePicUrl': 'https://scontent-lga3-2.cdninstagram.com/v/t51.2885-19/277318159_667713537674416_6694026665635016793_n.jpg?stp=dst-jpg_s150x150_tt6&_nc_cat=105&ccb=7-5&_nc_sid=f7ccc5&efg=eyJ2ZW5jb2RlX3RhZyI6InByb2ZpbGVfcGljLnd3dy4xMDY1LkMzIn0%3D&_nc_ohc=tmwrt7Rt-vcQ7kNvwH9oiVQ&_nc_oc=AdpzKRyVjv38WYP49CCwruynYLPnY7RgZWLwGkn50YazgdOi-kt9t483cjvDQJm3TG4HCxELBEfqOlxZo8WA_Rts&_nc_zt=24&_nc_ht=scontent-lga3-2.cdninstagram.com&_nc_ss=78a8c&oh=00_AQCj1G9FBdOCyd-ojHjl-3j9EIpkcKyirGsHyfZ2HBc4qw&oe=6A5E6F7D', 'timestamp': '2026-05-28T23:38:54.000Z', 'repliesCount': None, 'replies': None, 'likesCount': 0, 'owner': {'username': 'yassine_bhir', 'profile_pic_url': 'https://scontent-lga3-2.cdninstagram.com/v/t51.2885-19/277318159_667713537674416_6694026665635016793_n.jpg?stp=dst-jpg_s150x150_tt6&_nc_cat=105&ccb=7-5&_nc_sid=f7ccc5&efg=eyJ2ZW5jb2RlX3RhZyI6InByb2ZpbGVfcGljLnd3dy4xMDY1LkMzIn0%3D&_nc_ohc=tmwrt7Rt-vcQ7kNvwH9oiVQ&_nc_oc=AdpzKRyVjv38WYP49CCwruynYLPnY7RgZWLwGkn50YazgdOi-kt9t483cjvDQJm3TG4HCxELBEfqOlxZo8WA_Rts&_nc_zt=24&_nc_ht=scontent-lga3-2.cdninstagram.com&_nc_ss=78a8c&oh=00_AQCj1G9FBdOCyd-ojHjl-3j9EIpkcKyirGsHyfZ2HBc4qw&oe=6A5E6F7D', 'is_verified': False, 'id': '461613492', 'full_name': None, 'is_mentionable': None, 'is_private': None, 'profile_pic_id': None, 'latest_reel_media': None}}, {'id': '18120005734672470', 'text': 'Saha aidek aidkoum moubarek ainsi que toute la famille', 'ownerUsername': 'mina__nailskadz16', 'ownerProfilePicUrl': 'https://scontent-lga3-1.cdninstagram.com/v/t51.75761-19/491419031_18091870180599498_85529993322940846_n.jpg?stp=dst-jpg_s150x150_tt6&_nc_cat=109&ccb=7-5&_nc_sid=f7ccc5&efg=eyJ2ZW5jb2RlX3RhZyI6InByb2ZpbGVfcGljLnd3dy4xMDgwLkMzIn0%3D&_nc_ohc=xzAC7RCDTM8Q7kNvwFboh-c&_nc_oc=AdquV1MFu2XVHvXLKJt0mXqz1u0HSnMVoMK1QoiK6klJcK7gvG6LmAd6mjpKkqBhb_zMd9kccX9ZvxDXwGY9ke26&_nc_zt=24&_nc_ht=scontent-lga3-1.cdninstagram.com&_nc_gid=9ZyEo3ZYrXO10HEOL2Mffw&_nc_ss=78a8c&oh=00_AQBQUeuTqEJ-dosDGMKLsA1ALni4apjFY9zZq27l5jXHRQ&oe=6A5E6E45', 'timestamp': '2026-05-28T20:40:18.000Z', 'repliesCount': None, 'replies': None, 'likesCount': 0, 'owner': {'username': 'mina__nailskadz16', 'profile_pic_url': 'https://scontent-lga3-1.cdninstagram.com/v/t51.75761-19/491419031_18091870180599498_85529993322940846_n.jpg?stp=dst-jpg_s150x150_tt6&_nc_cat=109&ccb=7-5&_nc_sid=f7ccc5&efg=eyJ2ZW5jb2RlX3RhZyI6InByb2ZpbGVfcGljLnd3dy4xMDgwLkMzIn0%3D&_nc_ohc=xzAC7RCDTM8Q7kNvwFboh-c&_nc_oc=AdquV1MFu2XVHvXLKJt0mXqz1u0HSnMVoMK1QoiK6klJcK7gvG6LmAd6mjpKkqBhb_zMd9kccX9ZvxDXwGY9ke26&_nc_zt=24&_nc_ht=scontent-lga3-1.cdninstagram.com&_nc_gid=9ZyEo3ZYrXO10HEOL2Mffw&_nc_ss=78a8c&oh=00_AQBQUeuTqEJ-dosDGMKLsA1ALni4apjFY9zZq27l5jXHRQ&oe=6A5E6E45', 'is_verified': False, 'id': '17915119497', 'full_name': None, 'is_mentionable': None, 'is_private': None, 'profile_pic_id': None, 'latest_reel_media': None}}]",1136,640,https://scontent-phl2-1.cdninstagram.com/v/t51.71878-15/709226926_1150245843946251_8854692546464398963_n.jpg?stp=dst-jpg_e15_tt6&_nc_ht=scontent-phl2-1.cdninstagram.com&_nc_cat=103&_nc_oc=Q6cZ2gFQtmi0B78Ebik8_jAA30fsa5Q4jdBX9W5OPOaVlHY5bfpLajQREw7iTD6RmikcfA4&_nc_ohc=x3JQk35u8_kQ7kNvwHuEjZW&_nc_gid=5phKU5XXsxeM53yLGdMxpA&edm=ADp7STQBAAAA&ccb=7-5&oh=00_AQCrOoOd_ChCP97E7WMF8P31at_uz2IU-OAB6ClMW5K4vQ&oe=6A5E9733&_nc_sid=c6f216,[],"Video by Kais Khenine on May 28, 2026. May be a selfie of ‎one or more people, grass and ‎text that says '‎o f Claude WEBINAIRE UTILISER CLAUDE POUR META ADS Apprenez exploite نستدعاكم باش Claude A pour cré vos campagnes Me باش. STRATEGIE Desstratigies CRÉATION Consterus&Ads Ade perfomants ANALYSE Analysed danede eirghts OPTIMISATION Optirisar .aa PERFORMANCE‎'‎‎.",200,2026-05-28T20:00:11.000Z,[],Kais Khenine,kaiskhenine,254107068,False,https://www.instagram.com/e2bconsulting.training/,1280,720,clips,,,"[{'full_name': 'E2bconsulting&training', 'id': '11234617163', 'is_verified': False, 'profile_pic_url': 'https://scontent-lga3-1.cdninstagram.com/v/t51.2885-19/101002711_841643919681756_1486131544241209344_n.jpg?stp=dst-jpg_s150x150_tt6&_nc_cat=103&ccb=7-5&_nc_sid=f7ccc5&efg=eyJ2ZW5jb2RlX3RhZyI6InByb2ZpbGVfcGljLnd3dy4xMDgwLkMzIn0%3D&_nc_ohc=RXgHCHB50NoQ7kNvwH5bFRo&_nc_oc=Ado1o-BIc6CtisG_0kEm3zZxpfeogxJtLULS0XmAmIfOlUlTgEa8gSsC-eARnQ2jyJ-bvS3WGTsf65_2jmCJ514E&_nc_zt=24&_nc_ht=scontent-lga3-1.cdninstagram.com&_nc_ss=78a8c&oh=00_AQDbdLYIjTOIaOJ1bEF34pnxJ0NHE4gxT07RKLWXlSo7ug&oe=6A5E8216', 'username': 'e2bconsulting.training'}]",https://scontent-lga3-2.cdninstagram.com/o1/v/t2/f2/m86/AQNwzej_tGGMIcs-v9IfBSWpQadwUELuZnq5fxUn8GXfAR6Vq1c54PAgOtVoZFDvCUrLzBfvn2bGVWIlUD6N09A_CxRBpfqXao7Eby0.mp4?_nc_cat=105&_nc_sid=5e9851&_nc_ht=scontent-lga3-2.cdninstagram.com&_nc_ohc=58IP_KhDmkoQ7kNvwHGiLyM&efg=eyJ2ZW5jb2RlX3RhZyI6Inhwdl9wcm9ncmVzc2l2ZS5JTlNUQUdSQU0uQUQuQzMuNzIwLmRhc2hfYmFzZWxpbmVfMV92MSIsInhwdl9hc3NldF9pZCI6OTE4NTA3NDY3ODY1NTk0LCJhc3NldF9hZ2VfZGF5cyI6NDgsInZpX3VzZWNhc2VfaWQiOjEwMDk5LCJkdXJhdGlvbl9zIjo1NywidXJsZ2VuX3NvdXJjZSI6Ind3dyJ9&ccb=17-1&vs=907a1529a6703e16&_nc_vs=HBksFQIYUmlnX3hwdl9yZWVsc19wZXJtYW5lbnRfc3JfcHJvZC82ODQ2MDlFRDU2MkQyRURBQzlGOEMzMjFCMTUwNUY5QV92aWRlb19kYXNoaW5pdC5tcDQVAALIARIAFQIYUWlnX3hwdl9wbGFjZW1lbnRfcGVybWFuZW50X3YyL0QwNEY4MDdDNUU1MEU1RDcyNDk2MDk2QjhBOUJDMTg4X2F1ZGlvX2Rhc2hpbml0Lm1wNBUCAsgBEgAoABgAGwKIB3VzZV9vaWwBMRJwcm9ncmVzc2l2ZV9yZWNpcGUBMRUAACb098P1ldihAxUCKAJDMywXQEyzMzMzMzMYEmRhc2hfYmFzZWxpbmVfMV92MREAdfAHZeadAQA&_nc_gid=9ZyEo3ZYrXO10HEOL2Mffw&_nc_ss=78a8c&_nc_zt=28&oh=00_AQDeNI83lHALj5qIklMLyPGXjaRYXGp4vEUYoEqdev3i2Q&oe=6A5A9CE2,5590,https://scontent-lga3-1.cdninstagram.com/o1/v/t2/f2/m78/AQM8noynIbCT54gFhdknPLrjgwnmnClSf0rdAcAX1kvllULUsdAU7KZ2khM2jpDu-WGUrTP0ueqwr9nKDwjLba8e7nCxbNNQD-_wmgg.mp4?_nc_cat=111&_nc_sid=9ca052&_nc_ht=scontent-lga3-1.cdninstagram.com&_nc_ohc=oj1-ZX8vtsEQ7kNvwEa6iD4&efg=eyJ2ZW5jb2RlX3RhZyI6ImlnLXhwdmRzLmFkLmlnd3d3LUMzLmRhc2hfbG5faGVhYWNfdmJyM19hdWRpbyIsInZpZGVvX2lkIjpudWxsLCJvaWxfdXJsZ2VuX2FwcF9pZCI6OTM2NjE5NzQzMzkyNDU5LCJjbGllbnRfbmFtZSI6ImlnIiwieHB2X2Fzc2V0X2lkIjo5MTg1MDc0Njc4NjU1OTQsImFzc2V0X2FnZV9kYXlzIjo0OCwidmlfdXNlY2FzZV9pZCI6MTAwOTksImR1cmF0aW9uX3MiOjU3LCJiaXRyYXRlIjo2NTk1NCwidXJsZ2VuX3NvdXJjZSI6Ind3dyJ9&ccb=17-1&_nc_gid=9ZyEo3ZYrXO10HEOL2Mffw&_nc_ss=78a8c&_nc_zt=28&oh=00_AQCcRwv7yjD3L4yB88P4s6T6_-5t6nu8Pr8pp1gw2Zm85w&oe=6A5AA3C0,57.4,"{'artist_name': 'kaiskhenine', 'song_name': 'Original audio', 'uses_original_audio': True, 'should_mute_audio': False, 'should_mute_audio_reason': '', 'audio_id': '35949598034655702'}",16711,"[{'id': '11234617163', 'is_verified': False, 'profile_pic_url': 'https://scontent-lga3-1.cdninstagram.com/v/t51.2885-19/101002711_841643919681756_1486131544241209344_n.jpg?stp=dst-jpg_s150x150_tt6&_nc_cat=103&ccb=7-5&_nc_sid=f7ccc5&efg=eyJ2ZW5jb2RlX3RhZyI6InByb2ZpbGVfcGljLnd3dy4xMDgwLkMzIn0%3D&_nc_ohc=RXgHCHB50NoQ7kNvwH5bFRo&_nc_oc=Ado1o-BIc6CtisG_0kEm3zZxpfeogxJtLULS0XmAmIfOlUlTgEa8gSsC-eARnQ2jyJ-bvS3WGTsf65_2jmCJ514E&_nc_zt=24&_nc_ht=scontent-lga3-1.cdninstagram.com&_nc_ss=78a8c&oh=00_AQDbdLYIjTOIaOJ1bEF34pnxJ0NHE4gxT07RKLWXlSo7ug&oe=6A5E8216', 'username': 'e2bconsulting.training', '__typename': 'User', 'is_unpublished': False, 'full_name': 'E2bconsulting&training', 'fbid': '17841411074914327'}]",
3443043821821860484,Image,C_IJh0py5qE,"⭐️⭐️ Notre réalisation ⭐️⭐️ :
Conception 3D CashBoard Multi F
Veuillez consulter nos projets réalisés sur notre site web: 
🌐 www.24-7digital.com.tn
24-7 Digital Design est votre meilleur partenaire pour réaliser votre: 
✅ Site Web. 
✅ Application Web & Mobile
✅ Branding , logo et Charte graphique. 
✅ Conception de vos supports de communication. 
✅ Gestion de vos réseaux sociaux. 
✅ Modélisation 3D et rendu réaliste de vos produits. 
✅ Packaging design.
Pour toute étude personnalisée, veuillez contacter nos experts au : 
Mobile + whatsapp : +216 96 357 457 
Facebook : www.facebook.com/24.7.digital.design.tunisie 
instagram : www.instagram.com/247digitaldesign/ 
Linkedin : www.linkedin.com/company/11547031/
#Webdesign #siteweb #logo #chartegraphique #graphicdesign #smo #conception3d #packaging #branding #sitevitrine #ecommerce","['Webdesign', 'siteweb', 'logo', 'chartegraphique', 'graphicdesign', 'smo', 'conception3d', 'packaging', 'branding', 'sitevitrine', 'ecommerce']",[],https://www.instagram.com/p/C_IJh0py5qE/,0,,[],720,1080,https://scontent-hou1-1.cdninstagram.com/v/t39.30808-6/491963237_1224773839654350_2110509117983862111_n.jpg?stp=dst-jpg_e35_s1080x1080_sh2.08_tt6&_nc_ht=scontent-hou1-1.cdninstagram.com&_nc_cat=106&_nc_oc=Q6cZ2gFrLc1fNXu6VA_YH3e3OZ6LRgt6WmY045ndXxM9sLqhKNITmYIk9m2ChqakGhi_1paWw6uqK0qWqiNXksXMcWsV&_nc_ohc=JzLOdxsqYrMQ7kNvwGBu0U5&_nc_gid=m1RrVJr9zXftRu6TqKTZcQ&edm=ADp7STQAAAAA&ccb=7-5&oh=00_AQAUPaAesMrRVR7889qp1aXYZ70vkluNNE5EWhtYMakFRQ&oe=6A5E8D11&_nc_sid=c6f216,[],"Photo by 24-7digital design on August 26, 2024.",1,2024-08-26T09:00:29.000Z,[],24-7digital design,247digitaldesign,9774715009,False,https://www.instagram.com/247digitaldesign/,1366,2048,feed,,,,,,,,,,,
3847199297540609800,Image,DVj_2C2ClcI,,[],[],https://www.instagram.com/p/DVj_2C2ClcI/,0,,[],1080,1080,https://instagram.ftpa1-2.fna.fbcdn.net/v/t51.82787-15/642650241_18588796930008147_7491686245050648415_n.jpg?stp=dst-jpg_e35_s1080x1080_sh2.08_tt6&_nc_ht=instagram.ftpa1-2.fna.fbcdn.net&_nc_cat=103&_nc_oc=Q6cZ2gF6eT72VswcqNM6y8YAJUNsGgQfNa5TdUpdqKWCalE9PZHlU-q6N3eB0QWW3GEMS-oF69CgkkyvEvJlPyY-V29S&_nc_ohc=6MthpZJ4-iEQ7kNvwE_hzCF&_nc_gid=s5uPQrgVJavLQa-VcDpfGA&edm=ADp7STQBAAAA&ccb=7-5&oh=00_AQB788VHcrfsp6oAhLWvOnMuKie1lFxiQcf-IZo81r_7gg&oe=6A5E7D7E&_nc_sid=c6f216,[],"Photo by MUSE on March 06, 2026.",1,2026-03-07T00:05:20.000Z,[],MUSE,muse_agency,408328146,False,https://www.instagram.com/muse_agency/,1206,1206,feed,,,,,,,,,,,
3444493352092934389,Image,C_NTHQ6saD1,"⭐️⭐️ Notre réalisation ⭐️⭐️ :
Site web pour notre client 🎖 WINCARD 🎖
Veuillez consulter nos projets réalisés sur notre site web: 
🌐 www.24-7digital.com.tn
24-7 Digital Design est votre meilleur partenaire pour réaliser votre: 
✅ Site Web. 
✅ Application Web & Mobile
✅ Branding , logo et Charte graphique. 
✅ Conception de vos supports de communication. 
✅ Gestion de vos réseaux sociaux. 
✅ Modélisation 3D et rendu réaliste de vos produits. 
✅ Packaging design.
Pour toute étude personnalisée, veuillez contacter nos experts au : 
Mobile + whatsapp : +216 96 357 457 
Facebook : www.facebook.com/24.7.digital.design.tunisie 
instagram : www.instagram.com/247digitaldesign/ 
Linkedin : www.linkedin.com/company/11547031/
#Webdesign #siteweb #logo #chartegraphique #graphicdesign #smo #conception3d #packaging #branding #sitevitrine #ecommerce","['Webdesign', 'siteweb', 'logo', 'chartegraphique', 'graphicdesign', 'smo', 'conception3d', 'packaging', 'branding', 'sitevitrine', 'ecommerce']",[],https://www.instagram.com/p/C_NTHQ6saD1/,0,,[],720,1080,https://scontent-ord5-1.cdninstagram.com/v/t39.30808-6/491328434_1224773652987702_4946236542245673955_n.jpg?stp=dst-jpg_e35_s1080x1080_sh2.08_tt6&_nc_ht=scontent-ord5-1.cdninstagram.com&_nc_cat=106&_nc_oc=Q6cZ2gFl1tvvQawOuyrft9pLOh9Y7CmIXFRpVBh0U71cBdCkM8oDG_h7ruP8qQNH9DBbHTuHsBd0hMeHIsUaD-eDOo5c&_nc_ohc=GjxX45UcgMoQ7kNvwFdgLLA&_nc_gid=kVfqkx6cZXq8u385k8GwLg&edm=ADp7STQAAAAA&ccb=7-5&oh=00_AQDzIzDEr83uAGk5CY0XhE5PCX_bGGhr041sLKKfDLhL7A&oe=6A5E9DA2&_nc_sid=c6f216,[],"Photo by 24-7digital design on August 28, 2024.",0,2024-08-28T09:00:27.000Z,[],24-7digital design,247digitaldesign,9774715009,False,https://www.instagram.com/247digitaldesign/,1366,2048,feed,,,,,,,,,,,
2202140298933508335,Image,B6Pku83gRjv,"🔴#هااام_جدااا:#للباعثين_الشبان_ورواد_الأعمال
#بتونس🇹🇳💱:
✅#فيما_يلي: منصة رقمية تونسية تأسست في مارس 2017 وتدعى:
https://tsindex.org/
تمثل أكبر #بنك_معطيات_ثري_جدااا حول #الشركات_الناشئة_بتونس:(les start-ups en Tunisie)💻💱🇹🇳 في مجال:
ريادة الأعمال بتونس/ مؤسسي الشركات الناشئة التونسية/ حجم الٱستثمارات/ رقم المعاملات ع الانترنات/ مسيرات الأعمال وحاضنات المشاريع/ المستثمرين وبرامج الدعم المالي والتقني والفني للشركات الناشئة بتونس/ فرص الإستثمار والشراكة وخدمات أخرى متطورة.
The #TSIndex, launched in March 2017, is a crowd-sourced online interactive platform that measures the impact of the Tunisian Startups on the local economy and tracks the startups’ entrepreneurial ecosystem evolution. It brings more transparency and insignts in the new rising pillar of the Tunisian economy. It gathers input data about the startups business activities, like mainly: Turnovers, Number of Employees, Export, Online transactions etc. and it aggregates the data in Numbers and Charts. It is also a tool that ables the startups to assess the business environment. 
The project is led by TunisianStartups and co-financed by The Friedrich Naumann Stiftung Für die Freiheit - Tunisia.","['هااام_جدااا:', 'للباعثين_الشبان_ورواد_الأعمال', 'بتونس🇹🇳💱:', 'فيما_يلي:', 'بنك_معطيات_ثري_جدااا', 'الشركات_الناشئة_بتونس:(les', 'TSIndex,']",[],https://www.instagram.com/p/B6Pku83gRjv/,0,,[],1080,1080,https://scontent-lga3-3.cdninstagram.com/v/t51.82787-15/619565664_18119231989602662_2603655187336083135_n.jpg?stp=dst-jpg_e15_fr_s1080x1080_tt6&_nc_ht=scontent-lga3-3.cdninstagram.com&_nc_cat=102&_nc_oc=Q6cZ2gHz2y50ofD6BztGeNqzDVEBuL4nGbGREBfArwhuLWxOIF3LxKvTisR_NIOL5OgSTjs&_nc_ohc=jQKnO20rdO4Q7kNvwElgc74&_nc_gid=PGmvNvwR0agQrN46dliVDg&edm=ADp7STQBAAAA&ccb=7-5&oh=00_AQBCI8LH4mVxZpzzu9irv3SCPyp4Ha584jK6Jc5dIX0Ykg&oe=6A5E6CFD&_nc_sid=c6f216,[],"Photo by DIGITAL MARKETING TUNISIA on December 18, 2019.",0,2019-12-19T06:06:42.000Z,[],DIGITAL MARKETING TUNISIA,digital_marketing_tunisia,24896180662,False,https://www.instagram.com/digital_marketing_tunisia/,1080,1080,feed,Béja,228400746,,,,,,,,,
3858632353466735447,Video,DWMna57NttX,🕊️💕🕊️#igpodium_portraits #portrait  #portraitphotography #photography #beauty beautygirl beautiful beautyaddict makeup makeupartist makeuptutorial makeupaddict makeuptutorial instagram insta instalike instalife instabeauty instagood fashion fashionstyle people majestic_people sousse,"['igpodium_portraits', 'portrait', 'portraitphotography', 'photography', 'beauty']",[],https://www.instagram.com/p/DWMna57NttX/,2,😍😍😍😍😍❤️,"[{'id': '18095640785282549', 'text': '😍😍😍😍😍❤️', 'ownerUsername': 'eyahfathallah', 'ownerProfilePicUrl': 'https://scontent-iad6-1.cdninstagram.com/v/t51.82787-19/686336594_18587449576060734_3308895677820283674_n.jpg?stp=dst-jpg_s150x150_tt6&_nc_cat=100&ccb=7-5&_nc_sid=f7ccc5&efg=eyJ2ZW5jb2RlX3RhZyI6InByb2ZpbGVfcGljLnd3dy4xMDgwLkMzIn0%3D&_nc_ohc=--PDsQWScl0Q7kNvwGeXY-R&_nc_oc=AdryLp-J8R6YXNTu98-9tqlpKxJIPzvflttO-kmP54noj-kV4qp9WeNIWROsMr6T8573lMECYxe2zP3RYzboyrH6&_nc_zt=24&_nc_ht=scontent-iad6-1.cdninstagram.com&_nc_gid=ii3tiJucySmnmATV6fJbOA&_nc_ss=72689&oh=00_AQBf5wwKQig4X1BUmkP0gvf6a8ND1PxT72lECdq1GDbgCg&oe=6A5E7E98', 'timestamp': '2026-03-22T18:45:15.000Z', 'repliesCount': None, 'replies': None, 'likesCount': 0, 'owner': {'username': 'eyahfathallah', 'profile_pic_url': 'https://scontent-iad6-1.cdninstagram.com/v/t51.82787-19/686336594_18587449576060734_3308895677820283674_n.jpg?stp=dst-jpg_s150x150_tt6&_nc_cat=100&ccb=7-5&_nc_sid=f7ccc5&efg=eyJ2ZW5jb2RlX3RhZyI6InByb2ZpbGVfcGljLnd3dy4xMDgwLkMzIn0%3D&_nc_ohc=--PDsQWScl0Q7kNvwGeXY-R&_nc_oc=AdryLp-J8R6YXNTu98-9tqlpKxJIPzvflttO-kmP54noj-kV4qp9WeNIWROsMr6T8573lMECYxe2zP3RYzboyrH6&_nc_zt=24&_nc_ht=scontent-iad6-1.cdninstagram.com&_nc_gid=ii3tiJucySmnmATV6fJbOA&_nc_ss=72689&oh=00_AQBf5wwKQig4X1BUmkP0gvf6a8ND1PxT72lECdq1GDbgCg&oe=6A5E7E98', 'is_verified': False, 'id': '1906748733', 'full_name': None, 'is_mentionable': None, 'is_private': None, 'profile_pic_id': None, 'latest_reel_media': None}}]",1333,750,https://scontent-atl3-2.cdninstagram.com/v/t51.82787-15/656076502_18452722201104626_6909608880360348699_n.jpg?stp=dst-jpg_e15_tt6&_nc_ht=scontent-atl3-2.cdninstagram.com&_nc_cat=102&_nc_oc=Q6cZ2gGN0XnzXcA7KTti3PkzhiVYocqknlm3YAtU1tv1TflPXlXaLXXwSYW5hvf2dqLzMMQ&_nc_ohc=kYO1asAjirUQ7kNvwHuc04-&_nc_gid=GKphyFyxxYfUhdlAgh_qZg&edm=ADp7STQBAAAA&ccb=7-5&oh=00_AQAXyE1Nvae1Kx-Iwnm3jTgPkpXxtfOg3w_9P6GL9XmM4g&oe=6A5E6D6F&_nc_sid=c6f216,[],"Video by Marwen Naouar on March 22, 2026.",3,2026-03-22T18:40:00.000Z,[],Marwen Naouar,marwen.naouar.prod,3301240625,False,https://www.instagram.com/muse_agency/,1920,1080,clips,,,"[{'full_name': 'MUSE', 'id': '408328146', 'is_verified': False, 'profile_pic_url': 'https://scontent-iad3-1.cdninstagram.com/v/t51.2885-19/392926003_263469743353702_2129784441197382414_n.jpg?stp=dst-jpg_s150x150_tt6&_nc_cat=104&ccb=7-5&_nc_sid=f7ccc5&efg=eyJ2ZW5jb2RlX3RhZyI6InByb2ZpbGVfcGljLnd3dy41MDMuQzMifQ%3D%3D&_nc_ohc=vxWZOZ5EIgUQ7kNvwHoBEMj&_nc_oc=Adqo8hu9o3b259khjUvUQBIHNJErmmc_2K2yBKfksmNX5J4bg73zkIX45d-B7qkFX3H78QA4cUjt0GbCeM_Yxez_&_nc_zt=24&_nc_ht=scontent-iad3-1.cdninstagram.com&_nc_ss=72689&oh=00_AQBMtSW6d6ovhWxABuzFM-JvIYGnD_766gqkYi4zo5PjLA&oe=6A5E6AC3', 'username': 'muse_agency'}, {'full_name': 'Dr. Mejda Hajjaji', 'id': '1753146640', 'is_verified': False, 'profile_pic_url': 'https://scontent-iad6-1.cdninstagram.com/v/t51.82787-19/732933568_18619608091058641_5749887273650214726_n.jpg?stp=dst-jpg_s150x150_tt6&_nc_cat=106&ccb=7-5&_nc_sid=f7ccc5&efg=eyJ2ZW5jb2RlX3RhZyI6InByb2ZpbGVfcGljLnd3dy4xMDgwLkMzIn0%3D&_nc_ohc=HEyLEe-WKDkQ7kNvwGnakuX&_nc_oc=AdpLOre3CpTvq18zdaUnZYi8R1MAaDx5TwQczjrbUbbKsUfc41b1tqi8AvL9aso1SJ94bv0kZ1iuWy9_sM3hn-eP&_nc_zt=24&_nc_ht=scontent-iad6-1.cdninstagram.com&_nc_gid=ii3tiJucySmnmATV6fJbOA&_nc_ss=72689&oh=00_AQDI9khtS7-i4hvUvtwOoaPaCF9qzx-LK3YGMy85_ZK6cw&oe=6A5E9738', 'username': 'mejda.hajjaji'}, {'full_name': 'N o u n o u🌞', 'id': '1909006213', 'is_verified': False, 'profile_pic_url': 'https://scontent-iad3-2.cdninstagram.com/v/t51.2885-19/475450428_406093942592551_5931298764843148443_n.jpg?stp=dst-jpg_s150x150_tt6&_nc_cat=105&ccb=7-5&_nc_sid=f7ccc5&efg=eyJ2ZW5jb2RlX3RhZyI6InByb2ZpbGVfcGljLnd3dy4xMDgwLkMzIn0%3D&_nc_ohc=PMMEzRGv-IsQ7kNvwEONHv2&_nc_oc=AdqOy5rkjlkfESCJVWxi-HMMjxZPOU32nuu8z1UvcGSthQgaVmjxLOkg5egEAdYPTMm5yYFmdwpQeeMlt8IDBBr5&_nc_zt=24&_nc_ht=scontent-iad3-2.cdninstagram.com&_nc_ss=72689&oh=00_AQAdvhj_9dUIXsZcss6jWrZOm_o6l4r8qSIEpYbAZnkE_w&oe=6A5E7CD3', 'username': 'nour.abdella0ui'}, {'full_name': 'Muse Man', 'id': '6701597107', 'is_verified': False, 'profile_pic_url': 'https://scontent-iad3-2.cdninstagram.com/v/t51.82787-19/702209077_18338189362221108_6131811648411985308_n.jpg?stp=dst-jpg_s150x150_tt6&_nc_cat=111&ccb=7-5&_nc_sid=f7ccc5&efg=eyJ2ZW5jb2RlX3RhZyI6InByb2ZpbGVfcGljLnd3dy4xMDgwLkMzIn0%3D&_nc_ohc=NotCXVa04r8Q7kNvwFxFQsF&_nc_oc=Ado-SidCej12KP9cnOpaIWA_jsRcRzeGcdpJeOusD425oMr3oyD0UtLJb3wXKIBpHyHn5fJ-ZW7VwJLLUn4LhYQy&_nc_zt=24&_nc_ht=scontent-iad3-2.cdninstagram.com&_nc_gid=ii3tiJucySmnmATV6fJbOA&_nc_ss=72689&oh=00_AQBobf5-kOtJc602GO_6I9iilFyvoBXf12YHl9y5ablx8A&oe=6A5E94C1', 'username': 'muse_man_'}]",https://scontent-iad6-1.cdninstagram.com/o1/v/t16/f2/m69/AQN94G7C3ke99UAzWXHhgUCrDArp5FsNR35eGkL_DvPUCtGXctROfmrCXqOE2h7f1p5SKLX2YgpjzwRK549Lxh9X.mp4?strext=1&_nc_cat=106&_nc_sid=5e9851&_nc_ht=scontent-iad6-1.cdninstagram.com&_nc_ohc=w5MOPp7rau8Q7kNvwGlTErQ&efg=eyJ2ZW5jb2RlX3RhZyI6Inhwdl9wcm9ncmVzc2l2ZS5JTlNUQUdSQU0uQ0xJUFMuQzMuNzIwLmRhc2hfYmFzZWxpbmVfMV92MSIsInhwdl9hc3NldF9pZCI6MTg0NTI3MTU2NTUxMDQ2MjYsImFzc2V0X2FnZV9kYXlzIjoxMTUsInZpX3VzZWNhc2VfaWQiOjEwMDk5LCJkdXJhdGlvbl9zIjoxNSwidXJsZ2VuX3NvdXJjZSI6Ind3dyJ9&ccb=17-1&vs=a1fcafc75e1869c6&_nc_vs=HBksFQIYOnBhc3N0aHJvdWdoX2V2ZXJzdG9yZS9HTDRRLUNiOGg3OWZBNzhDQUhIaVdPU212d0lDYnNwVEFRQUYVAALIARIAFQIYUWlnX3hwdl9wbGFjZW1lbnRfcGVybWFuZW50X3YyLzI0NENFMTg3RTY3NEI0RTUxQkYzOUMyM0VGMEY3MkJBX2F1ZGlvX2Rhc2hpbml0Lm1wNBUCAsgBEgAoABgAGwKIB3VzZV9vaWwBMRJwcm9ncmVzc2l2ZV9yZWNpcGUBMRUAACbkoZyctanHQRUCKAJDMywXQC7MzMzMzM0YEmRhc2hfYmFzZWxpbmVfMV92MREAdf4HZeadAQA&_nc_gid=ii3tiJucySmnmATV6fJbOA&_nc_ss=72689&_nc_zt=28&oh=00_AQBQUpsQiRRMlfKArhF5Rd_QpS6J3rJ8ys8V4H_Pw1I2Qw&oe=6A5E7EF6,1394,https://scontent-iad3-2.cdninstagram.com/o1/v/t2/f2/m78/AQPLTR0N7UWysOzTHGHhRuAnxsqD7G0HQUhj7yd6K5x2lpS_ZU9hczCY-9lGkVktBLZG7TIekcPMQIrPyEEeWzQooiliEQdSZWRvFMY.mp4?_nc_cat=105&_nc_sid=9ca052&_nc_ht=scontent-iad3-2.cdninstagram.com&_nc_ohc=h48w-gzKwZQQ7kNvwEjIq06&efg=eyJ2ZW5jb2RlX3RhZyI6ImlnLXhwdmRzLmNsaXBzLmlnd3d3LUMzLmRhc2hfbG5faGVhYWNfdmJyM19hdWRpbyIsInZpZGVvX2lkIjpudWxsLCJvaWxfdXJsZ2VuX2FwcF9pZCI6OTM2NjE5NzQzMzkyNDU5LCJjbGllbnRfbmFtZSI6ImlnIiwieHB2X2Fzc2V0X2lkIjoxODQ1MjcxNTY1NTEwNDYyNiwiYXNzZXRfYWdlX2RheXMiOjExNSwidmlfdXNlY2FzZV9pZCI6MTAwOTksImR1cmF0aW9uX3MiOjE1LCJiaXRyYXRlIjo2MjExNCwidXJsZ2VuX3NvdXJjZSI6Ind3dyJ9&ccb=17-1&_nc_gid=ii3tiJucySmnmATV6fJbOA&_nc_ss=72689&_nc_zt=28&oh=00_AQBeI13_lWIZETw0x51L_AtaD5p_ts6u88833zhkC5gvBw&oe=6A5A7876,15.4,"{'artist_name': 'Ice Spice', 'song_name': 'Big Guy', 'uses_original_audio': False, 'should_mute_audio': False, 'should_mute_audio_reason': '', 'audio_id': '868588845729121'}",6820,"[{'id': '408328146', 'is_verified': False, 'profile_pic_url': 'https://scontent-iad3-1.cdninstagram.com/v/t51.2885-19/392926003_263469743353702_2129784441197382414_n.jpg?stp=dst-jpg_s150x150_tt6&_nc_cat=104&ccb=7-5&_nc_sid=f7ccc5&efg=eyJ2ZW5jb2RlX3RhZyI6InByb2ZpbGVfcGljLnd3dy41MDMuQzMifQ%3D%3D&_nc_ohc=vxWZOZ5EIgUQ7kNvwHoBEMj&_nc_oc=Adqo8hu9o3b259khjUvUQBIHNJErmmc_2K2yBKfksmNX5J4bg73zkIX45d-B7qkFX3H78QA4cUjt0GbCeM_Yxez_&_nc_zt=24&_nc_ht=scontent-iad3-1.cdninstagram.com&_nc_ss=72689&oh=00_AQBMtSW6d6ovhWxABuzFM-JvIYGnD_766gqkYi4zo5PjLA&oe=6A5E6AC3', 'username': 'muse_agency', '__typename': 'User', 'is_unpublished': False, 'full_name': 'MUSE', 'fbid': '17841400244386380'}]",
3923941583757128651,Image,DZ0pBSbOjPL,"🎓 Toutes nos félicitations à notre #CEO et son épouse.

Toute l'équipe d'E2Business Consulting and Training tient à adresser ses plus vives félicitations à notre CEO, M. Kais Khenine , et son épouse Mme Salwa Ben Said Khenine.

C'est avec une immense fierté et beaucoup de joie que nous partageons leur bonheur familial à l'occasion de la réussite de leur fille au Baccalauréat. 📜

Une magnifique étape de franchie et un avenir prometteur qui s'ouvre devant elle. Bravo pour ce brillant succès.

#E2BConsulting #Félicitations #Baccalauréat #Fierté Succès TeamE2B FamilleE2B","['CEO', 'E2BConsulting', 'Félicitations', 'Baccalauréat', 'Fierté']",[],https://www.instagram.com/p/DZ0pBSbOjPL/,2,مبروك 🌷,"[{'id': '17867584752567242', 'text': 'مبروك 🌷', 'ownerUsername': 'nouhalri', 'ownerProfilePicUrl': 'https://scontent-lax3-2.cdninstagram.com/v/t51.2885-19/315773834_198497335925845_3578526899734785561_n.jpg?stp=dst-jpg_s150x150_tt6&_nc_cat=103&ccb=7-5&_nc_sid=f7ccc5&efg=eyJ2ZW5jb2RlX3RhZyI6InByb2ZpbGVfcGljLnd3dy43NzYuQzMifQ%3D%3D&_nc_ohc=sTfrJ3z1k8sQ7kNvwFL_L1_&_nc_oc=Adr94X6Qn-_HEjEL1V7sQV4nDH0hLCTFjaZNypsHDVtBQMsRM8fjqGbVoX-AalIhC3M&_nc_zt=24&_nc_ht=scontent-lax3-2.cdninstagram.com&_nc_ss=7ca8c&oh=00_AQCPwpxGXzTcU_XmMrZKjx2v2-HEd1hSeOF5OpnAGbhGdw&oe=6A5E73D7', 'timestamp': '2026-06-21T07:01:45.000Z', 'repliesCount': None, 'replies': None, 'likesCount': 0, 'owner': {'username': 'nouhalri', 'profile_pic_url': 'https://scontent-lax3-2.cdninstagram.com/v/t51.2885-19/315773834_198497335925845_3578526899734785561_n.jpg?stp=dst-jpg_s150x150_tt6&_nc_cat=103&ccb=7-5&_nc_sid=f7ccc5&efg=eyJ2ZW5jb2RlX3RhZyI6InByb2ZpbGVfcGljLnd3dy43NzYuQzMifQ%3D%3D&_nc_ohc=sTfrJ3z1k8sQ7kNvwFL_L1_&_nc_oc=Adr94X6Qn-_HEjEL1V7sQV4nDH0hLCTFjaZNypsHDVtBQMsRM8fjqGbVoX-AalIhC3M&_nc_zt=24&_nc_ht=scontent-lax3-2.cdninstagram.com&_nc_ss=7ca8c&oh=00_AQCPwpxGXzTcU_XmMrZKjx2v2-HEd1hSeOF5OpnAGbhGdw&oe=6A5E73D7', 'is_verified': False, 'id': '3041736684', 'full_name': None, 'is_mentionable': None, 'is_private': None, 'profile_pic_id': None, 'latest_reel_media': None}}, {'id': '18061030406726784', 'text': 'Mes félicitations mr @kaiskhenine 🙏', 'ownerUsername': 'ben_salem_tayma', 'ownerProfilePicUrl': 'https://scontent-lax3-2.cdninstagram.com/v/t51.82787-19/743841384_18112994537512000_9202768001540276599_n.jpg?stp=dst-jpg_s150x150_tt6&_nc_cat=111&ccb=7-5&_nc_sid=f7ccc5&efg=eyJ2ZW5jb2RlX3RhZyI6InByb2ZpbGVfcGljLnd3dy4xMDgwLkMzIn0%3D&_nc_ohc=qPfDKHCPiyQQ7kNvwHYYh2I&_nc_oc=AdoMUDvjsfFV5ayaS24Ly0eW4eur_LEe4yrLBPbSGuz3jyJzM8Q6aKAuHbLyJwA6NxU&_nc_zt=24&_nc_ht=scontent-lax3-2.cdninstagram.com&_nc_gid=w5Yj1IX0l0JnxRbeC5Xkmg&_nc_ss=7ca8c&oh=00_AQBUY65ifjh89NTKzOdDyilrY3iRp1BNXQ7ksQ58_vffoA&oe=6A5E76E0', 'timestamp': '2026-06-20T21:56:15.000Z', 'repliesCount': None, 'replies': None, 'likesCount': 0, 'owner': {'username': 'ben_salem_tayma', 'profile_pic_url': 'https://scontent-lax3-2.cdninstagram.com/v/t51.82787-19/743841384_18112994537512000_9202768001540276599_n.jpg?stp=dst-jpg_s150x150_tt6&_nc_cat=111&ccb=7-5&_nc_sid=f7ccc5&efg=eyJ2ZW5jb2RlX3RhZyI6InByb2ZpbGVfcGljLnd3dy4xMDgwLkMzIn0%3D&_nc_ohc=qPfDKHCPiyQQ7kNvwHYYh2I&_nc_oc=AdoMUDvjsfFV5ayaS24Ly0eW4eur_LEe4yrLBPbSGuz3jyJzM8Q6aKAuHbLyJwA6NxU&_nc_zt=24&_nc_ht=scontent-lax3-2.cdninstagram.com&_nc_gid=w5Yj1IX0l0JnxRbeC5Xkmg&_nc_ss=7ca8c&oh=00_AQBUY65ifjh89NTKzOdDyilrY3iRp1BNXQ7ksQ58_vffoA&oe=6A5E76E0', 'is_verified': False, 'id': '45335423999', 'full_name': None, 'is_mentionable': None, 'is_private': None, 'profile_pic_id': None, 'latest_reel_media': None}}]",1080,1080,https://scontent-lax3-2.cdninstagram.com/v/t51.82787-15/727799273_18196162294369164_5831869997258978592_n.heic?stp=dst-jpg_e35_s1080x1080_sh2.08_tt6&_nc_ht=scontent-lax3-2.cdninstagram.com&_nc_cat=100&_nc_oc=Q6cZ2gE3EXYoWDkNEFCtsdsqIX00p1TTlQYE9zJwbM5RTTM6qMYpono4lCY6kJEi9QwhZ2E&_nc_ohc=6cwKX8XT_jIQ7kNvwHxOExz&_nc_gid=E9G8Q7h-sx1zLtlUqhN7tQ&edm=ADp7STQBAAAA&ccb=7-5&oh=00_AQDTza-OCM69G-gpXOwi1_LHtLlVn6SMbu8x6qTyX_YM_Q&oe=6A5E7070&_nc_sid=c6f216,[],"Photo by E2bconsulting&training on June 20, 2026. May be an image of poster and text that says '2 CONSULTING TRAINING Toutes nos FÉLICITATIONS à notre CEO, M. Med Kais Khenine L'équipe E2BUSINESS CONSULTING AND TRAINING partage votre immense fierté et joie familiale l'occasion de la réussite de votre fille au Baccalauréat. Une belle étape de franchie, bravo à elle. www.e2b-consulting.com'.",9,2026-06-20T21:18:34.000Z,[],E2bconsulting&training,e2bconsulting.training,11234617163,False,https://www.instagram.com/e2bconsulting.training/,1440,1440,feed,,,"[{'full_name': 'Kais Khenine', 'id': '254107068', 'is_verified': False, 'profile_pic_url': 'https://scontent-lax3-2.cdninstagram.com/v/t51.82787-19/721403688_18597972886027069_2985419705159957818_n.jpg?stp=dst-jpg_s150x150_tt6&_nc_cat=111&ccb=7-5&_nc_sid=f7ccc5&efg=eyJ2ZW5jb2RlX3RhZyI6InByb2ZpbGVfcGljLnd3dy4xMDgwLkMzIn0%3D&_nc_ohc=oGNEDOKJp8IQ7kNvwG1IpsX&_nc_oc=Adrsi4NaQIgnp3xWCPLlzIei5NQnsl3IOPHPaJXlLmepwyi5p8JtQDmX34g1nomq_YE&_nc_zt=24&_nc_ht=scontent-lax3-2.cdninstagram.com&_nc_gid=w5Yj1IX0l0JnxRbeC5Xkmg&_nc_ss=7ca8c&oh=00_AQCCxHserhv9AYSc9xH8WPCy-BQKm6vnHA3vlApgRiKeuQ&oe=6A5E98D7', 'username': 'kaiskhenine'}, {'full_name': '', 'id': '53597593309', 'is_verified': False, 'profile_pic_url': 'https://scontent-lax7-1.cdninstagram.com/v/t51.2885-19/284310489_165692669260365_6671612291388390036_n.jpg?stp=dst-jpg_s150x150_tt6&_nc_cat=101&ccb=7-5&_nc_sid=f7ccc5&efg=eyJ2ZW5jb2RlX3RhZyI6InByb2ZpbGVfcGljLnd3dy45NTMuQzMifQ%3D%3D&_nc_ohc=iilYnDzTLKwQ7kNvwEtyXRA&_nc_oc=AdqsDKJ2KC8KJ0229hrZ36cY4l1evhwNYeX0OoKHAAZpEdUC7hmHXdZFTZt4TNQuAiA&_nc_zt=24&_nc_ht=scontent-lax7-1.cdninstagram.com&_nc_ss=7ca8c&oh=00_AQBU6j642qPP0uDBYn5pyCfWX5NGPJGusfcwh2PhxN664w&oe=6A5E8CAB', 'username': 'salwa.ben.said'}]",,,,,,,,
2216057984637915836,Video,B7BBP7wAtK8,"8 steps to marketing your business

Conduct market research

Profile your target markets

Identify your unique selling proposition

Develop your business brand

Choose your marketing avenues

Set your goals and budget

Nurture your loyal customers

Monitor and review",[],[],https://www.instagram.com/p/B7BBP7wAtK8/,0,,[],923,750,https://scontent-ord5-2.cdninstagram.com/v/t51.71878-15/529201721_1082235463882313_13626564508281241_n.jpg?stp=dst-jpg_e15_tt6&_nc_ht=scontent-ord5-2.cdninstagram.com&_nc_cat=105&_nc_oc=Q6cZ2gF7SnfDfKceKF_o_ZgrwKu9gPBBlNTrGYVybQV4Okb0ZMbtasCsyXlC9oTZRbhXxfEtV0zZYRVSoAEOLBuBwqD4&_nc_ohc=aw9C6HyD-bMQ7kNvwF39vsw&_nc_gid=W9fU5w4hLG-tpkvkGS6b7g&edm=ADp7STQBAAAA&ccb=7-5&oh=00_AQDmpDmAIHj6-oHtfxXQfNnVxVfW8dMiA3x5jWMu3W85gg&oe=6A5E94F0&_nc_sid=c6f216,[],"Video by DIGITAL MARKETING TUNISIA on January 07, 2020.",3,2020-01-07T10:58:46.000Z,[],DIGITAL MARKETING TUNISIA,digital_marketing_tunisia,24896180662,False,https://www.instagram.com/digital_marketing_tunisia/,800,650,feed,Béja,228400746,"[{'full_name': 'Business Insider', 'id': '742357635', 'is_verified': True, 'profile_pic_url': 'https://scontent-lga3-1.cdninstagram.com/v/t51.2885-19/402734654_1042410410238338_4273933371073772853_n.jpg?stp=dst-jpg_s150x150_tt6&_nc_cat=1&ccb=7-5&_nc_sid=f7ccc5&efg=eyJ2ZW5jb2RlX3RhZyI6InByb2ZpbGVfcGljLnd3dy4xMDI0LkMzIn0%3D&_nc_ohc=P6At5VL0mt4Q7kNvwEAum-v&_nc_oc=AdqhIKfwZ0hsyI95wLtec8NQl0F-NqFJ7B62hivi2eKzuVLmriwVG9a15lGtoGotFgSdqQEn6JRQ6zJ-Mds74OwB&_nc_zt=24&_nc_ht=scontent-lga3-1.cdninstagram.com&_nc_ss=72a8c&oh=00_AQDEDk2-cX1sWf2Cupe_P5WwngRzIFo6MPh18RqNM6swxw&oe=6A5E7166', 'username': 'businessinsider'}, {'full_name': 'Tunisian Media', 'id': '1829568055', 'is_verified': False, 'profile_pic_url': 'https://scontent-lga3-2.cdninstagram.com/v/t51.82787-19/696529298_18581556193000056_1880307719891997939_n.jpg?stp=dst-jpg_s150x150_tt6&_nc_cat=107&ccb=7-5&_nc_sid=f7ccc5&_nc_aid=0&efg=eyJ2ZW5jb2RlX3RhZyI6InByb2ZpbGVfcGljLnd3dy4xMDgwLkMzIn0%3D&_nc_ohc=PgqBSpVDRnAQ7kNvwGKi2pS&_nc_oc=AdpvbowbOUmWubCA90irahv7SnrW7qQlwSfzKR0aBSTmkIwnWelnMPvSqk7jOa7kTJ7xLuxqGWZ_sY62RZL8bakB&_nc_zt=24&_nc_ht=scontent-lga3-2.cdninstagram.com&_nc_gid=_sElA_flzzEqnGuClVi3_g&_nc_ss=72a8c&oh=00_AQCI2ehdYersIhKErzt217Edh7o0amQTPkJqV_bY7DOeTA&oe=6A5E80FD', 'username': 'tunisianmedia'}, {'full_name': 'DIGITAL MARKETING TUNISIA', 'id': '24896180662', 'is_verified': False, 'profile_pic_url': 'https://scontent-lga3-2.cdninstagram.com/v/t51.2885-19/74886253_1801674530134044_5499489851960983552_n.jpg?stp=dst-jpg_s150x150_tt6&_nc_cat=101&ccb=7-5&_nc_sid=f7ccc5&efg=eyJ2ZW5jb2RlX3RhZyI6InByb2ZpbGVfcGljLnd3dy44NTUuQzMifQ%3D%3D&_nc_ohc=m6kpXr-HLV8Q7kNvwGnrUmO&_nc_oc=AdplOIZ5RixslHJ9gYUfkVQpeQEqmStBDyINmWW9pdwpn3ErAAVRSdy00zPpd40W9mqYHk9vkj58WgAtORpZPKTN&_nc_zt=24&_nc_ht=scontent-lga3-2.cdninstagram.com&_nc_ss=72a8c&oh=00_AQC6dE0LIBVSpViB-n6HPRBkUHqOkkJdwIWc-BRxuKn-hA&oe=6A5E8037', 'username': 'digital_marketing_tunisia'}]",https://scontent-lga3-3.cdninstagram.com/o1/v/t16/f2/m84/AQOr9D6TGkX3pwhADA3btt3lBXMSjXb8lYwisuEemAo5kuT3ylwvONbYHhvtexdA1wDfNPkD3Wl0nC60X6Ti67MFhUp_5ntyfu0zZmY.mp4?_nc_cat=104&_nc_sid=9ca052&_nc_ht=scontent-lga3-3.cdninstagram.com&_nc_ohc=oocmyTpU4IMQ7kNvwEvDtkS&efg=eyJ2ZW5jb2RlX3RhZyI6ImlnLXhwdmRzLmZlZWQuaWd3d3ctQzMuZGFzaF9iYXNlbGluZV8xX3YxIiwidmlkZW9faWQiOm51bGwsIm9pbF91cmxnZW5fYXBwX2lkIjo5MzY2MTk3NDMzOTI0NTksImNsaWVudF9uYW1lIjoiaWciLCJ4cHZfYXNzZXRfaWQiOjY2NTE5NDQ0ODkxOTc1MiwiYXNzZXRfYWdlX2RheXMiOjIzODEsInZpX3VzZWNhc2VfaWQiOjEwMTQ2LCJkdXJhdGlvbl9zIjo0LCJiaXRyYXRlIjozNzkzNzksInVybGdlbl9zb3VyY2UiOiJ3d3cifQ%3D%3D&ccb=17-1&_nc_gid=_sElA_flzzEqnGuClVi3_g&_nc_ss=72a8c&_nc_zt=28&oh=00_AQCmQPQqmDspEcsqTf6FqLOeEdWaoDge70UdZ2j0BNz5TA&oe=6A5A80C8,21,https://scontent-lga3-1.cdninstagram.com/o1/v/t2/f2/m86/AQPNz0yaBmnMvOVAA48XGXdWecYexkUb2vQW590_bbsmKPhAp4dky3kkveIxGUdDa2BzSMCcj0nYHdac7rFKQksR.mp4?_nc_cat=111&_nc_sid=9ca052&_nc_ht=scontent-lga3-1.cdninstagram.com&_nc_ohc=LmmTtStgOo8Q7kNvwECbPzf&efg=eyJ2ZW5jb2RlX3RhZyI6ImlnLXhwdmRzLmZlZWQuaWd3d3ctQzMuZGFzaF9iYXNlbGluZV9hdWRpb192MSIsInZpZGVvX2lkIjpudWxsLCJvaWxfdXJsZ2VuX2FwcF9pZCI6OTM2NjE5NzQzMzkyNDU5LCJjbGllbnRfbmFtZSI6ImlnIiwieHB2X2Fzc2V0X2lkIjo2NjUxOTQ0NDg5MTk3NTIsImFzc2V0X2FnZV9kYXlzIjoyMzgxLCJ2aV91c2VjYXNlX2lkIjoxMDE0NiwiZHVyYXRpb25fcyI6NCwiYml0cmF0ZSI6NjczNTQsInVybGdlbl9zb3VyY2UiOiJ3d3cifQ%3D%3D&ccb=17-1&_nc_gid=_sElA_flzzEqnGuClVi3_g&_nc_ss=72a8c&_nc_zt=28&oh=00_AQBJIIaGXWnXC7Uy4SJLc7ALMq2j7lZkv8YnnkUW30Fc3w&oe=6A5A90E3,4.1,,,,
3905752669977805799,Image,DY0BVwaj4Pn,"نتمنى لكم عيد اضحى مبارك 🐑 و كل عام و أنتم بخير 🌙 🕌 أعاده الله عليكم بالخير والبركة
#E2B #PublicitéDigitale #MarketingDigital #tunisie #عيدكم_مبارك","['E2B', 'PublicitéDigitale', 'MarketingDigital', 'tunisie', 'عيدكم_مبارك']",[],https://www.instagram.com/p/DY0BVwaj4Pn/,0,,[],1080,1080,https://scontent-mia3-1.cdninstagram.com/v/t39.30808-6/706318004_1433970825421278_2164682392524834537_n.jpg?stp=dst-jpg_e15_fr_s1080x1080_tt6&_nc_ht=scontent-mia3-1.cdninstagram.com&_nc_cat=106&_nc_oc=Q6cZ2gFtgHlPCwjjfgteE5KCdTI6ngyuOHVabDVRC6aSzwcwyGZ0aIHXkfHO3A-OTSCS2MurfGynEIz6z1eSErZLfACH&_nc_ohc=3oqe0C4nU7gQ7kNvwFjhGEG&_nc_gid=n1XqQ2_XyCZ8PlLrwmFucA&edm=ADp7STQAAAAA&ccb=7-5&oh=00_AQAp1lxpeG3oF0tVb_z9DDP3fyqMR6dOGdO4lb4kQRP2Og&oe=6A5E85D8&_nc_sid=c6f216,[],"Photo by E2bconsulting&training on May 26, 2026. May be an image of ‎poster and ‎text that says '‎عد ر اعع စ عيد أضحى مبارك عقدت 2 CONSULTING TRAINING‎'‎‎.",0,2026-05-26T19:00:23.000Z,[],E2bconsulting&training,e2bconsulting.training,11234617163,False,https://www.instagram.com/e2bconsulting.training/,1080,1080,feed,,,,,,,,,,,
2245039461645630096,Image,B8n-37iHzqQ,"Choisissez votre partenaire en Marketing digital qui vous accompagne tout le long de la réalisation de votre projet🧐.
Nous vous garantissons 💯un ROI🔝 et une satisfaction totale!
👉Community Management
👉Développement Web
👉Conception graphique
👉Création audiovisuelle
Contactez nous : +216 97732156
email:contact@digimarket.tn",[],[],https://www.instagram.com/p/B8n-37iHzqQ/,0,,[],1080,1080,https://scontent-iad6-1.cdninstagram.com/v/t51.82787-15/619173327_18090747535823066_6660883998602822852_n.jpg?stp=dst-jpg_e15_fr_s1080x1080_tt6&_nc_ht=scontent-iad6-1.cdninstagram.com&_nc_cat=102&_nc_oc=Q6cZ2gEN2xuyxEB30iwrW1oDAgB-koSdlQFfIT6jMe9ID-_R7VBZyPYfLoi_qf5voAaiXqA&_nc_ohc=UV_ppMG9EUUQ7kNvwEbrU4i&_nc_gid=bWlq3MPjf5Y3l6SICPcCQw&edm=ADp7STQBAAAA&ccb=7-5&oh=00_AQASb0lP3nGHB0QBL-Qc70sMpmtwgNKqn3Rtj0QIVaD_rw&oe=6A5E8C11&_nc_sid=c6f216,[],"Photo by DIGITAL MARKETING TUNISIA on February 16, 2020.",1,2020-02-16T10:39:40.000Z,[],DIGITAL MARKETING TUNISIA,digital_marketing_tunisia,24896180662,False,https://www.instagram.com/digital_marketing_tunisia/,1080,1080,feed,Béja,228400746,,,,,,,,,
3931111212778061231,Video,DaOHNHyMP2v,شهادة Claude Certified Architect من Anthropic: دليلك الكامل للتحضير والنجاح,[],[],https://www.instagram.com/p/DaOHNHyMP2v/,8,Merci pour le lien.,"[{'id': '17986535751010001', 'text': 'Merci pour le lien.', 'ownerUsername': 'salma_arka.co_', 'ownerProfilePicUrl': 'https://scontent-mia3-3.cdninstagram.com/v/t51.2885-19/457472903_423992843464678_4183394765498915934_n.jpg?stp=dst-jpg_s150x150_tt6&_nc_cat=109&ccb=7-5&_nc_sid=f7ccc5&efg=eyJ2ZW5jb2RlX3RhZyI6InByb2ZpbGVfcGljLnd3dy4xMDgwLkMzIn0%3D&_nc_ohc=bI3gpgik4PUQ7kNvwGap_NM&_nc_oc=AdpuzIupllT8DYXP4FS3zVgJqxdnZ95k8VwiJj3wG5ajIKcgLTOTZAvwOLV68CBQJ1w&_nc_zt=24&_nc_ht=scontent-mia3-3.cdninstagram.com&_nc_ss=72a8c&oh=00_AQDi98nCJEEHaaGHoLdlKzJhAH5BzZTxH8qHs-jQ49IEFg&oe=6A5E8103', 'timestamp': '2026-07-14T12:31:08.000Z', 'repliesCount': None, 'replies': None, 'likesCount': 0, 'owner': {'username': 'salma_arka.co_', 'profile_pic_url': 'https://scontent-mia3-3.cdninstagram.com/v/t51.2885-19/457472903_423992843464678_4183394765498915934_n.jpg?stp=dst-jpg_s150x150_tt6&_nc_cat=109&ccb=7-5&_nc_sid=f7ccc5&efg=eyJ2ZW5jb2RlX3RhZyI6InByb2ZpbGVfcGljLnd3dy4xMDgwLkMzIn0%3D&_nc_ohc=bI3gpgik4PUQ7kNvwGap_NM&_nc_oc=AdpuzIupllT8DYXP4FS3zVgJqxdnZ95k8VwiJj3wG5ajIKcgLTOTZAvwOLV68CBQJ1w&_nc_zt=24&_nc_ht=scontent-mia3-3.cdninstagram.com&_nc_ss=72a8c&oh=00_AQDi98nCJEEHaaGHoLdlKzJhAH5BzZTxH8qHs-jQ49IEFg&oe=6A5E8103', 'is_verified': False, 'id': '56980719537', 'full_name': None, 'is_mentionable': None, 'is_private': None, 'profile_pic_id': None, 'latest_reel_media': None}}, {'id': '18037365947809190', 'text': 'Intéressé', 'ownerUsername': 'aladinhassen09', 'ownerProfilePicUrl': 'https://scontent-mia5-1.cdninstagram.com/v/t51.2885-19/454440852_1171052670786655_3003047139683328631_n.jpg?stp=dst-jpg_s150x150_tt6&_nc_cat=102&ccb=7-5&_nc_sid=f7ccc5&efg=eyJ2ZW5jb2RlX3RhZyI6InByb2ZpbGVfcGljLnd3dy43MjAuQzMifQ%3D%3D&_nc_ohc=fFd4ECB_TzEQ7kNvwFzB7lV&_nc_oc=Adq88uWvhtUPYhbW8yUbhbx47iRLd52tVvcz4QJ0ySR9OIsUo7SFgOuWwIEr6gtf3dw&_nc_zt=24&_nc_ht=scontent-mia5-1.cdninstagram.com&_nc_ss=72a8c&oh=00_AQBPSKRglwBxJOeTP4GKd1tRGE3rc3XC2cJvbvdv8XkWgQ&oe=6A5E8D9D', 'timestamp': '2026-07-11T00:29:22.000Z', 'repliesCount': None, 'replies': None, 'likesCount': 0, 'owner': {'username': 'aladinhassen09', 'profile_pic_url': 'https://scontent-mia5-1.cdninstagram.com/v/t51.2885-19/454440852_1171052670786655_3003047139683328631_n.jpg?stp=dst-jpg_s150x150_tt6&_nc_cat=102&ccb=7-5&_nc_sid=f7ccc5&efg=eyJ2ZW5jb2RlX3RhZyI6InByb2ZpbGVfcGljLnd3dy43MjAuQzMifQ%3D%3D&_nc_ohc=fFd4ECB_TzEQ7kNvwFzB7lV&_nc_oc=Adq88uWvhtUPYhbW8yUbhbx47iRLd52tVvcz4QJ0ySR9OIsUo7SFgOuWwIEr6gtf3dw&_nc_zt=24&_nc_ht=scontent-mia5-1.cdninstagram.com&_nc_ss=72a8c&oh=00_AQBPSKRglwBxJOeTP4GKd1tRGE3rc3XC2cJvbvdv8XkWgQ&oe=6A5E8D9D', 'is_verified': False, 'id': '68273139459', 'full_name': None, 'is_mentionable': None, 'is_private': None, 'profile_pic_id': None, 'latest_reel_media': None}}, {'id': '18108199411978901', 'text': 'Pouvez vous m’envoyer le lien?', 'ownerUsername': 'salma.ghlila', 'ownerProfilePicUrl': 'https://scontent-mia3-3.cdninstagram.com/v/t51.82787-19/685968088_18547064191069290_3094092679465382773_n.jpg?stp=dst-jpg_s150x150_tt6&_nc_cat=108&ccb=7-5&_nc_sid=f7ccc5&efg=eyJ2ZW5jb2RlX3RhZyI6InByb2ZpbGVfcGljLnd3dy4xMDgwLkMzIn0%3D&_nc_ohc=eBLMpZ3NNh8Q7kNvwEEPEoM&_nc_oc=Adqe5lRPMAKFYmIDeiFC9XQHjuYAglA5vFkeiC2SCU2rjZEdw110XvMsiJ_Fn3J9QCU&_nc_zt=24&_nc_ht=scontent-mia3-3.cdninstagram.com&_nc_gid=Ohr5b0FYZ8BXlugeWL8rIQ&_nc_ss=72a8c&oh=00_AQC_j2JMcPYrjPWofWY8wGCqZlq-liGi0EeynuJrlvW9Aw&oe=6A5E84DE', 'timestamp': '2026-07-07T14:13:16.000Z', 'repliesCount': None, 'replies': None, 'likesCount': 0, 'owner': {'username': 'salma.ghlila', 'profile_pic_url': 'https://scontent-mia3-3.cdninstagram.com/v/t51.82787-19/685968088_18547064191069290_3094092679465382773_n.jpg?stp=dst-jpg_s150x150_tt6&_nc_cat=108&ccb=7-5&_nc_sid=f7ccc5&efg=eyJ2ZW5jb2RlX3RhZyI6InByb2ZpbGVfcGljLnd3dy4xMDgwLkMzIn0%3D&_nc_ohc=eBLMpZ3NNh8Q7kNvwEEPEoM&_nc_oc=Adqe5lRPMAKFYmIDeiFC9XQHjuYAglA5vFkeiC2SCU2rjZEdw110XvMsiJ_Fn3J9QCU&_nc_zt=24&_nc_ht=scontent-mia3-3.cdninstagram.com&_nc_gid=Ohr5b0FYZ8BXlugeWL8rIQ&_nc_ss=72a8c&oh=00_AQC_j2JMcPYrjPWofWY8wGCqZlq-liGi0EeynuJrlvW9Aw&oe=6A5E84DE', 'is_verified': False, 'id': '2159253289', 'full_name': None, 'is_mentionable': None, 'is_private': None, 'profile_pic_id': None, 'latest_reel_media': None}}, {'id': '18108509857994839', 'text': 'Bonsoir je suis intéressé', 'ownerUsername': 'bouzaiene_aziz', 'ownerProfilePicUrl': 'https://scontent-mia3-3.cdninstagram.com/v/t51.2885-19/289103899_2221339564686625_6862468016181380702_n.jpg?stp=dst-jpg_s150x150_tt6&_nc_cat=108&ccb=7-5&_nc_sid=f7ccc5&efg=eyJ2ZW5jb2RlX3RhZyI6InByb2ZpbGVfcGljLnd3dy44NzAuQzMifQ%3D%3D&_nc_ohc=wcKOrhvczv4Q7kNvwErdoLr&_nc_oc=AdrqPrnk444jT7uqwLNfQs8CuWKMqpjuzF8sF5VMSML8vCRAdOkP0QLhCDaw6cUDCyg&_nc_zt=24&_nc_ht=scontent-mia3-3.cdninstagram.com&_nc_ss=72a8c&oh=00_AQA-khOe1thxVJk81CcMMhc1JS49N-fMTwYPM4R6tZzItA&oe=6A5E7748', 'timestamp': '2026-07-03T19:53:22.000Z', 'repliesCount': None, 'replies': None, 'likesCount': 0, 'owner': {'username': 'bouzaiene_aziz', 'profile_pic_url': 'https://scontent-mia3-3.cdninstagram.com/v/t51.2885-19/289103899_2221339564686625_6862468016181380702_n.jpg?stp=dst-jpg_s150x150_tt6&_nc_cat=108&ccb=7-5&_nc_sid=f7ccc5&efg=eyJ2ZW5jb2RlX3RhZyI6InByb2ZpbGVfcGljLnd3dy44NzAuQzMifQ%3D%3D&_nc_ohc=wcKOrhvczv4Q7kNvwErdoLr&_nc_oc=AdrqPrnk444jT7uqwLNfQs8CuWKMqpjuzF8sF5VMSML8vCRAdOkP0QLhCDaw6cUDCyg&_nc_zt=24&_nc_ht=scontent-mia3-3.cdninstagram.com&_nc_ss=72a8c&oh=00_AQA-khOe1thxVJk81CcMMhc1JS49N-fMTwYPM4R6tZzItA&oe=6A5E7748', 'is_verified': False, 'id': '53470655840', 'full_name': None, 'is_mentionable': None, 'is_private': None, 'profile_pic_id': None, 'latest_reel_media': None}}, {'id': '18103663835033037', 'text': 'Merci très gentil', 'ownerUsername': 'aaange25', 'ownerProfilePicUrl': 'https://scontent-mia3-1.cdninstagram.com/v/t51.75761-19/499231581_18292834999300201_1893666196139851248_n.jpg?stp=dst-jpg_s150x150_tt6&_nc_cat=106&ccb=7-5&_nc_sid=f7ccc5&efg=eyJ2ZW5jb2RlX3RhZyI6InByb2ZpbGVfcGljLnd3dy4xMDgwLkMzIn0%3D&_nc_ohc=UH7KLGUx0AoQ7kNvwG4RJKz&_nc_oc=AdoRk5MIrmr4tXwuWu6KNpP2rV6BXG3b2yZpUD7W4afQOiH4fnpJ9QbK2Lmnyt3jBXk&_nc_zt=24&_nc_ht=scontent-mia3-1.cdninstagram.com&_nc_gid=Ohr5b0FYZ8BXlugeWL8rIQ&_nc_ss=72a8c&oh=00_AQDzkrnPkyu2sa7_aOEg1x-Vf_587XstidSEXpNdVJDcwQ&oe=6A5E8DE7', 'timestamp': '2026-07-01T20:47:24.000Z', 'repliesCount': None, 'replies': None, 'likesCount': 0, 'owner': {'username': 'aaange25', 'profile_pic_url': 'https://scontent-mia3-1.cdninstagram.com/v/t51.75761-19/499231581_18292834999300201_1893666196139851248_n.jpg?stp=dst-jpg_s150x150_tt6&_nc_cat=106&ccb=7-5&_nc_sid=f7ccc5&efg=eyJ2ZW5jb2RlX3RhZyI6InByb2ZpbGVfcGljLnd3dy4xMDgwLkMzIn0%3D&_nc_ohc=UH7KLGUx0AoQ7kNvwG4RJKz&_nc_oc=AdoRk5MIrmr4tXwuWu6KNpP2rV6BXG3b2yZpUD7W4afQOiH4fnpJ9QbK2Lmnyt3jBXk&_nc_zt=24&_nc_ht=scontent-mia3-1.cdninstagram.com&_nc_gid=Ohr5b0FYZ8BXlugeWL8rIQ&_nc_ss=72a8c&oh=00_AQDzkrnPkyu2sa7_aOEg1x-Vf_587XstidSEXpNdVJDcwQ&oe=6A5E8DE7', 'is_verified': False, 'id': '8953260200', 'full_name': None, 'is_mentionable': None, 'is_private': None, 'profile_pic_id': None, 'latest_reel_media': None}}, {'id': '17978755134024634', 'text': 'Merci d’envoyer le lien svp', 'ownerUsername': 'marwa_ben_jabra', 'ownerProfilePicUrl': 'https://scontent-mia3-3.cdninstagram.com/v/t51.82787-19/682006211_18589250314007060_1515298874675126438_n.jpg?stp=dst-jpg_s150x150_tt6&_nc_cat=109&ccb=7-5&_nc_sid=f7ccc5&efg=eyJ2ZW5jb2RlX3RhZyI6InByb2ZpbGVfcGljLnd3dy4xMDgwLkMzIn0%3D&_nc_ohc=YhMe5t4pyXcQ7kNvwH5qX81&_nc_oc=Adp96tBzrQZvskOJHL9kt123g_SvQeZGqprb0luixcEm3rryOu5W58pHrFjkJ5F_rOY&_nc_zt=24&_nc_ht=scontent-mia3-3.cdninstagram.com&_nc_gid=Ohr5b0FYZ8BXlugeWL8rIQ&_nc_ss=72a8c&oh=00_AQCji6y7wcYT7AHHAnXAcSrpHHVxj5QwHFqQBBvIlCs5Lw&oe=6A5E79FE', 'timestamp': '2026-07-01T16:34:25.000Z', 'repliesCount': None, 'replies': None, 'likesCount': 0, 'owner': {'username': 'marwa_ben_jabra', 'profile_pic_url': 'https://scontent-mia3-3.cdninstagram.com/v/t51.82787-19/682006211_18589250314007060_1515298874675126438_n.jpg?stp=dst-jpg_s150x150_tt6&_nc_cat=109&ccb=7-5&_nc_sid=f7ccc5&efg=eyJ2ZW5jb2RlX3RhZyI6InByb2ZpbGVfcGljLnd3dy4xMDgwLkMzIn0%3D&_nc_ohc=YhMe5t4pyXcQ7kNvwH5qX81&_nc_oc=Adp96tBzrQZvskOJHL9kt123g_SvQeZGqprb0luixcEm3rryOu5W58pHrFjkJ5F_rOY&_nc_zt=24&_nc_ht=scontent-mia3-3.cdninstagram.com&_nc_gid=Ohr5b0FYZ8BXlugeWL8rIQ&_nc_ss=72a8c&oh=00_AQCji6y7wcYT7AHHAnXAcSrpHHVxj5QwHFqQBBvIlCs5Lw&oe=6A5E79FE', 'is_verified': False, 'id': '1370759059', 'full_name': None, 'is_mentionable': None, 'is_private': None, 'profile_pic_id': None, 'latest_reel_media': None}}, {'id': '18106859990054405', 'text': 'Merci d’envoyer le lien svp', 'ownerUsername': 'marwa_ben_jabra', 'ownerProfilePicUrl': 'https://scontent-mia3-3.cdninstagram.com/v/t51.82787-19/682006211_18589250314007060_1515298874675126438_n.jpg?stp=dst-jpg_s150x150_tt6&_nc_cat=109&ccb=7-5&_nc_sid=f7ccc5&efg=eyJ2ZW5jb2RlX3RhZyI6InByb2ZpbGVfcGljLnd3dy4xMDgwLkMzIn0%3D&_nc_ohc=YhMe5t4pyXcQ7kNvwH5qX81&_nc_oc=Adp96tBzrQZvskOJHL9kt123g_SvQeZGqprb0luixcEm3rryOu5W58pHrFjkJ5F_rOY&_nc_zt=24&_nc_ht=scontent-mia3-3.cdninstagram.com&_nc_gid=Ohr5b0FYZ8BXlugeWL8rIQ&_nc_ss=72a8c&oh=00_AQCji6y7wcYT7AHHAnXAcSrpHHVxj5QwHFqQBBvIlCs5Lw&oe=6A5E79FE', 'timestamp': '2026-07-01T16:34:24.000Z', 'repliesCount': None, 'replies': None, 'likesCount': 0, 'owner': {'username': 'marwa_ben_jabra', 'profile_pic_url': 'https://scontent-mia3-3.cdninstagram.com/v/t51.82787-19/682006211_18589250314007060_1515298874675126438_n.jpg?stp=dst-jpg_s150x150_tt6&_nc_cat=109&ccb=7-5&_nc_sid=f7ccc5&efg=eyJ2ZW5jb2RlX3RhZyI6InByb2ZpbGVfcGljLnd3dy4xMDgwLkMzIn0%3D&_nc_ohc=YhMe5t4pyXcQ7kNvwH5qX81&_nc_oc=Adp96tBzrQZvskOJHL9kt123g_SvQeZGqprb0luixcEm3rryOu5W58pHrFjkJ5F_rOY&_nc_zt=24&_nc_ht=scontent-mia3-3.cdninstagram.com&_nc_gid=Ohr5b0FYZ8BXlugeWL8rIQ&_nc_ss=72a8c&oh=00_AQCji6y7wcYT7AHHAnXAcSrpHHVxj5QwHFqQBBvIlCs5Lw&oe=6A5E79FE', 'is_verified': False, 'id': '1370759059', 'full_name': None, 'is_mentionable': None, 'is_private': None, 'profile_pic_id': None, 'latest_reel_media': None}}, {'id': '18019525430912658', 'text': 'fama ken une dizaine de partenaires Anthropic tnajem t3adi maahom el certification sinon c’est pas accessible lel public !', 'ownerUsername': '_mbouabidi', 'ownerProfilePicUrl': 'https://scontent-mia3-1.cdninstagram.com/v/t51.75761-19/502397860_18503962534028184_3579004263522869012_n.jpg?stp=dst-jpg_s150x150_tt6&_nc_cat=106&ccb=7-5&_nc_sid=f7ccc5&efg=eyJ2ZW5jb2RlX3RhZyI6InByb2ZpbGVfcGljLnd3dy4xMDgwLkMzIn0%3D&_nc_ohc=5pNObDiKX1UQ7kNvwEguiBO&_nc_oc=AdpcI6HPif0BWSQeqYznJsor_suk-FnGqROLyu1FHvDHIO8E8r4lHBOJ7a671eVxHxY&_nc_zt=24&_nc_ht=scontent-mia3-1.cdninstagram.com&_nc_gid=Ohr5b0FYZ8BXlugeWL8rIQ&_nc_ss=72a8c&oh=00_AQAAF5dMHc8RoIlONCq6yh4zk7W2eQdoFM6fiNpwDvFrAg&oe=6A5E872F', 'timestamp': '2026-07-01T11:11:07.000Z', 'repliesCount': None, 'replies': None, 'likesCount': 2, 'owner': {'username': '_mbouabidi', 'profile_pic_url': 'https://scontent-mia3-1.cdninstagram.com/v/t51.75761-19/502397860_18503962534028184_3579004263522869012_n.jpg?stp=dst-jpg_s150x150_tt6&_nc_cat=106&ccb=7-5&_nc_sid=f7ccc5&efg=eyJ2ZW5jb2RlX3RhZyI6InByb2ZpbGVfcGljLnd3dy4xMDgwLkMzIn0%3D&_nc_ohc=5pNObDiKX1UQ7kNvwEguiBO&_nc_oc=AdpcI6HPif0BWSQeqYznJsor_suk-FnGqROLyu1FHvDHIO8E8r4lHBOJ7a671eVxHxY&_nc_zt=24&_nc_ht=scontent-mia3-1.cdninstagram.com&_nc_gid=Ohr5b0FYZ8BXlugeWL8rIQ&_nc_ss=72a8c&oh=00_AQAAF5dMHc8RoIlONCq6yh4zk7W2eQdoFM6fiNpwDvFrAg&oe=6A5E872F', 'is_verified': False, 'id': '648284183', 'full_name': None, 'is_mentionable': None, 'is_private': None, 'profile_pic_id': None, 'latest_reel_media': None}}]",1136,640,https://scontent-msp1-1.cdninstagram.com/v/t51.71878-15/736539951_887141803830570_2360038729608967521_n.jpg?stp=dst-jpg_e15_tt6&_nc_ht=scontent-msp1-1.cdninstagram.com&_nc_cat=106&_nc_oc=Q6cZ2gHmFG6eFNL3qJqQ4A-VB4uqHLlIwdUslkN4CXaQdFkKkaclTrl9KTkw5H6CVwz8X7o&_nc_ohc=Tmih-gs22K4Q7kNvwEyGqIr&_nc_gid=R1gCHcvAeRSbjjvA6ZLZMQ&edm=ADp7STQBAAAA&ccb=7-5&oh=00_AQDs8xI_7MzL3oVLFhBztMo6qeOJapyU1nExEGGG2ml85A&oe=6A5E7382&_nc_sid=c6f216,[],"Video by Kais Khenine on June 30, 2026. May be an image of ‎one or more people and ‎text that says '‎internationale في الذكاء الاصطناعي‎'‎‎.",192,2026-06-30T18:43:50.000Z,[],Kais Khenine,kaiskhenine,254107068,False,https://www.instagram.com/e2bconsulting.training/,1920,1080,clips,,,"[{'full_name': 'E2bconsulting&training', 'id': '11234617163', 'is_verified': False, 'profile_pic_url': 'https://scontent-mia3-2.cdninstagram.com/v/t51.2885-19/101002711_841643919681756_1486131544241209344_n.jpg?stp=dst-jpg_s150x150_tt6&_nc_cat=103&ccb=7-5&_nc_sid=f7ccc5&efg=eyJ2ZW5jb2RlX3RhZyI6InByb2ZpbGVfcGljLnd3dy4xMDgwLkMzIn0%3D&_nc_ohc=RXgHCHB50NoQ7kNvwHw8JR8&_nc_oc=AdqR1Baenk2l88m6da492OWWdQNKtvNDAFP4gTaraCSERdBf5rLP0WAUBk6LYLcpVN4&_nc_zt=24&_nc_ht=scontent-mia3-2.cdninstagram.com&_nc_ss=72a8c&oh=00_AQD805mgQRGjSXPjPBmN6Xzc04zycgDQKboxWje5zFwDtQ&oe=6A5E8216', 'username': 'e2bconsulting.training'}, {'full_name': 'First Master Class', 'id': '53436166511', 'is_verified': False, 'profile_pic_url': 'https://scontent-mia3-2.cdninstagram.com/v/t51.2885-19/287313877_1203991183750069_4033835555714541967_n.jpg?stp=dst-jpg_s150x150_tt6&_nc_cat=105&ccb=7-5&_nc_sid=f7ccc5&efg=eyJ2ZW5jb2RlX3RhZyI6InByb2ZpbGVfcGljLnd3dy4xMDAwLkMzIn0%3D&_nc_ohc=mZxbz8cQ1c0Q7kNvwFIZALE&_nc_oc=AdppeBP47XlOncH5YVxnexajij7lhZEM_8SqKk0-KXokq-8grOkVDFiVXJy2TdD4kqM&_nc_zt=24&_nc_ht=scontent-mia3-2.cdninstagram.com&_nc_ss=72a8c&oh=00_AQBmUW4GvpjHL9Myjwg-73UHfSsOO0r1qn1D-k_6zvRjRQ&oe=6A5E87D7', 'username': 'first_masterclass'}]",https://scontent-mia3-2.cdninstagram.com/o1/v/t2/f2/m86/AQOqt6NRUWvsoyypbrDBOXtYWLBn26m_n6VR8g1vUxPiL6UEHqEmXlTrul7n3JhlHq97ukarxDaYqEcl0zdfvtKerSj5CMjVasA63ig.mp4?_nc_cat=105&_nc_sid=5e9851&_nc_ht=scontent-mia3-2.cdninstagram.com&_nc_ohc=I3IPG7LsruMQ7kNvwEG4HNV&efg=eyJ2ZW5jb2RlX3RhZyI6Inhwdl9wcm9ncmVzc2l2ZS5JTlNUQUdSQU0uQ0xJUFMuQzMuNzIwLmRhc2hfYmFzZWxpbmVfMV92MSIsInhwdl9hc3NldF9pZCI6MTMxNzY4MzExMDM0MzUyNywiYXNzZXRfYWdlX2RheXMiOjE1LCJ2aV91c2VjYXNlX2lkIjoxMDA5OSwiZHVyYXRpb25fcyI6NDksInVybGdlbl9zb3VyY2UiOiJ3d3cifQ%3D%3D&ccb=17-1&vs=18c1f9509aa40d3f&_nc_vs=HBksFQIYUmlnX3hwdl9yZWVsc19wZXJtYW5lbnRfc3JfcHJvZC9GMDRBRDQyNDQxMUE4QzkyMjBGRTJCOTM5QzM5NUI4Ml92aWRlb19kYXNoaW5pdC5tcDQVAALIARIAFQIYUWlnX3hwdl9wbGFjZW1lbnRfcGVybWFuZW50X3YyLzk2NDhGQjFFM0FDQTUwMURBMkJGMDk2MTI2MTU5RkI0X2F1ZGlvX2Rhc2hpbml0Lm1wNBUCAsgBEgAoABgAGwKIB3VzZV9vaWwBMRJwcm9ncmVzc2l2ZV9yZWNpcGUBMRUAACbOzb-boJvXBBUCKAJDMywXQEjmZmZmZmYYEmRhc2hfYmFzZWxpbmVfMV92MREAdf4HZeadAQA&_nc_gid=Ohr5b0FYZ8BXlugeWL8rIQ&_nc_ss=72a8c&_nc_zt=28&oh=00_AQCnk5xbKkhlTyJ1R-eeBmt7_oxY0Xek1ODWPF5ffr0DYg&oe=6A5A888A,7373,https://scontent-mia3-2.cdninstagram.com/o1/v/t2/f2/m78/AQNNMF0jLCkoytHQrOLlO57rX371_0209Id8KFDDUJYsq8K-oAFAypW8FZTkUh8rTjhcf-IGFum3Rc9vOZfkNDXiL84oACQbfCfwGsU.mp4?_nc_cat=105&_nc_sid=9ca052&_nc_ht=scontent-mia3-2.cdninstagram.com&_nc_ohc=IBFWHHa3FEgQ7kNvwG0a7rW&efg=eyJ2ZW5jb2RlX3RhZyI6ImlnLXhwdmRzLmNsaXBzLmlnd3d3LUMzLmRhc2hfbG5faGVhYWNfdmJyM19hdWRpbyIsInZpZGVvX2lkIjpudWxsLCJvaWxfdXJsZ2VuX2FwcF9pZCI6OTM2NjE5NzQzMzkyNDU5LCJjbGllbnRfbmFtZSI6ImlnIiwieHB2X2Fzc2V0X2lkIjoxMzE3NjgzMTEwMzQzNTI3LCJhc3NldF9hZ2VfZGF5cyI6MTUsInZpX3VzZWNhc2VfaWQiOjEwMDk5LCJkdXJhdGlvbl9zIjo0OSwiYml0cmF0ZSI6NTY5NDksInVybGdlbl9zb3VyY2UiOiJ3d3cifQ%3D%3D&ccb=17-1&_nc_gid=Ohr5b0FYZ8BXlugeWL8rIQ&_nc_ss=72a8c&_nc_zt=28&oh=00_AQBSauTFM6AH4ZhoqJL_7Q5z8UynUPCjB6AJcKvogk0oLg&oe=6A5AA18E,49.8,"{'artist_name': 'kaiskhenine', 'song_name': 'Original audio', 'uses_original_audio': True, 'should_mute_audio': False, 'should_mute_audio_reason': '', 'audio_id': '27325932903740695'}",17209,"[{'id': '53436166511', 'is_verified': False, 'profile_pic_url': 'https://scontent-mia3-2.cdninstagram.com/v/t51.2885-19/287313877_1203991183750069_4033835555714541967_n.jpg?stp=dst-jpg_s150x150_tt6&_nc_cat=105&ccb=7-5&_nc_sid=f7ccc5&efg=eyJ2ZW5jb2RlX3RhZyI6InByb2ZpbGVfcGljLnd3dy4xMDAwLkMzIn0%3D&_nc_ohc=mZxbz8cQ1c0Q7kNvwFIZALE&_nc_oc=AdppeBP47XlOncH5YVxnexajij7lhZEM_8SqKk0-KXokq-8grOkVDFiVXJy2TdD4kqM&_nc_zt=24&_nc_ht=scontent-mia3-2.cdninstagram.com&_nc_ss=72a8c&oh=00_AQBmUW4GvpjHL9Myjwg-73UHfSsOO0r1qn1D-k_6zvRjRQ&oe=6A5E87D7', 'username': 'first_masterclass', '__typename': 'User', 'is_unpublished': False, 'full_name': 'First Master Class', 'fbid': '17841453475349520'}, {'id': '11234617163', 'is_verified': False, 'profile_pic_url': 'https://scontent-mia3-2.cdninstagram.com/v/t51.2885-19/101002711_841643919681756_1486131544241209344_n.jpg?stp=dst-jpg_s150x150_tt6&_nc_cat=103&ccb=7-5&_nc_sid=f7ccc5&efg=eyJ2ZW5jb2RlX3RhZyI6InByb2ZpbGVfcGljLnd3dy4xMDgwLkMzIn0%3D&_nc_ohc=RXgHCHB50NoQ7kNvwHw8JR8&_nc_oc=AdqR1Baenk2l88m6da492OWWdQNKtvNDAFP4gTaraCSERdBf5rLP0WAUBk6LYLcpVN4&_nc_zt=24&_nc_ht=scontent-mia3-2.cdninstagram.com&_nc_ss=72a8c&oh=00_AQD805mgQRGjSXPjPBmN6Xzc04zycgDQKboxWje5zFwDtQ&oe=6A5E8216', 'username': 'e2bconsulting.training', '__typename': 'User', 'is_unpublished': False, 'full_name': 'E2bconsulting&training', 'fbid': '17841411074914327'}]",
3847200089005777532,Sidecar,DVkABj9CmJ8,,[],[],https://www.instagram.com/p/DVkABj9CmJ8/,0,,[],1440,1440,https://scontent-atl3-1.cdninstagram.com/v/t51.82787-15/642565351_18588797200008147_8600000506561613485_n.jpg?stp=dst-jpegr_e35_tt6&_nc_cat=100&ig_cache_key=Mzg0NzIwMDAzNjE0OTE4Njc2OQ%3D%3D.3-ccb7-5&ccb=7-5&_nc_sid=58cdad&efg=eyJ2ZW5jb2RlX3RhZyI6IkNBUk9VU0VMX0lURU0ueHBpZHMuMTQ0MC5oZHIucmVndWxhcl9waG90by5DMyJ9&_nc_ohc=2hA6MIucxoIQ7kNvwGprnS3&_nc_oc=AdpHH8bfklxGVqDTk1ttbH7vlO_kRqdpc6xgNjD7_YqdMSVqmjX3VkkHaz_UUPxkWc8&_nc_zt=23&se=-1&_nc_ht=scontent-atl3-1.cdninstagram.com&_nc_gid=UHuNSAIrZwH3-Y0LO6PwNA&_nc_ss=72a8c&oh=00_AQDQsYhHyzS1n536KkKUyTnO1h54i83S3YaZ92QwlcSHVg&oe=6A5E6C46,"['https://scontent-atl3-1.cdninstagram.com/v/t51.82787-15/642565351_18588797200008147_8600000506561613485_n.jpg?stp=dst-jpegr_e35_tt6&_nc_cat=100&ig_cache_key=Mzg0NzIwMDAzNjE0OTE4Njc2OQ%3D%3D.3-ccb7-5&ccb=7-5&_nc_sid=58cdad&efg=eyJ2ZW5jb2RlX3RhZyI6IkNBUk9VU0VMX0lURU0ueHBpZHMuMTQ0MC5oZHIucmVndWxhcl9waG90by5DMyJ9&_nc_ohc=2hA6MIucxoIQ7kNvwGprnS3&_nc_oc=AdpHH8bfklxGVqDTk1ttbH7vlO_kRqdpc6xgNjD7_YqdMSVqmjX3VkkHaz_UUPxkWc8&_nc_zt=23&se=-1&_nc_ht=scontent-atl3-1.cdninstagram.com&_nc_gid=UHuNSAIrZwH3-Y0LO6PwNA&_nc_ss=72a8c&oh=00_AQDQsYhHyzS1n536KkKUyTnO1h54i83S3YaZ92QwlcSHVg&oe=6A5E6C46', 'https://scontent-atl3-1.cdninstagram.com/v/t51.82787-15/642650243_18588797218008147_3016874338406352361_n.jpg?stp=dst-jpegr_e35_tt6&_nc_cat=103&ig_cache_key=Mzg0NzIwMDA0NDAwMDg4OTA3MQ%3D%3D.3-ccb7-5&ccb=7-5&_nc_sid=58cdad&efg=eyJ2ZW5jb2RlX3RhZyI6IkNBUk9VU0VMX0lURU0ueHBpZHMuMTQ0MC5oZHIucmVndWxhcl9waG90by5DMyJ9&_nc_ohc=s_Ea5TiJrD0Q7kNvwG927di&_nc_oc=Adql1Oros9VrAMSyja6Rtls8N8W9-DDLsHDi2KWWPnMBT3niQvBWqex8cbcSpCpMRXs&_nc_zt=23&se=-1&_nc_ht=scontent-atl3-1.cdninstagram.com&_nc_gid=UHuNSAIrZwH3-Y0LO6PwNA&_nc_ss=72a8c&oh=00_AQCQiwtK1Ax7ry_56o6u5vWxcecALmxbQqjM9dw_oSeA1Q&oe=6A5E9F01', 'https://scontent-atl3-1.cdninstagram.com/v/t51.82787-15/641443835_18588797209008147_7813878438410281158_n.jpg?stp=dst-jpg_e35_tt6&_nc_cat=106&ig_cache_key=Mzg0NzIwMDA0MzIxMjM5MTI0MQ%3D%3D.3-ccb7-5&ccb=7-5&_nc_sid=58cdad&efg=eyJ2ZW5jb2RlX3RhZyI6IkNBUk9VU0VMX0lURU0ueHBpZHMuMTIwNi5zZHIucmVndWxhcl9waG90by5DMyJ9&_nc_ohc=EvtKL9rtgN8Q7kNvwFuTbjy&_nc_oc=AdpydPBbCkiOzuvV_eCyL0Ig8Vao1J5Y5mj06u9zSPjuGVnQSe6vI2kzzjZG3I6qToE&_nc_zt=23&_nc_ht=scontent-atl3-1.cdninstagram.com&_nc_gid=UHuNSAIrZwH3-Y0LO6PwNA&_nc_ss=72a8c&oh=00_AQC64E1I5yi7o6eVwiqUfRDRT2tr5L0Z-x3Zzb7e-82i6g&oe=6A5E93E8']","Photo by MUSE on March 06, 2026.",2,2026-03-07T00:06:51.000Z,"[{'id': '3847200036149186769', 'type': 'Image', 'caption': '', 'hashtags': [], 'mentions': [], 'url': 'https://www.instagram.com/p/DVkAAyuitDR/', 'commentsCount': 0, 'firstComment': '', 'latestComments': [], 'dimensionsHeight': 1440, 'dimensionsWidth': 1440, 'displayUrl': 'https://scontent-atl3-1.cdninstagram.com/v/t51.82787-15/642565351_18588797200008147_8600000506561613485_n.jpg?stp=dst-jpegr_e35_tt6&_nc_cat=100&ig_cache_key=Mzg0NzIwMDAzNjE0OTE4Njc2OQ%3D%3D.3-ccb7-5&ccb=7-5&_nc_sid=58cdad&efg=eyJ2ZW5jb2RlX3RhZyI6IkNBUk9VU0VMX0lURU0ueHBpZHMuMTQ0MC5oZHIucmVndWxhcl9waG90by5DMyJ9&_nc_ohc=2hA6MIucxoIQ7kNvwGprnS3&_nc_oc=AdpHH8bfklxGVqDTk1ttbH7vlO_kRqdpc6xgNjD7_YqdMSVqmjX3VkkHaz_UUPxkWc8&_nc_zt=23&se=-1&_nc_ht=scontent-atl3-1.cdninstagram.com&_nc_gid=UHuNSAIrZwH3-Y0LO6PwNA&_nc_ss=72a8c&oh=00_AQDQsYhHyzS1n536KkKUyTnO1h54i83S3YaZ92QwlcSHVg&oe=6A5E6C46', 'images': [], 'alt': 'Photo by MUSE on March 06, 2026.', 'likesCount': 0, 'timestamp': '2026-03-07T00:06:48.000Z', 'childPosts': [], 'ownerId': '17841400244386380', 'shortCode': 'DVkAAyuitDR', 'originalHeight': 1440, 'originalWidth': 1440, 'ownerUsername': 'muse_agency'}, {'id': '3847200044000889071', 'type': 'Image', 'caption': '', 'hashtags': [], 'mentions': [], 'url': 'https://www.instagram.com/p/DVkAA6Cikjv/', 'commentsCount': 0, 'firstComment': '', 'latestComments': [], 'dimensionsHeight': 1439, 'dimensionsWidth': 1440, 'displayUrl': 'https://scontent-atl3-1.cdninstagram.com/v/t51.82787-15/642650243_18588797218008147_3016874338406352361_n.jpg?stp=dst-jpegr_e35_tt6&_nc_cat=103&ig_cache_key=Mzg0NzIwMDA0NDAwMDg4OTA3MQ%3D%3D.3-ccb7-5&ccb=7-5&_nc_sid=58cdad&efg=eyJ2ZW5jb2RlX3RhZyI6IkNBUk9VU0VMX0lURU0ueHBpZHMuMTQ0MC5oZHIucmVndWxhcl9waG90by5DMyJ9&_nc_ohc=s_Ea5TiJrD0Q7kNvwG927di&_nc_oc=Adql1Oros9VrAMSyja6Rtls8N8W9-DDLsHDi2KWWPnMBT3niQvBWqex8cbcSpCpMRXs&_nc_zt=23&se=-1&_nc_ht=scontent-atl3-1.cdninstagram.com&_nc_gid=UHuNSAIrZwH3-Y0LO6PwNA&_nc_ss=72a8c&oh=00_AQCQiwtK1Ax7ry_56o6u5vWxcecALmxbQqjM9dw_oSeA1Q&oe=6A5E9F01', 'images': [], 'alt': 'Photo by MUSE on March 06, 2026.', 'likesCount': 0, 'timestamp': '2026-03-07T00:06:48.000Z', 'childPosts': [], 'ownerId': '17841400244386380', 'shortCode': 'DVkAA6Cikjv', 'originalHeight': 1439, 'originalWidth': 1440, 'ownerUsername': 'muse_agency'}, {'id': '3847200043212391241', 'type': 'Image', 'caption': '', 'hashtags': [], 'mentions': [], 'url': 'https://www.instagram.com/p/DVkAA5TisNJ/', 'commentsCount': 0, 'firstComment': '', 'latestComments': [], 'dimensionsHeight': 1206, 'dimensionsWidth': 1206, 'displayUrl': 'https://scontent-atl3-1.cdninstagram.com/v/t51.82787-15/641443835_18588797209008147_7813878438410281158_n.jpg?stp=dst-jpg_e35_tt6&_nc_cat=106&ig_cache_key=Mzg0NzIwMDA0MzIxMjM5MTI0MQ%3D%3D.3-ccb7-5&ccb=7-5&_nc_sid=58cdad&efg=eyJ2ZW5jb2RlX3RhZyI6IkNBUk9VU0VMX0lURU0ueHBpZHMuMTIwNi5zZHIucmVndWxhcl9waG90by5DMyJ9&_nc_ohc=EvtKL9rtgN8Q7kNvwFuTbjy&_nc_oc=AdpydPBbCkiOzuvV_eCyL0Ig8Vao1J5Y5mj06u9zSPjuGVnQSe6vI2kzzjZG3I6qToE&_nc_zt=23&_nc_ht=scontent-atl3-1.cdninstagram.com&_nc_gid=UHuNSAIrZwH3-Y0LO6PwNA&_nc_ss=72a8c&oh=00_AQC64E1I5yi7o6eVwiqUfRDRT2tr5L0Z-x3Zzb7e-82i6g&oe=6A5E93E8', 'images': [], 'alt': 'Photo by MUSE on March 06, 2026.', 'likesCount': 0, 'timestamp': '2026-03-07T00:06:48.000Z', 'childPosts': [], 'ownerId': '17841400244386380', 'shortCode': 'DVkAA5TisNJ', 'originalHeight': 1206, 'originalWidth': 1206, 'ownerUsername': 'muse_agency'}]",MUSE,muse_agency,408328146,False,https://www.instagram.com/muse_agency/,1440,1440,carousel_container,,,,,,,,,,,
3868846461538837843,Video,DWw51vWjKVT,"On relance le cycle Traffic Manager le 27 avril ! 🚀

Comme d’habitude, on garde nos 3 modules piliers, mais j’ai décidé de bousculer le programme pour coller à ce qui se passe vraiment sur le terrain en ce moment.

Au programme, on va parler de ce qui fait la différence entre un média acheteur moyen et un expert :

Le Creative Targeting : Oubliez les réglages complexes, on va voir comment nourrir les nouveaux algorithmes avec du contenu qui convertit.

La guerre des signaux : Si votre Pixel, votre API et votre Content ID ne sont pas d’équerre, vous jetez de l’argent par les fenêtres. On va régler ça.

L’assistant IA : Je vais vous montrer comment je connecte Claude pour qu’il ne se contente pas de nous conseiller, mais qu’il bosse carrément à notre place pour optimiser les campagnes.

C’est en cours du soir, donc pas d’excuse pour le boulot. On commence le 27 avril.

Toutes les infos sont ici :
👉 first-masterclass.com/devenir-traffic-manager/",[],[],https://www.instagram.com/p/DWw51vWjKVT/,0,,[],1136,640,https://scontent-phl2-1.cdninstagram.com/v/t51.71878-15/660410114_1891933998132467_3234866668570501819_n.jpg?stp=dst-jpg_e15_tt6&_nc_ht=scontent-phl2-1.cdninstagram.com&_nc_cat=111&_nc_oc=Q6cZ2gG4o0poF45jjTwpiLOpZ83qhHGFmUYplBVe_ADjbA-myZOGphXj_56o8t5BXU52lCg&_nc_ohc=TED4r2ubS_8Q7kNvwF2GfgQ&_nc_gid=6sAC9bfwgo49iDhqGzaAMQ&edm=ADp7STQBAAAA&ccb=7-5&oh=00_AQAyEslVD3-Xe7Y-woUCSWHG9KKg6rPhNiyKIJIDNZJMuQ&oe=6A5E7FC8&_nc_sid=c6f216,[],"Video by Kais Khenine on April 05, 2026.",19,2026-04-05T20:55:51.000Z,[],Kais Khenine,kaiskhenine,254107068,False,https://www.instagram.com/e2bconsulting.training/,1920,1080,clips,,,"[{'full_name': 'E2bconsulting&training', 'id': '11234617163', 'is_verified': False, 'profile_pic_url': 'https://scontent-iad3-2.cdninstagram.com/v/t51.2885-19/101002711_841643919681756_1486131544241209344_n.jpg?stp=dst-jpg_s150x150_tt6&_nc_cat=103&ccb=7-5&_nc_sid=f7ccc5&efg=eyJ2ZW5jb2RlX3RhZyI6InByb2ZpbGVfcGljLnd3dy4xMDgwLkMzIn0%3D&_nc_ohc=RXgHCHB50NoQ7kNvwGdfPol&_nc_oc=AdpzZOkKiQyKzCzY0iCwM1QOeUTehhT0jvP5fhlQ8-ol4wOkPfaQYIcQX4B7hRnQElM&_nc_zt=24&_nc_ht=scontent-iad3-2.cdninstagram.com&_nc_ss=72a8c&oh=00_AQBJq07A6cIVbz9cIGGBnyyJghT0HrJ05WzOCXjYj__wYw&oe=6A5E8216', 'username': 'e2bconsulting.training'}, {'full_name': 'First Master Class', 'id': '53436166511', 'is_verified': False, 'profile_pic_url': 'https://scontent-iad3-2.cdninstagram.com/v/t51.2885-19/287313877_1203991183750069_4033835555714541967_n.jpg?stp=dst-jpg_s150x150_tt6&_nc_cat=105&ccb=7-5&_nc_sid=f7ccc5&efg=eyJ2ZW5jb2RlX3RhZyI6InByb2ZpbGVfcGljLnd3dy4xMDAwLkMzIn0%3D&_nc_ohc=mZxbz8cQ1c0Q7kNvwGijV9R&_nc_oc=Adq6MNDcLl3kOTJTW_gMPQTmnM59FvJksT0LOAeFAD0TwJtNOpigIHw8UzPTTVHr7lU&_nc_zt=24&_nc_ht=scontent-iad3-2.cdninstagram.com&_nc_ss=72a8c&oh=00_AQCxEZbNBQwywFFpFD7sUc0uWsYv6WCL5seC1aH1ObJGQg&oe=6A5E87D7', 'username': 'first_masterclass'}]",https://scontent-iad6-1.cdninstagram.com/o1/v/t2/f2/m86/AQNC6mBXawwCaAbFxH6Xi6krirBLvJFF_nw9QEQKGTl030hLuI-QV7KU3ryEu0f-FFcXOAxOsWYcqaBDCosnNJ8nv6cPcTcjLsNCxmc.mp4?_nc_cat=102&_nc_sid=5e9851&_nc_ht=scontent-iad6-1.cdninstagram.com&_nc_ohc=qEvLMBPylOwQ7kNvwGtBXvB&efg=eyJ2ZW5jb2RlX3RhZyI6Inhwdl9wcm9ncmVzc2l2ZS5JTlNUQUdSQU0uQ0xJUFMuQzMuNzIwLmRhc2hfYmFzZWxpbmVfMV92MSIsInhwdl9hc3NldF9pZCI6MTc5NTkwNTQ5MTQxMDIzNzUsImFzc2V0X2FnZV9kYXlzIjoxMDEsInZpX3VzZWNhc2VfaWQiOjEwMDk5LCJkdXJhdGlvbl9zIjo1MywidXJsZ2VuX3NvdXJjZSI6Ind3dyJ9&ccb=17-1&vs=3d6727f3ffd0ab45&_nc_vs=HBksFQIYUmlnX3hwdl9yZWVsc19wZXJtYW5lbnRfc3JfcHJvZC83MjQ5NzBGRTQ2N0REMDQzQzQ4RDQ3MERFNUQ4MUFBMl92aWRlb19kYXNoaW5pdC5tcDQVAALIARIAFQIYUWlnX3hwdl9wbGFjZW1lbnRfcGVybWFuZW50X3YyLzNENERGNzlGNzFFNDk3RUM2N0IwQkMyNzExQkZCQkJCX2F1ZGlvX2Rhc2hpbml0Lm1wNBUCAsgBEgAoABgAGwKIB3VzZV9vaWwBMRJwcm9ncmVzc2l2ZV9yZWNpcGUBMRUAACbOkcGKyurmPxUCKAJDMywXQErAAAAAAAAYEmRhc2hfYmFzZWxpbmVfMV92MREAdf4HZeadAQA&_nc_gid=fWGd-BEkqYCWBpeGDXQ8ug&_nc_ss=72a8c&_nc_zt=28&oh=00_AQDeX3m4lY5-Tq1Bu-8HoWWvogtf4f6EJcSrz0-twbe-1Q&oe=6A5A855F,217,https://scontent-iad3-2.cdninstagram.com/o1/v/t2/f2/m78/AQPwhHcRIIrlN8wYeL4ym0_0cJSSvyD4NmdrH1_BjvI4w9EZ8sqZ6aqFLGXOmyjN2zQa6lDNb3IiVegueEuLNs3_tmdxapHfIMuwCgA.mp4?_nc_cat=103&_nc_sid=9ca052&_nc_ht=scontent-iad3-2.cdninstagram.com&_nc_ohc=t6Vp_yIcGnUQ7kNvwGWHK9K&efg=eyJ2ZW5jb2RlX3RhZyI6ImlnLXhwdmRzLmNsaXBzLmlnd3d3LUMzLmRhc2hfbG5faGVhYWNfdmJyM19hdWRpbyIsInZpZGVvX2lkIjpudWxsLCJvaWxfdXJsZ2VuX2FwcF9pZCI6OTM2NjE5NzQzMzkyNDU5LCJjbGllbnRfbmFtZSI6ImlnIiwieHB2X2Fzc2V0X2lkIjoxNzk1OTA1NDkxNDEwMjM3NSwiYXNzZXRfYWdlX2RheXMiOjEwMSwidmlfdXNlY2FzZV9pZCI6MTAwOTksImR1cmF0aW9uX3MiOjUzLCJiaXRyYXRlIjo1MjQzOSwidXJsZ2VuX3NvdXJjZSI6Ind3dyJ9&ccb=17-1&_nc_gid=fWGd-BEkqYCWBpeGDXQ8ug&_nc_ss=72a8c&_nc_zt=28&oh=00_AQD2NjUopZCPNwf4WTYeRh3gRN8HnZrFSPOmmxfeg9CNMg&oe=6A5A9EB8,53.5,"{'artist_name': 'kaiskhenine', 'song_name': 'Original audio', 'uses_original_audio': True, 'should_mute_audio': False, 'should_mute_audio_reason': '', 'audio_id': '27437699815820505'}",843,"[{'id': '11234617163', 'is_verified': False, 'profile_pic_url': 'https://scontent-iad3-2.cdninstagram.com/v/t51.2885-19/101002711_841643919681756_1486131544241209344_n.jpg?stp=dst-jpg_s150x150_tt6&_nc_cat=103&ccb=7-5&_nc_sid=f7ccc5&efg=eyJ2ZW5jb2RlX3RhZyI6InByb2ZpbGVfcGljLnd3dy4xMDgwLkMzIn0%3D&_nc_ohc=RXgHCHB50NoQ7kNvwGdfPol&_nc_oc=AdpzZOkKiQyKzCzY0iCwM1QOeUTehhT0jvP5fhlQ8-ol4wOkPfaQYIcQX4B7hRnQElM&_nc_zt=24&_nc_ht=scontent-iad3-2.cdninstagram.com&_nc_ss=72a8c&oh=00_AQBJq07A6cIVbz9cIGGBnyyJghT0HrJ05WzOCXjYj__wYw&oe=6A5E8216', 'username': 'e2bconsulting.training', '__typename': 'User', 'is_unpublished': False, 'full_name': 'E2bconsulting&training', 'fbid': '17841411074914327'}, {'id': '53436166511', 'is_verified': False, 'profile_pic_url': 'https://scontent-iad3-2.cdninstagram.com/v/t51.2885-19/287313877_1203991183750069_4033835555714541967_n.jpg?stp=dst-jpg_s150x150_tt6&_nc_cat=105&ccb=7-5&_nc_sid=f7ccc5&efg=eyJ2ZW5jb2RlX3RhZyI6InByb2ZpbGVfcGljLnd3dy4xMDAwLkMzIn0%3D&_nc_ohc=mZxbz8cQ1c0Q7kNvwGijV9R&_nc_oc=Adq6MNDcLl3kOTJTW_gMPQTmnM59FvJksT0LOAeFAD0TwJtNOpigIHw8UzPTTVHr7lU&_nc_zt=24&_nc_ht=scontent-iad3-2.cdninstagram.com&_nc_ss=72a8c&oh=00_AQCxEZbNBQwywFFpFD7sUc0uWsYv6WCL5seC1aH1ObJGQg&oe=6A5E87D7', 'username': 'first_masterclass', '__typename': 'User', 'is_unpublished': False, 'full_name': 'First Master Class', 'fbid': '17841453475349520'}]",
3437970370251097728,Image,C-2H9YrIoaA,"⭐️⭐️ Notre réalisation ⭐️⭐️ :
Site Web pour notre client 🎖 MC-CONSULTING 🎖
Veuillez consulter nos projets réalisés sur notre site web: 
🌐 www.24-7digital.com.tn
24-7 Digital Design est votre meilleur partenaire pour réaliser votre: 
✅ Site Web. 
✅ Application Web & Mobile
✅ Branding , logo et Charte graphique. 
✅ Conception de vos supports de communication. 
✅ Gestion de vos réseaux sociaux. 
✅ Modélisation 3D et rendu réaliste de vos produits. 
✅ Packaging design.
Pour toute étude personnalisée, veuillez contacter nos experts au : 
Mobile + whatsapp : +216 96 357 457 
Facebook : www.facebook.com/24.7.digital.design.tunisie 
instagram : www.instagram.com/247digitaldesign/ 
Linkedin : www.linkedin.com/company/11547031/
#Webdesign #siteweb #logo #chartegraphique #graphicdesign #smo #conception3d #packaging #branding #sitevitrine #ecommerce","['Webdesign', 'siteweb', 'logo', 'chartegraphique', 'graphicdesign', 'smo', 'conception3d', 'packaging', 'branding', 'sitevitrine', 'ecommerce']",[],https://www.instagram.com/p/C-2H9YrIoaA/,0,,[],720,1080,https://instagram.fhio2-2.fna.fbcdn.net/v/t39.30808-6/491850555_1224773529654381_1437402842568983548_n.jpg?stp=dst-jpg_e35_s1080x1080_sh2.08_tt6&_nc_ht=instagram.fhio2-2.fna.fbcdn.net&_nc_cat=109&_nc_oc=Q6cZ2gFyeocTbZAQ70A0DMcQ7TLVpNXy-QYpceFSISHG5dwZkOKkniWlQ-EpLgd0hrpVCC8PsKUKYmAO9X2xNGbNVFW_&_nc_ohc=MggUGHzVHiYQ7kNvwGepEFw&_nc_gid=RbPGMGLp4i1qCn2HIvHNdg&edm=ADp7STQAAAAA&ccb=7-5&oh=00_AQAPyEmRl60JGVDJ3jQ1K1Wsemn5c523X1Jj0HYgLwb1HA&oe=6A5E87AC&_nc_sid=c6f216,[],"Photo by 24-7digital design on August 19, 2024.",0,2024-08-19T09:00:27.000Z,[],24-7digital design,247digitaldesign,9774715009,False,https://www.instagram.com/247digitaldesign/,1366,2048,feed,,,,,,,,,,,
3910851668296231078,Sidecar,DZGIt8qCmim,"⚡campagne publicitaire #VolvoTunisie 

#VolvoES90 #Volvo #UniversalMotors #MUSEsgency OutdoorCampaign","['VolvoTunisie', 'VolvoES90', 'Volvo', 'UniversalMotors', 'MUSEsgency']",[],https://www.instagram.com/p/DZGIt8qCmim/,0,,[],4096,4096,https://scontent-atl3-3.cdninstagram.com/v/t51.82787-15/713943428_18614342005008147_6132643960030310344_n.jpg?stp=dst-jpegr_e35_tt6&_nc_cat=109&ig_cache_key=MzkxMDg1MDgyMzEyMDk1Mzc2Mg%3D%3D.3-ccb7-5&ccb=7-5&_nc_sid=58cdad&efg=eyJ2ZW5jb2RlX3RhZyI6IkNBUk9VU0VMX0lURU0ueHBpZHMuNDA5Ni5oZHIucmVndWxhcl9waG90by5DMyJ9&_nc_ohc=Q9zKuRS47L0Q7kNvwGnFQpl&_nc_oc=AdoTbMxbWvMBFyHaHMtZgUwGEUFKqcRMSrwtXmaIcCBn6nXsgnLB21mY-b3kMJzb9Ew&_nc_zt=23&se=-1&_nc_ht=scontent-atl3-3.cdninstagram.com&_nc_gid=IrkpLtcCWY6wbWqsFIsVXA&_nc_ss=72a8c&oh=00_AQB6rsnLiAUrmx8ChQpYomAkHWfyGe4Ha4bNyHooDNTjsA&oe=6A5E6AE5,"['https://scontent-atl3-3.cdninstagram.com/v/t51.82787-15/713943428_18614342005008147_6132643960030310344_n.jpg?stp=dst-jpegr_e35_tt6&_nc_cat=109&ig_cache_key=MzkxMDg1MDgyMzEyMDk1Mzc2Mg%3D%3D.3-ccb7-5&ccb=7-5&_nc_sid=58cdad&efg=eyJ2ZW5jb2RlX3RhZyI6IkNBUk9VU0VMX0lURU0ueHBpZHMuNDA5Ni5oZHIucmVndWxhcl9waG90by5DMyJ9&_nc_ohc=Q9zKuRS47L0Q7kNvwGnFQpl&_nc_oc=AdoTbMxbWvMBFyHaHMtZgUwGEUFKqcRMSrwtXmaIcCBn6nXsgnLB21mY-b3kMJzb9Ew&_nc_zt=23&se=-1&_nc_ht=scontent-atl3-3.cdninstagram.com&_nc_gid=IrkpLtcCWY6wbWqsFIsVXA&_nc_ss=72a8c&oh=00_AQB6rsnLiAUrmx8ChQpYomAkHWfyGe4Ha4bNyHooDNTjsA&oe=6A5E6AE5', 'https://scontent-atl3-3.cdninstagram.com/v/t51.82787-15/710868546_18614342014008147_2819104925263436408_n.jpg?stp=dst-jpegr_e35_tt6&_nc_cat=110&ig_cache_key=MzkxMDg1MDgzOTA0MjU1NTU3OQ%3D%3D.3-ccb7-5&ccb=7-5&_nc_sid=58cdad&efg=eyJ2ZW5jb2RlX3RhZyI6IkNBUk9VU0VMX0lURU0ueHBpZHMuNDA5Ni5oZHIucmVndWxhcl9waG90by5DMyJ9&_nc_ohc=5H4G-CWo6SoQ7kNvwGyMnSc&_nc_oc=AdrM1dabB4Ttt7lFDHwcsnkJKpB5tc3_wSBjk7z2ajTWhVJ5hzbtdwH_KC1Hevr0znY&_nc_zt=23&se=-1&_nc_ht=scontent-atl3-3.cdninstagram.com&_nc_gid=IrkpLtcCWY6wbWqsFIsVXA&_nc_ss=72a8c&oh=00_AQA5TO7xRYzHxD5tYuyZT4-01O7pdU_tVYi0SnKmzjo4Mg&oe=6A5E99A2', 'https://scontent-atl3-1.cdninstagram.com/v/t51.82787-15/710431914_18614342026008147_4124414956460564491_n.jpg?stp=dst-jpegr_e35_tt6&_nc_cat=100&ig_cache_key=MzkxMDg1MDg1MzEzNTQxNTM0NQ%3D%3D.3-ccb7-5&ccb=7-5&_nc_sid=58cdad&efg=eyJ2ZW5jb2RlX3RhZyI6IkNBUk9VU0VMX0lURU0ueHBpZHMuNDA5Ni5oZHIucmVndWxhcl9waG90by5DMyJ9&_nc_ohc=MxBR0YrW3sQQ7kNvwGdsLmy&_nc_oc=Adql-Lpp4PluvR-wgViYB0O47NBhm3crxGQOTgCDhKj2kgUL_bVT1lUv9FcBTikf25U&_nc_zt=23&se=-1&_nc_ht=scontent-atl3-1.cdninstagram.com&_nc_gid=IrkpLtcCWY6wbWqsFIsVXA&_nc_ss=72a8c&oh=00_AQDHtoQ4gv5MJ2kexjYjYv-IfwOjv26c2MtUnQVQINgvdw&oe=6A5E9B42']","Photo by MUSE on June 02, 2026.",7,2026-06-02T19:51:10.000Z,"[{'id': '3910850823120953762', 'type': 'Image', 'caption': '', 'hashtags': [], 'mentions': [], 'url': 'https://www.instagram.com/p/DZGIhphqyGi/', 'commentsCount': 0, 'firstComment': '', 'latestComments': [], 'dimensionsHeight': 4096, 'dimensionsWidth': 4096, 'displayUrl': 'https://scontent-atl3-3.cdninstagram.com/v/t51.82787-15/713943428_18614342005008147_6132643960030310344_n.jpg?stp=dst-jpegr_e35_tt6&_nc_cat=109&ig_cache_key=MzkxMDg1MDgyMzEyMDk1Mzc2Mg%3D%3D.3-ccb7-5&ccb=7-5&_nc_sid=58cdad&efg=eyJ2ZW5jb2RlX3RhZyI6IkNBUk9VU0VMX0lURU0ueHBpZHMuNDA5Ni5oZHIucmVndWxhcl9waG90by5DMyJ9&_nc_ohc=Q9zKuRS47L0Q7kNvwGnFQpl&_nc_oc=AdoTbMxbWvMBFyHaHMtZgUwGEUFKqcRMSrwtXmaIcCBn6nXsgnLB21mY-b3kMJzb9Ew&_nc_zt=23&se=-1&_nc_ht=scontent-atl3-3.cdninstagram.com&_nc_gid=IrkpLtcCWY6wbWqsFIsVXA&_nc_ss=72a8c&oh=00_AQB6rsnLiAUrmx8ChQpYomAkHWfyGe4Ha4bNyHooDNTjsA&oe=6A5E6AE5', 'images': [], 'alt': 'Photo by MUSE on June 02, 2026. May be an image of signboard, scoreboard, road and text.', 'likesCount': 0, 'timestamp': '2026-06-02T19:51:09.000Z', 'childPosts': [], 'ownerId': '17841400244386380', 'shortCode': 'DZGIhphqyGi', 'originalHeight': 4096, 'originalWidth': 4096, 'ownerUsername': 'muse_agency'}, {'id': '3910850839042555579', 'type': 'Image', 'caption': '', 'hashtags': [], 'mentions': [], 'url': 'https://www.instagram.com/p/DZGIh4Wq367/', 'commentsCount': 0, 'firstComment': '', 'latestComments': [], 'dimensionsHeight': 4096, 'dimensionsWidth': 4096, 'displayUrl': 'https://scontent-atl3-3.cdninstagram.com/v/t51.82787-15/710868546_18614342014008147_2819104925263436408_n.jpg?stp=dst-jpegr_e35_tt6&_nc_cat=110&ig_cache_key=MzkxMDg1MDgzOTA0MjU1NTU3OQ%3D%3D.3-ccb7-5&ccb=7-5&_nc_sid=58cdad&efg=eyJ2ZW5jb2RlX3RhZyI6IkNBUk9VU0VMX0lURU0ueHBpZHMuNDA5Ni5oZHIucmVndWxhcl9waG90by5DMyJ9&_nc_ohc=5H4G-CWo6SoQ7kNvwGyMnSc&_nc_oc=AdrM1dabB4Ttt7lFDHwcsnkJKpB5tc3_wSBjk7z2ajTWhVJ5hzbtdwH_KC1Hevr0znY&_nc_zt=23&se=-1&_nc_ht=scontent-atl3-3.cdninstagram.com&_nc_gid=IrkpLtcCWY6wbWqsFIsVXA&_nc_ss=72a8c&oh=00_AQA5TO7xRYzHxD5tYuyZT4-01O7pdU_tVYi0SnKmzjo4Mg&oe=6A5E99A2', 'images': [], 'alt': 'Photo by MUSE on June 02, 2026. May be an image of car, jeep, signboard, minivan, road and text.', 'likesCount': 0, 'timestamp': '2026-06-02T19:51:09.000Z', 'childPosts': [], 'ownerId': '17841400244386380', 'shortCode': 'DZGIh4Wq367', 'originalHeight': 4096, 'originalWidth': 4096, 'ownerUsername': 'muse_agency'}, {'id': '3910850853135415345', 'type': 'Image', 'caption': '', 'hashtags': [], 'mentions': [], 'url': 'https://www.instagram.com/p/DZGIiFeq3gx/', 'commentsCount': 0, 'firstComment': '', 'latestComments': [], 'dimensionsHeight': 4096, 'dimensionsWidth': 4096, 'displayUrl': 'https://scontent-atl3-1.cdninstagram.com/v/t51.82787-15/710431914_18614342026008147_4124414956460564491_n.jpg?stp=dst-jpegr_e35_tt6&_nc_cat=100&ig_cache_key=MzkxMDg1MDg1MzEzNTQxNTM0NQ%3D%3D.3-ccb7-5&ccb=7-5&_nc_sid=58cdad&efg=eyJ2ZW5jb2RlX3RhZyI6IkNBUk9VU0VMX0lURU0ueHBpZHMuNDA5Ni5oZHIucmVndWxhcl9waG90by5DMyJ9&_nc_ohc=MxBR0YrW3sQQ7kNvwGdsLmy&_nc_oc=Adql-Lpp4PluvR-wgViYB0O47NBhm3crxGQOTgCDhKj2kgUL_bVT1lUv9FcBTikf25U&_nc_zt=23&se=-1&_nc_ht=scontent-atl3-1.cdninstagram.com&_nc_gid=IrkpLtcCWY6wbWqsFIsVXA&_nc_ss=72a8c&oh=00_AQDHtoQ4gv5MJ2kexjYjYv-IfwOjv26c2MtUnQVQINgvdw&oe=6A5E9B42', 'images': [], 'alt': 'Photo by MUSE on June 02, 2026. May be an image of car, signboard and text.', 'likesCount': 0, 'timestamp': '2026-06-02T19:51:09.000Z', 'childPosts': [], 'ownerId': '17841400244386380', 'shortCode': 'DZGIiFeq3gx', 'originalHeight': 4096, 'originalWidth': 4096, 'ownerUsername': 'muse_agency'}]",MUSE,muse_agency,408328146,False,https://www.instagram.com/muse_agency/,4096,4096,carousel_container,,,,,,,,,,,
2202137475420474189,Image,B6PkF3RA0tN,"🔴#للباعثين_الشبان_ورواد_الأعمال_بتونس🇹🇳👥💱:
✅#فيما_يلي: منصة رقمية تونسية تدعى:
www.disruptunisia.com
تتوفر ع بنك معطيات ثري جدااا:(bases de données) ،يخص نظام #ريادة_الأعمال وكل ما يهم تبني #أفكار_المشاريع_المجددة و #بعث_الشركات_الناشئة_بتونس، مثل :
#مراكز_التدريب_والإبتكار/ #فضاءات_العمل_المشترك/ #مؤسسات و #برامج_المرافقة و #التمويل:(مسيرات وحاضنات الأعمال)/#المستثمرين.... إلخ
🔴#Aux_jeunes_entrepreneurs_et_startappeurs_en_Tunisie🇹🇳👥💱: #Voici: une plateforme tunisien :
www.disruptunisia.com
 Qui englobe un base de données très riches concernant l' #écosystème d' #entrepreunariat  et de #création des #start_ups en Tunisie 🇹🇳, comme :
Les #Incubateurs et #accélérateurs d'#innovation/#investisseurs/#coworking_space/#Lab /#soutien_privé et #Public /etc...","['للباعثين_الشبان_ورواد_الأعمال_بتونس🇹🇳👥💱:', 'فيما_يلي:', 'ريادة_الأعمال', 'أفكار_المشاريع_المجددة', 'بعث_الشركات_الناشئة_بتونس،', 'مراكز_التدريب_والإبتكار/', 'فضاءات_العمل_المشترك/', 'مؤسسات', 'برامج_المرافقة', 'التمويل:(مسيرات', 'المستثمرين....', 'Aux_jeunes_entrepreneurs_et_startappeurs_en_Tunisie🇹🇳👥💱:', 'Voici:', 'écosystème', 'entrepreunariat', 'création', 'start_ups', 'Incubateurs', 'accélérateurs', 'innovation/', 'investisseurs/', 'coworking_space/', 'Lab', 'soutien_privé', 'Public']",[],https://www.instagram.com/p/B6PkF3RA0tN/,0,,[],480,480,https://scontent-mia5-1.cdninstagram.com/v/t51.82787-15/632594505_18527764999068950_5909371812490181362_n.jpg?stp=dst-jpg_e15_tt6&_nc_ht=scontent-mia5-1.cdninstagram.com&_nc_cat=102&_nc_oc=Q6cZ2gHPBr6MZ4OqMSNma523GaXbkTnIvnekt32qIbJUgovnhBTBEldssHwZIwVp57Wj07MMS_xK__kFArt651MAwUir&_nc_ohc=MH4QbejT1KYQ7kNvwH0C0OK&_nc_gid=mpd_9ui73BBGHt6UYWYEAQ&edm=ADp7STQBAAAA&ccb=7-5&oh=00_AQCB6QLPBfxp_DLCNbghhmo-yi_iTh3ENh-JGNzRaC_YKw&oe=6A5E802E&_nc_sid=c6f216,[],"Photo by DIGITAL MARKETING TUNISIA on December 18, 2019.",2,2019-12-19T06:01:05.000Z,[],DIGITAL MARKETING TUNISIA,digital_marketing_tunisia,24896180662,False,https://www.instagram.com/digital_marketing_tunisia/,400,400,feed,Béja,228400746,"[{'full_name': 'DIGITAL MARKETING TUNISIA', 'id': '24896180662', 'is_verified': False, 'profile_pic_url': 'https://scontent-ord5-1.cdninstagram.com/v/t51.2885-19/74886253_1801674530134044_5499489851960983552_n.jpg?stp=dst-jpg_s150x150_tt6&_nc_cat=101&ccb=7-5&_nc_sid=f7ccc5&efg=eyJ2ZW5jb2RlX3RhZyI6InByb2ZpbGVfcGljLnd3dy44NTUuQzMifQ%3D%3D&_nc_ohc=m6kpXr-HLV8Q7kNvwGomgr5&_nc_oc=AdqAihgHUdJx1WjRHRz2PxRKOvG_xoe5r7jeUsvDCM3qim5_NEz871ef2iPkjdvefG4&_nc_zt=24&_nc_ht=scontent-ord5-1.cdninstagram.com&_nc_ss=7ca8c&oh=00_AQAKwMgjksEYmwQbZzOnTs_9S4x11ZJGwyVW7qBysyEmOw&oe=6A5E8037', 'username': 'digital_marketing_tunisia'}]",,,,,,,,
3443768528386152571,Image,C_KuTsPIFh7,"⭐️⭐️ Notre réalisation ⭐️⭐️ :
Site Web pour notre client 🎖 HAWKAR 🎖
Veuillez consulter nos projets réalisés sur notre site web: 
🌐 www.24-7digital.com.tn
24-7 Digital Design est votre meilleur partenaire pour réaliser votre: 
✅ Site Web. 
✅ Application Web & Mobile
✅ Branding , logo et Charte graphique. 
✅ Conception de vos supports de communication. 
✅ Gestion de vos réseaux sociaux. 
✅ Modélisation 3D et rendu réaliste de vos produits. 
✅ Packaging design.
Pour toute étude personnalisée, veuillez contacter nos experts au : 
Mobile + whatsapp : +216 96 357 457 
Facebook : www.facebook.com/24.7.digital.design.tunisie 
Instagram : www.instagram.com/247digitaldesign/ 
LinkedIn : www.linkedin.com/company/11547031/
#Webdesign #siteweb #logo #chartegraphique #graphicdesign #smo #conception3d #packaging #branding #sitevitrine #ecommerce","['Webdesign', 'siteweb', 'logo', 'chartegraphique', 'graphicdesign', 'smo', 'conception3d', 'packaging', 'branding', 'sitevitrine', 'ecommerce']",[],https://www.instagram.com/p/C_KuTsPIFh7/,0,,[],720,1080,https://scontent-lga3-1.cdninstagram.com/v/t39.30808-6/490964361_1224773789654355_4390675403082854503_n.jpg?stp=dst-jpg_e15_tt6&_nc_ht=scontent-lga3-1.cdninstagram.com&_nc_cat=103&_nc_oc=Q6cZ2gEF_3EyERq0agRlloRPhjNg7Jdf_Vq1ytJQdG74Rc0uLRJ3tyzJMsFzuCXK01zPqoGUbIbV-PhnUIHqoKU1nj3v&_nc_ohc=q40qqqIToiUQ7kNvwGktb1o&_nc_gid=MuVDYtnjeklyF3LpYpOI3g&edm=ADp7STQAAAAA&ccb=7-5&oh=00_AQAPJ6IJfoNQQnAjCt3caKO99cS_esmaNHJNAxpMrR4ePw&oe=6A5E6D07&_nc_sid=c6f216,[],"Photo by 24-7digital design on August 27, 2024.",1,2024-08-27T09:00:22.000Z,[],24-7digital design,247digitaldesign,9774715009,False,https://www.instagram.com/247digitaldesign/,540,810,feed,,,,,,,,,,,
3861587321884327894,Video,DWXHTWuET_W,"Backstage avec Emmak Prod 

Avant chaque vidéo que vous voyez… il y a une énergie, une équipe, et une vraie passion 

Entre préparation, réglages, fous rires et concentration, chaque moment compte pour créer un contenu de qualité 🎬✨

Voici un aperçu de ce qui se passe derrière la caméra… là où la magie commence 

#EmmakProd #BehindTheScenes #Backstage #Tournage #TeamWork","['EmmakProd', 'BehindTheScenes', 'Backstage', 'Tournage', 'TeamWork']",[],https://www.instagram.com/p/DWXHTWuET_W/,1,🔥🔥,"[{'id': '18066164507344614', 'text': '🔥🔥', 'ownerUsername': 'nadabouneb', 'ownerProfilePicUrl': 'https://scontent.cdninstagram.com/v/t51.82787-19/726987811_18016548941894060_2408660372900525045_n.jpg?stp=dst-jpg_s150x150_tt6&_nc_cat=102&ccb=7-5&_nc_sid=f7ccc5&efg=eyJ2ZW5jb2RlX3RhZyI6InByb2ZpbGVfcGljLnd3dy4xMDA4LkMzIn0%3D&_nc_ohc=_ZWkwnss_T8Q7kNvwFzUTIJ&_nc_oc=AdqJ3QLtEq9pr_Bupk7-ZZ9boD_1k3w0EDXChfGdEKNoZQHhsLuq6FeHdxPOQKlyeHQ&_nc_zt=24&_nc_ht=scontent.cdninstagram.com&_nc_gid=ldRT6Mtj5aCLTQUtFseQlQ&_nc_ss=72a8c&oh=00_AQA49S2DlleQ_POitqdMQp3j5AlrFTAVRk9E2NyJI-gUNg&oe=6A5E9C8B', 'timestamp': '2026-03-26T22:16:22.000Z', 'repliesCount': None, 'replies': None, 'likesCount': 0, 'owner': {'username': 'nadabouneb', 'profile_pic_url': 'https://scontent.cdninstagram.com/v/t51.82787-19/726987811_18016548941894060_2408660372900525045_n.jpg?stp=dst-jpg_s150x150_tt6&_nc_cat=102&ccb=7-5&_nc_sid=f7ccc5&efg=eyJ2ZW5jb2RlX3RhZyI6InByb2ZpbGVfcGljLnd3dy4xMDA4LkMzIn0%3D&_nc_ohc=_ZWkwnss_T8Q7kNvwFzUTIJ&_nc_oc=AdqJ3QLtEq9pr_Bupk7-ZZ9boD_1k3w0EDXChfGdEKNoZQHhsLuq6FeHdxPOQKlyeHQ&_nc_zt=24&_nc_ht=scontent.cdninstagram.com&_nc_gid=ldRT6Mtj5aCLTQUtFseQlQ&_nc_ss=72a8c&oh=00_AQA49S2DlleQ_POitqdMQp3j5AlrFTAVRk9E2NyJI-gUNg&oe=6A5E9C8B', 'is_verified': False, 'id': '56858070059', 'full_name': None, 'is_mentionable': None, 'is_private': None, 'profile_pic_id': None, 'latest_reel_media': None}}]",1066,640,https://scontent-ord5-3.cdninstagram.com/v/t51.82787-15/657049072_18054725153710423_7854353661949243147_n.jpg?stp=dst-jpg_e15_tt6&_nc_ht=scontent-ord5-3.cdninstagram.com&_nc_cat=107&_nc_oc=Q6cZ2gEGXu-AGoM3MEcCzhQIPmkc-gdZ01-g0Y8rVRpvLF1F0rHcLIHaJV1Qv-BomIL952AR9HoGgE54MFrySTWhxXTk&_nc_ohc=3wp_HZpocGoQ7kNvwFmltGR&_nc_gid=mQYrQCpbhJUYsWNvcIKbVA&edm=ADp7STQBAAAA&ccb=7-5&oh=00_AQB2jfh28je0L9NORZ-K_9VcOQLG4-RtZ9nPY56WTngZYw&oe=6A5E9648&_nc_sid=c6f216,[],"Video by Emmak Prod on March 26, 2026.",38,2026-03-26T20:32:04.000Z,[],Emmak Prod,emmakprod,51343982422,False,https://www.instagram.com/emmakprod/,960,576,clips,,,,https://instagram.fsac1-2.fna.fbcdn.net/o1/v/t2/f2/m86/AQPvrZbq6hIUkqsWiaiviT94_IolWvDQlcgAiq4wVm50ZQHOAh1Sp3wgP4gE901ZiH_zCAeME9eFE8ye2JKW_X_qha-mAinjno5qEcE.mp4?_nc_cat=110&_nc_oc=Adr0m5LnzOd-CDF7224GWyDAMXlaQndHy9hB3_K9gy-eYH3YO2aQyFfTh1FO51RmYn8&_nc_sid=5e9851&_nc_ht=instagram.fsac1-2.fna.fbcdn.net&_nc_ohc=7nlQ1doO9cIQ7kNvwEG-rtR&efg=eyJ2ZW5jb2RlX3RhZyI6Inhwdl9wcm9ncmVzc2l2ZS5JTlNUQUdSQU0uQ0xJUFMuQzMuNTc2LmRhc2hfYmFzZWxpbmVfMV92MSIsInhwdl9hc3NldF9pZCI6MTc5NDE1NzExODcxNzA4NDIsImFzc2V0X2FnZV9kYXlzIjoxMTEsInZpX3VzZWNhc2VfaWQiOjEwMDk5LCJkdXJhdGlvbl9zIjoxNSwid2F0Y2hfdGltZV9zIjozNiwidXJsZ2VuX3NvdXJjZSI6Ind3dyJ9&ccb=17-1&vs=7c8e3d7ce91c65b&_nc_vs=HBksFQIYUmlnX3hwdl9yZWVsc19wZXJtYW5lbnRfc3JfcHJvZC84MTQ2Q0YzMUUxRjIzMDM4MkRBQTQ4MjgwQzU2Qzg5Ql92aWRlb19kYXNoaW5pdC5tcDQVAALIARIAFQIYUWlnX3hwdl9wbGFjZW1lbnRfcGVybWFuZW50X3YyLzM1NDBEMjJDQzI2ODJDNDkxN0ExNjZBN0RENjUwN0I4X2F1ZGlvX2Rhc2hpbml0Lm1wNBUCAsgBEgAoABgAGwKIB3VzZV9vaWwBMRJwcm9ncmVzc2l2ZV9yZWNpcGUBMRUAACa0-JaV8vDePxUCKAJDMywXQC53S8an754YEmRhc2hfYmFzZWxpbmVfMV92MREAdf4HZeadAQA&_nc_gid=ldRT6Mtj5aCLTQUtFseQlQ&_nc_ss=72a8c&_nc_zt=28&oh=00_AQCs9193U6hfjyeEec1_KMsr4LfUPBy1352y5BvgFNS3KA&oe=6A5A9E53,457,https://instagram.fsac1-1.fna.fbcdn.net/o1/v/t2/f2/m78/AQPWd5EuoIcsZPvzGUAVBYjakXOoCemgqFjyglkuHc5Ysyas8FV4E_1OmSbkCmldiHx_c5_Vp4C7Tn1CnsHNqb87pWN8a-8UgrG-PKM.mp4?_nc_cat=111&_nc_oc=AdoxhM2pgjKBAS2fL8pcHnwUHtW3xY9ni4dQOU6XozHfr9UGqsFWizTUafokkUCRmBk&_nc_sid=9ca052&_nc_ht=instagram.fsac1-1.fna.fbcdn.net&_nc_ohc=qnjKE8NnVZUQ7kNvwHkYIZB&efg=eyJ2ZW5jb2RlX3RhZyI6ImlnLXhwdmRzLmNsaXBzLmlnd3d3LUMzLmRhc2hfbG5faGVhYWNfdmJyM19hdWRpbyIsInZpZGVvX2lkIjpudWxsLCJvaWxfdXJsZ2VuX2FwcF9pZCI6OTM2NjE5NzQzMzkyNDU5LCJjbGllbnRfbmFtZSI6ImlnIiwieHB2X2Fzc2V0X2lkIjoxNzk0MTU3MTE4NzE3MDg0MiwiYXNzZXRfYWdlX2RheXMiOjExMSwidmlfdXNlY2FzZV9pZCI6MTAwOTksImR1cmF0aW9uX3MiOjE1LCJ3YXRjaF90aW1lX3MiOjM2LCJiaXRyYXRlIjo2OTY2NywidXJsZ2VuX3NvdXJjZSI6Ind3dyJ9&ccb=17-1&_nc_gid=ldRT6Mtj5aCLTQUtFseQlQ&_nc_ss=72a8c&_nc_zt=28&oh=00_AQB0efbO11TL4IIeDz3tzCrwF0LN3ijyAuGb4z8dN_nNug&oe=6A5A8324,15.233,"{'artist_name': 'emmakprod', 'song_name': 'Original audio', 'uses_original_audio': True, 'should_mute_audio': False, 'should_mute_audio_reason': '', 'audio_id': '26175839362074267'}",1623,,
3849235218146447463,Image,DVrOwlqitBn,"Pendant le mois sacré, les habitudes changent : la consommation de YouTube explose, portée par les replays des feuilletons et des émissions phares. C'est le moment pour votre marque d'être visible là où l'attention est maximale.

Je vous donne rendez-vous pour un webinaire en ligne où nous irons bien au-delà de la théorie.

Au programme de ce webinaire : 
✅ Cas Pratiques Réels : Analyse de campagnes qui ont performé durant les précédents Ramadan. 
✅ Nouveaux Formats YouTube Ads : Je vous présenterai en exclusivité les derniers formats publicitaires pour maximiser votre impact. 
✅ Stratégie ""Replay"" : Comment cibler efficacement les utilisateurs qui consomment les contenus premium en différé.

Il ne s'agit pas d'un simple exposé, mais d'une véritable session de montée en compétences pour vos futures campagnes.

📅 Date : Jeudi 12 mars 
🕚 Heure : 11:00 - 12:00 (UTC+1) 
📍 Lieu : En ligne (Live)
👉 Réservez votre place ici : https://luma.com/5ymgo42o

Préparez vos questions, nous passerons à la pratique ensemble !
hashtag#YouTubeAds hashtag#Ramadan2026 hashtag#DigitalMarketing hashtag#FormationE2B hashtag#MarketingMaroc hashtag#MarketingTunisie hashtag#GrowthMarketing","['YouTubeAds', 'Ramadan2026', 'DigitalMarketing', 'FormationE2B', 'MarketingMaroc', 'MarketingTunisie', 'GrowthMarketing']",[],https://www.instagram.com/p/DVrOwlqitBn/,0,,[],1080,1080,https://instagram.fric1-1.fna.fbcdn.net/v/t39.30808-6/648083372_1369298625221832_969957069496979455_n.jpg?stp=dst-jpg_e35_s1080x1080_sh2.08_tt6&_nc_ht=instagram.fric1-1.fna.fbcdn.net&_nc_cat=100&_nc_oc=Q6cZ2gFlZry8RiHES7wMDuxPGOb6BFv0aHMP05jaUezpncLeZJbcGJ3jnmBxiI0uvQBJ330&_nc_ohc=19ZLf2iBAzYQ7kNvwEKpk1i&_nc_gid=dfWUUi1ewQCVF0tyBWnykg&edm=ADp7STQAAAAA&ccb=7-5&oh=00_AQDxPRG46WfVOYwlujvGMqO4M6PM24eGSkwduRAPE_SDtg&oe=6A5E8414&_nc_sid=c6f216,[],"Photo by E2bconsulting&training on March 09, 2026.",1,2026-03-09T19:30:18.000Z,[],E2bconsulting&training,e2bconsulting.training,11234617163,False,https://www.instagram.com/e2bconsulting.training/,1920,1920,feed,,,,,,,,,,,
3439419960495923752,Image,C-7Rjsyv2Io,"⭐️⭐️ Notre réalisation ⭐️⭐️ :
Conception 3D Borne Tactile pour notre client 🎖 WINCOM 🎖
Veuillez consulter nos projets réalisés sur notre site web: 
🌐 www.24-7digital.com.tn
24-7 Digital Design est votre meilleur partenaire pour réaliser votre: 
✅ Site Web. 
✅ Application Web & Mobile
✅ Branding , logo et Charte graphique. 
✅ Conception de vos supports de communication. 
✅ Gestion de vos réseaux sociaux. 
✅ Modélisation 3D et rendu réaliste de vos produits. 
✅ Packaging design.
Pour toute étude personnalisée, veuillez contacter nos experts au : 
Mobile + whatsapp : +216 96 357 457 
Facebook : www.facebook.com/24.7.digital.design.tunisie 
instagram : www.instagram.com/247digitaldesign/ 
Linkedin : www.linkedin.com/company/11547031/
#Webdesign #siteweb #logo #chartegraphique #graphicdesign #smo #conception3d #packaging #branding #sitevitrine #ecommerce","['Webdesign', 'siteweb', 'logo', 'chartegraphique', 'graphicdesign', 'smo', 'conception3d', 'packaging', 'branding', 'sitevitrine', 'ecommerce']",[],https://www.instagram.com/p/C-7Rjsyv2Io/,0,,[],720,1080,https://scontent-lax3-2.cdninstagram.com/v/t39.30808-6/492088074_1224773456321055_502393364976871458_n.jpg?stp=dst-jpg_e35_s1080x1080_sh2.08_tt6&_nc_ht=scontent-lax3-2.cdninstagram.com&_nc_cat=103&_nc_oc=Q6cZ2gFxAhzJTAZ8OK57ZxvCHtcLrPLgHCjgdixAiABfHSArYtydd6VNouIFWLmktHnol88&_nc_ohc=gpAkukkTErYQ7kNvwE2QJ5L&_nc_gid=zfvuvbMbczcx9PEP_YrpGA&edm=ADp7STQAAAAA&ccb=7-5&oh=00_AQB5Pf41AgFPGPIrRRI9xZzPKpz3zQqV1TojPrvV0uVMnA&oe=6A5E6DC1&_nc_sid=c6f216,[],"Photo by 24-7digital design on August 21, 2024.",0,2024-08-21T09:00:32.000Z,[],24-7digital design,247digitaldesign,9774715009,False,https://www.instagram.com/247digitaldesign/,1366,2048,feed,,,,,,,,,,,
3844577014149987532,Video,DVarmzICrzM,"Le succès de Digibook est avant tout celui de chaque jeune qui a osé faire le premier pas.
Et nous sommes fiers d’avoir contribué à cette naissance.

#emmakprod #contentcreation","['emmakprod', 'contentcreation']",[],https://www.instagram.com/p/DVarmzICrzM/,4,"يعطيكم الصحة على طرح الموضوع , الي يخدم على personal branding لازم يفهم قيمة الdigibook","[{'id': '18096187342987060', 'text': 'يعطيكم الصحة على طرح الموضوع , الي يخدم على personal branding لازم يفهم قيمة الdigibook', 'ownerUsername': 'rayen_thabouti', 'ownerProfilePicUrl': 'https://scontent-ord5-1.cdninstagram.com/v/t51.82787-19/539420824_17921102454132354_3936216834602649412_n.jpg?stp=dst-jpg_s150x150_tt6&_nc_cat=106&ccb=7-5&_nc_sid=f7ccc5&efg=eyJ2ZW5jb2RlX3RhZyI6InByb2ZpbGVfcGljLnd3dy4xMDgwLkMzIn0%3D&_nc_ohc=o9sWyMFEkzAQ7kNvwE30rSg&_nc_oc=AdpyMrH30B0OJWKxGiVGIjnuFHDDajoD5ZtqHpn6kw5KPrf_66Bo25PhvbJbd3r0gAgTCXEFqfVjKG2utRHRg4K8&_nc_zt=24&_nc_ht=scontent-ord5-1.cdninstagram.com&_nc_gid=fDpa2UK08CTN1YT_rPYypg&_nc_ss=72689&oh=00_AQC-GF807Vcw3hxoJJ56r4-x1Z8VLjQPOxGE-gxO328vwQ&oe=6A5E70C3', 'timestamp': '2026-03-04T12:52:25.000Z', 'repliesCount': None, 'replies': None, 'likesCount': 0, 'owner': {'username': 'rayen_thabouti', 'profile_pic_url': 'https://scontent-ord5-1.cdninstagram.com/v/t51.82787-19/539420824_17921102454132354_3936216834602649412_n.jpg?stp=dst-jpg_s150x150_tt6&_nc_cat=106&ccb=7-5&_nc_sid=f7ccc5&efg=eyJ2ZW5jb2RlX3RhZyI6InByb2ZpbGVfcGljLnd3dy4xMDgwLkMzIn0%3D&_nc_ohc=o9sWyMFEkzAQ7kNvwE30rSg&_nc_oc=AdpyMrH30B0OJWKxGiVGIjnuFHDDajoD5ZtqHpn6kw5KPrf_66Bo25PhvbJbd3r0gAgTCXEFqfVjKG2utRHRg4K8&_nc_zt=24&_nc_ht=scontent-ord5-1.cdninstagram.com&_nc_gid=fDpa2UK08CTN1YT_rPYypg&_nc_ss=72689&oh=00_AQC-GF807Vcw3hxoJJ56r4-x1Z8VLjQPOxGE-gxO328vwQ&oe=6A5E70C3', 'is_verified': False, 'id': '63914460353', 'full_name': None, 'is_mentionable': None, 'is_private': None, 'profile_pic_id': None, 'latest_reel_media': None}}, {'id': '18124217155563383', 'text': 'La créativité 🔥🔥🔥', 'ownerUsername': 'med_akrem1', 'ownerProfilePicUrl': 'https://scontent-ord5-2.cdninstagram.com/v/t51.82787-19/550538611_18368084575151397_5352655014731949165_n.jpg?stp=dst-jpg_s150x150_tt6&_nc_cat=104&ccb=7-5&_nc_sid=f7ccc5&efg=eyJ2ZW5jb2RlX3RhZyI6InByb2ZpbGVfcGljLnd3dy4xMDQ1LkMzIn0%3D&_nc_ohc=GG3Ikvy0rpEQ7kNvwEB-mZR&_nc_oc=Adr6-seU91h8FU8-sp6CXB4qUR7tbD4Le96TzX-Jk7u8X5IP8xK9JGqjrj64qhMwKCipcB0pv3en7x92tgdqBcc2&_nc_zt=24&_nc_ht=scontent-ord5-2.cdninstagram.com&_nc_gid=fDpa2UK08CTN1YT_rPYypg&_nc_ss=72689&oh=00_AQAAlNkjdEuJtqA7ljS8XdhrVBpIqyymI626Va3laVV6jQ&oe=6A5E6FBE', 'timestamp': '2026-03-04T09:48:44.000Z', 'repliesCount': None, 'replies': None, 'likesCount': 0, 'owner': {'username': 'med_akrem1', 'profile_pic_url': 'https://scontent-ord5-2.cdninstagram.com/v/t51.82787-19/550538611_18368084575151397_5352655014731949165_n.jpg?stp=dst-jpg_s150x150_tt6&_nc_cat=104&ccb=7-5&_nc_sid=f7ccc5&efg=eyJ2ZW5jb2RlX3RhZyI6InByb2ZpbGVfcGljLnd3dy4xMDQ1LkMzIn0%3D&_nc_ohc=GG3Ikvy0rpEQ7kNvwEB-mZR&_nc_oc=Adr6-seU91h8FU8-sp6CXB4qUR7tbD4Le96TzX-Jk7u8X5IP8xK9JGqjrj64qhMwKCipcB0pv3en7x92tgdqBcc2&_nc_zt=24&_nc_ht=scontent-ord5-2.cdninstagram.com&_nc_gid=fDpa2UK08CTN1YT_rPYypg&_nc_ss=72689&oh=00_AQAAlNkjdEuJtqA7ljS8XdhrVBpIqyymI626Va3laVV6jQ&oe=6A5E6FBE', 'is_verified': False, 'id': '4339551396', 'full_name': None, 'is_mentionable': None, 'is_private': None, 'profile_pic_id': None, 'latest_reel_media': None}}, {'id': '17865664914595346', 'text': 'Bsaraha la creation de contenu wallet haja presque indispensable aujourd’hui pour les créateurs face caméra. Bonne initiative de mettre ce sujet en avant', 'ownerUsername': 'asmaa_elmabrouk', 'ownerProfilePicUrl': 'https://scontent-ord5-3.cdninstagram.com/v/t51.82787-19/731580642_18539030911073595_7953463701883093830_n.jpg?stp=dst-jpg_s150x150_tt6&_nc_cat=107&ccb=7-5&_nc_sid=f7ccc5&efg=eyJ2ZW5jb2RlX3RhZyI6InByb2ZpbGVfcGljLnd3dy4xMDgwLkMzIn0%3D&_nc_ohc=xjfsAoUoBq8Q7kNvwGn91h6&_nc_oc=Adr16YQe4j1SJGNNRGIMGnH4_8pCcr3JWQh31WNyB-1tMNXvEkKfApvdunYcYe_5QYE7qZ4AFD1NwroX8KFtoKUB&_nc_zt=24&_nc_ht=scontent-ord5-3.cdninstagram.com&_nc_gid=fDpa2UK08CTN1YT_rPYypg&_nc_ss=72689&oh=00_AQA0novwB3jvrvHsXnlsMHTK0lTyvql9uuqqB2boSfhq3w&oe=6A5E6A28', 'timestamp': '2026-03-03T13:15:40.000Z', 'repliesCount': None, 'replies': None, 'likesCount': 0, 'owner': {'username': 'asmaa_elmabrouk', 'profile_pic_url': 'https://scontent-ord5-3.cdninstagram.com/v/t51.82787-19/731580642_18539030911073595_7953463701883093830_n.jpg?stp=dst-jpg_s150x150_tt6&_nc_cat=107&ccb=7-5&_nc_sid=f7ccc5&efg=eyJ2ZW5jb2RlX3RhZyI6InByb2ZpbGVfcGljLnd3dy4xMDgwLkMzIn0%3D&_nc_ohc=xjfsAoUoBq8Q7kNvwGn91h6&_nc_oc=Adr16YQe4j1SJGNNRGIMGnH4_8pCcr3JWQh31WNyB-1tMNXvEkKfApvdunYcYe_5QYE7qZ4AFD1NwroX8KFtoKUB&_nc_zt=24&_nc_ht=scontent-ord5-3.cdninstagram.com&_nc_gid=fDpa2UK08CTN1YT_rPYypg&_nc_ss=72689&oh=00_AQA0novwB3jvrvHsXnlsMHTK0lTyvql9uuqqB2boSfhq3w&oe=6A5E6A28', 'is_verified': False, 'id': '2315625594', 'full_name': None, 'is_mentionable': None, 'is_private': None, 'profile_pic_id': None, 'latest_reel_media': None}}, {'id': '18109674259686132', 'text': '❤️❤️', 'ownerUsername': 'krf.ghofrane', 'ownerProfilePicUrl': 'https://scontent-ord5-2.cdninstagram.com/v/t51.82787-19/731147211_18446826487141166_3009839547588496710_n.jpg?stp=dst-jpg_s150x150_tt6&_nc_cat=102&ccb=7-5&_nc_sid=f7ccc5&efg=eyJ2ZW5jb2RlX3RhZyI6InByb2ZpbGVfcGljLnd3dy4xMDgwLkMzIn0%3D&_nc_ohc=Buu5U7hfkbkQ7kNvwEg8lIf&_nc_oc=AdqbtQ3u-59Bv4SQ88dDY5dr3SIvG7RVxxLDihJ5aaySHGc9xWct8-M-KRTg_nwxVnfqqYcIuZE-gA1FlGxbu5yS&_nc_zt=24&_nc_ht=scontent-ord5-2.cdninstagram.com&_nc_gid=fDpa2UK08CTN1YT_rPYypg&_nc_ss=72689&oh=00_AQAn9pLfK7GHSS0QKh-8JZXC5judoTfmfU8yHdXJ91MhDQ&oe=6A5E6FDD', 'timestamp': '2026-03-03T12:38:21.000Z', 'repliesCount': None, 'replies': None, 'likesCount': 0, 'owner': {'username': 'krf.ghofrane', 'profile_pic_url': 'https://scontent-ord5-2.cdninstagram.com/v/t51.82787-19/731147211_18446826487141166_3009839547588496710_n.jpg?stp=dst-jpg_s150x150_tt6&_nc_cat=102&ccb=7-5&_nc_sid=f7ccc5&efg=eyJ2ZW5jb2RlX3RhZyI6InByb2ZpbGVfcGljLnd3dy4xMDgwLkMzIn0%3D&_nc_ohc=Buu5U7hfkbkQ7kNvwEg8lIf&_nc_oc=AdqbtQ3u-59Bv4SQ88dDY5dr3SIvG7RVxxLDihJ5aaySHGc9xWct8-M-KRTg_nwxVnfqqYcIuZE-gA1FlGxbu5yS&_nc_zt=24&_nc_ht=scontent-ord5-2.cdninstagram.com&_nc_gid=fDpa2UK08CTN1YT_rPYypg&_nc_ss=72689&oh=00_AQAn9pLfK7GHSS0QKh-8JZXC5judoTfmfU8yHdXJ91MhDQ&oe=6A5E6FDD', 'is_verified': False, 'id': '4096877165', 'full_name': None, 'is_mentionable': None, 'is_private': None, 'profile_pic_id': None, 'latest_reel_media': None}}]",607,1080,https://instagram.ftpa1-1.fna.fbcdn.net/v/t51.82787-15/642855859_18051386795710423_2700554202545712687_n.jpg?stp=dst-jpg_e35_s1080x1080_sh2.08_tt6&_nc_ht=instagram.ftpa1-1.fna.fbcdn.net&_nc_cat=107&_nc_oc=Q6cZ2gFaBnGa1Amzle3KSwDaiqMiKdmq4ppz2Opt8lqC59qzGJBpUIxzfyvI4Ocux0B7TV9TwVdiW0MK4aYofRVbBDLn&_nc_ohc=1A4uiVugRO4Q7kNvwFxuIZ5&_nc_gid=Eit7Zpm7imYIE-rwvS_2wg&edm=ADp7STQBAAAA&ccb=7-5&oh=00_AQDHvxr8DTM9J55V40-ArvYmafGzXhq2cwtC4yotmRLg6g&oe=6A5E9053&_nc_sid=c6f216,[],"Video by Emmak Prod on March 03, 2026.",9,2026-03-03T09:15:43.000Z,[],Emmak Prod,emmakprod,51343982422,False,https://www.instagram.com/emmakprod/,360,640,clips,,,,https://scontent-ord5-1.cdninstagram.com/o1/v/t2/f2/m86/AQMsPXfOQksbsI3kMWwC5dYcVxV2xczbFcvVmergnF_vV0RXFOtfW1wLzlG8qVSd8Lq9UA88mqEV6t6dQ7rf3j03Y0PPwd82SGj7OQw.mp4?_nc_cat=101&_nc_sid=5e9851&_nc_ht=scontent-ord5-1.cdninstagram.com&_nc_ohc=tZFcmF1Dbz8Q7kNvwF07CaX&efg=eyJ2ZW5jb2RlX3RhZyI6Inhwdl9wcm9ncmVzc2l2ZS5JTlNUQUdSQU0uQ0xJUFMuQzMuNjQwLmRhc2hfYmFzZWxpbmVfM192MSIsInhwdl9hc3NldF9pZCI6MTc5Mzc5MDI1MTExNzA4NDIsImFzc2V0X2FnZV9kYXlzIjoxMzUsInZpX3VzZWNhc2VfaWQiOjEwMDk5LCJkdXJhdGlvbl9zIjoxNiwidXJsZ2VuX3NvdXJjZSI6Ind3dyJ9&ccb=17-1&vs=f10054d0630b46b&_nc_vs=HBksFQIYUmlnX3hwdl9yZWVsc19wZXJtYW5lbnRfc3JfcHJvZC9DMjQzRUQwRjUyMUNBNjYyM0EwNzE1MjRFRDk1NDA5Rl92aWRlb19kYXNoaW5pdC5tcDQVAALIARIAFQIYUWlnX3hwdl9wbGFjZW1lbnRfcGVybWFuZW50X3YyLzhGNDg5RDI4NzE1QjdFQjMzRTlCRjg4Qzg5MUJGM0E2X2F1ZGlvX2Rhc2hpbml0Lm1wNBUCAsgBEgAoABgAGwKIB3VzZV9vaWwBMRJwcm9ncmVzc2l2ZV9yZWNpcGUBMRUAACa0lI2zrJvdPxUCKAJDMywXQDAAAAAAAAAYEmRhc2hfYmFzZWxpbmVfM192MREAdf4HZeadAQA&_nc_gid=fDpa2UK08CTN1YT_rPYypg&_nc_ss=72689&_nc_zt=28&oh=00_AQCauJphYSp1BuDQ7w4vxef11PjMabA3aZFvVKSxiU3TcQ&oe=6A5A9E96,79,https://scontent-ord5-3.cdninstagram.com/o1/v/t2/f2/m78/AQOTgVr2G4qbrpF7RzJF_oIagxw7VeyjjWaI9cl6eVw83sqKXYSL9V8thk_u45o3urHwPIynBNZtaiYLLLKVtIYpwnZZH4GRu-h8Vfo.mp4?_nc_cat=107&_nc_sid=9ca052&_nc_ht=scontent-ord5-3.cdninstagram.com&_nc_ohc=l8XSjftL_f4Q7kNvwFt-sGC&efg=eyJ2ZW5jb2RlX3RhZyI6ImlnLXhwdmRzLmNsaXBzLmlnd3d3LUMzLmRhc2hfbG5faGVhYWNfdmJyM19hdWRpbyIsInZpZGVvX2lkIjpudWxsLCJvaWxfdXJsZ2VuX2FwcF9pZCI6OTM2NjE5NzQzMzkyNDU5LCJjbGllbnRfbmFtZSI6ImlnIiwieHB2X2Fzc2V0X2lkIjoxNzkzNzkwMjUxMTE3MDg0MiwiYXNzZXRfYWdlX2RheXMiOjEzNSwidmlfdXNlY2FzZV9pZCI6MTAwOTksImR1cmF0aW9uX3MiOjE2LCJiaXRyYXRlIjo5MzI1MywidXJsZ2VuX3NvdXJjZSI6Ind3dyJ9&ccb=17-1&_nc_gid=fDpa2UK08CTN1YT_rPYypg&_nc_ss=72689&_nc_zt=28&oh=00_AQAnRPB6etCc_nL5dQKbwtuXdcytri_cnMA4SHX9HbbHDA&oe=6A5A9F2C,16,"{'artist_name': 'emmakprod', 'song_name': 'Original audio', 'uses_original_audio': True, 'should_mute_audio': False, 'should_mute_audio_reason': '', 'audio_id': '25981342911532185'}",461,,
3885217990765768627,Video,DXrES2GjO-z,"Si tu portes une idée…
et que tu sens qu’elle mérite plus que de rester dans ta tête,
alors cet espace est pour toi.

Chez @digibook.tn , nous ne créons pas seulement du contenu…
nous révélons une voix, une vision et un impact.
Nous t’accompagnons pour passer de penseur silencieux
à créateur qui s’exprime, influence et inspire.

Le monde n’a pas besoin de plus de spectateurs…
mais de ceux qui osent dire ce qui doit être dit.

#emmakprod #ContentCreation","['emmakprod', 'ContentCreation']",['digibook.tn'],https://www.instagram.com/p/DXrES2GjO-z/,0,,[],1920,1080,https://scontent-den2-1.cdninstagram.com/v/t51.82787-15/682065031_18058924535710423_1403001831482766155_n.jpg?stp=dst-jpg_e15_fr_p1080x1080_tt6&_nc_ht=scontent-den2-1.cdninstagram.com&_nc_cat=107&_nc_oc=Q6cZ2gG9b6egtqS84CnTD_myYbYnUNNyUgLZ7MeokpumxkdhPiXLoUl5IxWDm1nO6FmLszLx0-gLKT1WfpyiQCYRX1Wc&_nc_ohc=Jh5kw11_i-gQ7kNvwG7NRZH&_nc_gid=X1eSAa6HjoCC-GySIrk37Q&edm=ADp7STQBAAAA&ccb=7-5&oh=00_AQCqnFZ6KtCaUo4q_ZVQ96n8D5E4_aqwnssjzMcQRW-nxg&oe=6A5E6A92&_nc_sid=c6f216,[],"Video by Emmak Prod on April 28, 2026. May be an image of one or more people, people studying, book and magazine.",5,2026-04-28T11:02:08.000Z,[],Emmak Prod,emmakprod,51343982422,False,https://www.instagram.com/emmakprod/,1280,720,clips,,,,https://scontent-det1-1.cdninstagram.com/o1/v/t2/f2/m86/AQMXpjMMotmL4drteNkvTncARm36nFLea7rcCeVkXwO6G63EIym7qThT628wFI5QEfD_IHtjHg2dmaUY59IZJDDhiloK-MIekifEc88.mp4?_nc_cat=106&_nc_sid=5e9851&_nc_ht=scontent-det1-1.cdninstagram.com&_nc_ohc=Gf9FmWQ5odgQ7kNvwGZn7-w&efg=eyJ2ZW5jb2RlX3RhZyI6Inhwdl9wcm9ncmVzc2l2ZS5JTlNUQUdSQU0uQ0xJUFMuQzMuNzIwLmRhc2hfYmFzZWxpbmVfMV92MSIsInhwdl9hc3NldF9pZCI6MTc5NDY1ODA4MzMxNzA4NDIsImFzc2V0X2FnZV9kYXlzIjo3OCwidmlfdXNlY2FzZV9pZCI6MTAwOTksImR1cmF0aW9uX3MiOjYwLCJ1cmxnZW5fc291cmNlIjoid3d3In0%3D&ccb=17-1&vs=4b64befa06ebf50f&_nc_vs=HBksFQIYUmlnX3hwdl9yZWVsc19wZXJtYW5lbnRfc3JfcHJvZC9FNjRCNjNGOUIwMDA5REIzNDc0NTdFNEVDOTA5QzM5QV92aWRlb19kYXNoaW5pdC5tcDQVAALIARIAFQIYUWlnX3hwdl9wbGFjZW1lbnRfcGVybWFuZW50X3YyLzFCNDEwMzcyRjkxQkQ3OUJGREFERTdDN0Y4M0U2MkI5X2F1ZGlvX2Rhc2hpbml0Lm1wNBUCAsgBEgAoABgAGwKIB3VzZV9vaWwBMRJwcm9ncmVzc2l2ZV9yZWNpcGUBMRUAACa01vP3vpThPxUCKAJDMywXQE4zMzMzMzMYEmRhc2hfYmFzZWxpbmVfMV92MREAdf4HZeadAQA&_nc_gid=9-z3kfzuFsaiyUdCNi6oMw&_nc_ss=7ca8c&_nc_zt=28&oh=00_AQCWdOb27kgWK6vqOVPZFsEDznqHaeNShTMde_YRuoTF6g&oe=6A5AA4A3,53,https://scontent-det1-1.cdninstagram.com/o1/v/t2/f2/m78/AQMy_jW5nTl_vGzuJdQ_DVB0mmLWLKG0ZA01kuJ8G5LIT11_Ls-imFh2D10U5EnqnROV71E5_bmTcC58h0Ew3M_gDc7oWG1QOC6_K4M.mp4?_nc_cat=102&_nc_sid=9ca052&_nc_ht=scontent-det1-1.cdninstagram.com&_nc_ohc=LQiIvZa8bTkQ7kNvwHbHIYf&efg=eyJ2ZW5jb2RlX3RhZyI6ImlnLXhwdmRzLmNsaXBzLmlnd3d3LUMzLmRhc2hfbG5faGVhYWNfdmJyM19hdWRpbyIsInZpZGVvX2lkIjpudWxsLCJvaWxfdXJsZ2VuX2FwcF9pZCI6OTM2NjE5NzQzMzkyNDU5LCJjbGllbnRfbmFtZSI6ImlnIiwieHB2X2Fzc2V0X2lkIjoxNzk0NjU4MDgzMzE3MDg0MiwiYXNzZXRfYWdlX2RheXMiOjc4LCJ2aV91c2VjYXNlX2lkIjoxMDA5OSwiZHVyYXRpb25fcyI6NjAsImJpdHJhdGUiOjYxNTAyLCJ1cmxnZW5fc291cmNlIjoid3d3In0%3D&ccb=17-1&_nc_gid=9-z3kfzuFsaiyUdCNi6oMw&_nc_ss=7ca8c&_nc_zt=28&oh=00_AQDTiC3TKCfoa-0kJWp7cFzBcAisRCs_X0zZN5bmYCpVvg&oe=6A5A9C3B,60.416,"{'artist_name': 'emmakprod', 'song_name': 'Original audio', 'uses_original_audio': True, 'should_mute_audio': False, 'should_mute_audio_reason': '', 'audio_id': '26542165842115349'}",283,,
3304775527711303990,Image,C3c69U_ouk2,"💻💨 Tout ce dont vous avez besoin, c'est d'un coup de pouce digital ! Chez ACM Marketing, nous sommes là pour propulser votre présence en ligne vers de nouveaux sommets. Prêts à faire décoller votre entreprise ? Contactez-nous dès aujourd'hui ! 🚀✨ 

📞 73 367 402
💻 www.acm-marketing.tn
✉️ contact@acm-marketing.com
📌 Avenue yasser arafet sahloul, Sousse, Tunisia

#acmmarketing #acmmarketing #DigitalPush #SuccèsNumérique #Créativité #InnovationDigitale #RéussiteEnLigne #Design #Visibilité #CroissanceDesAffaires #CréationDeSiteWeb #SiteWeb #PrésenceEnLigne #marketing #marketingtips #marketingtips #marketingagency #marketingonline #marketingdigital #marketingdigital #marketingstrategy #marketingstrategy #marketingstrategies #MarketingSuccess #marketingstrategies #marketingdigitalbrasil #digital #digital #digitalart #digitalartist","['acmmarketing', 'DigitalPush', 'SuccèsNumérique', 'Créativité', 'InnovationDigitale', 'RéussiteEnLigne', 'Design', 'Visibilité', 'CroissanceDesAffaires', 'CréationDeSiteWeb', 'SiteWeb', 'PrésenceEnLigne', 'marketing', 'marketingtips', 'marketingagency', 'marketingonline', 'marketingdigital', 'marketingstrategy', 'marketingstrategies', 'MarketingSuccess', 'marketingdigitalbrasil', 'digital', 'digitalart', 'digitalartist']",[],https://www.instagram.com/p/C3c69U_ouk2/,0,,[],1080,1080,https://scontent-lga3-3.cdninstagram.com/v/t39.30808-6/491814007_1279922030317688_1092018305350828377_n.jpg?stp=dst-jpg_e15_fr_s1080x1080_tt6&_nc_ht=scontent-lga3-3.cdninstagram.com&_nc_cat=108&_nc_oc=Q6cZ2gHik29S591a842nPUeuGqhhlul9sE4dx4_Ly976KnV6U6P999b8JcbJaWzPGU08vRM&_nc_ohc=xHCEA_Tz188Q7kNvwEagADm&_nc_gid=I3wVE71n9vI7WqtROS7spA&edm=ADp7STQAAAAA&ccb=7-5&oh=00_AQCneNZWmW8hAQ0__S1mvnC5n9ZmOd8fFWI86QwNdvPOIA&oe=6A5E6CD9&_nc_sid=c6f216,[],"Photo by ACM Marketing Tunisie on February 17, 2024.",2,2024-02-17T14:26:05.000Z,[],ACM Marketing Tunisie,acm.marketing.tn,4451580919,False,https://www.instagram.com/acm.marketing.tn/,1080,1080,feed,Sahloul,106377021175479,,,,,,,,,
3453915398051945839,Image,C_uxcFBI11v,"⭐️⭐️ Notre réalisation ⭐️⭐️ :
Roll-up pour notre client 🎖 SAPI BEAUX ARTS 🎖
Veuillez consulter nos projets réalisés sur notre site web:
🌐 www.24-7digital.com.tn
24-7 Digital Design est votre meilleur partenaire pour réaliser votre:
✅ Site Web.
✅ Application Web & Mobile
✅ Branding , logo et Charte graphique.
✅ Conception de vos supports de communication.
✅ Gestion de vos réseaux sociaux.
✅ Modélisation 3D et rendu réaliste de vos produits.
✅ Packaging design.
Pour toute étude personnalisée, veuillez contacter nos experts au :
Mobile + whatsapp : +216 96 357 457
Facebook : www.facebook.com/24.7.digital.design.tunisie
instagram : www.instagram.com/247digitaldesign/
Linkedin : www.linkedin.com/company/11547031/
#Webdesign #siteweb #logo #chartegraphique #graphicdesign #smo #conception3d #packaging #branding #sitevitrine #ecommerce Voir moins","['Webdesign', 'siteweb', 'logo', 'chartegraphique', 'graphicdesign', 'smo', 'conception3d', 'packaging', 'branding', 'sitevitrine', 'ecommerce']",[],https://www.instagram.com/p/C_uxcFBI11v/,0,,[],810,1080,https://instagram.fmkc1-1.fna.fbcdn.net/v/t39.30808-6/491799849_1224950912969976_928536224978558764_n.jpg?stp=dst-jpg_e35_s1080x1080_sh2.08_tt6&_nc_ht=instagram.fmkc1-1.fna.fbcdn.net&_nc_cat=100&_nc_oc=Q6cZ2gGc5hNTm5hTxRCJxSw4jyQsP2z1z-xnBFkBGCpUiLvL_OgNjbdAdDCoosea6I47QTa-YVdjJLbdOUJoMECa-fUP&_nc_ohc=oLiYsfe1oCwQ7kNvwE_c3Ft&_nc_gid=B0NqEAMfJWd6OlhGNIjRXw&edm=ADp7STQAAAAA&ccb=7-5&oh=00_AQBrZHYN5o8HRgEzZPt9q17YbfwPdUbtEExxsHCqC9na0w&oe=6A5E916C&_nc_sid=c6f216,[],"Photo by 24-7digital design on September 10, 2024.",0,2024-09-10T09:00:23.000Z,[],24-7digital design,247digitaldesign,9774715009,False,https://www.instagram.com/247digitaldesign/,1536,2048,feed,,,,,,,,,,,
2202155300180535905,Image,B6PoJP3gSph,"Access systems isometric flowchart.
#smallbusiness #SmallBiz #entrepreneur #ecommerce #SocialMedia #SMM #GrowthHacking #DigitalMarketing #dropshipping #dropship #onlinelearning #startups #tech #IoT #guide #Review","['smallbusiness', 'SmallBiz', 'entrepreneur', 'ecommerce', 'SocialMedia', 'SMM', 'GrowthHacking', 'DigitalMarketing', 'dropshipping', 'dropship', 'onlinelearning', 'startups', 'tech', 'IoT', 'guide', 'Review']",[],https://www.instagram.com/p/B6PoJP3gSph/,0,,[],640,640,https://scontent-lax3-2.cdninstagram.com/v/t51.82787-15/621536248_18171461248379100_8946916764573893527_n.jpg?stp=dst-jpg_e15_tt6&_nc_ht=scontent-lax3-2.cdninstagram.com&_nc_cat=100&_nc_oc=Q6cZ2gHoScua4gCCl-ociIyKIsIj_SEulyG6OHwFXOcr3k5WX43aTIyYWV9W7aXArph_fvsgSyhMruu-1Ub0Y0uLIfju&_nc_ohc=PXIVlZ9QfPwQ7kNvwHGq3ti&_nc_gid=GIdZONtT7TUvLMUFQt2hVg&edm=ADp7STQBAAAA&ccb=7-5&oh=00_AQCWo5fYx6J7S-lQXUqVN_rcsxgga8_W5sSJckJvuPbz6Q&oe=6A5E9776&_nc_sid=c6f216,[],"Photo by DIGITAL MARKETING TUNISIA on December 18, 2019.",1,2019-12-19T06:36:30.000Z,[],DIGITAL MARKETING TUNISIA,digital_marketing_tunisia,24896180662,False,https://www.instagram.com/digital_marketing_tunisia/,626,626,feed,Béja,228400746,,,,,,,,,
3445942933980719049,Image,C_SctdQMCfJ,"⭐️⭐️ Notre réalisation ⭐️⭐️ :
Site Web pour notre client 🎖 WINCOM 🎖
Veuillez consulter nos projets réalisés sur notre site web: 
🌐 www.24-7digital.com.tn
24-7 Digital Design est votre meilleur partenaire pour réaliser votre: 
✅ Site Web. 
✅ Application Web & Mobile
✅ Branding , logo et Charte graphique. 
✅ Conception de vos supports de communication. 
✅ Gestion de vos réseaux sociaux. 
✅ Modélisation 3D et rendu réaliste de vos produits. 
✅ Packaging design.
Pour toute étude personnalisée, veuillez contacter nos experts au : 
Mobile + whatsapp : +216 96 357 457 
Facebook : www.facebook.com/24.7.digital.design.tunisie 
instagram : www.instagram.com/247digitaldesign/ 
Linkedin : www.linkedin.com/company/11547031/
#Webdesign #siteweb #logo #chartegraphique #graphicdesign #smo #conception3d #packaging #branding #sitevitrine #ecommerce","['Webdesign', 'siteweb', 'logo', 'chartegraphique', 'graphicdesign', 'smo', 'conception3d', 'packaging', 'branding', 'sitevitrine', 'ecommerce']",[],https://www.instagram.com/p/C_SctdQMCfJ/,0,,[],720,1080,https://instagram.faus1-1.fna.fbcdn.net/v/t39.30808-6/491501904_1224773689654365_4265553431908421055_n.jpg?stp=dst-jpg_e35_s1080x1080_sh2.08_tt6&_nc_ht=instagram.faus1-1.fna.fbcdn.net&_nc_cat=109&_nc_oc=Q6cZ2gF5YC5t9hnGnHTi2drRbba9Jq5IUzWdOWEFVL346jinFYP1B6ztv71Wc9c5bcFTEroo0BVgp10jK67nb4dgh-lj&_nc_ohc=B6Q5ErW3YkEQ7kNvwHl6IYl&_nc_gid=i7maosjvThUtWIkldadSug&edm=ADp7STQAAAAA&ccb=7-5&oh=00_AQBWsWDXX2N-nxs7X3efo6UXbSI0sFzH5ydMMdbQxNispQ&oe=6A5E9092&_nc_sid=c6f216,[],"Photo by 24-7digital design on August 30, 2024.",0,2024-08-30T09:00:31.000Z,[],24-7digital design,247digitaldesign,9774715009,False,https://www.instagram.com/247digitaldesign/,1366,2048,feed,,,,,,,,,,,
3456814535269669345,Image,C_5EoE9J9nh,"⭐️⭐️ Notre réalisation ⭐️⭐️ :
Conception 3D d'une Unité de vente mobile
Veuillez consulter nos projets réalisés sur notre site web:
🌐 www.24-7digital.com.tn
24-7 Digital Design est votre meilleur partenaire pour réaliser votre:
✅ Site Web.
✅ Application Web & Mobile
✅ Branding , logo et Charte graphique.
✅ Conception de vos supports de communication.
✅ Gestion de vos réseaux sociaux.
✅ Modélisation 3D et rendu réaliste de vos produits.
✅ Packaging design.
Pour toute étude personnalisée, veuillez contacter nos experts au :
Mobile + whatsapp : +216 96 357 457
Facebook : www.facebook.com/24.7.digital.design.tunisie
instagram : www.instagram.com/247digitaldesign/
Linkedin : www.linkedin.com/company/11547031/
#Webdesign #siteweb #logo #chartegraphique #graphicdesign #smo #conception3d #packaging #branding #sitevitrine #ecommerce Voir moins","['Webdesign', 'siteweb', 'logo', 'chartegraphique', 'graphicdesign', 'smo', 'conception3d', 'packaging', 'branding', 'sitevitrine', 'ecommerce']",[],https://www.instagram.com/p/C_5EoE9J9nh/,0,,[],720,1080,https://instagram.fagc3-2.fna.fbcdn.net/v/t39.30808-6/492233979_1224950986303302_4240134462174795052_n.jpg?stp=dst-jpg_e35_s1080x1080_sh2.08_tt6&_nc_ht=instagram.fagc3-2.fna.fbcdn.net&_nc_cat=106&_nc_oc=Q6cZ2gFH9Pb_huasTEaycdUraf1y6LHp8MxrqhGvAAvWctRJynTCwWtCG4SO8za13hESK5w&_nc_ohc=S6Tqs6YcpIMQ7kNvwGYdAC2&_nc_gid=S2BvZjwJhA6mc3ief3dg7A&edm=ADp7STQAAAAA&ccb=7-5&oh=00_AQB5zNacL2OuFLQyoJBYCRCI2fnMj53BSxsCS1EbMrY5jw&oe=6A5E7108&_nc_sid=c6f216,[],"Photo by 24-7digital design on September 14, 2024.",0,2024-09-14T09:00:26.000Z,[],24-7digital design,247digitaldesign,9774715009,False,https://www.instagram.com/247digitaldesign/,1366,2048,feed,,,,,,,,,,,
3859842941459739254,Video,DWQ6rR2gbJ2,"Donnez à vos idées l'espace qu'elles méritent. Rendez-vous dans nos studios !

📍 Emmak Prod - Sousse

#EmmakProd #VideoEditing #UGC","['EmmakProd', 'VideoEditing', 'UGC']",[],https://www.instagram.com/p/DWQ6rR2gbJ2/,7,😍😍😍,"[{'id': '18098874175801508', 'text': '😍😍😍', 'ownerUsername': 'oussama_tajini', 'ownerProfilePicUrl': 'https://scontent-lga3-3.cdninstagram.com/v/t51.82787-19/548970626_17923547340111971_6402189058366913004_n.jpg?stp=dst-jpg_s150x150_tt6&_nc_cat=106&ccb=7-5&_nc_sid=f7ccc5&efg=eyJ2ZW5jb2RlX3RhZyI6InByb2ZpbGVfcGljLnd3dy45NTYuQzMifQ%3D%3D&_nc_ohc=p9Q2KFUp9hsQ7kNvwGK_7ao&_nc_oc=AdpNjdj5eTyjB2_gsPEOZFSvIQtnQ_v3rC3LNLsm3dfHE4YSU3jrmArrXaH27hERW89mN9fTM33nh0EvYB62ZAUF&_nc_zt=24&_nc_ht=scontent-lga3-3.cdninstagram.com&_nc_gid=tcvDbIDwmNzbpEnD0corEw&_nc_ss=7ca8c&oh=00_AQDtnaXvjQgFTTWTIstl4ZA2aHu8tDpgNm1v-2hM6j_wTw&oe=6A5E7A53', 'timestamp': '2026-04-01T06:14:12.000Z', 'repliesCount': None, 'replies': None, 'likesCount': 0, 'owner': {'username': 'oussama_tajini', 'profile_pic_url': 'https://scontent-lga3-3.cdninstagram.com/v/t51.82787-19/548970626_17923547340111971_6402189058366913004_n.jpg?stp=dst-jpg_s150x150_tt6&_nc_cat=106&ccb=7-5&_nc_sid=f7ccc5&efg=eyJ2ZW5jb2RlX3RhZyI6InByb2ZpbGVfcGljLnd3dy45NTYuQzMifQ%3D%3D&_nc_ohc=p9Q2KFUp9hsQ7kNvwGK_7ao&_nc_oc=AdpNjdj5eTyjB2_gsPEOZFSvIQtnQ_v3rC3LNLsm3dfHE4YSU3jrmArrXaH27hERW89mN9fTM33nh0EvYB62ZAUF&_nc_zt=24&_nc_ht=scontent-lga3-3.cdninstagram.com&_nc_gid=tcvDbIDwmNzbpEnD0corEw&_nc_ss=7ca8c&oh=00_AQDtnaXvjQgFTTWTIstl4ZA2aHu8tDpgNm1v-2hM6j_wTw&oe=6A5E7A53', 'is_verified': False, 'id': '63237687970', 'full_name': None, 'is_mentionable': None, 'is_private': None, 'profile_pic_id': None, 'latest_reel_media': None}}, {'id': '18076892498400031', 'text': '😍😍', 'ownerUsername': 'nermine.benasr', 'ownerProfilePicUrl': 'https://scontent-lga3-1.cdninstagram.com/v/t51.82787-19/734873684_18359419891241772_8482996340355232735_n.jpg?stp=dst-jpg_s150x150_tt6&_nc_cat=103&ccb=7-5&_nc_sid=f7ccc5&efg=eyJ2ZW5jb2RlX3RhZyI6InByb2ZpbGVfcGljLnd3dy45NDAuQzMifQ%3D%3D&_nc_ohc=0nO3q4xPFMcQ7kNvwGY-s_R&_nc_oc=Adq7mV0VH8mMgdLy9kC5ewNR70xeLN_mtIBNhRbtuo2v192dwceT_RcJm8gIxsEbCisHA6vW-23siPBWJUOMuPPt&_nc_zt=24&_nc_ht=scontent-lga3-1.cdninstagram.com&_nc_gid=tcvDbIDwmNzbpEnD0corEw&_nc_ss=7ca8c&oh=00_AQD_X7aAJg8tRY0wB4a_53uxIJR7e2KiGywEQ0zEeHSV1g&oe=6A5E7A41', 'timestamp': '2026-03-25T16:14:16.000Z', 'repliesCount': None, 'replies': None, 'likesCount': 0, 'owner': {'username': 'nermine.benasr', 'profile_pic_url': 'https://scontent-lga3-1.cdninstagram.com/v/t51.82787-19/734873684_18359419891241772_8482996340355232735_n.jpg?stp=dst-jpg_s150x150_tt6&_nc_cat=103&ccb=7-5&_nc_sid=f7ccc5&efg=eyJ2ZW5jb2RlX3RhZyI6InByb2ZpbGVfcGljLnd3dy45NDAuQzMifQ%3D%3D&_nc_ohc=0nO3q4xPFMcQ7kNvwGY-s_R&_nc_oc=Adq7mV0VH8mMgdLy9kC5ewNR70xeLN_mtIBNhRbtuo2v192dwceT_RcJm8gIxsEbCisHA6vW-23siPBWJUOMuPPt&_nc_zt=24&_nc_ht=scontent-lga3-1.cdninstagram.com&_nc_gid=tcvDbIDwmNzbpEnD0corEw&_nc_ss=7ca8c&oh=00_AQD_X7aAJg8tRY0wB4a_53uxIJR7e2KiGywEQ0zEeHSV1g&oe=6A5E7A41', 'is_verified': False, 'id': '7392049771', 'full_name': None, 'is_mentionable': None, 'is_private': None, 'profile_pic_id': None, 'latest_reel_media': None}}, {'id': '18044908283746266', 'text': '❤️❤️❤️❤️', 'ownerUsername': 'maryemdhahr', 'ownerProfilePicUrl': 'https://scontent-lga3-3.cdninstagram.com/v/t51.82787-19/729710523_18119275102793476_7310051167733881245_n.jpg?stp=dst-jpg_s150x150_tt6&_nc_cat=108&ccb=7-5&_nc_sid=f7ccc5&efg=eyJ2ZW5jb2RlX3RhZyI6InByb2ZpbGVfcGljLnd3dy4xMDgwLkMzIn0%3D&_nc_ohc=CPUrN54Fn5oQ7kNvwGQqMi8&_nc_oc=Adq-dytYX8VE1Kw_z6G0ehkN_YlerDCRaQepMWPWkvzRwpifTiZHgIL75XqPd8g6enCjbtsJxMuu5uEqoA2202zj&_nc_zt=24&_nc_ht=scontent-lga3-3.cdninstagram.com&_nc_gid=tcvDbIDwmNzbpEnD0corEw&_nc_ss=7ca8c&oh=00_AQCDunebP72pUcAqtL3nvGtIcXPDtSHoW103bQIsQrCEdQ&oe=6A5E6E25', 'timestamp': '2026-03-25T10:52:37.000Z', 'repliesCount': None, 'replies': None, 'likesCount': 0, 'owner': {'username': 'maryemdhahr', 'profile_pic_url': 'https://scontent-lga3-3.cdninstagram.com/v/t51.82787-19/729710523_18119275102793476_7310051167733881245_n.jpg?stp=dst-jpg_s150x150_tt6&_nc_cat=108&ccb=7-5&_nc_sid=f7ccc5&efg=eyJ2ZW5jb2RlX3RhZyI6InByb2ZpbGVfcGljLnd3dy4xMDgwLkMzIn0%3D&_nc_ohc=CPUrN54Fn5oQ7kNvwGQqMi8&_nc_oc=Adq-dytYX8VE1Kw_z6G0ehkN_YlerDCRaQepMWPWkvzRwpifTiZHgIL75XqPd8g6enCjbtsJxMuu5uEqoA2202zj&_nc_zt=24&_nc_ht=scontent-lga3-3.cdninstagram.com&_nc_gid=tcvDbIDwmNzbpEnD0corEw&_nc_ss=7ca8c&oh=00_AQCDunebP72pUcAqtL3nvGtIcXPDtSHoW103bQIsQrCEdQ&oe=6A5E6E25', 'is_verified': False, 'id': '23892809475', 'full_name': None, 'is_mentionable': None, 'is_private': None, 'profile_pic_id': None, 'latest_reel_media': None}}, {'id': '18147042355472638', 'text': '😍😍', 'ownerUsername': 'hamzadh39', 'ownerProfilePicUrl': 'https://scontent-lga3-3.cdninstagram.com/v/t51.82787-19/645931559_18037375229750508_3195110430246384135_n.jpg?stp=dst-jpg_s150x150_tt6&_nc_cat=108&ccb=7-5&_nc_sid=f7ccc5&efg=eyJ2ZW5jb2RlX3RhZyI6InByb2ZpbGVfcGljLnd3dy4xMDgwLkMzIn0%3D&_nc_ohc=OwvskAREpiQQ7kNvwER8KZF&_nc_oc=AdrdXQrrhHjatSTTizUhvX8-VXp-7evKR8KOhSmYPQMAxAim9J_NUQ_JZ5xTwt3vDNpPgYz_4DfuU4RZU00VZiiC&_nc_zt=24&_nc_ht=scontent-lga3-3.cdninstagram.com&_nc_gid=tcvDbIDwmNzbpEnD0corEw&_nc_ss=7ca8c&oh=00_AQAFO9T2srNGuc5tVlpOQPnl5Y3GinWyUr-ujkOUWmzRjw&oe=6A5E8F35', 'timestamp': '2026-03-25T10:27:48.000Z', 'repliesCount': None, 'replies': None, 'likesCount': 0, 'owner': {'username': 'hamzadh39', 'profile_pic_url': 'https://scontent-lga3-3.cdninstagram.com/v/t51.82787-19/645931559_18037375229750508_3195110430246384135_n.jpg?stp=dst-jpg_s150x150_tt6&_nc_cat=108&ccb=7-5&_nc_sid=f7ccc5&efg=eyJ2ZW5jb2RlX3RhZyI6InByb2ZpbGVfcGljLnd3dy4xMDgwLkMzIn0%3D&_nc_ohc=OwvskAREpiQQ7kNvwER8KZF&_nc_oc=AdrdXQrrhHjatSTTizUhvX8-VXp-7evKR8KOhSmYPQMAxAim9J_NUQ_JZ5xTwt3vDNpPgYz_4DfuU4RZU00VZiiC&_nc_zt=24&_nc_ht=scontent-lga3-3.cdninstagram.com&_nc_gid=tcvDbIDwmNzbpEnD0corEw&_nc_ss=7ca8c&oh=00_AQAFO9T2srNGuc5tVlpOQPnl5Y3GinWyUr-ujkOUWmzRjw&oe=6A5E8F35', 'is_verified': False, 'id': '52363990507', 'full_name': None, 'is_mentionable': None, 'is_private': None, 'profile_pic_id': None, 'latest_reel_media': None}}, {'id': '18111653866776480', 'text': '❤️❤️❤️', 'ownerUsername': 'man_sourmariam', 'ownerProfilePicUrl': 'https://scontent-lga3-3.cdninstagram.com/v/t51.2885-19/482279979_23912817461669729_7741299881843373457_n.jpg?stp=dst-jpg_s150x150_tt6&_nc_cat=104&ccb=7-5&_nc_sid=f7ccc5&efg=eyJ2ZW5jb2RlX3RhZyI6InByb2ZpbGVfcGljLnd3dy43MjAuQzMifQ%3D%3D&_nc_ohc=7-oV3J7z-uwQ7kNvwHzlGIE&_nc_oc=Adonkf3V4YBFcryW4vYnKThzVrVS0rhUybaFbr0o5FTsRu1opxqne1q8zr-SJTPMEjwNvmUv7qQS1Puo9HkKQMoZ&_nc_zt=24&_nc_ht=scontent-lga3-3.cdninstagram.com&_nc_ss=7ca8c&oh=00_AQChtxI8NPr1rK_zzPxW8L2cTteq1N4S8Ez--jmW0femwQ&oe=6A5E8F9F', 'timestamp': '2026-03-25T10:25:44.000Z', 'repliesCount': None, 'replies': None, 'likesCount': 0, 'owner': {'username': 'man_sourmariam', 'profile_pic_url': 'https://scontent-lga3-3.cdninstagram.com/v/t51.2885-19/482279979_23912817461669729_7741299881843373457_n.jpg?stp=dst-jpg_s150x150_tt6&_nc_cat=104&ccb=7-5&_nc_sid=f7ccc5&efg=eyJ2ZW5jb2RlX3RhZyI6InByb2ZpbGVfcGljLnd3dy43MjAuQzMifQ%3D%3D&_nc_ohc=7-oV3J7z-uwQ7kNvwHzlGIE&_nc_oc=Adonkf3V4YBFcryW4vYnKThzVrVS0rhUybaFbr0o5FTsRu1opxqne1q8zr-SJTPMEjwNvmUv7qQS1Puo9HkKQMoZ&_nc_zt=24&_nc_ht=scontent-lga3-3.cdninstagram.com&_nc_ss=7ca8c&oh=00_AQChtxI8NPr1rK_zzPxW8L2cTteq1N4S8Ez--jmW0femwQ&oe=6A5E8F9F', 'is_verified': False, 'id': '72868104145', 'full_name': None, 'is_mentionable': None, 'is_private': None, 'profile_pic_id': None, 'latest_reel_media': None}}, {'id': '18087875912262561', 'text': 'ماو يفوت المشروع و يصادقو عليه و منه يجيب شركة اجنبية و يعطيها ملايين الدولارات و هي تقوم باللازم', 'ownerUsername': 'mouhzaff', 'ownerProfilePicUrl': 'https://scontent-lga3-2.cdninstagram.com/v/t51.2885-19/269931958_240761654849876_6062882104439779751_n.jpg?stp=dst-jpg_s150x150_tt6&_nc_cat=105&ccb=7-5&_nc_sid=f7ccc5&efg=eyJ2ZW5jb2RlX3RhZyI6InByb2ZpbGVfcGljLnd3dy43MjAuQzMifQ%3D%3D&_nc_ohc=QIecjEBLhhUQ7kNvwH07dhT&_nc_oc=Adp4VWTemNg865UEGZHiwy-_tu-K_FG3AX8JetFKnroephi36Q1K6mLZ6uddkB2krTgCRN7yFoH5h2n_Jy3YB8AJ&_nc_zt=24&_nc_ht=scontent-lga3-2.cdninstagram.com&_nc_ss=7ca8c&oh=00_AQAxSO5hgfZGF4D2wnqSjOvl0KpB2wPcdcZ8U_HF7wOXsg&oe=6A5E87E9', 'timestamp': '2026-03-24T14:43:02.000Z', 'repliesCount': None, 'replies': None, 'likesCount': 0, 'owner': {'username': 'mouhzaff', 'profile_pic_url': 'https://scontent-lga3-2.cdninstagram.com/v/t51.2885-19/269931958_240761654849876_6062882104439779751_n.jpg?stp=dst-jpg_s150x150_tt6&_nc_cat=105&ccb=7-5&_nc_sid=f7ccc5&efg=eyJ2ZW5jb2RlX3RhZyI6InByb2ZpbGVfcGljLnd3dy43MjAuQzMifQ%3D%3D&_nc_ohc=QIecjEBLhhUQ7kNvwH07dhT&_nc_oc=Adp4VWTemNg865UEGZHiwy-_tu-K_FG3AX8JetFKnroephi36Q1K6mLZ6uddkB2krTgCRN7yFoH5h2n_Jy3YB8AJ&_nc_zt=24&_nc_ht=scontent-lga3-2.cdninstagram.com&_nc_ss=7ca8c&oh=00_AQAxSO5hgfZGF4D2wnqSjOvl0KpB2wPcdcZ8U_HF7wOXsg&oe=6A5E87E9', 'is_verified': False, 'id': '3904230977', 'full_name': None, 'is_mentionable': None, 'is_private': None, 'profile_pic_id': None, 'latest_reel_media': None}}, {'id': '17976235409839869', 'text': '❤️❤️❤️', 'ownerUsername': 'tarchounao', 'ownerProfilePicUrl': 'https://scontent-lga3-1.cdninstagram.com/v/t51.82787-19/687834670_17928912147273106_3931938257875175716_n.jpg?stp=dst-jpg_s150x150_tt6&_nc_cat=111&ccb=7-5&_nc_sid=f7ccc5&efg=eyJ2ZW5jb2RlX3RhZyI6InByb2ZpbGVfcGljLnd3dy4xMDgwLkMzIn0%3D&_nc_ohc=u2NWAjA-4owQ7kNvwEd1Yyd&_nc_oc=AdqzEZgujrmREIbFpHELTTBj04Xqvstc4kTJ9FJ0Un3CfVw3JYXMEXipfT0SybMlbjehhXibCPcfcF_cpXzHHz3P&_nc_zt=24&_nc_ht=scontent-lga3-1.cdninstagram.com&_nc_gid=tcvDbIDwmNzbpEnD0corEw&_nc_ss=7ca8c&oh=00_AQDwUqw0QZ4pxl6HNk4usEtlmas1Uo9WhIZkr3OC3V7yrQ&oe=6A5E998A', 'timestamp': '2026-03-24T14:12:17.000Z', 'repliesCount': None, 'replies': None, 'likesCount': 0, 'owner': {'username': 'tarchounao', 'profile_pic_url': 'https://scontent-lga3-1.cdninstagram.com/v/t51.82787-19/687834670_17928912147273106_3931938257875175716_n.jpg?stp=dst-jpg_s150x150_tt6&_nc_cat=111&ccb=7-5&_nc_sid=f7ccc5&efg=eyJ2ZW5jb2RlX3RhZyI6InByb2ZpbGVfcGljLnd3dy4xMDgwLkMzIn0%3D&_nc_ohc=u2NWAjA-4owQ7kNvwEd1Yyd&_nc_oc=AdqzEZgujrmREIbFpHELTTBj04Xqvstc4kTJ9FJ0Un3CfVw3JYXMEXipfT0SybMlbjehhXibCPcfcF_cpXzHHz3P&_nc_zt=24&_nc_ht=scontent-lga3-1.cdninstagram.com&_nc_gid=tcvDbIDwmNzbpEnD0corEw&_nc_ss=7ca8c&oh=00_AQDwUqw0QZ4pxl6HNk4usEtlmas1Uo9WhIZkr3OC3V7yrQ&oe=6A5E998A', 'is_verified': False, 'id': '68281873105', 'full_name': None, 'is_mentionable': None, 'is_private': None, 'profile_pic_id': None, 'latest_reel_media': None}}]",1920,1080,https://scontent-lax3-2.cdninstagram.com/v/t51.82787-15/656581689_18054377591710423_1488510526779319781_n.jpg?stp=dst-jpg_e15_fr_p1080x1080_tt6&_nc_ht=scontent-lax3-2.cdninstagram.com&_nc_cat=107&_nc_oc=Q6cZ2gF_K3dpSPdungfvwCCaMkmaTc0GWneoDicLr4ybvWvzUrZZM1kuWmDa2VJliGcpzkMF_n1DZ7vhefpv9ErqjJ1K&_nc_ohc=srlZZoMgpUcQ7kNvwGghwar&_nc_gid=e_4pgB2rUoPib4FXs2mxcA&edm=ADp7STQBAAAA&ccb=7-5&oh=00_AQA3bPs6LvENlW8mg2F_h52N8A0VUuEIzA2BGmrKXm4XCQ&oe=6A5E8D0E&_nc_sid=c6f216,[],"Video by Emmak Prod on March 24, 2026.",81,2026-03-24T10:46:21.000Z,[],Emmak Prod,emmakprod,51343982422,False,https://www.instagram.com/emmakprod/,1920,1080,clips,,,"[{'full_name': 'Mohamed BenFrija', 'id': '49785461046', 'is_verified': False, 'profile_pic_url': 'https://scontent-lga3-2.cdninstagram.com/v/t51.82787-19/641226210_18061251182661047_7421093445225378301_n.jpg?stp=dst-jpg_s150x150_tt6&_nc_cat=101&ccb=7-5&_nc_sid=f7ccc5&efg=eyJ2ZW5jb2RlX3RhZyI6InByb2ZpbGVfcGljLnd3dy44MjguQzMifQ%3D%3D&_nc_ohc=WKUOP5b_JzgQ7kNvwEG203Y&_nc_oc=AdrX-iGdRtqgPnEtyNDevBADLpxqmy9fPtfrdboK7QoIkhizNzGVRlQMiKKEIQwkQwqb-XHTqpn2Eh48GpXTgv0h&_nc_zt=24&_nc_ht=scontent-lga3-2.cdninstagram.com&_nc_gid=tcvDbIDwmNzbpEnD0corEw&_nc_ss=7ca8c&oh=00_AQDayliq7lpkbp6Vlg8w5QXitESF44q4yTV53UrS3QuncA&oe=6A5E764B', 'username': '3arbouch.tn'}, {'full_name': '3arbouch', 'id': '59855081301', 'is_verified': False, 'profile_pic_url': 'https://scontent-lga3-2.cdninstagram.com/v/t51.82787-19/550307557_17960578583993302_1780038658049480366_n.jpg?stp=dst-jpg_s150x150_tt6&_nc_cat=105&ccb=7-5&_nc_sid=f7ccc5&efg=eyJ2ZW5jb2RlX3RhZyI6InByb2ZpbGVfcGljLnd3dy44MjguQzMifQ%3D%3D&_nc_ohc=UtlWXKX9gN4Q7kNvwFU_Oj0&_nc_oc=AdouYDvD_U8P5d_2bg2PBG4wN75geMibtNFjQQNg0LpBTFe-w46myoCNeZ5FFRo30Jo44jIYGUpigf_gHt0GZKWv&_nc_zt=24&_nc_ht=scontent-lga3-2.cdninstagram.com&_nc_gid=tcvDbIDwmNzbpEnD0corEw&_nc_ss=7ca8c&oh=00_AQBlfmly5mttRnwZPDO41wXc4vdLJ9_xWoZvMuj-GzrEww&oe=6A5E6FDF', 'username': '3arbouch.tv'}, {'full_name': '3arbouch.tv2', 'id': '77822316331', 'is_verified': False, 'profile_pic_url': 'https://scontent-lga3-1.cdninstagram.com/v/t51.82787-19/564301005_17843668764596332_5105430539666871683_n.jpg?stp=dst-jpg_s150x150_tt6&_nc_cat=111&ccb=7-5&_nc_sid=f7ccc5&efg=eyJ2ZW5jb2RlX3RhZyI6InByb2ZpbGVfcGljLnd3dy4xMDgwLkMzIn0%3D&_nc_ohc=EstbbzrOjPQQ7kNvwH-Z9bf&_nc_oc=AdqRK49or8yg2u7ZN6ve95pUruIHRRI83nz-ZyT1YE3Z89tnCGFNHB0q6b1EbQL9AoladEqGzQdkrYEij4NCoLyU&_nc_zt=24&_nc_ht=scontent-lga3-1.cdninstagram.com&_nc_gid=tcvDbIDwmNzbpEnD0corEw&_nc_ss=7ca8c&oh=00_AQC7j08re2yAHAxAosuGIfIk5kqPg8jGp_brKcq1Jj7H_g&oe=6A5E7A69', 'username': '3arbouch.tv2'}]",https://scontent-lga3-1.cdninstagram.com/o1/v/t2/f2/m86/AQOHWQPVCyfCpB1a2wzD4X-aiu6ZUuJBr6eK5BghHJnuZn1hIsaOs0fMoNnC5amqoDKuLpvd1jJzkr2sSDULqKmaNWa5VsreubDBknM.mp4?_nc_cat=110&_nc_sid=5e9851&_nc_ht=scontent-lga3-1.cdninstagram.com&_nc_ohc=fbPk3ioQEdIQ7kNvwFPjw6Z&efg=eyJ2ZW5jb2RlX3RhZyI6Inhwdl9wcm9ncmVzc2l2ZS5JTlNUQUdSQU0uQ0xJUFMuQzMuNzIwLmRhc2hfYmFzZWxpbmVfMV92MSIsInhwdl9hc3NldF9pZCI6MTc5NDExMzg2MDIxNzA4NDIsImFzc2V0X2FnZV9kYXlzIjoxMTMsInZpX3VzZWNhc2VfaWQiOjEwMDk5LCJkdXJhdGlvbl9zIjoyOSwidXJsZ2VuX3NvdXJjZSI6Ind3dyJ9&ccb=17-1&vs=2d80eee32362b5df&_nc_vs=HBksFQIYUmlnX3hwdl9yZWVsc19wZXJtYW5lbnRfc3JfcHJvZC9FRDQ5MTk0MUJCQkRGOThDNzFDQTk1MEZENkFDRDQ5RF92aWRlb19kYXNoaW5pdC5tcDQVAALIARIAFQIYUWlnX3hwdl9wbGFjZW1lbnRfcGVybWFuZW50X3YyLzYyNEUyNUVEOTIxOTNENzkyOUMwQUQ3MUY5MTAxNDhFX2F1ZGlvX2Rhc2hpbml0Lm1wNBUCAsgBEgAoABgAGwKIB3VzZV9vaWwBMRJwcm9ncmVzc2l2ZV9yZWNpcGUBMRUAACa05_yT29fePxUCKAJDMywXQD2peNT987YYEmRhc2hfYmFzZWxpbmVfMV92MREAdf4HZeadAQA&_nc_gid=tcvDbIDwmNzbpEnD0corEw&_nc_ss=7ca8c&_nc_zt=28&oh=00_AQDbbjMOTEqy6_Bodge7394rHXb-WiT6eRpASeAub0DUCQ&oe=6A5A9433,2390,https://scontent-lga3-2.cdninstagram.com/o1/v/t2/f2/m78/AQMJmSbnaWHpX2WEzp46Itl-8YROnEMIJtPwwSNcrJZUCnmkTt2AfJ8LKiMcuD6KwOEOjQBnYcr2hjckPOOJJLSwtcxbyX_0WuDVG9w.mp4?_nc_cat=105&_nc_sid=9ca052&_nc_ht=scontent-lga3-2.cdninstagram.com&_nc_ohc=9CUGhLt5FUYQ7kNvwFP8yHM&efg=eyJ2ZW5jb2RlX3RhZyI6ImlnLXhwdmRzLmNsaXBzLmlnd3d3LUMzLmRhc2hfbG5faGVhYWNfdmJyM19hdWRpbyIsInZpZGVvX2lkIjpudWxsLCJvaWxfdXJsZ2VuX2FwcF9pZCI6OTM2NjE5NzQzMzkyNDU5LCJjbGllbnRfbmFtZSI6ImlnIiwieHB2X2Fzc2V0X2lkIjoxNzk0MTEzODYwMjE3MDg0MiwiYXNzZXRfYWdlX2RheXMiOjExMywidmlfdXNlY2FzZV9pZCI6MTAwOTksImR1cmF0aW9uX3MiOjI5LCJiaXRyYXRlIjo1MzU3MiwidXJsZ2VuX3NvdXJjZSI6Ind3dyJ9&ccb=17-1&_nc_gid=tcvDbIDwmNzbpEnD0corEw&_nc_ss=7ca8c&_nc_zt=28&oh=00_AQCK38PPX9jscw8e1jdBAdaRioCaolQxiYbIx7AUgKgqUA&oe=6A5A731E,29.662,"{'artist_name': 'emmakprod', 'song_name': 'Original audio', 'uses_original_audio': True, 'should_mute_audio': False, 'should_mute_audio_reason': '', 'audio_id': '26077111855315194'}",17912,"[{'id': '59855081301', 'is_verified': False, 'profile_pic_url': 'https://scontent-lga3-2.cdninstagram.com/v/t51.82787-19/550307557_17960578583993302_1780038658049480366_n.jpg?stp=dst-jpg_s150x150_tt6&_nc_cat=105&ccb=7-5&_nc_sid=f7ccc5&efg=eyJ2ZW5jb2RlX3RhZyI6InByb2ZpbGVfcGljLnd3dy44MjguQzMifQ%3D%3D&_nc_ohc=UtlWXKX9gN4Q7kNvwFU_Oj0&_nc_oc=AdouYDvD_U8P5d_2bg2PBG4wN75geMibtNFjQQNg0LpBTFe-w46myoCNeZ5FFRo30Jo44jIYGUpigf_gHt0GZKWv&_nc_zt=24&_nc_ht=scontent-lga3-2.cdninstagram.com&_nc_gid=tcvDbIDwmNzbpEnD0corEw&_nc_ss=7ca8c&oh=00_AQBlfmly5mttRnwZPDO41wXc4vdLJ9_xWoZvMuj-GzrEww&oe=6A5E6FDF', 'username': '3arbouch.tv', '__typename': 'User', 'is_unpublished': False, 'full_name': '3arbouch', 'fbid': '17841459799041885'}]",
3196620504469530951,Image,CxcrWmSoulH,"🕊️✨ En cette Journée Internationale de la Paix, ACM Marketing célèbre l'harmonie et la coopération. Ensemble, construisons un monde numérique plus pacifique et inclusif. 🌍💙 

#ACMMarketing #JournéeDeLaPaix #HarmonieDigitale 🕊️✨","['ACMMarketing', 'JournéeDeLaPaix', 'HarmonieDigitale']",[],https://www.instagram.com/p/CxcrWmSoulH/,0,,[],1080,1080,https://scontent-atl3-3.cdninstagram.com/v/t39.30808-6/489699395_1276095844033640_1262997796129844909_n.jpg?stp=dst-jpg_e15_fr_s1080x1080_tt6&_nc_ht=scontent-atl3-3.cdninstagram.com&_nc_cat=108&_nc_oc=Q6cZ2gEGn3oI6tjNN9csQ5ETgLJs3XroeDDuvxbWOrAAyI1ARN1Orvqss4WgM1oEMGHFlzD2loeWeO0uX2stICdkufDu&_nc_ohc=tlUceQ3r3WQQ7kNvwHhE5Ux&_nc_gid=X9_sXn1lJqA3AefcXgu-lA&edm=ADp7STQAAAAA&ccb=7-5&oh=00_AQAe6TWZy6GYiBfeakSfH4NttaJvwK4pVVdfwCE4ozZMBg&oe=6A5E8CF1&_nc_sid=c6f216,[],"Photo by ACM Marketing Tunisie on September 21, 2023.",1,2023-09-21T09:01:21.000Z,[],ACM Marketing Tunisie,acm.marketing.tn,4451580919,False,https://www.instagram.com/acm.marketing.tn/,1080,1080,feed,Sahloul,106377021175479,,,,,,,,,
3889793409706664794,Video,DX7Un9DOKNa,"Témoignage Formation IA Agentique, merci à toute l’équipe de la société Tunisie Silicone #Claude #anthropic #agentique","['Claude', 'anthropic', 'agentique']",[],https://www.instagram.com/p/DX7Un9DOKNa/,0,,[],1136,640,https://instagram.fhnl3-2.fna.fbcdn.net/v/t51.71878-15/683631720_917229807985858_6120302798398533681_n.jpg?stp=dst-jpg_e15_tt6&_nc_ht=instagram.fhnl3-2.fna.fbcdn.net&_nc_cat=110&_nc_oc=Q6cZ2gG4OfDaLcoXAME-ZWOEnMZOqlhPDE1sfxEtnAFFfkUug4QBtTirL36DxMkX4aaFXw-EeA7MoZTDlYIZgYJZO1v0&_nc_ohc=0acwx_7Q0wAQ7kNvwH_73vk&_nc_gid=bJlJoawEFVzYVj6ZAyWypQ&edm=ADp7STQBAAAA&ccb=7-5&oh=00_AQDZ7Pur-wRA-bIQwbcaOaoG3-VEG7A8TqCX_KEigMgxvg&oe=6A5E9EB9&_nc_sid=c6f216,[],"Video by E2bconsulting&training on May 04, 2026. May be an image of one or more people.",14,2026-05-04T21:01:25.000Z,[],E2bconsulting&training,e2bconsulting.training,11234617163,False,https://www.instagram.com/e2bconsulting.training/,1920,1080,clips,,,"[{'full_name': 'Kais Khenine', 'id': '254107068', 'is_verified': False, 'profile_pic_url': 'https://scontent-iad3-2.cdninstagram.com/v/t51.82787-19/721403688_18597972886027069_2985419705159957818_n.jpg?stp=dst-jpg_s150x150_tt6&_nc_cat=111&ccb=7-5&_nc_sid=f7ccc5&efg=eyJ2ZW5jb2RlX3RhZyI6InByb2ZpbGVfcGljLnd3dy4xMDgwLkMzIn0%3D&_nc_ohc=oGNEDOKJp8IQ7kNvwH5jzy8&_nc_oc=AdoAmA15ZXV6V1Vy67zrZIKQu4og8k64dAekb0P9heLASlYbiqp6fADzeBOwwa8_eNE&_nc_zt=24&_nc_ht=scontent-iad3-2.cdninstagram.com&_nc_gid=u6mTZ_QJ_3PrUZV58UWx7w&_nc_ss=72a8c&oh=00_AQDId8tELTSB89M5dBVufGrq8cqp2Uou7el94HNzpDtiwQ&oe=6A5E98D7', 'username': 'kaiskhenine'}, {'full_name': 'First Master Class', 'id': '53436166511', 'is_verified': False, 'profile_pic_url': 'https://scontent-iad3-2.cdninstagram.com/v/t51.2885-19/287313877_1203991183750069_4033835555714541967_n.jpg?stp=dst-jpg_s150x150_tt6&_nc_cat=105&ccb=7-5&_nc_sid=f7ccc5&efg=eyJ2ZW5jb2RlX3RhZyI6InByb2ZpbGVfcGljLnd3dy4xMDAwLkMzIn0%3D&_nc_ohc=mZxbz8cQ1c0Q7kNvwGEBQN6&_nc_oc=AdogPzybKQh2_n2N78deGZA439J-fpwQhZpkPWPABKguZnoFan8S_94oDYyNnYzSFIg&_nc_zt=24&_nc_ht=scontent-iad3-2.cdninstagram.com&_nc_ss=72a8c&oh=00_AQBiDM8r_LDCuK7y1sbSPcLea8kQawLk-PBxU4qDsXFpDg&oe=6A5E87D7', 'username': 'first_masterclass'}]",https://scontent-iad6-1.cdninstagram.com/o1/v/t2/f2/m86/AQMW_2ZuSZOUKQ9ulWfgkQ8oxICgdO6damTZH39X1c_NICaOFpTkO0CX6vymXA71NDMicYoss4-QL02rc8_dRRewHoFpsbfhdRkSA6c.mp4?_nc_cat=102&_nc_sid=5e9851&_nc_ht=scontent-iad6-1.cdninstagram.com&_nc_ohc=xD7PQugo0qkQ7kNvwFZ66Vp&efg=eyJ2ZW5jb2RlX3RhZyI6Inhwdl9wcm9ncmVzc2l2ZS5JTlNUQUdSQU0uQ0xJUFMuQzMuNzIwLmRhc2hfYmFzZWxpbmVfMV92MSIsInhwdl9hc3NldF9pZCI6NDUyMjcxNDAwNDYzMjMzOCwiYXNzZXRfYWdlX2RheXMiOjcyLCJ2aV91c2VjYXNlX2lkIjoxMDA5OSwiZHVyYXRpb25fcyI6NDEsInVybGdlbl9zb3VyY2UiOiJ3d3cifQ%3D%3D&ccb=17-1&vs=c9dafc0265a02ea1&_nc_vs=HBksFQIYUmlnX3hwdl9yZWVsc19wZXJtYW5lbnRfc3JfcHJvZC9BODQ0QUEyQjFEMDg4MzY0OUZDRTQ4QkJFNzY1Q0M4M192aWRlb19kYXNoaW5pdC5tcDQVAALIARIAFQIYUWlnX3hwdl9wbGFjZW1lbnRfcGVybWFuZW50X3YyL0FDNDVEOUE4MkMzREVCQTA4OEMyMjkwRUQ5OTZDN0I3X2F1ZGlvX2Rhc2hpbml0Lm1wNBUCAsgBEgAoABgAGwKIB3VzZV9vaWwBMRJwcm9ncmVzc2l2ZV9yZWNpcGUBMRUAACakzNWazdiIEBUCKAJDMywXQETmZmZmZmYYEmRhc2hfYmFzZWxpbmVfMV92MREAdf4HZeadAQA&_nc_gid=u6mTZ_QJ_3PrUZV58UWx7w&_nc_ss=72a8c&_nc_zt=28&oh=00_AQByMTwzk0_ERZsJQpiJ5Y0yH6E_tguArgnDJMXtmi64Pw&oe=6A5A77A3,274,https://scontent-iad3-1.cdninstagram.com/o1/v/t2/f2/m78/AQMxleayTT-76jmdGl4Fc7Rp5WG5lEC4aG_vvLjRzehrHVwegHzXz7EUzSKTGWDkCMZpN81FSpKna0N61BfdrK7lNTDEwccdkbkaO4w.mp4?_nc_cat=108&_nc_sid=9ca052&_nc_ht=scontent-iad3-1.cdninstagram.com&_nc_ohc=WTlGKxA17EEQ7kNvwFc_at4&efg=eyJ2ZW5jb2RlX3RhZyI6ImlnLXhwdmRzLmNsaXBzLmlnd3d3LUMzLmRhc2hfbG5faGVhYWNfdmJyM19hdWRpbyIsInZpZGVvX2lkIjpudWxsLCJvaWxfdXJsZ2VuX2FwcF9pZCI6OTM2NjE5NzQzMzkyNDU5LCJjbGllbnRfbmFtZSI6ImlnIiwieHB2X2Fzc2V0X2lkIjo0NTIyNzE0MDA0NjMyMzM4LCJhc3NldF9hZ2VfZGF5cyI6NzIsInZpX3VzZWNhc2VfaWQiOjEwMDk5LCJkdXJhdGlvbl9zIjo0MSwiYml0cmF0ZSI6NjE5MDEsInVybGdlbl9zb3VyY2UiOiJ3d3cifQ%3D%3D&ccb=17-1&_nc_gid=u6mTZ_QJ_3PrUZV58UWx7w&_nc_ss=72a8c&_nc_zt=28&oh=00_AQDRsRLaLrkVIgP-eH_hRNTISrSJc3lCYYAKFm9wjX27Xg&oe=6A5A8C85,41.8,"{'artist_name': 'e2bconsulting.training', 'song_name': 'Original audio', 'uses_original_audio': True, 'should_mute_audio': False, 'should_mute_audio_reason': '', 'audio_id': '26292685063765537'}",930,"[{'id': '53436166511', 'is_verified': False, 'profile_pic_url': 'https://scontent-iad3-2.cdninstagram.com/v/t51.2885-19/287313877_1203991183750069_4033835555714541967_n.jpg?stp=dst-jpg_s150x150_tt6&_nc_cat=105&ccb=7-5&_nc_sid=f7ccc5&efg=eyJ2ZW5jb2RlX3RhZyI6InByb2ZpbGVfcGljLnd3dy4xMDAwLkMzIn0%3D&_nc_ohc=mZxbz8cQ1c0Q7kNvwGEBQN6&_nc_oc=AdogPzybKQh2_n2N78deGZA439J-fpwQhZpkPWPABKguZnoFan8S_94oDYyNnYzSFIg&_nc_zt=24&_nc_ht=scontent-iad3-2.cdninstagram.com&_nc_ss=72a8c&oh=00_AQBiDM8r_LDCuK7y1sbSPcLea8kQawLk-PBxU4qDsXFpDg&oe=6A5E87D7', 'username': 'first_masterclass', '__typename': 'User', 'is_unpublished': False, 'full_name': 'First Master Class', 'fbid': '17841453475349520'}, {'id': '254107068', 'is_verified': False, 'profile_pic_url': 'https://scontent-iad3-2.cdninstagram.com/v/t51.82787-19/721403688_18597972886027069_2985419705159957818_n.jpg?stp=dst-jpg_s150x150_tt6&_nc_cat=111&ccb=7-5&_nc_sid=f7ccc5&efg=eyJ2ZW5jb2RlX3RhZyI6InByb2ZpbGVfcGljLnd3dy4xMDgwLkMzIn0%3D&_nc_ohc=oGNEDOKJp8IQ7kNvwH5jzy8&_nc_oc=AdoAmA15ZXV6V1Vy67zrZIKQu4og8k64dAekb0P9heLASlYbiqp6fADzeBOwwa8_eNE&_nc_zt=24&_nc_ht=scontent-iad3-2.cdninstagram.com&_nc_gid=u6mTZ_QJ_3PrUZV58UWx7w&_nc_ss=72a8c&oh=00_AQDId8tELTSB89M5dBVufGrq8cqp2Uou7el94HNzpDtiwQ&oe=6A5E98D7', 'username': 'kaiskhenine', '__typename': 'User', 'is_unpublished': False, 'full_name': 'Kais Khenine', 'fbid': '17841400812043970'}]",
3850729728152202451,Video,DVwikkkjGzT,Offre : ai developer,[],[],https://www.instagram.com/p/DVwikkkjGzT/,0,,[],1136,640,https://scontent-phl2-1.cdninstagram.com/v/t51.71878-15/650115258_823363774128428_7056656597334996772_n.jpg?stp=dst-jpg_e15_tt6&_nc_ht=scontent-phl2-1.cdninstagram.com&_nc_cat=108&_nc_oc=Q6cZ2gE_uySSmlww5KToiFlnpfCGHofEvrBK5v_zm1w2HA3vamb3iohPJDShxhFLUfzyYvac4fESyZddVw3pdw3ga6AN&_nc_ohc=7quJqD1enyMQ7kNvwHAfn2c&_nc_gid=GvyoHR55tkRXEVdg4DT9xA&edm=ADp7STQBAAAA&ccb=7-5&oh=00_AQChoIFnjruxA8DuVUw3GFO1DChLiA_QvVOHTFZ9DUTHlw&oe=6A5E88D3&_nc_sid=c6f216,[],"Video by E2bconsulting&training on March 11, 2026.",7,2026-03-11T21:00:23.000Z,[],E2bconsulting&training,e2bconsulting.training,11234617163,False,https://www.instagram.com/e2bconsulting.training/,1280,720,clips,,,,https://scontent-atl3-3.cdninstagram.com/o1/v/t16/f2/m69/AQM6KN_BlSuSQPrGQ2PyO6uO9I-TqzzK-ec_fRlKKd6DBe6F1k6292SVAZU5s-C-eNRZF6PzSt9TxQNMLZ-_Tvw7.mp4?strext=1&_nc_cat=107&_nc_sid=5e9851&_nc_ht=scontent-atl3-3.cdninstagram.com&_nc_ohc=Tj9wCpo2CO4Q7kNvwHsbBwM&efg=eyJ2ZW5jb2RlX3RhZyI6Inhwdl9wcm9ncmVzc2l2ZS5JTlNUQUdSQU0uQ0xJUFMuQzMuNzIwLmRhc2hfYmFzZWxpbmVfMV92MSIsInhwdl9hc3NldF9pZCI6MTgxODQ5MDQzMDUzNjkxNjQsImFzc2V0X2FnZV9kYXlzIjoxMjYsInZpX3VzZWNhc2VfaWQiOjEwMDk5LCJkdXJhdGlvbl9zIjo1NCwidXJsZ2VuX3NvdXJjZSI6Ind3dyJ9&ccb=17-1&vs=6aedd79d3a2a20b5&_nc_vs=HBksFQIYOnBhc3N0aHJvdWdoX2V2ZXJzdG9yZS9HQ05tdGlhblYzcDV0bVlFQUFwanZuMUQ1cWxrYnNwVEFRQUYVAALIARIAFQIYUWlnX3hwdl9wbGFjZW1lbnRfcGVybWFuZW50X3YyL0I1NEZDQjgxN0NBMDVCRTkyMkZCRDc2QTk5MEUyMThGX2F1ZGlvX2Rhc2hpbml0Lm1wNBUCAsgBEgAoABgAGwKIB3VzZV9vaWwBMRJwcm9ncmVzc2l2ZV9yZWNpcGUBMRUAACaYgauW38TNQBUCKAJDMywXQEt7peNT988YEmRhc2hfYmFzZWxpbmVfMV92MREAdf4HZeadAQA&_nc_gid=I4v_OW5kyUzQ-JDgsIutgw&_nc_ss=72689&_nc_zt=28&oh=00_AQCpZP8QYycmAdS4Enqi2tJ4xL5UR1uuvlBv4miikyDWmQ&oe=6A5E7449,125,https://scontent-atl3-2.cdninstagram.com/o1/v/t2/f2/m78/AQNSI4bp4_wmx81PMbE8gbef-3I9qRZNd1NBESuHzBS7XOcNRLItRiTDkdrdPOLG_AlcxUcBci1gnJ1_P2jLBi6i5t-n_Gg1pr4omKs.mp4?_nc_cat=102&_nc_sid=9ca052&_nc_ht=scontent-atl3-2.cdninstagram.com&_nc_ohc=bZtCVOr31CsQ7kNvwFzB2-G&efg=eyJ2ZW5jb2RlX3RhZyI6ImlnLXhwdmRzLmNsaXBzLmlnd3d3LUMzLmRhc2hfbG5faGVhYWNfdmJyM19hdWRpbyIsInZpZGVvX2lkIjpudWxsLCJvaWxfdXJsZ2VuX2FwcF9pZCI6OTM2NjE5NzQzMzkyNDU5LCJjbGllbnRfbmFtZSI6ImlnIiwieHB2X2Fzc2V0X2lkIjoxODE4NDkwNDMwNTM2OTE2NCwiYXNzZXRfYWdlX2RheXMiOjEyNiwidmlfdXNlY2FzZV9pZCI6MTAwOTksImR1cmF0aW9uX3MiOjU0LCJiaXRyYXRlIjo0Nzc4NCwidXJsZ2VuX3NvdXJjZSI6Ind3dyJ9&ccb=17-1&_nc_gid=I4v_OW5kyUzQ-JDgsIutgw&_nc_ss=72689&_nc_zt=28&oh=00_AQCF6vdbJ5t3gpbfkYJrEMphYJKTCgncF2B2KCsP2mNBkQ&oe=6A5A79CB,54.966,"{'artist_name': 'e2bconsulting.training', 'song_name': 'Original audio', 'uses_original_audio': True, 'should_mute_audio': False, 'should_mute_audio_reason': '', 'audio_id': '27395737746683539'}",479,,
3832335523998696998,Image,DUvMNrADYYm,"Faire partie de ceux qui obtiennent des résultats, c’est décider de passer à l’action avec méthode :

Une stratégie claire.

Un contenu professionnel.

Une communication cohérente.

Des objectifs précis.

Ne laissez plus votre croissance au hasard. Ne laissez plus votre image dépendre d’improvisations.

Le succès n’est pas réservé aux autres. Il appartient à ceux qui décident d’agir.

Vous avez déjà perdu trop de temps.
Maintenant, choisissez d’avancer 

#emmakprod #digitalmarketing","['emmakprod', 'digitalmarketing']",[],https://www.instagram.com/p/DUvMNrADYYm/,0,,[],1080,1080,https://scontent-ord5-1.cdninstagram.com/v/t39.30808-6/634019859_896449416306282_5337288651304704329_n.jpg?stp=dst-jpg_e35_s1080x1080_sh2.08_tt6&_nc_ht=scontent-ord5-1.cdninstagram.com&_nc_cat=106&_nc_oc=Q6cZ2gEd_it-G1DSO-x5OtcA_PAfNNt91ou3JrPrSJuMjXGSniJY4JYG7QznfIvHzfB13mnwkhMK-dzJfs3psVdGV28Y&_nc_ohc=QGlwFrq1kXAQ7kNvwGqOe2s&_nc_gid=8b_BUR5SHi5740RzHQDZGw&edm=ADp7STQAAAAA&ccb=7-5&oh=00_AQBf_hIDf9BApbnUtLLyzukPgSbrOQ48dXU6g2g9vax_5A&oe=6A5E8062&_nc_sid=c6f216,[],"Photo by Emmak Prod on February 14, 2026.",1,2026-02-14T11:53:37.000Z,[],Emmak Prod,emmakprod,51343982422,False,https://www.instagram.com/emmakprod/,2000,2000,feed,,,,,,,,,,,
2201509837672627015,Image,B6NVYiEATtH,#contentmarketing #SMM #business #InboundMarketing #Analytics #Entrepreneur #SocialMedia #BigData #PPC,"['contentmarketing', 'SMM', 'business', 'InboundMarketing', 'Analytics', 'Entrepreneur', 'SocialMedia', 'BigData', 'PPC']",[],https://www.instagram.com/p/B6NVYiEATtH/,0,,[],750,750,https://scontent-mia3-1.cdninstagram.com/v/t51.82787-15/621206636_18110019928723523_4522100912292564315_n.jpg?stp=dst-jpg_e15_tt6&_nc_ht=scontent-mia3-1.cdninstagram.com&_nc_cat=111&_nc_oc=Q6cZ2gFFKfsxPJV80vsDc4R8hYRd92GwCK08ru5w9qcG0Ns26zLrGVOl6j-DW_VvRM8SJSwSSXRTuf33EjK9Ea9-WcPp&_nc_ohc=RRzf1YsuN0UQ7kNvwGWy9Mr&_nc_gid=sXjKt4XrdWk9qebmLwIvrg&edm=ADp7STQBAAAA&ccb=7-5&oh=00_AQAxOCzDkbrg-yXBaBAWkbIf_dSmslmWiVMUtLwUQX-zRw&oe=6A5E9806&_nc_sid=c6f216,[],"Photo by DIGITAL MARKETING TUNISIA on December 18, 2019.",3,2019-12-18T09:14:05.000Z,[],DIGITAL MARKETING TUNISIA,digital_marketing_tunisia,24896180662,False,https://www.instagram.com/digital_marketing_tunisia/,684,684,feed,"Tunis, Tunisia",234469391,"[{'full_name': 'DIGITAL MARKETING TUNISIA', 'id': '24896180662', 'is_verified': False, 'profile_pic_url': 'https://scontent-atl3-2.cdninstagram.com/v/t51.2885-19/74886253_1801674530134044_5499489851960983552_n.jpg?stp=dst-jpg_s150x150_tt6&_nc_cat=101&ccb=7-5&_nc_sid=f7ccc5&efg=eyJ2ZW5jb2RlX3RhZyI6InByb2ZpbGVfcGljLnd3dy44NTUuQzMifQ%3D%3D&_nc_ohc=m6kpXr-HLV8Q7kNvwEmp2GL&_nc_oc=AdqKyoGPpdxa9iRUpU60YJuijk2RrXW7SiRC1z1FLmCWFjDuf0n8_zHTd_wPVqtlikCJUbKc0NWgCWQlZsRDAUbh&_nc_zt=24&_nc_ht=scontent-atl3-2.cdninstagram.com&_nc_ss=72689&oh=00_AQDtEwiKTrXnGQTQlcmKu_t-jTomz41uF-6SzfDhIqrXsw&oe=6A5E8037', 'username': 'digital_marketing_tunisia'}]",,,,,,,,
3206090392565173272,Image,Cx-Ujm2o8wY,"🌐 Vous avez besoin d'un site web pour votre entreprise ? ACM Marketing vous accompagne dans sa création !

Votre présence en ligne est cruciale pour atteindre de nouveaux sommets. Si vous envisagez de créer un site web pour votre entreprise, faites confiance à ACM Marketing, votre partenaire de confiance en marketing digital.

Nous vous offrons notre expertise pour vous aider à :

✅ Concevoir un site web professionnel et attrayant.
✅ Personnaliser votre site en fonction de vos besoins.
✅ Optimiser la convivialité et la performance de votre site.
✅ Assurer une expérience utilisateur exceptionnelle.
✅ Suivre et maintenir votre site pour des résultats durables.

☎️ 73 367 402
💻 www.acm-marketing.tn
✉️ contact@acm-marketing.com
📌 Avenue yasser arafet sahloul, Sousse, Tunisia

#ACMMarketing #CréationDeSiteWeb #SiteWeb #PrésenceEnLigne #marketing #marketingtips #marketingtips #marketingagency #marketingonline #marketingdigital #marketingdigital #marketingstrategy #marketingstrategy #marketingstrategies #MarketingSuccess #marketingstrategies #marketingdigitalbrasil #digital #digital #digitalart #digitalartist","['ACMMarketing', 'CréationDeSiteWeb', 'SiteWeb', 'PrésenceEnLigne', 'marketing', 'marketingtips', 'marketingagency', 'marketingonline', 'marketingdigital', 'marketingstrategy', 'marketingstrategies', 'MarketingSuccess', 'marketingdigitalbrasil', 'digital', 'digitalart', 'digitalartist']",[],https://www.instagram.com/p/Cx-Ujm2o8wY/,1,@Magazine.of_art,"[{'id': '18010796593799656', 'text': '@Magazine.of_art', 'ownerUsername': 'artwork1796', 'ownerProfilePicUrl': 'https://scontent-iad3-1.cdninstagram.com/v/t51.2885-19/383111282_330742989509977_7955820423376691956_n.jpg?stp=dst-jpg_s150x150_tt6&_nc_cat=101&ccb=7-5&_nc_sid=f7ccc5&efg=eyJ2ZW5jb2RlX3RhZyI6InByb2ZpbGVfcGljLnd3dy43MTguQzMifQ%3D%3D&_nc_ohc=6t45wNkHB10Q7kNvwG4NJGf&_nc_oc=Adp3YDguLu5-qjCZ1bQk6jjMJIxdw1UfJgPV9i5lpkVU_hSjUPs22VVwtjrBjKaOKDk&_nc_zt=24&_nc_ht=scontent-iad3-1.cdninstagram.com&_nc_ss=7c689&oh=00_AQB7-E4A-dMeAXJ3lDxKfLS81krK2pbogZek2JYMVGXIfw&oe=6A5E8BA8', 'timestamp': '2023-10-04T10:37:58.000Z', 'repliesCount': None, 'replies': None, 'likesCount': 0, 'owner': {'username': 'artwork1796', 'profile_pic_url': 'https://scontent-iad3-1.cdninstagram.com/v/t51.2885-19/383111282_330742989509977_7955820423376691956_n.jpg?stp=dst-jpg_s150x150_tt6&_nc_cat=101&ccb=7-5&_nc_sid=f7ccc5&efg=eyJ2ZW5jb2RlX3RhZyI6InByb2ZpbGVfcGljLnd3dy43MTguQzMifQ%3D%3D&_nc_ohc=6t45wNkHB10Q7kNvwG4NJGf&_nc_oc=Adp3YDguLu5-qjCZ1bQk6jjMJIxdw1UfJgPV9i5lpkVU_hSjUPs22VVwtjrBjKaOKDk&_nc_zt=24&_nc_ht=scontent-iad3-1.cdninstagram.com&_nc_ss=7c689&oh=00_AQB7-E4A-dMeAXJ3lDxKfLS81krK2pbogZek2JYMVGXIfw&oe=6A5E8BA8', 'is_verified': False, 'id': '62426521591', 'full_name': None, 'is_mentionable': None, 'is_private': None, 'profile_pic_id': None, 'latest_reel_media': None}}]",1080,1080,https://scontent-ord5-2.cdninstagram.com/v/t39.30808-6/490156154_1276594180650473_7961480104984117084_n.jpg?stp=dst-jpg_e15_fr_s1080x1080_tt6&_nc_ht=scontent-ord5-2.cdninstagram.com&_nc_cat=105&_nc_oc=Q6cZ2gFthtK4mXdauwcuJrfO8zokvp8ZqgS5Ha8uIk1gjschCz85tYkfDmrfZCLtfHs9COI&_nc_ohc=3asdRCjyJC0Q7kNvwHf_zfu&_nc_gid=k9RCVZUcAUumM_PcwUFdWA&edm=ADp7STQAAAAA&ccb=7-5&oh=00_AQB7jo1c3oVmEeMfjxnmVUXVjoM9my4ZsZo8OhMIjHwkhQ&oe=6A5E9487&_nc_sid=c6f216,[],"Photo by ACM Marketing Tunisie on October 04, 2023.",1,2023-10-04T10:36:20.000Z,[],ACM Marketing Tunisie,acm.marketing.tn,4451580919,False,https://www.instagram.com/acm.marketing.tn/,1080,1080,feed,Sahloul,106377021175479,,,,,,,,,
2202136456984588258,Image,B6Pj3CxgO_i,"🔴 #للباعثين_الشبان_ورواد_الأعمال_بتونس🇹🇳👥💱:
✅#رسميا🆕: إطلاق اول منصة رقمية: Financini 
www.financini.org.tn 
بكل من #تونس/#المغرب/و #السينغال لريادة الأعمال وتمويل المؤسسات الصغرى والمتوسطة (PME) وكذلك الشركات الناشئة ، تضم : ❇ قرابة 200 مؤسسة تمويل للشركات وبعث المشاريع الرائدة .
❇ أكثر من 162 برنامج يستهدف عالم بعث المشاريع والشركات الناشئة.
❇ عديد فرص الإستثمار لبعث مشاريع وتكوين شركات ناشئة لفائدة باعثين شبان ورواد أعمال من تونس والخارج.
🔴#Aux_jeunes_entrepreneurs_et_startappeurs_en_Tunisie 🇹🇳👥💱:
✅ #Officiel🆕: lancement de #financini qui est la 1ère plateforme en ligne : www.financini.org.tn
qui couvre la #Tunisie/ le #Sénégal / le #Maroc ,et qui regroupe: ❇ 200 mécanismes de financement des #PME et #Start_ups
❇ 162 programmes ❇ Plusieurs opportunités d'investissement dans les domaines de l' #Entrepreunariat et #création des #Start_ups mises aux disposition des entrepreneurs et investisseurs tunisiens et étrangers. 🆖:#Financini est un projet de DiafrikInvest","['للباعثين_الشبان_ورواد_الأعمال_بتونس🇹🇳👥💱:', 'رسميا🆕:', 'تونس/', 'المغرب/و', 'السينغال', 'Aux_jeunes_entrepreneurs_et_startappeurs_en_Tunisie', 'Officiel🆕:', 'financini', 'Tunisie/', 'Sénégal', 'Maroc', 'PME', 'Start_ups', 'Entrepreunariat', 'création', 'Financini']",[],https://www.instagram.com/p/B6Pj3CxgO_i/,0,,[],810,1080,https://scontent-dfw5-1.cdninstagram.com/v/t51.82787-15/622387687_18129780511511286_6151379149621037345_n.jpg?stp=dst-jpg_e15_tt6&_nc_ht=scontent-dfw5-1.cdninstagram.com&_nc_cat=106&_nc_oc=Q6cZ2gGm_3qU9gMwA2sDSjpoX_7QyOvLx00tYRz_pblVy9GPeioZCFb-vHtu5t9UWxUEoT8&_nc_ohc=WhbaFcDLBygQ7kNvwGES1Wi&_nc_gid=S1erK7kTdsI8p9S_HdgAMw&edm=ADp7STQBAAAA&ccb=7-5&oh=00_AQA8NS_Hh_BtaZ4Wa2iKI1QRqVdauXSyUXYf-Z-GijgW2A&oe=6A5E92A1&_nc_sid=c6f216,[],"Photo by DIGITAL MARKETING TUNISIA on December 18, 2019.",1,2019-12-19T05:59:04.000Z,[],DIGITAL MARKETING TUNISIA,digital_marketing_tunisia,24896180662,False,https://www.instagram.com/digital_marketing_tunisia/,600,800,feed,Béja,228400746,"[{'full_name': 'DIGITAL MARKETING TUNISIA', 'id': '24896180662', 'is_verified': False, 'profile_pic_url': 'https://scontent-lax7-1.cdninstagram.com/v/t51.2885-19/74886253_1801674530134044_5499489851960983552_n.jpg?stp=dst-jpg_s150x150_tt6&_nc_cat=101&ccb=7-5&_nc_sid=f7ccc5&efg=eyJ2ZW5jb2RlX3RhZyI6InByb2ZpbGVfcGljLnd3dy44NTUuQzMifQ%3D%3D&_nc_ohc=m6kpXr-HLV8Q7kNvwEUk10a&_nc_oc=Adq_hx2JDema7BZloissbGqx7025JUccbQFqmdUXkZVYVDAnlPUhi6gJf6llefqo65M&_nc_zt=24&_nc_ht=scontent-lax7-1.cdninstagram.com&_nc_ss=72289&oh=00_AQAMlCH3GVB9-0LRLCQOY_2iB3Vrg4vHfx_3XAwv2mfMDg&oe=6A5E8037', 'username': 'digital_marketing_tunisia'}]",,,,,,,,
3200877953137266389,Image,CxrzYoWIE7V,"🌙✨ مولد نبوي مبارك! ✨🌙

في يوم ميلاد خير البشر، نتمنى للجميع أوقات سعيدة ومميزة.

👉 Contactez-nous dès maintenant pour en savoir plus d'informations :
☎️ 73 367 402
💻 www.acm-marketing.tn
✉️ contact@acm-marketing.com
📌 Avenue yasser arafet sahloul, Sousse, Tunisia

#ACMMarketing #مولد_نبوي_مبارك  #stratégiemarketing #siteweb #marketing #marketing #marketingtips #marketingtips #marketingagency #marketingonline #marketingdigital #marketingdigital #marketingstrategy #marketingstrategy #marketingstrategies #MarketingSuccess #marketingstrategies #marketingdigitalbrasil #digital #digital #digitalart #digitalartist","['ACMMarketing', 'مولد_نبوي_مبارك', 'stratégiemarketing', 'siteweb', 'marketing', 'marketingtips', 'marketingagency', 'marketingonline', 'marketingdigital', 'marketingstrategy', 'marketingstrategies', 'MarketingSuccess', 'marketingdigitalbrasil', 'digital', 'digitalart', 'digitalartist']",[],https://www.instagram.com/p/CxrzYoWIE7V/,0,,[],1080,1080,https://scontent-bos5-1.cdninstagram.com/v/t39.30808-6/490467548_1276480963995128_1485609889283011600_n.jpg?stp=dst-jpg_e15_fr_s1080x1080_tt6&_nc_ht=scontent-bos5-1.cdninstagram.com&_nc_cat=108&_nc_oc=Q6cZ2gGPBXbb0xl2wiKE27dAbfeAgnEqK7eYlzJ9x2F61U00KRaq74ittzb03XyM4fCnkhPqaBgHoxVoRXSdmP9ig56F&_nc_ohc=E3TrmXNw7MAQ7kNvwEgl7nC&_nc_gid=VhU0vTLc4VMRa3-KqaMTCA&edm=ADp7STQAAAAA&ccb=7-5&oh=00_AQDzcu63B4_HgeLgCDEQu4oi1zEiJnEj9Zz2X1mw-dD9Xw&oe=6A5E6AEB&_nc_sid=c6f216,[],"Photo by ACM Marketing Tunisie on September 26, 2023.",2,2023-09-27T06:00:09.000Z,[],ACM Marketing Tunisie,acm.marketing.tn,4451580919,False,https://www.instagram.com/acm.marketing.tn/,1080,1080,feed,Sahloul,106377021175479,,,,,,,,,
3860864544236116187,Video,DWUi9jlGBjb,"Ici, chaque détail compte…
Des idées qui prennent vie 
Des équipements qui capturent chaque instant 
Une équipe passionnée qui transforme chaque projet en expérience unique 

Entre créativité, énergie et moments authentiques, c’est bien plus qu’un tournage… c’est une ambiance, une vision, une histoire qu’on construit ensemble 

Bienvenue dans notre univers. 

#EmmakProd #BehindTheScenes #Créativité #Tournage","['EmmakProd', 'BehindTheScenes', 'Créativité', 'Tournage']",[],https://www.instagram.com/p/DWUi9jlGBjb/,17,❤️❤️❤️❤️❤️❤️😍😍,"[{'id': '18132072664540660', 'text': '❤️❤️❤️❤️❤️❤️😍😍', 'ownerUsername': 'lajili_molka', 'ownerProfilePicUrl': 'https://scontent-atl3-2.cdninstagram.com/v/t51.2885-19/483273825_654900560425646_5847594587847697627_n.jpg?stp=dst-jpg_s150x150_tt6&_nc_cat=101&ccb=7-5&_nc_sid=f7ccc5&efg=eyJ2ZW5jb2RlX3RhZyI6InByb2ZpbGVfcGljLnd3dy4xMDgwLkMzIn0%3D&_nc_ohc=lSOcxr0YX-0Q7kNvwF7Yus4&_nc_oc=AdohMuKqUTF_zOXKiILUNUaimtWmS_NaKdOmDpmzobXR9oIHIroDy4w-O2E30n5JqPGJ2HVnzuZd36vyscaunHPG&_nc_zt=24&_nc_ht=scontent-atl3-2.cdninstagram.com&_nc_ss=72689&oh=00_AQCIjtKRi_5H4usDfQsz93IUktcH2SRU2vrcSXHnQWhL_g&oe=6A5E67CF', 'timestamp': '2026-03-26T09:41:17.000Z', 'repliesCount': None, 'replies': None, 'likesCount': 1, 'owner': {'username': 'lajili_molka', 'profile_pic_url': 'https://scontent-atl3-2.cdninstagram.com/v/t51.2885-19/483273825_654900560425646_5847594587847697627_n.jpg?stp=dst-jpg_s150x150_tt6&_nc_cat=101&ccb=7-5&_nc_sid=f7ccc5&efg=eyJ2ZW5jb2RlX3RhZyI6InByb2ZpbGVfcGljLnd3dy4xMDgwLkMzIn0%3D&_nc_ohc=lSOcxr0YX-0Q7kNvwF7Yus4&_nc_oc=AdohMuKqUTF_zOXKiILUNUaimtWmS_NaKdOmDpmzobXR9oIHIroDy4w-O2E30n5JqPGJ2HVnzuZd36vyscaunHPG&_nc_zt=24&_nc_ht=scontent-atl3-2.cdninstagram.com&_nc_ss=72689&oh=00_AQCIjtKRi_5H4usDfQsz93IUktcH2SRU2vrcSXHnQWhL_g&oe=6A5E67CF', 'is_verified': False, 'id': '57018543686', 'full_name': None, 'is_mentionable': None, 'is_private': None, 'profile_pic_id': None, 'latest_reel_media': None}}, {'id': '17879680719519829', 'text': 'Yesss ❤️', 'ownerUsername': 'abde_world', 'ownerProfilePicUrl': 'https://scontent-atl3-3.cdninstagram.com/v/t51.82787-19/732533610_18604762444053238_9164093724918442375_n.jpg?stp=dst-jpg_s150x150_tt6&_nc_cat=108&ccb=7-5&_nc_sid=f7ccc5&efg=eyJ2ZW5jb2RlX3RhZyI6InByb2ZpbGVfcGljLnd3dy4xMDgwLkMzIn0%3D&_nc_ohc=NsR43xOxb1kQ7kNvwEyd1Du&_nc_oc=AdqoUu4WBXA-0RgqC9uaAE29bpiiXou_PoMpM2CrV6AL_VqdhwBUWjeqqhohsSFmxYUzrl1RrNwqCBpGyLebPNr5&_nc_zt=24&_nc_ht=scontent-atl3-3.cdninstagram.com&_nc_gid=TT1qP-UijubIUheRgEbFHw&_nc_ss=72689&oh=00_AQD70GQPLO95B8r2EtJSD-NrrXHXGoxgJT7MDIyxRLKDfw&oe=6A5E94FA', 'timestamp': '2026-03-26T09:24:35.000Z', 'repliesCount': None, 'replies': None, 'likesCount': 1, 'owner': {'username': 'abde_world', 'profile_pic_url': 'https://scontent-atl3-3.cdninstagram.com/v/t51.82787-19/732533610_18604762444053238_9164093724918442375_n.jpg?stp=dst-jpg_s150x150_tt6&_nc_cat=108&ccb=7-5&_nc_sid=f7ccc5&efg=eyJ2ZW5jb2RlX3RhZyI6InByb2ZpbGVfcGljLnd3dy4xMDgwLkMzIn0%3D&_nc_ohc=NsR43xOxb1kQ7kNvwEyd1Du&_nc_oc=AdqoUu4WBXA-0RgqC9uaAE29bpiiXou_PoMpM2CrV6AL_VqdhwBUWjeqqhohsSFmxYUzrl1RrNwqCBpGyLebPNr5&_nc_zt=24&_nc_ht=scontent-atl3-3.cdninstagram.com&_nc_gid=TT1qP-UijubIUheRgEbFHw&_nc_ss=72689&oh=00_AQD70GQPLO95B8r2EtJSD-NrrXHXGoxgJT7MDIyxRLKDfw&oe=6A5E94FA', 'is_verified': False, 'id': '361205237', 'full_name': None, 'is_mentionable': None, 'is_private': None, 'profile_pic_id': None, 'latest_reel_media': None}}, {'id': '18214246984321377', 'text': 'Bravo chérie ❤️', 'ownerUsername': 'wejdensouissi_', 'ownerProfilePicUrl': 'https://scontent-atl3-1.cdninstagram.com/v/t51.82787-19/731614893_18135440944583332_8837917500816415146_n.jpg?stp=dst-jpg_s150x150_tt6&_nc_cat=106&ccb=7-5&_nc_sid=f7ccc5&efg=eyJ2ZW5jb2RlX3RhZyI6InByb2ZpbGVfcGljLnd3dy4xMDgwLkMzIn0%3D&_nc_ohc=HIShaOHvD6wQ7kNvwFOFK96&_nc_oc=AdqS5DxaZ_qNpG1cMNDnKyDTg9HpnqK2qDMeRE3ZZ7Kw19jTfS7a-aHk9Hoa3Ea9YHTS3B3XIZQQ-pYI_nsx68fo&_nc_zt=24&_nc_ht=scontent-atl3-1.cdninstagram.com&_nc_gid=TT1qP-UijubIUheRgEbFHw&_nc_ss=72689&oh=00_AQBvObkXASfJoVnzEIDt3R2RsgrPfAVG8d_mkcIWbOVCiA&oe=6A5E82CF', 'timestamp': '2026-03-26T00:23:56.000Z', 'repliesCount': None, 'replies': None, 'likesCount': 1, 'owner': {'username': 'wejdensouissi_', 'profile_pic_url': 'https://scontent-atl3-1.cdninstagram.com/v/t51.82787-19/731614893_18135440944583332_8837917500816415146_n.jpg?stp=dst-jpg_s150x150_tt6&_nc_cat=106&ccb=7-5&_nc_sid=f7ccc5&efg=eyJ2ZW5jb2RlX3RhZyI6InByb2ZpbGVfcGljLnd3dy4xMDgwLkMzIn0%3D&_nc_ohc=HIShaOHvD6wQ7kNvwFOFK96&_nc_oc=AdqS5DxaZ_qNpG1cMNDnKyDTg9HpnqK2qDMeRE3ZZ7Kw19jTfS7a-aHk9Hoa3Ea9YHTS3B3XIZQQ-pYI_nsx68fo&_nc_zt=24&_nc_ht=scontent-atl3-1.cdninstagram.com&_nc_gid=TT1qP-UijubIUheRgEbFHw&_nc_ss=72689&oh=00_AQBvObkXASfJoVnzEIDt3R2RsgrPfAVG8d_mkcIWbOVCiA&oe=6A5E82CF', 'is_verified': False, 'id': '17420703331', 'full_name': None, 'is_mentionable': None, 'is_private': None, 'profile_pic_id': None, 'latest_reel_media': None}}, {'id': '18096363911097704', 'text': 'Bonne chance', 'ownerUsername': 'megdiche_wael_', 'ownerProfilePicUrl': 'https://scontent-atl3-1.cdninstagram.com/v/t51.2885-19/350891077_2111502539047170_819820307999991923_n.jpg?stp=dst-jpg_s150x150_tt6&_nc_cat=106&ccb=7-5&_nc_sid=f7ccc5&efg=eyJ2ZW5jb2RlX3RhZyI6InByb2ZpbGVfcGljLnd3dy4xMDgwLkMzIn0%3D&_nc_ohc=sOK2qcZzqB0Q7kNvwGi15pq&_nc_oc=Ado7ioZecTi4SKVwef7Z-MIgPUCd1vmn6uCnCEhPOO4M0jXDZw2mXjl-NP3uxipATM7AcWuFO9I2X5PeS8uata0A&_nc_zt=24&_nc_ht=scontent-atl3-1.cdninstagram.com&_nc_ss=72689&oh=00_AQA5R5L-FW38Mmdq_s1gx8nT27cg7HLlrY4ge16-twXH_w&oe=6A5E688A', 'timestamp': '2026-03-25T22:49:02.000Z', 'repliesCount': None, 'replies': None, 'likesCount': 1, 'owner': {'username': 'megdiche_wael_', 'profile_pic_url': 'https://scontent-atl3-1.cdninstagram.com/v/t51.2885-19/350891077_2111502539047170_819820307999991923_n.jpg?stp=dst-jpg_s150x150_tt6&_nc_cat=106&ccb=7-5&_nc_sid=f7ccc5&efg=eyJ2ZW5jb2RlX3RhZyI6InByb2ZpbGVfcGljLnd3dy4xMDgwLkMzIn0%3D&_nc_ohc=sOK2qcZzqB0Q7kNvwGi15pq&_nc_oc=Ado7ioZecTi4SKVwef7Z-MIgPUCd1vmn6uCnCEhPOO4M0jXDZw2mXjl-NP3uxipATM7AcWuFO9I2X5PeS8uata0A&_nc_zt=24&_nc_ht=scontent-atl3-1.cdninstagram.com&_nc_ss=72689&oh=00_AQA5R5L-FW38Mmdq_s1gx8nT27cg7HLlrY4ge16-twXH_w&oe=6A5E688A', 'is_verified': False, 'id': '7440084060', 'full_name': None, 'is_mentionable': None, 'is_private': None, 'profile_pic_id': None, 'latest_reel_media': None}}, {'id': '17882275767492180', 'text': '❤️❤️', 'ownerUsername': 'med.ali.joober', 'ownerProfilePicUrl': 'https://scontent-atl3-3.cdninstagram.com/v/t51.2885-19/470910054_503842249381860_4483712645612461528_n.jpg?stp=dst-jpg_s150x150_tt6&_nc_cat=110&ccb=7-5&_nc_sid=f7ccc5&efg=eyJ2ZW5jb2RlX3RhZyI6InByb2ZpbGVfcGljLnd3dy4xMDgwLkMzIn0%3D&_nc_ohc=1NcMoDUcxXIQ7kNvwHN42iS&_nc_oc=Adr4Bh87rkgxL94hpx2HU5eOjakRrWI5BVZrYYgjxoE-AQ-uFNo8KMgL34u4cUxTtBfz_0VvEflRFfO_fC1rQVBl&_nc_zt=24&_nc_ht=scontent-atl3-3.cdninstagram.com&_nc_ss=72689&oh=00_AQBLRfey-I6JGkrmeXO3UKlf-9khLevYNPS7YUM-Fx6bFQ&oe=6A5E8766', 'timestamp': '2026-03-25T22:09:45.000Z', 'repliesCount': None, 'replies': None, 'likesCount': 1, 'owner': {'username': 'med.ali.joober', 'profile_pic_url': 'https://scontent-atl3-3.cdninstagram.com/v/t51.2885-19/470910054_503842249381860_4483712645612461528_n.jpg?stp=dst-jpg_s150x150_tt6&_nc_cat=110&ccb=7-5&_nc_sid=f7ccc5&efg=eyJ2ZW5jb2RlX3RhZyI6InByb2ZpbGVfcGljLnd3dy4xMDgwLkMzIn0%3D&_nc_ohc=1NcMoDUcxXIQ7kNvwHN42iS&_nc_oc=Adr4Bh87rkgxL94hpx2HU5eOjakRrWI5BVZrYYgjxoE-AQ-uFNo8KMgL34u4cUxTtBfz_0VvEflRFfO_fC1rQVBl&_nc_zt=24&_nc_ht=scontent-atl3-3.cdninstagram.com&_nc_ss=72689&oh=00_AQBLRfey-I6JGkrmeXO3UKlf-9khLevYNPS7YUM-Fx6bFQ&oe=6A5E8766', 'is_verified': False, 'id': '9146817194', 'full_name': None, 'is_mentionable': None, 'is_private': None, 'profile_pic_id': None, 'latest_reel_media': None}}, {'id': '18075461672178031', 'text': '❤️❤️❤️❤️', 'ownerUsername': 'yasmine_ben_haj', 'ownerProfilePicUrl': 'https://scontent-atl3-1.cdninstagram.com/v/t51.89012-19/573323465_1219825463302212_7278921664109726296_n.jpg?stp=dst-jpg_s150x150_tt6&_nc_cat=1&ccb=7-5&_nc_sid=f7ccc5&efg=eyJ2ZW5jb2RlX3RhZyI6InByb2ZpbGVfcGljLnd3dy5DMyJ9&_nc_ohc=l7ChIGpa0oAQ7kNvwEBnoBB&_nc_oc=AdrXT5xEvr9s6O-6U_vBZ57IenadnI8026bQaDo0srPu2H2T1256jSShKoLKHmp5uqHoat8Tw2ueMRm9cJeXQ_dI&_nc_zt=24&_nc_ht=scontent-atl3-1.cdninstagram.com&_nc_gid=TT1qP-UijubIUheRgEbFHw&_nc_ss=72689&oh=00_AQDqtomVneAH07PAFsCdlcgX7zMjOsGf_XC0MMzZbTUfdw&oe=6A5E8D22', 'timestamp': '2026-03-25T21:54:04.000Z', 'repliesCount': None, 'replies': None, 'likesCount': 1, 'owner': {'username': 'yasmine_ben_haj', 'profile_pic_url': 'https://scontent-atl3-1.cdninstagram.com/v/t51.89012-19/573323465_1219825463302212_7278921664109726296_n.jpg?stp=dst-jpg_s150x150_tt6&_nc_cat=1&ccb=7-5&_nc_sid=f7ccc5&efg=eyJ2ZW5jb2RlX3RhZyI6InByb2ZpbGVfcGljLnd3dy5DMyJ9&_nc_ohc=l7ChIGpa0oAQ7kNvwEBnoBB&_nc_oc=AdrXT5xEvr9s6O-6U_vBZ57IenadnI8026bQaDo0srPu2H2T1256jSShKoLKHmp5uqHoat8Tw2ueMRm9cJeXQ_dI&_nc_zt=24&_nc_ht=scontent-atl3-1.cdninstagram.com&_nc_gid=TT1qP-UijubIUheRgEbFHw&_nc_ss=72689&oh=00_AQDqtomVneAH07PAFsCdlcgX7zMjOsGf_XC0MMzZbTUfdw&oe=6A5E8D22', 'is_verified': False, 'id': '65288664001', 'full_name': None, 'is_mentionable': None, 'is_private': None, 'profile_pic_id': None, 'latest_reel_media': None}}, {'id': '18097142168473194', 'text': '❤️❤️❤️', 'ownerUsername': 'intissar_md_', 'ownerProfilePicUrl': 'https://scontent-atl3-3.cdninstagram.com/v/t51.82787-19/717596140_17993818499970435_7652908647429316689_n.jpg?stp=dst-jpg_s150x150_tt6&_nc_cat=109&ccb=7-5&_nc_sid=f7ccc5&efg=eyJ2ZW5jb2RlX3RhZyI6InByb2ZpbGVfcGljLnd3dy4xMDgwLkMzIn0%3D&_nc_ohc=ExlfBijth1cQ7kNvwFTr2Dh&_nc_oc=Adps5xCqSf0DdkApMHYvkEjNC4z_ENIUECPgTyf1GQBqV5XfMN56aYcaEvhWILJpZwqgaYy6k30jO5sbLJeUnnIr&_nc_zt=24&_nc_ht=scontent-atl3-3.cdninstagram.com&_nc_gid=TT1qP-UijubIUheRgEbFHw&_nc_ss=72689&oh=00_AQBGnB_YGLYt-pFWUVHbaL3sARdqraE8yn6fqrzHcdcULQ&oe=6A5E80B7', 'timestamp': '2026-03-25T21:48:59.000Z', 'repliesCount': None, 'replies': None, 'likesCount': 1, 'owner': {'username': 'intissar_md_', 'profile_pic_url': 'https://scontent-atl3-3.cdninstagram.com/v/t51.82787-19/717596140_17993818499970435_7652908647429316689_n.jpg?stp=dst-jpg_s150x150_tt6&_nc_cat=109&ccb=7-5&_nc_sid=f7ccc5&efg=eyJ2ZW5jb2RlX3RhZyI6InByb2ZpbGVfcGljLnd3dy4xMDgwLkMzIn0%3D&_nc_ohc=ExlfBijth1cQ7kNvwFTr2Dh&_nc_oc=Adps5xCqSf0DdkApMHYvkEjNC4z_ENIUECPgTyf1GQBqV5XfMN56aYcaEvhWILJpZwqgaYy6k30jO5sbLJeUnnIr&_nc_zt=24&_nc_ht=scontent-atl3-3.cdninstagram.com&_nc_gid=TT1qP-UijubIUheRgEbFHw&_nc_ss=72689&oh=00_AQBGnB_YGLYt-pFWUVHbaL3sARdqraE8yn6fqrzHcdcULQ&oe=6A5E80B7', 'is_verified': False, 'id': '59192530434', 'full_name': None, 'is_mentionable': None, 'is_private': None, 'profile_pic_id': None, 'latest_reel_media': None}}, {'id': '18095265155320655', 'text': 'Bravo 👏❤️', 'ownerUsername': 'echrak_migaw', 'ownerProfilePicUrl': 'https://scontent-atl3-3.cdninstagram.com/v/t51.82787-19/606924810_18444554038099143_3187212355777916521_n.jpg?stp=dst-jpg_s150x150_tt6&_nc_cat=109&ccb=7-5&_nc_sid=f7ccc5&efg=eyJ2ZW5jb2RlX3RhZyI6InByb2ZpbGVfcGljLnd3dy4xMDgwLkMzIn0%3D&_nc_ohc=FDXN0VjpNz0Q7kNvwGGM-ZI&_nc_oc=AdoCDRaKWOWFIDMwyLYG56Sa8ADpJmOFYD1LXki6v0AujpKhZMHPCnYy38hpe58DhWX13AR4NWHzRVRK-vieYMZB&_nc_zt=24&_nc_ht=scontent-atl3-3.cdninstagram.com&_nc_gid=TT1qP-UijubIUheRgEbFHw&_nc_ss=72689&oh=00_AQBXunuih4xsHDMNygG5ypWSYjR41CBHc8HhlfXz_Ixv-A&oe=6A5E7062', 'timestamp': '2026-03-25T21:38:45.000Z', 'repliesCount': None, 'replies': None, 'likesCount': 1, 'owner': {'username': 'echrak_migaw', 'profile_pic_url': 'https://scontent-atl3-3.cdninstagram.com/v/t51.82787-19/606924810_18444554038099143_3187212355777916521_n.jpg?stp=dst-jpg_s150x150_tt6&_nc_cat=109&ccb=7-5&_nc_sid=f7ccc5&efg=eyJ2ZW5jb2RlX3RhZyI6InByb2ZpbGVfcGljLnd3dy4xMDgwLkMzIn0%3D&_nc_ohc=FDXN0VjpNz0Q7kNvwGGM-ZI&_nc_oc=AdoCDRaKWOWFIDMwyLYG56Sa8ADpJmOFYD1LXki6v0AujpKhZMHPCnYy38hpe58DhWX13AR4NWHzRVRK-vieYMZB&_nc_zt=24&_nc_ht=scontent-atl3-3.cdninstagram.com&_nc_gid=TT1qP-UijubIUheRgEbFHw&_nc_ss=72689&oh=00_AQBXunuih4xsHDMNygG5ypWSYjR41CBHc8HhlfXz_Ixv-A&oe=6A5E7062', 'is_verified': False, 'id': '2962051142', 'full_name': None, 'is_mentionable': None, 'is_private': None, 'profile_pic_id': None, 'latest_reel_media': None}}, {'id': '18112009657701602', 'text': 'Bravo ❤️❤️', 'ownerUsername': 'saif_zelfeni', 'ownerProfilePicUrl': 'https://scontent-atl3-2.cdninstagram.com/v/t51.82787-19/516326657_18003688343789880_2768741108221955803_n.jpg?stp=dst-jpg_s150x150_tt6&_nc_cat=105&ccb=7-5&_nc_sid=f7ccc5&efg=eyJ2ZW5jb2RlX3RhZyI6InByb2ZpbGVfcGljLnd3dy4xMDgwLkMzIn0%3D&_nc_ohc=Fc43FJ3zVj4Q7kNvwHNETCN&_nc_oc=AdpucZAkI_yzJRCWJ_bhGr42-dNHtnfsBsoCJ2ENl7hN-Km55gCVmtQMbGgMoGMBA12dxgqa0xNdiJuwLjGIWhkv&_nc_zt=24&_nc_ht=scontent-atl3-2.cdninstagram.com&_nc_gid=TT1qP-UijubIUheRgEbFHw&_nc_ss=72689&oh=00_AQBsW-KmRBhSgU_a8T0vf5WnIRwy6aSKrqozOLrOF-kUyg&oe=6A5E9918', 'timestamp': '2026-03-25T21:31:08.000Z', 'repliesCount': None, 'replies': None, 'likesCount': 1, 'owner': {'username': 'saif_zelfeni', 'profile_pic_url': 'https://scontent-atl3-2.cdninstagram.com/v/t51.82787-19/516326657_18003688343789880_2768741108221955803_n.jpg?stp=dst-jpg_s150x150_tt6&_nc_cat=105&ccb=7-5&_nc_sid=f7ccc5&efg=eyJ2ZW5jb2RlX3RhZyI6InByb2ZpbGVfcGljLnd3dy4xMDgwLkMzIn0%3D&_nc_ohc=Fc43FJ3zVj4Q7kNvwHNETCN&_nc_oc=AdpucZAkI_yzJRCWJ_bhGr42-dNHtnfsBsoCJ2ENl7hN-Km55gCVmtQMbGgMoGMBA12dxgqa0xNdiJuwLjGIWhkv&_nc_zt=24&_nc_ht=scontent-atl3-2.cdninstagram.com&_nc_gid=TT1qP-UijubIUheRgEbFHw&_nc_ss=72689&oh=00_AQBsW-KmRBhSgU_a8T0vf5WnIRwy6aSKrqozOLrOF-kUyg&oe=6A5E9918', 'is_verified': False, 'id': '53694973879', 'full_name': None, 'is_mentionable': None, 'is_private': None, 'profile_pic_id': None, 'latest_reel_media': None}}, {'id': '18114210211739652', 'text': '❤️❤️❤️❤️', 'ownerUsername': 'wjdn.eee', 'ownerProfilePicUrl': 'https://scontent-atl3-3.cdninstagram.com/v/t51.82787-19/722753803_18087526979455017_1198482479943332361_n.jpg?stp=dst-jpg_s150x150_tt6&_nc_cat=111&ccb=7-5&_nc_sid=f7ccc5&efg=eyJ2ZW5jb2RlX3RhZyI6InByb2ZpbGVfcGljLnd3dy4xMDgwLkMzIn0%3D&_nc_ohc=Ofofd5COP5YQ7kNvwHDy5hV&_nc_oc=AdqmqpZAP03s6NRQ4HFjXnFylszZ2siuIyp_cCc64YnxCfknveof1_9orFvzpqbVkjr-XETg7CEjXOB59ifIqIN2&_nc_zt=24&_nc_ht=scontent-atl3-3.cdninstagram.com&_nc_gid=TT1qP-UijubIUheRgEbFHw&_nc_ss=72689&oh=00_AQCfwvPdKFWDALqElIW9WYpnSQxDIrPgW4fzIv9w3cmA7g&oe=6A5E9236', 'timestamp': '2026-03-25T21:12:40.000Z', 'repliesCount': None, 'replies': None, 'likesCount': 1, 'owner': {'username': 'wjdn.eee', 'profile_pic_url': 'https://scontent-atl3-3.cdninstagram.com/v/t51.82787-19/722753803_18087526979455017_1198482479943332361_n.jpg?stp=dst-jpg_s150x150_tt6&_nc_cat=111&ccb=7-5&_nc_sid=f7ccc5&efg=eyJ2ZW5jb2RlX3RhZyI6InByb2ZpbGVfcGljLnd3dy4xMDgwLkMzIn0%3D&_nc_ohc=Ofofd5COP5YQ7kNvwHDy5hV&_nc_oc=AdqmqpZAP03s6NRQ4HFjXnFylszZ2siuIyp_cCc64YnxCfknveof1_9orFvzpqbVkjr-XETg7CEjXOB59ifIqIN2&_nc_zt=24&_nc_ht=scontent-atl3-3.cdninstagram.com&_nc_gid=TT1qP-UijubIUheRgEbFHw&_nc_ss=72689&oh=00_AQCfwvPdKFWDALqElIW9WYpnSQxDIrPgW4fzIv9w3cmA7g&oe=6A5E9236', 'is_verified': False, 'id': '43449815016', 'full_name': None, 'is_mentionable': None, 'is_private': None, 'profile_pic_id': None, 'latest_reel_media': None}}, {'id': '18052157981707394', 'text': '❤️❤️', 'ownerUsername': 'wassilaelhaj', 'ownerProfilePicUrl': 'https://scontent-atl3-2.cdninstagram.com/v/t51.82787-19/626277555_18003010559850323_7813183953560525395_n.jpg?stp=dst-jpg_s150x150_tt6&_nc_cat=105&ccb=7-5&_nc_sid=f7ccc5&efg=eyJ2ZW5jb2RlX3RhZyI6InByb2ZpbGVfcGljLnd3dy4xMDgwLkMzIn0%3D&_nc_ohc=bJQ5j089uvQQ7kNvwGm9R3w&_nc_oc=AdpoD9AJdlAWSfeMyGoxBR0A43dv5bf3CUq7eHD2BvB5um3lx2klnqumNIGYyl6Cwh-djIxNLRgyetDNSzRCC0nS&_nc_zt=24&_nc_ht=scontent-atl3-2.cdninstagram.com&_nc_gid=TT1qP-UijubIUheRgEbFHw&_nc_ss=72689&oh=00_AQCPyjpRFNl2pg_KUns4WNdLHZD048i_7QrbPaOeSVVqyA&oe=6A5E89CD', 'timestamp': '2026-03-25T21:10:25.000Z', 'repliesCount': None, 'replies': None, 'likesCount': 1, 'owner': {'username': 'wassilaelhaj', 'profile_pic_url': 'https://scontent-atl3-2.cdninstagram.com/v/t51.82787-19/626277555_18003010559850323_7813183953560525395_n.jpg?stp=dst-jpg_s150x150_tt6&_nc_cat=105&ccb=7-5&_nc_sid=f7ccc5&efg=eyJ2ZW5jb2RlX3RhZyI6InByb2ZpbGVfcGljLnd3dy4xMDgwLkMzIn0%3D&_nc_ohc=bJQ5j089uvQQ7kNvwGm9R3w&_nc_oc=AdpoD9AJdlAWSfeMyGoxBR0A43dv5bf3CUq7eHD2BvB5um3lx2klnqumNIGYyl6Cwh-djIxNLRgyetDNSzRCC0nS&_nc_zt=24&_nc_ht=scontent-atl3-2.cdninstagram.com&_nc_gid=TT1qP-UijubIUheRgEbFHw&_nc_ss=72689&oh=00_AQCPyjpRFNl2pg_KUns4WNdLHZD048i_7QrbPaOeSVVqyA&oe=6A5E89CD', 'is_verified': False, 'id': '55592898322', 'full_name': None, 'is_mentionable': None, 'is_private': None, 'profile_pic_id': None, 'latest_reel_media': None}}, {'id': '17942904533999615', 'text': 'Bonne chance byby❤️', 'ownerUsername': 'nawara3761', 'ownerProfilePicUrl': 'https://scontent-atl3-1.cdninstagram.com/v/t51.82787-19/729644210_17933481363319423_6364994291135852646_n.jpg?stp=dst-jpg_s150x150_tt6&_nc_cat=100&ccb=7-5&_nc_sid=f7ccc5&efg=eyJ2ZW5jb2RlX3RhZyI6InByb2ZpbGVfcGljLnd3dy4xMDgwLkMzIn0%3D&_nc_ohc=z7zRbeKAbpcQ7kNvwH15ncj&_nc_oc=Adoz3EeRXNpMe52XOZjenaaGGXGHEZcWPmPkHfjfgi-IkIQibXQ12KXMuBCdRMb44Dt0A9_EEZIs3InF2MQviSZv&_nc_zt=24&_nc_ht=scontent-atl3-1.cdninstagram.com&_nc_gid=TT1qP-UijubIUheRgEbFHw&_nc_ss=72689&oh=00_AQB65Ngy-UqayynXJ6-ect2a_JQ6NOhXlDBDZ6v7Q6GHhw&oe=6A5E9887', 'timestamp': '2026-03-25T21:07:54.000Z', 'repliesCount': None, 'replies': None, 'likesCount': 1, 'owner': {'username': 'nawara3761', 'profile_pic_url': 'https://scontent-atl3-1.cdninstagram.com/v/t51.82787-19/729644210_17933481363319423_6364994291135852646_n.jpg?stp=dst-jpg_s150x150_tt6&_nc_cat=100&ccb=7-5&_nc_sid=f7ccc5&efg=eyJ2ZW5jb2RlX3RhZyI6InByb2ZpbGVfcGljLnd3dy4xMDgwLkMzIn0%3D&_nc_ohc=z7zRbeKAbpcQ7kNvwH15ncj&_nc_oc=Adoz3EeRXNpMe52XOZjenaaGGXGHEZcWPmPkHfjfgi-IkIQibXQ12KXMuBCdRMb44Dt0A9_EEZIs3InF2MQviSZv&_nc_zt=24&_nc_ht=scontent-atl3-1.cdninstagram.com&_nc_gid=TT1qP-UijubIUheRgEbFHw&_nc_ss=72689&oh=00_AQB65Ngy-UqayynXJ6-ect2a_JQ6NOhXlDBDZ6v7Q6GHhw&oe=6A5E9887', 'is_verified': False, 'id': '69425823422', 'full_name': None, 'is_mentionable': None, 'is_private': None, 'profile_pic_id': None, 'latest_reel_media': None}}, {'id': '18077428442126183', 'text': 'Bon courage 🤍🤍', 'ownerUsername': 'malek_bouzid01', 'ownerProfilePicUrl': 'https://scontent-atl3-1.cdninstagram.com/v/t51.82787-19/742573209_18104659427516127_6018928899030287760_n.jpg?stp=dst-jpg_s150x150_tt6&_nc_cat=100&ccb=7-5&_nc_sid=f7ccc5&efg=eyJ2ZW5jb2RlX3RhZyI6InByb2ZpbGVfcGljLnd3dy4xMDgwLkMzIn0%3D&_nc_ohc=ohuT4kQ7AeUQ7kNvwFW30FD&_nc_oc=AdrEs_uZJl7T7FMYRxJ10L8d_qCRddhWArVz7wMnua0-HzrjtGzcPptdyY446bSiamCFh7tQWWLRPytlG7OGVeSa&_nc_zt=24&_nc_ht=scontent-atl3-1.cdninstagram.com&_nc_gid=TT1qP-UijubIUheRgEbFHw&_nc_ss=72689&oh=00_AQC1jouvjgZMu7048NryyTnKlG8aNmR_s-LcZsDCxq5D5g&oe=6A5E74C8', 'timestamp': '2026-03-25T21:04:43.000Z', 'repliesCount': None, 'replies': None, 'likesCount': 1, 'owner': {'username': 'malek_bouzid01', 'profile_pic_url': 'https://scontent-atl3-1.cdninstagram.com/v/t51.82787-19/742573209_18104659427516127_6018928899030287760_n.jpg?stp=dst-jpg_s150x150_tt6&_nc_cat=100&ccb=7-5&_nc_sid=f7ccc5&efg=eyJ2ZW5jb2RlX3RhZyI6InByb2ZpbGVfcGljLnd3dy4xMDgwLkMzIn0%3D&_nc_ohc=ohuT4kQ7AeUQ7kNvwFW30FD&_nc_oc=AdrEs_uZJl7T7FMYRxJ10L8d_qCRddhWArVz7wMnua0-HzrjtGzcPptdyY446bSiamCFh7tQWWLRPytlG7OGVeSa&_nc_zt=24&_nc_ht=scontent-atl3-1.cdninstagram.com&_nc_gid=TT1qP-UijubIUheRgEbFHw&_nc_ss=72689&oh=00_AQC1jouvjgZMu7048NryyTnKlG8aNmR_s-LcZsDCxq5D5g&oe=6A5E74C8', 'is_verified': False, 'id': '45469972126', 'full_name': None, 'is_mentionable': None, 'is_private': None, 'profile_pic_id': None, 'latest_reel_media': None}}, {'id': '18105712138930032', 'text': 'Bonne continuation 👏🥰', 'ownerUsername': 'islemlouatii', 'ownerProfilePicUrl': 'https://scontent-atl3-2.cdninstagram.com/v/t51.82787-19/706527193_18133681405564344_1412656507076370875_n.jpg?stp=dst-jpg_s150x150_tt6&_nc_cat=105&ccb=7-5&_nc_sid=f7ccc5&efg=eyJ2ZW5jb2RlX3RhZyI6InByb2ZpbGVfcGljLnd3dy4xMDgwLkMzIn0%3D&_nc_ohc=p08UUI3l0JoQ7kNvwHxF0v_&_nc_oc=AdrDHnQbLQlzhBpLQvhJfBF9lGdsVqLRnhP3K3xY9jw-k1P04zMd5-PMjXIfPJhD7ZilD-eZGxTw7IopJRIC_8bB&_nc_zt=24&_nc_ht=scontent-atl3-2.cdninstagram.com&_nc_gid=TT1qP-UijubIUheRgEbFHw&_nc_ss=72689&oh=00_AQAONHp_t3muvmypwJ1vjNFSt9x5xvymkMMbEIiSpKl_xw&oe=6A5E717A', 'timestamp': '2026-03-25T21:04:16.000Z', 'repliesCount': None, 'replies': None, 'likesCount': 1, 'owner': {'username': 'islemlouatii', 'profile_pic_url': 'https://scontent-atl3-2.cdninstagram.com/v/t51.82787-19/706527193_18133681405564344_1412656507076370875_n.jpg?stp=dst-jpg_s150x150_tt6&_nc_cat=105&ccb=7-5&_nc_sid=f7ccc5&efg=eyJ2ZW5jb2RlX3RhZyI6InByb2ZpbGVfcGljLnd3dy4xMDgwLkMzIn0%3D&_nc_ohc=p08UUI3l0JoQ7kNvwHxF0v_&_nc_oc=AdrDHnQbLQlzhBpLQvhJfBF9lGdsVqLRnhP3K3xY9jw-k1P04zMd5-PMjXIfPJhD7ZilD-eZGxTw7IopJRIC_8bB&_nc_zt=24&_nc_ht=scontent-atl3-2.cdninstagram.com&_nc_gid=TT1qP-UijubIUheRgEbFHw&_nc_ss=72689&oh=00_AQAONHp_t3muvmypwJ1vjNFSt9x5xvymkMMbEIiSpKl_xw&oe=6A5E717A', 'is_verified': False, 'id': '16937348343', 'full_name': None, 'is_mentionable': None, 'is_private': None, 'profile_pic_id': None, 'latest_reel_media': None}}, {'id': '18084087059588020', 'text': 'Bon courage ❤️', 'ownerUsername': 'meksi.aziz', 'ownerProfilePicUrl': 'https://scontent-atl3-3.cdninstagram.com/v/t51.82787-19/719009619_18100914029321121_8184886202056350791_n.jpg?stp=dst-jpg_s150x150_tt6&_nc_cat=108&ccb=7-5&_nc_sid=f7ccc5&efg=eyJ2ZW5jb2RlX3RhZyI6InByb2ZpbGVfcGljLnd3dy45NjAuQzMifQ%3D%3D&_nc_ohc=u0hslbSWuqkQ7kNvwFCP7F3&_nc_oc=AdocESAck8sFZXbWTt7vev-V6YRFB9dTL4Tjf4FcrvU0kgBmdVnzQI_LQdx5a7CT_L4_ek0kJqV2vNf-KlHTANJ1&_nc_zt=24&_nc_ht=scontent-atl3-3.cdninstagram.com&_nc_gid=TT1qP-UijubIUheRgEbFHw&_nc_ss=72689&oh=00_AQCrN-YuWTnqxZxGS89haI2A6hoUDzOr3gQnEeAUux5Blw&oe=6A5E9616', 'timestamp': '2026-03-25T21:02:29.000Z', 'repliesCount': None, 'replies': None, 'likesCount': 1, 'owner': {'username': 'meksi.aziz', 'profile_pic_url': 'https://scontent-atl3-3.cdninstagram.com/v/t51.82787-19/719009619_18100914029321121_8184886202056350791_n.jpg?stp=dst-jpg_s150x150_tt6&_nc_cat=108&ccb=7-5&_nc_sid=f7ccc5&efg=eyJ2ZW5jb2RlX3RhZyI6InByb2ZpbGVfcGljLnd3dy45NjAuQzMifQ%3D%3D&_nc_ohc=u0hslbSWuqkQ7kNvwFCP7F3&_nc_oc=AdocESAck8sFZXbWTt7vev-V6YRFB9dTL4Tjf4FcrvU0kgBmdVnzQI_LQdx5a7CT_L4_ek0kJqV2vNf-KlHTANJ1&_nc_zt=24&_nc_ht=scontent-atl3-3.cdninstagram.com&_nc_gid=TT1qP-UijubIUheRgEbFHw&_nc_ss=72689&oh=00_AQCrN-YuWTnqxZxGS89haI2A6hoUDzOr3gQnEeAUux5Blw&oe=6A5E9616', 'is_verified': False, 'id': '39692753120', 'full_name': None, 'is_mentionable': None, 'is_private': None, 'profile_pic_id': None, 'latest_reel_media': None}}]",1920,1080,https://scontent-bos5-1.cdninstagram.com/v/t51.82787-15/656320071_18054584312710423_7146444319301977891_n.jpg?stp=dst-jpg_e15_fr_p1080x1080_tt6&_nc_ht=scontent-bos5-1.cdninstagram.com&_nc_cat=107&_nc_oc=Q6cZ2gELVjVuivTS7nBp6lgFbNqbxbDQ841NuQ9ZQt0jIpU8MEvC27M_VK_AKUFM4ec_Fyw&_nc_ohc=EUj_j4RG65MQ7kNvwHFTaVY&_nc_gid=DVAQOwDxnfKUxPqrB-a_Sg&edm=ADp7STQBAAAA&ccb=7-5&oh=00_AQCUITyNuZqtL9gApTO483LGFzrTgz_wf8rdN5OT-a87mw&oe=6A5E9574&_nc_sid=c6f216,[],"Video by Emmak Prod on March 25, 2026.",45,2026-03-25T20:36:08.000Z,[],Emmak Prod,emmakprod,51343982422,False,https://www.instagram.com/emmakprod/,1280,720,clips,,,,https://scontent-atl3-1.cdninstagram.com/o1/v/t2/f2/m86/AQOqXjDOHPj5mNp5DZcsWBbKQ-eCfhbi9lT1PzAnysSWsBEbJGEQUz5ybUOEJowfuuTM0bfe60BWaeKAmw7JNDgK4KAF49FQr6pRlpc.mp4?_nc_cat=103&_nc_sid=5e9851&_nc_ht=scontent-atl3-1.cdninstagram.com&_nc_ohc=aoK7exTXrKMQ7kNvwFEtJGI&efg=eyJ2ZW5jb2RlX3RhZyI6Inhwdl9wcm9ncmVzc2l2ZS5JTlNUQUdSQU0uQ0xJUFMuQzMuNzIwLmRhc2hfYmFzZWxpbmVfMV92MSIsInhwdl9hc3NldF9pZCI6MTc5NDEzOTE1NzcxNzA4NDIsImFzc2V0X2FnZV9kYXlzIjoxMTIsInZpX3VzZWNhc2VfaWQiOjEwMDk5LCJkdXJhdGlvbl9zIjozOSwidXJsZ2VuX3NvdXJjZSI6Ind3dyJ9&ccb=17-1&vs=9b481523aa782a49&_nc_vs=HBksFQIYUmlnX3hwdl9yZWVsc19wZXJtYW5lbnRfc3JfcHJvZC9GRDQyODMxNTJFQ0U1RTVBRkRBODIzMDg0MDRCRDRBRV92aWRlb19kYXNoaW5pdC5tcDQVAALIARIAFQIYUWlnX3hwdl9wbGFjZW1lbnRfcGVybWFuZW50X3YyLzI0NEFCNDk1M0EwQjQyNUQ2NEFFODZEOTczN0U2REI0X2F1ZGlvX2Rhc2hpbml0Lm1wNBUCAsgBEgAoABgAGwKIB3VzZV9vaWwBMRJwcm9ncmVzc2l2ZV9yZWNpcGUBMRUAACa0jt77t-bePxUCKAJDMywXQEPmZmZmZmYYEmRhc2hfYmFzZWxpbmVfMV92MREAdf4HZeadAQA&_nc_gid=TT1qP-UijubIUheRgEbFHw&_nc_ss=72689&_nc_zt=28&oh=00_AQBTr7IWtDlrw7zcbSkQJzqf01V2V-ZgQUg5a1Sc5r0zzg&oe=6A5A82DC,261,https://scontent-atl3-2.cdninstagram.com/o1/v/t2/f2/m78/AQNAIexednnN_rsH_soqY8j_5ICPhRH9WNkIp2lf72odCe_URIaqPy9amO65J--OCkuBhk7tn9_l1a4_EF42I_LzMOnKI5CMER_W_P8.mp4?_nc_cat=102&_nc_sid=9ca052&_nc_ht=scontent-atl3-2.cdninstagram.com&_nc_ohc=yfRnCMzc3xMQ7kNvwF6WkgW&efg=eyJ2ZW5jb2RlX3RhZyI6ImlnLXhwdmRzLmNsaXBzLmlnd3d3LUMzLmRhc2hfbG5faGVhYWNfdmJyM19hdWRpbyIsInZpZGVvX2lkIjpudWxsLCJvaWxfdXJsZ2VuX2FwcF9pZCI6OTM2NjE5NzQzMzkyNDU5LCJjbGllbnRfbmFtZSI6ImlnIiwieHB2X2Fzc2V0X2lkIjoxNzk0MTM5MTU3NzE3MDg0MiwiYXNzZXRfYWdlX2RheXMiOjExMiwidmlfdXNlY2FzZV9pZCI6MTAwOTksImR1cmF0aW9uX3MiOjM5LCJiaXRyYXRlIjo4OTQ3OCwidXJsZ2VuX3NvdXJjZSI6Ind3dyJ9&ccb=17-1&_nc_gid=TT1qP-UijubIUheRgEbFHw&_nc_ss=72689&_nc_zt=28&oh=00_AQAYkwzz4tev24zPewOVhxOfBUbaGUYaFI38_q_P5aPh-w&oe=6A5A9697,39.8,"{'artist_name': 'emmakprod', 'song_name': 'Original audio', 'uses_original_audio': True, 'should_mute_audio': False, 'should_mute_audio_reason': '', 'audio_id': '25874457612236016'}",999,,
3918745915998189129,Video,DZiLqXwFbZJ,"⁨	⁨	⁨	لا كانتلو لا على البال و لا على الخاطر 🤣
شقولكم في الـ surprise ؟ 😎⁩⁩
ويني mildew-proof؟⁩",[],[],https://www.instagram.com/p/DZiLqXwFbZJ/,1089,@faresmh_  rahou kass dhaw lberah lkollhom hakka ydourou. Rettila ye ghaaali,"[{'id': '17985232551010330', 'text': '@faresmh_  rahou kass dhaw lberah lkollhom hakka ydourou. Rettila ye ghaaali', 'ownerUsername': 'fadhelmokaddem', 'ownerProfilePicUrl': 'https://scontent-sjc6-1.cdninstagram.com/v/t51.82787-19/715690201_18105724898057643_5232660687230133930_n.jpg?stp=dst-jpg_s150x150_tt6&_nc_cat=102&ccb=7-5&_nc_sid=f7ccc5&efg=eyJ2ZW5jb2RlX3RhZyI6InByb2ZpbGVfcGljLnd3dy4xMDgwLkMzIn0%3D&_nc_ohc=yDRLOeBrIVcQ7kNvwFWwd6B&_nc_oc=AdrYQDVRTIGsQBnsKaxNzcRd9LSmrBiKXSd3btxDIVbEDrSnwhj7sOg6nDUXJn-9on8&_nc_zt=24&_nc_ht=scontent-sjc6-1.cdninstagram.com&_nc_gid=mIHdEeOU-mjzui20KSaOaw&_nc_ss=72a8c&oh=00_AQDQgId_A7Es80WZo_1EcusJuXV3CA_S4r16LBEg48Z7PA&oe=6A5E81A4', 'timestamp': '2026-07-16T02:16:52.000Z', 'repliesCount': None, 'replies': None, 'likesCount': 0, 'owner': {'username': 'fadhelmokaddem', 'profile_pic_url': 'https://scontent-sjc6-1.cdninstagram.com/v/t51.82787-19/715690201_18105724898057643_5232660687230133930_n.jpg?stp=dst-jpg_s150x150_tt6&_nc_cat=102&ccb=7-5&_nc_sid=f7ccc5&efg=eyJ2ZW5jb2RlX3RhZyI6InByb2ZpbGVfcGljLnd3dy4xMDgwLkMzIn0%3D&_nc_ohc=yDRLOeBrIVcQ7kNvwFWwd6B&_nc_oc=AdrYQDVRTIGsQBnsKaxNzcRd9LSmrBiKXSd3btxDIVbEDrSnwhj7sOg6nDUXJn-9on8&_nc_zt=24&_nc_ht=scontent-sjc6-1.cdninstagram.com&_nc_gid=mIHdEeOU-mjzui20KSaOaw&_nc_ss=72a8c&oh=00_AQDQgId_A7Es80WZo_1EcusJuXV3CA_S4r16LBEg48Z7PA&oe=6A5E81A4', 'is_verified': False, 'id': '31777369642', 'full_name': None, 'is_mentionable': None, 'is_private': None, 'profile_pic_id': None, 'latest_reel_media': None}}, {'id': '18113810890939181', 'text': '😂😂😂😂😂', 'ownerUsername': 'lobnasediri', 'ownerProfilePicUrl': 'https://scontent-sjc6-1.cdninstagram.com/v/t51.2885-19/427731343_432855989071801_4603796520289612376_n.jpg?stp=dst-jpg_s150x150_tt6&_nc_cat=102&ccb=7-5&_nc_sid=f7ccc5&efg=eyJ2ZW5jb2RlX3RhZyI6InByb2ZpbGVfcGljLnd3dy4xMDgwLkMzIn0%3D&_nc_ohc=FssoF727Q-0Q7kNvwGIQkiD&_nc_oc=Ado-Fd8Pf2IkSbVh3JwKLjL8C801Cb3VuuFTZE6anPunsMcZ8TNPiywi_dAOBZfMTng&_nc_zt=24&_nc_ht=scontent-sjc6-1.cdninstagram.com&_nc_ss=72a8c&oh=00_AQCVoMhIIV5ec9oa4FTYw_7-IXelPAbmxOlWoJ8Zw5BHpw&oe=6A5E6BEB', 'timestamp': '2026-07-15T20:15:20.000Z', 'repliesCount': None, 'replies': None, 'likesCount': 2, 'owner': {'username': 'lobnasediri', 'profile_pic_url': 'https://scontent-sjc6-1.cdninstagram.com/v/t51.2885-19/427731343_432855989071801_4603796520289612376_n.jpg?stp=dst-jpg_s150x150_tt6&_nc_cat=102&ccb=7-5&_nc_sid=f7ccc5&efg=eyJ2ZW5jb2RlX3RhZyI6InByb2ZpbGVfcGljLnd3dy4xMDgwLkMzIn0%3D&_nc_ohc=FssoF727Q-0Q7kNvwGIQkiD&_nc_oc=Ado-Fd8Pf2IkSbVh3JwKLjL8C801Cb3VuuFTZE6anPunsMcZ8TNPiywi_dAOBZfMTng&_nc_zt=24&_nc_ht=scontent-sjc6-1.cdninstagram.com&_nc_ss=72a8c&oh=00_AQCVoMhIIV5ec9oa4FTYw_7-IXelPAbmxOlWoJ8Zw5BHpw&oe=6A5E6BEB', 'is_verified': True, 'id': '1321399497', 'full_name': None, 'is_mentionable': None, 'is_private': None, 'profile_pic_id': None, 'latest_reel_media': None}}, {'id': '17986882436840810', 'text': '😂😂❤️', 'ownerUsername': 'wa_jdii_', 'ownerProfilePicUrl': 'https://scontent-sjc6-1.cdninstagram.com/v/t51.82787-19/733852179_17877471450680455_9140650212180662266_n.jpg?stp=dst-jpg_s150x150_tt6&_nc_cat=104&ccb=7-5&_nc_sid=f7ccc5&efg=eyJ2ZW5jb2RlX3RhZyI6InByb2ZpbGVfcGljLnd3dy4xMDgwLkMzIn0%3D&_nc_ohc=jUU86BX4tDAQ7kNvwFe3pfI&_nc_oc=AdrN6UqaF6-WFYL1m6om8Aw7bwvHTMpcIzT59-yQKTo4tHirGPFtbM6ND3MQ5fgd22E&_nc_zt=24&_nc_ht=scontent-sjc6-1.cdninstagram.com&_nc_gid=mIHdEeOU-mjzui20KSaOaw&_nc_ss=72a8c&oh=00_AQApEzaJQdzSqMNpNGsUXiYYSz0sgrPIbfdBvfwU_dHBCg&oe=6A5E76C8', 'timestamp': '2026-07-15T18:25:19.000Z', 'repliesCount': None, 'replies': None, 'likesCount': 0, 'owner': {'username': 'wa_jdii_', 'profile_pic_url': 'https://scontent-sjc6-1.cdninstagram.com/v/t51.82787-19/733852179_17877471450680455_9140650212180662266_n.jpg?stp=dst-jpg_s150x150_tt6&_nc_cat=104&ccb=7-5&_nc_sid=f7ccc5&efg=eyJ2ZW5jb2RlX3RhZyI6InByb2ZpbGVfcGljLnd3dy4xMDgwLkMzIn0%3D&_nc_ohc=jUU86BX4tDAQ7kNvwFe3pfI&_nc_oc=AdrN6UqaF6-WFYL1m6om8Aw7bwvHTMpcIzT59-yQKTo4tHirGPFtbM6ND3MQ5fgd22E&_nc_zt=24&_nc_ht=scontent-sjc6-1.cdninstagram.com&_nc_gid=mIHdEeOU-mjzui20KSaOaw&_nc_ss=72a8c&oh=00_AQApEzaJQdzSqMNpNGsUXiYYSz0sgrPIbfdBvfwU_dHBCg&oe=6A5E76C8', 'is_verified': False, 'id': '80593640454', 'full_name': None, 'is_mentionable': None, 'is_private': None, 'profile_pic_id': None, 'latest_reel_media': None}}, {'id': '17877759669503471', 'text': 'On😂', 'ownerUsername': 'hamza_ftouhi76', 'ownerProfilePicUrl': 'https://scontent-sjc6-1.cdninstagram.com/v/t51.82787-19/728984190_17935361319276587_2492620202408544205_n.jpg?stp=dst-jpg_s150x150_tt6&_nc_cat=101&ccb=7-5&_nc_sid=f7ccc5&efg=eyJ2ZW5jb2RlX3RhZyI6InByb2ZpbGVfcGljLnd3dy4xMDgwLkMzIn0%3D&_nc_ohc=XIc3Rw0g0xwQ7kNvwHiynHf&_nc_oc=AdpxQEr88p2SRuMMulXBz_lQVYZi06QhNITDCN1st49QAaFYTJ9el-YzcrMwEMb_rlk&_nc_zt=24&_nc_ht=scontent-sjc6-1.cdninstagram.com&_nc_gid=mIHdEeOU-mjzui20KSaOaw&_nc_ss=72a8c&oh=00_AQDnh2HdqX3x9wnJCorZn4T9HRb8dH1WsOPrDy3WfWpZ5A&oe=6A5E6788', 'timestamp': '2026-07-15T15:51:01.000Z', 'repliesCount': None, 'replies': None, 'likesCount': 0, 'owner': {'username': 'hamza_ftouhi76', 'profile_pic_url': 'https://scontent-sjc6-1.cdninstagram.com/v/t51.82787-19/728984190_17935361319276587_2492620202408544205_n.jpg?stp=dst-jpg_s150x150_tt6&_nc_cat=101&ccb=7-5&_nc_sid=f7ccc5&efg=eyJ2ZW5jb2RlX3RhZyI6InByb2ZpbGVfcGljLnd3dy4xMDgwLkMzIn0%3D&_nc_ohc=XIc3Rw0g0xwQ7kNvwHiynHf&_nc_oc=AdpxQEr88p2SRuMMulXBz_lQVYZi06QhNITDCN1st49QAaFYTJ9el-YzcrMwEMb_rlk&_nc_zt=24&_nc_ht=scontent-sjc6-1.cdninstagram.com&_nc_gid=mIHdEeOU-mjzui20KSaOaw&_nc_ss=72a8c&oh=00_AQDnh2HdqX3x9wnJCorZn4T9HRb8dH1WsOPrDy3WfWpZ5A&oe=6A5E6788', 'is_verified': False, 'id': '68264180586', 'full_name': None, 'is_mentionable': None, 'is_private': None, 'profile_pic_id': None, 'latest_reel_media': None}}, {'id': '17869426353631112', 'text': '😂😂😂😂', 'ownerUsername': 'atice103', 'ownerProfilePicUrl': 'https://scontent-sjc6-1.cdninstagram.com/v/t51.82787-19/748829359_17899149099492357_3677776223778846731_n.jpg?stp=dst-jpg_s150x150_tt6&_nc_cat=102&ccb=7-5&_nc_sid=f7ccc5&efg=eyJ2ZW5jb2RlX3RhZyI6InByb2ZpbGVfcGljLnd3dy4xMDgwLkMzIn0%3D&_nc_ohc=gtDZXhBDYBsQ7kNvwF5FP1n&_nc_oc=Ado1UyK2oYZOCokf8p7e2VlfasZwduxYHOihLqgpEievLBuU9GezuVOOglJoDH0ha2U&_nc_zt=24&_nc_ht=scontent-sjc6-1.cdninstagram.com&_nc_gid=mIHdEeOU-mjzui20KSaOaw&_nc_ss=72a8c&oh=00_AQBEfY70jkWNwiNDW1XGDQWyx_QRMhYX-A9rsYaeW_Bd8Q&oe=6A5E713E', 'timestamp': '2026-07-15T11:20:00.000Z', 'repliesCount': None, 'replies': None, 'likesCount': 0, 'owner': {'username': 'atice103', 'profile_pic_url': 'https://scontent-sjc6-1.cdninstagram.com/v/t51.82787-19/748829359_17899149099492357_3677776223778846731_n.jpg?stp=dst-jpg_s150x150_tt6&_nc_cat=102&ccb=7-5&_nc_sid=f7ccc5&efg=eyJ2ZW5jb2RlX3RhZyI6InByb2ZpbGVfcGljLnd3dy4xMDgwLkMzIn0%3D&_nc_ohc=gtDZXhBDYBsQ7kNvwF5FP1n&_nc_oc=Ado1UyK2oYZOCokf8p7e2VlfasZwduxYHOihLqgpEievLBuU9GezuVOOglJoDH0ha2U&_nc_zt=24&_nc_ht=scontent-sjc6-1.cdninstagram.com&_nc_gid=mIHdEeOU-mjzui20KSaOaw&_nc_ss=72a8c&oh=00_AQBEfY70jkWNwiNDW1XGDQWyx_QRMhYX-A9rsYaeW_Bd8Q&oe=6A5E713E', 'is_verified': False, 'id': '74800972356', 'full_name': None, 'is_mentionable': None, 'is_private': None, 'profile_pic_id': None, 'latest_reel_media': None}}, {'id': '18183527125396852', 'text': '@yassinebengamra جاتو سميرة مقرون@gharbiikarim تجيه نسرين حنشون 😂😂😂', 'ownerUsername': 'hamza.med.qr', 'ownerProfilePicUrl': 'https://scontent-sjc6-1.cdninstagram.com/v/t51.82787-19/685009635_18072316130661376_5651657677494755799_n.jpg?stp=dst-jpg_s150x150_tt6&_nc_cat=107&ccb=7-5&_nc_sid=f7ccc5&efg=eyJ2ZW5jb2RlX3RhZyI6InByb2ZpbGVfcGljLnd3dy4xMDgwLkMzIn0%3D&_nc_ohc=fRwgBWsC-C0Q7kNvwGuJuE0&_nc_oc=AdrY0XeTmswRCn13CGZFP2B9IbKAG5UD0BY1wn9LFMNQ6x1HMowbI3wZ8lk9L7SlZjc&_nc_zt=24&_nc_ht=scontent-sjc6-1.cdninstagram.com&_nc_gid=mIHdEeOU-mjzui20KSaOaw&_nc_ss=72a8c&oh=00_AQCjOGNgMFAf0DAWbo7lMjbDUOu6ERsHcPt52yosxBYggA&oe=6A5E85AB', 'timestamp': '2026-07-15T08:08:54.000Z', 'repliesCount': None, 'replies': None, 'likesCount': 0, 'owner': {'username': 'hamza.med.qr', 'profile_pic_url': 'https://scontent-sjc6-1.cdninstagram.com/v/t51.82787-19/685009635_18072316130661376_5651657677494755799_n.jpg?stp=dst-jpg_s150x150_tt6&_nc_cat=107&ccb=7-5&_nc_sid=f7ccc5&efg=eyJ2ZW5jb2RlX3RhZyI6InByb2ZpbGVfcGljLnd3dy4xMDgwLkMzIn0%3D&_nc_ohc=fRwgBWsC-C0Q7kNvwGuJuE0&_nc_oc=AdrY0XeTmswRCn13CGZFP2B9IbKAG5UD0BY1wn9LFMNQ6x1HMowbI3wZ8lk9L7SlZjc&_nc_zt=24&_nc_ht=scontent-sjc6-1.cdninstagram.com&_nc_gid=mIHdEeOU-mjzui20KSaOaw&_nc_ss=72a8c&oh=00_AQCjOGNgMFAf0DAWbo7lMjbDUOu6ERsHcPt52yosxBYggA&oe=6A5E85AB', 'is_verified': False, 'id': '49723405375', 'full_name': None, 'is_mentionable': None, 'is_private': None, 'profile_pic_id': None, 'latest_reel_media': None}}, {'id': '18105769066861252', 'text': '😂🔥👏', 'ownerUsername': '_fafiechatti', 'ownerProfilePicUrl': 'https://scontent-sjc6-1.cdninstagram.com/v/t51.82787-19/685464453_18394715041156340_5953319999734629793_n.jpg?stp=dst-jpg_s150x150_tt6&_nc_cat=101&ccb=7-5&_nc_sid=f7ccc5&efg=eyJ2ZW5jb2RlX3RhZyI6InByb2ZpbGVfcGljLnd3dy4xMDgwLkMzIn0%3D&_nc_ohc=aAGoddBCVokQ7kNvwHrbTz0&_nc_oc=AdoR4RErdK_Ccnf0HcEu4nh4qm_gfhHxP7_f4QSHgbYAOWkMgD5cni4-Gye7UuiUQDs&_nc_zt=24&_nc_ht=scontent-sjc6-1.cdninstagram.com&_nc_gid=mIHdEeOU-mjzui20KSaOaw&_nc_ss=72a8c&oh=00_AQANG8yCDt_UM5TUKggFO24gUczL6nnVgpY2yoIihdjAAQ&oe=6A5E7D74', 'timestamp': '2026-07-13T13:25:44.000Z', 'repliesCount': None, 'replies': None, 'likesCount': 0, 'owner': {'username': '_fafiechatti', 'profile_pic_url': 'https://scontent-sjc6-1.cdninstagram.com/v/t51.82787-19/685464453_18394715041156340_5953319999734629793_n.jpg?stp=dst-jpg_s150x150_tt6&_nc_cat=101&ccb=7-5&_nc_sid=f7ccc5&efg=eyJ2ZW5jb2RlX3RhZyI6InByb2ZpbGVfcGljLnd3dy4xMDgwLkMzIn0%3D&_nc_ohc=aAGoddBCVokQ7kNvwHrbTz0&_nc_oc=AdoR4RErdK_Ccnf0HcEu4nh4qm_gfhHxP7_f4QSHgbYAOWkMgD5cni4-Gye7UuiUQDs&_nc_zt=24&_nc_ht=scontent-sjc6-1.cdninstagram.com&_nc_gid=mIHdEeOU-mjzui20KSaOaw&_nc_ss=72a8c&oh=00_AQANG8yCDt_UM5TUKggFO24gUczL6nnVgpY2yoIihdjAAQ&oe=6A5E7D74', 'is_verified': False, 'id': '4615116339', 'full_name': None, 'is_mentionable': None, 'is_private': None, 'profile_pic_id': None, 'latest_reel_media': None}}, {'id': '18105640592102185', 'text': '🤣🤣🤣', 'ownerUsername': 'naserddinabdllaoui', 'ownerProfilePicUrl': 'https://scontent-sjc6-1.cdninstagram.com/v/t51.82787-19/657728774_17907163227379647_1979291178829435894_n.jpg?stp=dst-jpg_s150x150_tt6&_nc_cat=104&ccb=7-5&_nc_sid=f7ccc5&efg=eyJ2ZW5jb2RlX3RhZyI6InByb2ZpbGVfcGljLnd3dy4xMDgwLkMzIn0%3D&_nc_ohc=Yd8qSUWox_EQ7kNvwE-KVs6&_nc_oc=AdrPQ5L5k1C22eBuzVBjVUD1wQbj-t6LDdWma6H17zbyCcR7UJVUyOtOBE1UGBNQu-E&_nc_zt=24&_nc_ht=scontent-sjc6-1.cdninstagram.com&_nc_gid=mIHdEeOU-mjzui20KSaOaw&_nc_ss=72a8c&oh=00_AQDSxS12pI2fQymMHsYWC3u-tMUN5yiTacilfn6Z3oTJjA&oe=6A5E8963', 'timestamp': '2026-07-12T06:15:54.000Z', 'repliesCount': None, 'replies': None, 'likesCount': 0, 'owner': {'username': 'naserddinabdllaoui', 'profile_pic_url': 'https://scontent-sjc6-1.cdninstagram.com/v/t51.82787-19/657728774_17907163227379647_1979291178829435894_n.jpg?stp=dst-jpg_s150x150_tt6&_nc_cat=104&ccb=7-5&_nc_sid=f7ccc5&efg=eyJ2ZW5jb2RlX3RhZyI6InByb2ZpbGVfcGljLnd3dy4xMDgwLkMzIn0%3D&_nc_ohc=Yd8qSUWox_EQ7kNvwE-KVs6&_nc_oc=AdrPQ5L5k1C22eBuzVBjVUD1wQbj-t6LDdWma6H17zbyCcR7UJVUyOtOBE1UGBNQu-E&_nc_zt=24&_nc_ht=scontent-sjc6-1.cdninstagram.com&_nc_gid=mIHdEeOU-mjzui20KSaOaw&_nc_ss=72a8c&oh=00_AQDSxS12pI2fQymMHsYWC3u-tMUN5yiTacilfn6Z3oTJjA&oe=6A5E8963', 'is_verified': False, 'id': '71320947646', 'full_name': None, 'is_mentionable': None, 'is_private': None, 'profile_pic_id': None, 'latest_reel_media': None}}, {'id': '17948437890215288', 'text': '😂😂😂', 'ownerUsername': 'ponxx.yassine', 'ownerProfilePicUrl': 'https://scontent-sjc3-1.cdninstagram.com/v/t51.82787-19/659589896_17930812728237958_5608553158009277797_n.jpg?stp=dst-jpg_s150x150_tt6&_nc_cat=106&ccb=7-5&_nc_sid=f7ccc5&efg=eyJ2ZW5jb2RlX3RhZyI6InByb2ZpbGVfcGljLnd3dy43MzYuQzMifQ%3D%3D&_nc_ohc=dWDlQsZu1lwQ7kNvwHaSdC5&_nc_oc=Adq8wZvbi7MRIEUfrcVOS2H7L-DYy7TXyCKv7yn_dvt22ne9WyHMFem2zIMoLc2CY2o&_nc_zt=24&_nc_ht=scontent-sjc3-1.cdninstagram.com&_nc_gid=mIHdEeOU-mjzui20KSaOaw&_nc_ss=72a8c&oh=00_AQASF4twLrwKScc2g9BtR8anooBWqIjZMFu59ebsfS9mYA&oe=6A5E735C', 'timestamp': '2026-07-12T05:53:45.000Z', 'repliesCount': None, 'replies': None, 'likesCount': 0, 'owner': {'username': 'ponxx.yassine', 'profile_pic_url': 'https://scontent-sjc3-1.cdninstagram.com/v/t51.82787-19/659589896_17930812728237958_5608553158009277797_n.jpg?stp=dst-jpg_s150x150_tt6&_nc_cat=106&ccb=7-5&_nc_sid=f7ccc5&efg=eyJ2ZW5jb2RlX3RhZyI6InByb2ZpbGVfcGljLnd3dy43MzYuQzMifQ%3D%3D&_nc_ohc=dWDlQsZu1lwQ7kNvwHaSdC5&_nc_oc=Adq8wZvbi7MRIEUfrcVOS2H7L-DYy7TXyCKv7yn_dvt22ne9WyHMFem2zIMoLc2CY2o&_nc_zt=24&_nc_ht=scontent-sjc3-1.cdninstagram.com&_nc_gid=mIHdEeOU-mjzui20KSaOaw&_nc_ss=72a8c&oh=00_AQASF4twLrwKScc2g9BtR8anooBWqIjZMFu59ebsfS9mYA&oe=6A5E735C', 'is_verified': False, 'id': '67017581957', 'full_name': None, 'is_mentionable': None, 'is_private': None, 'profile_pic_id': None, 'latest_reel_media': None}}, {'id': '18104310743117769', 'text': 'Onn😂😂😂😂😂', 'ownerUsername': 'hafnaoui2010', 'ownerProfilePicUrl': 'https://scontent-sjc6-1.cdninstagram.com/v/t51.82787-19/670161684_18091422610957296_3838859132469454379_n.jpg?stp=dst-jpg_s150x150_tt6&_nc_cat=101&ccb=7-5&_nc_sid=f7ccc5&efg=eyJ2ZW5jb2RlX3RhZyI6InByb2ZpbGVfcGljLnd3dy4xMDgwLkMzIn0%3D&_nc_ohc=ktPuBx_R4b0Q7kNvwFR5WOG&_nc_oc=Adop_r66CpNcl6v6b9MUMEnJ65j7OqGDfoF3_LbJAj6OMEs3r_mWU8cI88OxKe6hdvc&_nc_zt=24&_nc_ht=scontent-sjc6-1.cdninstagram.com&_nc_gid=mIHdEeOU-mjzui20KSaOaw&_nc_ss=72a8c&oh=00_AQDkyRsrIZ5P8WotUh1CIMJugQ-80U7KuEdSaRyWIUjRdA&oe=6A5E85AE', 'timestamp': '2026-07-10T04:02:09.000Z', 'repliesCount': None, 'replies': None, 'likesCount': 0, 'owner': {'username': 'hafnaoui2010', 'profile_pic_url': 'https://scontent-sjc6-1.cdninstagram.com/v/t51.82787-19/670161684_18091422610957296_3838859132469454379_n.jpg?stp=dst-jpg_s150x150_tt6&_nc_cat=101&ccb=7-5&_nc_sid=f7ccc5&efg=eyJ2ZW5jb2RlX3RhZyI6InByb2ZpbGVfcGljLnd3dy4xMDgwLkMzIn0%3D&_nc_ohc=ktPuBx_R4b0Q7kNvwFR5WOG&_nc_oc=Adop_r66CpNcl6v6b9MUMEnJ65j7OqGDfoF3_LbJAj6OMEs3r_mWU8cI88OxKe6hdvc&_nc_zt=24&_nc_ht=scontent-sjc6-1.cdninstagram.com&_nc_gid=mIHdEeOU-mjzui20KSaOaw&_nc_ss=72a8c&oh=00_AQDkyRsrIZ5P8WotUh1CIMJugQ-80U7KuEdSaRyWIUjRdA&oe=6A5E85AE', 'is_verified': False, 'id': '28640197295', 'full_name': None, 'is_mentionable': None, 'is_private': None, 'profile_pic_id': None, 'latest_reel_media': None}}, {'id': '18007909040931847', 'text': '😂😂😂😂😂😂😂😂😂😂😂😂', 'ownerUsername': 'bachar_afif', 'ownerProfilePicUrl': 'https://scontent-sjc6-1.cdninstagram.com/v/t51.82787-19/733542555_17947167069246676_3105345846421263384_n.jpg?stp=dst-jpg_s150x150_tt6&_nc_cat=111&ccb=7-5&_nc_sid=f7ccc5&efg=eyJ2ZW5jb2RlX3RhZyI6InByb2ZpbGVfcGljLnd3dy4xMDgwLkMzIn0%3D&_nc_ohc=737SyETmAwsQ7kNvwHcXlBg&_nc_oc=AdqhsJ3O7GZDfdcPNwyPPpAs-w_Tg8PvwQrXxFlXY-kabt8ugJd6rwId2-Fa7TYMhrA&_nc_zt=24&_nc_ht=scontent-sjc6-1.cdninstagram.com&_nc_gid=mIHdEeOU-mjzui20KSaOaw&_nc_ss=72a8c&oh=00_AQDog9NzPvsi-8pP5u8ft2hsCGz-1XW_NR_Q9RjTC9yhaA&oe=6A5E72B6', 'timestamp': '2026-07-09T13:04:03.000Z', 'repliesCount': None, 'replies': None, 'likesCount': 0, 'owner': {'username': 'bachar_afif', 'profile_pic_url': 'https://scontent-sjc6-1.cdninstagram.com/v/t51.82787-19/733542555_17947167069246676_3105345846421263384_n.jpg?stp=dst-jpg_s150x150_tt6&_nc_cat=111&ccb=7-5&_nc_sid=f7ccc5&efg=eyJ2ZW5jb2RlX3RhZyI6InByb2ZpbGVfcGljLnd3dy4xMDgwLkMzIn0%3D&_nc_ohc=737SyETmAwsQ7kNvwHcXlBg&_nc_oc=AdqhsJ3O7GZDfdcPNwyPPpAs-w_Tg8PvwQrXxFlXY-kabt8ugJd6rwId2-Fa7TYMhrA&_nc_zt=24&_nc_ht=scontent-sjc6-1.cdninstagram.com&_nc_gid=mIHdEeOU-mjzui20KSaOaw&_nc_ss=72a8c&oh=00_AQDog9NzPvsi-8pP5u8ft2hsCGz-1XW_NR_Q9RjTC9yhaA&oe=6A5E72B6', 'is_verified': False, 'id': '67297806675', 'full_name': None, 'is_mentionable': None, 'is_private': None, 'profile_pic_id': None, 'latest_reel_media': None}}, {'id': '18092469080637787', 'text': 'hhhhhhh a9wa publusite', 'ownerUsername': 'h_anas_s1', 'ownerProfilePicUrl': 'https://scontent-sjc3-1.cdninstagram.com/v/t51.89012-19/573323465_1219825463302212_7278921664109726296_n.jpg?stp=dst-jpg_s150x150_tt6&_nc_cat=1&ccb=7-5&_nc_sid=f7ccc5&efg=eyJ2ZW5jb2RlX3RhZyI6InByb2ZpbGVfcGljLnd3dy5DMyJ9&_nc_ohc=l7ChIGpa0oAQ7kNvwGenygW&_nc_oc=AdpoPVDcQqvQED-9B_fo1i6cLCAmzCgRucUVg3sDSBagD3Ifl3Etb66rq7rnCu37NXg&_nc_zt=24&_nc_ht=scontent-sjc3-1.cdninstagram.com&_nc_gid=mIHdEeOU-mjzui20KSaOaw&_nc_ss=72a8c&oh=00_AQBgnnOVArKXQ2tUo3bexqijJV80ExgIdFvzymZD2fSRZg&oe=6A5E8D22', 'timestamp': '2026-07-08T10:58:49.000Z', 'repliesCount': None, 'replies': None, 'likesCount': 0, 'owner': {'username': 'h_anas_s1', 'profile_pic_url': 'https://scontent-sjc3-1.cdninstagram.com/v/t51.89012-19/573323465_1219825463302212_7278921664109726296_n.jpg?stp=dst-jpg_s150x150_tt6&_nc_cat=1&ccb=7-5&_nc_sid=f7ccc5&efg=eyJ2ZW5jb2RlX3RhZyI6InByb2ZpbGVfcGljLnd3dy5DMyJ9&_nc_ohc=l7ChIGpa0oAQ7kNvwGenygW&_nc_oc=AdpoPVDcQqvQED-9B_fo1i6cLCAmzCgRucUVg3sDSBagD3Ifl3Etb66rq7rnCu37NXg&_nc_zt=24&_nc_ht=scontent-sjc3-1.cdninstagram.com&_nc_gid=mIHdEeOU-mjzui20KSaOaw&_nc_ss=72a8c&oh=00_AQBgnnOVArKXQ2tUo3bexqijJV80ExgIdFvzymZD2fSRZg&oe=6A5E8D22', 'is_verified': False, 'id': '64094762848', 'full_name': None, 'is_mentionable': None, 'is_private': None, 'profile_pic_id': None, 'latest_reel_media': None}}, {'id': '18129117733621826', 'text': 'Yjik ALA ya7wikk', 'ownerUsername': 'ch_bahroun_prvv', 'ownerProfilePicUrl': 'https://scontent-sjc3-1.cdninstagram.com/v/t51.82787-19/681899064_17864413212619865_3254584472291928190_n.jpg?stp=dst-jpg_s150x150_tt6&_nc_cat=103&ccb=7-5&_nc_sid=f7ccc5&efg=eyJ2ZW5jb2RlX3RhZyI6InByb2ZpbGVfcGljLnd3dy4xMDgwLkMzIn0%3D&_nc_ohc=rm9udAZsoLAQ7kNvwHsMhTR&_nc_oc=AdqymuvxutIsNn_i5zc1i8e_ith0XBbw3i2dIx4I3Z8jW9QyKegdVFofn9MH-OclJVw&_nc_zt=24&_nc_ht=scontent-sjc3-1.cdninstagram.com&_nc_gid=mIHdEeOU-mjzui20KSaOaw&_nc_ss=72a8c&oh=00_AQAh2lViVCRHLOFguqs1vOR_siJ790EKPEhApovx2Jg26w&oe=6A5E9DAD', 'timestamp': '2026-07-08T08:07:13.000Z', 'repliesCount': None, 'replies': None, 'likesCount': 0, 'owner': {'username': 'ch_bahroun_prvv', 'profile_pic_url': 'https://scontent-sjc3-1.cdninstagram.com/v/t51.82787-19/681899064_17864413212619865_3254584472291928190_n.jpg?stp=dst-jpg_s150x150_tt6&_nc_cat=103&ccb=7-5&_nc_sid=f7ccc5&efg=eyJ2ZW5jb2RlX3RhZyI6InByb2ZpbGVfcGljLnd3dy4xMDgwLkMzIn0%3D&_nc_ohc=rm9udAZsoLAQ7kNvwHsMhTR&_nc_oc=AdqymuvxutIsNn_i5zc1i8e_ith0XBbw3i2dIx4I3Z8jW9QyKegdVFofn9MH-OclJVw&_nc_zt=24&_nc_ht=scontent-sjc3-1.cdninstagram.com&_nc_gid=mIHdEeOU-mjzui20KSaOaw&_nc_ss=72a8c&oh=00_AQAh2lViVCRHLOFguqs1vOR_siJ790EKPEhApovx2Jg26w&oe=6A5E9DAD', 'is_verified': False, 'id': '78539915864', 'full_name': None, 'is_mentionable': None, 'is_private': None, 'profile_pic_id': None, 'latest_reel_media': None}}, {'id': '17888015256659157', 'text': '🤣🤣🤣', 'ownerUsername': 'roro_do7a2009', 'ownerProfilePicUrl': 'https://scontent-sjc6-1.cdninstagram.com/v/t51.82787-19/747190907_18122403157722937_1379007494927053742_n.jpg?stp=dst-jpg_s150x150_tt6&_nc_cat=111&ccb=7-5&_nc_sid=f7ccc5&efg=eyJ2ZW5jb2RlX3RhZyI6InByb2ZpbGVfcGljLnd3dy4xMDgwLkMzIn0%3D&_nc_ohc=Wh_f_qCjIoYQ7kNvwE5UD8f&_nc_oc=AdpWIpljVoH22J3MPjBHIUyQTFnGEy1iQblinT2eoeXBzvK4t7YcZcJwMfvSAYsNgMI&_nc_zt=24&_nc_ht=scontent-sjc6-1.cdninstagram.com&_nc_gid=mIHdEeOU-mjzui20KSaOaw&_nc_ss=72a8c&oh=00_AQBdERXSRT4ISaOq9-BvxKgdGX5N071UL8WmD35gATs3Bg&oe=6A5E84BB', 'timestamp': '2026-07-07T15:49:54.000Z', 'repliesCount': None, 'replies': None, 'likesCount': 0, 'owner': {'username': 'roro_do7a2009', 'profile_pic_url': 'https://scontent-sjc6-1.cdninstagram.com/v/t51.82787-19/747190907_18122403157722937_1379007494927053742_n.jpg?stp=dst-jpg_s150x150_tt6&_nc_cat=111&ccb=7-5&_nc_sid=f7ccc5&efg=eyJ2ZW5jb2RlX3RhZyI6InByb2ZpbGVfcGljLnd3dy4xMDgwLkMzIn0%3D&_nc_ohc=Wh_f_qCjIoYQ7kNvwE5UD8f&_nc_oc=AdpWIpljVoH22J3MPjBHIUyQTFnGEy1iQblinT2eoeXBzvK4t7YcZcJwMfvSAYsNgMI&_nc_zt=24&_nc_ht=scontent-sjc6-1.cdninstagram.com&_nc_gid=mIHdEeOU-mjzui20KSaOaw&_nc_ss=72a8c&oh=00_AQBdERXSRT4ISaOq9-BvxKgdGX5N071UL8WmD35gATs3Bg&oe=6A5E84BB', 'is_verified': False, 'id': '21823386936', 'full_name': None, 'is_mentionable': None, 'is_private': None, 'profile_pic_id': None, 'latest_reel_media': None}}, {'id': '17935394445337531', 'text': '😂😂', 'ownerUsername': 'goufran_goufran_', 'ownerProfilePicUrl': 'https://scontent-sjc3-1.cdninstagram.com/v/t51.89012-19/573323465_1219825463302212_7278921664109726296_n.jpg?stp=dst-jpg_s150x150_tt6&_nc_cat=1&ccb=7-5&_nc_sid=f7ccc5&efg=eyJ2ZW5jb2RlX3RhZyI6InByb2ZpbGVfcGljLnd3dy5DMyJ9&_nc_ohc=l7ChIGpa0oAQ7kNvwGenygW&_nc_oc=AdpoPVDcQqvQED-9B_fo1i6cLCAmzCgRucUVg3sDSBagD3Ifl3Etb66rq7rnCu37NXg&_nc_zt=24&_nc_ht=scontent-sjc3-1.cdninstagram.com&_nc_gid=mIHdEeOU-mjzui20KSaOaw&_nc_ss=72a8c&oh=00_AQBgnnOVArKXQ2tUo3bexqijJV80ExgIdFvzymZD2fSRZg&oe=6A5E8D22', 'timestamp': '2026-07-07T07:26:20.000Z', 'repliesCount': None, 'replies': None, 'likesCount': 0, 'owner': {'username': 'goufran_goufran_', 'profile_pic_url': 'https://scontent-sjc3-1.cdninstagram.com/v/t51.89012-19/573323465_1219825463302212_7278921664109726296_n.jpg?stp=dst-jpg_s150x150_tt6&_nc_cat=1&ccb=7-5&_nc_sid=f7ccc5&efg=eyJ2ZW5jb2RlX3RhZyI6InByb2ZpbGVfcGljLnd3dy5DMyJ9&_nc_ohc=l7ChIGpa0oAQ7kNvwGenygW&_nc_oc=AdpoPVDcQqvQED-9B_fo1i6cLCAmzCgRucUVg3sDSBagD3Ifl3Etb66rq7rnCu37NXg&_nc_zt=24&_nc_ht=scontent-sjc3-1.cdninstagram.com&_nc_gid=mIHdEeOU-mjzui20KSaOaw&_nc_ss=72a8c&oh=00_AQBgnnOVArKXQ2tUo3bexqijJV80ExgIdFvzymZD2fSRZg&oe=6A5E8D22', 'is_verified': False, 'id': '75525820192', 'full_name': None, 'is_mentionable': None, 'is_private': None, 'profile_pic_id': None, 'latest_reel_media': None}}]",1350,1080,https://scontent-iad3-2.cdninstagram.com/v/t51.82787-15/723873039_18095356196609535_1228146562472827269_n.jpg?stp=dst-jpg_e15_fr_p1080x1080_tt6&_nc_ht=scontent-iad3-2.cdninstagram.com&_nc_cat=103&_nc_oc=Q6cZ2gHb9ii1cb85P76qNrOkGALK5zW7KALgPJSg_0bnlSA5jprXMdGm4oLEpC4Ol08G2CJ-XQqPW0l4FuxUsJQMpwPU&_nc_ohc=3-6nNXl-fyoQ7kNvwHIKw8Q&_nc_gid=Z9wjj8pvr9ABI1j2fCRYmg&edm=ADp7STQBAAAA&ccb=7-5&oh=00_AQBCxIfc9nWM1HvIEPPRMoVGH-zwtuGHcwPTnh-t_NvGtg&oe=6A5E826F&_nc_sid=c6f216,[],"Video by Biolux Tunisie on June 13, 2026. May be an image of ‎one or more people, beard, bread, pie, poster and ‎text that says '‎? កីបីត زعما شكون شك ون طلعت الممثلة؟‎'‎‎.",45331,2026-06-13T17:17:33.000Z,[],Biolux Tunisie,biolux_tunisie,48301089534,False,https://www.instagram.com/muse_agency/,1080,1920,clips,,,"[{'full_name': 'MUSE', 'id': '408328146', 'is_verified': False, 'profile_pic_url': 'https://scontent-sjc6-1.cdninstagram.com/v/t51.2885-19/392926003_263469743353702_2129784441197382414_n.jpg?stp=dst-jpg_s150x150_tt6&_nc_cat=104&ccb=7-5&_nc_sid=f7ccc5&efg=eyJ2ZW5jb2RlX3RhZyI6InByb2ZpbGVfcGljLnd3dy41MDMuQzMifQ%3D%3D&_nc_ohc=vxWZOZ5EIgUQ7kNvwHO9ts2&_nc_oc=AdpjrRS_6N_dmnZKt-MvKWIUdQtSBbjEAHIJCCV7-tiB-gDiCEg2cxXwry-V9qVMec0&_nc_zt=24&_nc_ht=scontent-sjc6-1.cdninstagram.com&_nc_ss=72a8c&oh=00_AQBoOlBpW7OUkOHWApgckb5cUKREtx7KFwoHljsRU2Jb0g&oe=6A5E6AC3', 'username': 'muse_agency'}, {'full_name': 'Bani Nesrine', 'id': '1582920226', 'is_verified': False, 'profile_pic_url': 'https://scontent-sjc3-1.cdninstagram.com/v/t51.82787-19/728820978_18598086397008227_9087861494486884426_n.jpg?stp=dst-jpg_s150x150_tt6&_nc_cat=110&ccb=7-5&_nc_sid=f7ccc5&efg=eyJ2ZW5jb2RlX3RhZyI6InByb2ZpbGVfcGljLnd3dy43MjAuQzMifQ%3D%3D&_nc_ohc=_xEmVGowUYkQ7kNvwEl0TAz&_nc_oc=Adp2N2t-VTK5IEvefA3zvUoYQomphDbZw1_NezHSA4UVs-IfEhR0rGRaN_A_yeEOExw&_nc_zt=24&_nc_ht=scontent-sjc3-1.cdninstagram.com&_nc_gid=mIHdEeOU-mjzui20KSaOaw&_nc_ss=72a8c&oh=00_AQD0XkJT4l8Pz3wLuVEipcKPlKg3t8_WGSBEOo920SO5sQ&oe=6A5E74E9', 'username': 'nesrine_bani'}, {'full_name': 'Karim Gharbii', 'id': '3057541733', 'is_verified': True, 'profile_pic_url': 'https://scontent-sjc3-1.cdninstagram.com/v/t51.2885-19/33638667_217107899091748_4472981256488878080_n.jpg?stp=dst-jpg_s150x150_tt6&_nc_cat=1&ccb=7-5&_nc_sid=f7ccc5&efg=eyJ2ZW5jb2RlX3RhZyI6InByb2ZpbGVfcGljLnd3dy4xMDAyLkMzIn0%3D&_nc_ohc=7R_rkJkiGswQ7kNvwEhpVHN&_nc_oc=Ado0J-stvuYp6PQywXrmVp9gIvPjdkRzq56jjY_D4CNIEkYmBVf3VkEjsvyQVtWtUzY&_nc_zt=24&_nc_ht=scontent-sjc3-1.cdninstagram.com&_nc_ss=72a8c&oh=00_AQDCzlWb2j8o5Y0w8icX40ASEzK847aBRabdWMJDbKs0Ww&oe=6A5E6F2E', 'username': 'gharbiikarim'}]",https://scontent-sjc6-1.cdninstagram.com/o1/v/t2/f2/m86/AQNYif6tlDxrQpyLH6tlKSckaLj6GMrQYsRHbe1-ICeZ-rw9rilq4POi3AxhGbKLHGsnT8XnKFs4ooHWretc_hHkHGIV4GWbxhw8oOo.mp4?_nc_cat=102&_nc_sid=5e9851&_nc_ht=scontent-sjc6-1.cdninstagram.com&_nc_ohc=KG6jCQc_5YQQ7kNvwFB8Zr_&efg=eyJ2ZW5jb2RlX3RhZyI6Inhwdl9wcm9ncmVzc2l2ZS5JTlNUQUdSQU0uQ0xJUFMuQzMuMTI4MC5kYXNoX2Jhc2VsaW5lXzFfdjEiLCJ4cHZfYXNzZXRfaWQiOjE4MDk1MzU1OTI2NjA5NTM1LCJhc3NldF9hZ2VfZGF5cyI6MzIsInZpX3VzZWNhc2VfaWQiOjEwMDk5LCJkdXJhdGlvbl9zIjoxMjQsInVybGdlbl9zb3VyY2UiOiJ3d3cifQ%3D%3D&ccb=17-1&vs=59a5055976cf7037&_nc_vs=HBksFQIYUmlnX3hwdl9yZWVsc19wZXJtYW5lbnRfc3JfcHJvZC8yNTQ1MkFFNUNEOUVBRkQ5MUFDOUFEODUxMkRBRTRCM192aWRlb19kYXNoaW5pdC5tcDQVAALIARIAFQIYUWlnX3hwdl9wbGFjZW1lbnRfcGVybWFuZW50X3YyLzFDNEMzQTlDNTM3RTUwRkFBMEU0N0E4QjlCRUZGREFGX2F1ZGlvX2Rhc2hpbml0Lm1wNBUCAsgBEgAoABgAGwKIB3VzZV9vaWwBMRJwcm9ncmVzc2l2ZV9yZWNpcGUBMRUAACb--bfhq-ikQBUCKAJDMywXQF9AAAAAAAAYEmRhc2hfYmFzZWxpbmVfMV92MREAdf4HZeadAQA&_nc_gid=mIHdEeOU-mjzui20KSaOaw&_nc_ss=72a8c&_nc_zt=28&oh=00_AQCIBBdoItU9zvOWCP-7riKf52reSMFCVRsrw0rC-en9dw&oe=6A5A7403,383917,https://scontent-sjc6-1.cdninstagram.com/o1/v/t2/f2/m78/AQNQBJdJwYrFU5GhdMdH2wBUXpVlgCyFV3NLT3zSWA_N3Au3j74qCg4tLCDcal-GBrCPaVA3DeQ_LUHkjNZhg-V-skwTsEKZiWhJ55g.mp4?_nc_cat=100&_nc_sid=9ca052&_nc_ht=scontent-sjc6-1.cdninstagram.com&_nc_ohc=6mnA8l_7vmcQ7kNvwHlY9sU&efg=eyJ2ZW5jb2RlX3RhZyI6ImlnLXhwdmRzLmNsaXBzLmlnd3d3LUMzLmRhc2hfbG5faGVhYWNfdmJyM19hdWRpbyIsInZpZGVvX2lkIjpudWxsLCJvaWxfdXJsZ2VuX2FwcF9pZCI6OTM2NjE5NzQzMzkyNDU5LCJjbGllbnRfbmFtZSI6ImlnIiwieHB2X2Fzc2V0X2lkIjoxODA5NTM1NTkyNjYwOTUzNSwiYXNzZXRfYWdlX2RheXMiOjMyLCJ2aV91c2VjYXNlX2lkIjoxMDA5OSwiZHVyYXRpb25fcyI6MTI0LCJiaXRyYXRlIjo2MDI3OCwidXJsZ2VuX3NvdXJjZSI6Ind3dyJ9&ccb=17-1&_nc_gid=mIHdEeOU-mjzui20KSaOaw&_nc_ss=72a8c&_nc_zt=28&oh=00_AQBiQTbTe_jkXV9H4wgaPc0d3VPL-FKI-Z-ztoVb4wA0fw&oe=6A5A8E89,125,"{'artist_name': 'biolux_tunisie', 'song_name': 'Original audio', 'uses_original_audio': True, 'should_mute_audio': False, 'should_mute_audio_reason': '', 'audio_id': '27844707388549673'}",1203737,"[{'id': '408328146', 'is_verified': False, 'profile_pic_url': 'https://scontent-sjc6-1.cdninstagram.com/v/t51.2885-19/392926003_263469743353702_2129784441197382414_n.jpg?stp=dst-jpg_s150x150_tt6&_nc_cat=104&ccb=7-5&_nc_sid=f7ccc5&efg=eyJ2ZW5jb2RlX3RhZyI6InByb2ZpbGVfcGljLnd3dy41MDMuQzMifQ%3D%3D&_nc_ohc=vxWZOZ5EIgUQ7kNvwHO9ts2&_nc_oc=AdpjrRS_6N_dmnZKt-MvKWIUdQtSBbjEAHIJCCV7-tiB-gDiCEg2cxXwry-V9qVMec0&_nc_zt=24&_nc_ht=scontent-sjc6-1.cdninstagram.com&_nc_ss=72a8c&oh=00_AQBoOlBpW7OUkOHWApgckb5cUKREtx7KFwoHljsRU2Jb0g&oe=6A5E6AC3', 'username': 'muse_agency', '__typename': 'User', 'is_unpublished': False, 'full_name': 'MUSE', 'fbid': '17841400244386380'}, {'id': '1582920226', 'is_verified': False, 'profile_pic_url': 'https://scontent-sjc3-1.cdninstagram.com/v/t51.82787-19/728820978_18598086397008227_9087861494486884426_n.jpg?stp=dst-jpg_s150x150_tt6&_nc_cat=110&ccb=7-5&_nc_sid=f7ccc5&efg=eyJ2ZW5jb2RlX3RhZyI6InByb2ZpbGVfcGljLnd3dy43MjAuQzMifQ%3D%3D&_nc_ohc=_xEmVGowUYkQ7kNvwEl0TAz&_nc_oc=Adp2N2t-VTK5IEvefA3zvUoYQomphDbZw1_NezHSA4UVs-IfEhR0rGRaN_A_yeEOExw&_nc_zt=24&_nc_ht=scontent-sjc3-1.cdninstagram.com&_nc_gid=mIHdEeOU-mjzui20KSaOaw&_nc_ss=72a8c&oh=00_AQD0XkJT4l8Pz3wLuVEipcKPlKg3t8_WGSBEOo920SO5sQ&oe=6A5E74E9', 'username': 'nesrine_bani', '__typename': 'User', 'is_unpublished': False, 'full_name': 'Bani Nesrine', 'fbid': '17841400246804733'}, {'id': '3057541733', 'is_verified': True, 'profile_pic_url': 'https://scontent-sjc3-1.cdninstagram.com/v/t51.2885-19/33638667_217107899091748_4472981256488878080_n.jpg?stp=dst-jpg_s150x150_tt6&_nc_cat=1&ccb=7-5&_nc_sid=f7ccc5&efg=eyJ2ZW5jb2RlX3RhZyI6InByb2ZpbGVfcGljLnd3dy4xMDAyLkMzIn0%3D&_nc_ohc=7R_rkJkiGswQ7kNvwEhpVHN&_nc_oc=Ado0J-stvuYp6PQywXrmVp9gIvPjdkRzq56jjY_D4CNIEkYmBVf3VkEjsvyQVtWtUzY&_nc_zt=24&_nc_ht=scontent-sjc3-1.cdninstagram.com&_nc_ss=72a8c&oh=00_AQDCzlWb2j8o5Y0w8icX40ASEzK847aBRabdWMJDbKs0Ww&oe=6A5E6F2E', 'username': 'gharbiikarim', '__typename': 'User', 'is_unpublished': False, 'full_name': 'Karim Gharbii', 'fbid': '17841403052012192'}]",True
3879697627508151993,Video,DXXdG_LjJa5,,[],[],https://www.instagram.com/p/DXXdG_LjJa5/,3,🔥🙌,"[{'id': '17933401947270894', 'text': '🔥🙌', 'ownerUsername': 'tarek.gold.7', 'ownerProfilePicUrl': 'https://scontent-lga3-2.cdninstagram.com/v/t51.75761-19/498548084_18313931875239331_8217745903927266025_n.jpg?stp=dst-jpg_s150x150_tt6&_nc_cat=100&ccb=7-5&_nc_sid=f7ccc5&efg=eyJ2ZW5jb2RlX3RhZyI6InByb2ZpbGVfcGljLnd3dy4xMDgwLkMzIn0%3D&_nc_ohc=GDwiUjNohkAQ7kNvwHth_Nz&_nc_oc=Adr0Wzs7mZHZdahc-THaQlATKig2TMMFfFct4rpu_PKF3pPeVHGX50qbJR4XqRKT2h4&_nc_zt=24&_nc_ht=scontent-lga3-2.cdninstagram.com&_nc_gid=k1e3dk8-qCllxHYeVfMY_A&_nc_ss=72a8c&oh=00_AQBC1gqIcyBuZZBQWNLK-SnHV1oRv_Gj5wogR-7DJVZHPQ&oe=6A5E94BF', 'timestamp': '2026-06-09T21:14:39.000Z', 'repliesCount': None, 'replies': None, 'likesCount': 0, 'owner': {'username': 'tarek.gold.7', 'profile_pic_url': 'https://scontent-lga3-2.cdninstagram.com/v/t51.75761-19/498548084_18313931875239331_8217745903927266025_n.jpg?stp=dst-jpg_s150x150_tt6&_nc_cat=100&ccb=7-5&_nc_sid=f7ccc5&efg=eyJ2ZW5jb2RlX3RhZyI6InByb2ZpbGVfcGljLnd3dy4xMDgwLkMzIn0%3D&_nc_ohc=GDwiUjNohkAQ7kNvwHth_Nz&_nc_oc=Adr0Wzs7mZHZdahc-THaQlATKig2TMMFfFct4rpu_PKF3pPeVHGX50qbJR4XqRKT2h4&_nc_zt=24&_nc_ht=scontent-lga3-2.cdninstagram.com&_nc_gid=k1e3dk8-qCllxHYeVfMY_A&_nc_ss=72a8c&oh=00_AQBC1gqIcyBuZZBQWNLK-SnHV1oRv_Gj5wogR-7DJVZHPQ&oe=6A5E94BF', 'is_verified': False, 'id': '7133607330', 'full_name': None, 'is_mentionable': None, 'is_private': None, 'profile_pic_id': None, 'latest_reel_media': None}}, {'id': '17856600252635538', 'text': 'Bon courage dans tes projets', 'ownerUsername': 'mina__nailskadz16', 'ownerProfilePicUrl': 'https://scontent-lga3-1.cdninstagram.com/v/t51.75761-19/491419031_18091870180599498_85529993322940846_n.jpg?stp=dst-jpg_s150x150_tt6&_nc_cat=109&ccb=7-5&_nc_sid=f7ccc5&efg=eyJ2ZW5jb2RlX3RhZyI6InByb2ZpbGVfcGljLnd3dy4xMDgwLkMzIn0%3D&_nc_ohc=xzAC7RCDTM8Q7kNvwF3If1h&_nc_oc=AdrOIWm0xNeeRH9o4HlaJLwZEOUlD0lNQ-E4ZC15XcAocjS5DGTUJm6HAgqQtwfCKng&_nc_zt=24&_nc_ht=scontent-lga3-1.cdninstagram.com&_nc_gid=k1e3dk8-qCllxHYeVfMY_A&_nc_ss=72a8c&oh=00_AQCzhqI4Py-22ZciAgxK8tTnvMCsmW7I-x7IlW0kcR3Ouw&oe=6A5E6E45', 'timestamp': '2026-04-21T20:17:33.000Z', 'repliesCount': None, 'replies': None, 'likesCount': 1, 'owner': {'username': 'mina__nailskadz16', 'profile_pic_url': 'https://scontent-lga3-1.cdninstagram.com/v/t51.75761-19/491419031_18091870180599498_85529993322940846_n.jpg?stp=dst-jpg_s150x150_tt6&_nc_cat=109&ccb=7-5&_nc_sid=f7ccc5&efg=eyJ2ZW5jb2RlX3RhZyI6InByb2ZpbGVfcGljLnd3dy4xMDgwLkMzIn0%3D&_nc_ohc=xzAC7RCDTM8Q7kNvwF3If1h&_nc_oc=AdrOIWm0xNeeRH9o4HlaJLwZEOUlD0lNQ-E4ZC15XcAocjS5DGTUJm6HAgqQtwfCKng&_nc_zt=24&_nc_ht=scontent-lga3-1.cdninstagram.com&_nc_gid=k1e3dk8-qCllxHYeVfMY_A&_nc_ss=72a8c&oh=00_AQCzhqI4Py-22ZciAgxK8tTnvMCsmW7I-x7IlW0kcR3Ouw&oe=6A5E6E45', 'is_verified': False, 'id': '17915119497', 'full_name': None, 'is_mentionable': None, 'is_private': None, 'profile_pic_id': None, 'latest_reel_media': None}}]",1921,1080,https://scontent-atl3-2.cdninstagram.com/v/t51.82787-15/670496259_18583606240027069_6216956898259835141_n.jpg?stp=dst-jpg_e35_p1080x1080_sh2.08_tt6&_nc_ht=scontent-atl3-2.cdninstagram.com&_nc_cat=101&_nc_oc=Q6cZ2gFrJkjp5S5cJuMaVjUlZ5H8L6BDO78VXLebVwJXlVwOJJDHzYR_rLC4t054b3W1HFqo6Ww95WhVNqXWmgZw3wUl&_nc_ohc=IqjDUT-kI5IQ7kNvwE-GF7O&_nc_gid=gTVMU62Erjvaljvb3xg_vQ&edm=ADp7STQBAAAA&ccb=7-5&oh=00_AQBG0MQgdkwZxgRw7AsUNUTWgu4QpfMNvGwJ22D5eWh9tg&oe=6A5E95F6&_nc_sid=c6f216,[],"Video by Kais Khenine on April 20, 2026. May be a Twitter screenshot of magazine.",17,2026-04-20T20:25:42.000Z,[],Kais Khenine,kaiskhenine,254107068,False,https://www.instagram.com/e2bconsulting.training/,1280,720,clips,,,"[{'full_name': 'E2bconsulting&training', 'id': '11234617163', 'is_verified': False, 'profile_pic_url': 'https://scontent-lga3-1.cdninstagram.com/v/t51.2885-19/101002711_841643919681756_1486131544241209344_n.jpg?stp=dst-jpg_s150x150_tt6&_nc_cat=103&ccb=7-5&_nc_sid=f7ccc5&efg=eyJ2ZW5jb2RlX3RhZyI6InByb2ZpbGVfcGljLnd3dy4xMDgwLkMzIn0%3D&_nc_ohc=RXgHCHB50NoQ7kNvwGcnMSm&_nc_oc=AdoBaokTSN4CBSvDCJhx6TyWlBavWz6-8RDcg5wj1fpbqcf2DJxO7UXvcJctI0yD8No&_nc_zt=24&_nc_ht=scontent-lga3-1.cdninstagram.com&_nc_ss=72a8c&oh=00_AQBz0e6DbohOqJeN5KL431cP2_DFFpQi-Up1OZC1vyobkA&oe=6A5E8216', 'username': 'e2bconsulting.training'}, {'full_name': 'First Master Class', 'id': '53436166511', 'is_verified': False, 'profile_pic_url': 'https://scontent-lga3-2.cdninstagram.com/v/t51.2885-19/287313877_1203991183750069_4033835555714541967_n.jpg?stp=dst-jpg_s150x150_tt6&_nc_cat=105&ccb=7-5&_nc_sid=f7ccc5&efg=eyJ2ZW5jb2RlX3RhZyI6InByb2ZpbGVfcGljLnd3dy4xMDAwLkMzIn0%3D&_nc_ohc=mZxbz8cQ1c0Q7kNvwEGmLel&_nc_oc=AdoeZq9pQaZuTxGgbhKLHNtC96--fVavKqbyTouO5_EbZ4UAfP6Ux7LgXBKDWziEs-M&_nc_zt=24&_nc_ht=scontent-lga3-2.cdninstagram.com&_nc_ss=72a8c&oh=00_AQCO_KJfYxAiJ_Wr7_imNq_UtwaZq9R4OOKOo51rjQJNuQ&oe=6A5E87D7', 'username': 'first_masterclass'}]",https://scontent-lga3-2.cdninstagram.com/o1/v/t2/f2/m86/AQNKAZeHIsAHGJaGaMSSoXKCdENaxQnJY3AxNJRFvDalEeJiyap6uEAbK71dZHMCwc2wizxKzMRC4tDvBGDPeCPwMGjJ4tnsfH82QdU.mp4?_nc_cat=107&_nc_sid=5e9851&_nc_ht=scontent-lga3-2.cdninstagram.com&_nc_ohc=cd-ZNuy77bcQ7kNvwEdFrf1&efg=eyJ2ZW5jb2RlX3RhZyI6Inhwdl9wcm9ncmVzc2l2ZS5JTlNUQUdSQU0uQ0xJUFMuQzMuNzIwLmRhc2hfYmFzZWxpbmVfMV92MSIsInhwdl9hc3NldF9pZCI6MTc5NjI0MTY0NDQxMDIzNzUsImFzc2V0X2FnZV9kYXlzIjo4NiwidmlfdXNlY2FzZV9pZCI6MTAwOTksImR1cmF0aW9uX3MiOjk5LCJ1cmxnZW5fc291cmNlIjoid3d3In0%3D&ccb=17-1&vs=e49fe0cf550be5a0&_nc_vs=HBksFQIYUmlnX3hwdl9yZWVsc19wZXJtYW5lbnRfc3JfcHJvZC8zODRBREYwNkQxQjBENTJENDA4OUJFQUEwRkM1REI4MF92aWRlb19kYXNoaW5pdC5tcDQVAALIARIAFQIYUWlnX3hwdl9wbGFjZW1lbnRfcGVybWFuZW50X3YyL0E5NEVDREJBMUIxNDIxQjk0NENCQ0Y5MDgxQjA5NUJFX2F1ZGlvX2Rhc2hpbml0Lm1wNBUCAsgBEgAoABgAGwKIB3VzZV9vaWwBMRJwcm9ncmVzc2l2ZV9yZWNpcGUBMRUAACbO26q3n67oPxUCKAJDMywXQFjqn752yLQYEmRhc2hfYmFzZWxpbmVfMV92MREAdf4HZeadAQA&_nc_gid=k1e3dk8-qCllxHYeVfMY_A&_nc_ss=72a8c&_nc_zt=28&oh=00_AQCx7fwgp0w6x6tRTWEI47IU9n94iN4gqKrtnYcK6khCuw&oe=6A5A7F34,203,https://scontent-lga3-2.cdninstagram.com/o1/v/t2/f2/m78/AQMqJtEeaZHXG3zAPGP1wjmfhgM_oe5NiDUiBF1FgxI1qAE62mqkNqFuIShqKDX0adUHf4NQiqwIWqEDM4yWb2t-W1Hrwq4_4899ozo.mp4?_nc_cat=105&_nc_sid=9ca052&_nc_ht=scontent-lga3-2.cdninstagram.com&_nc_ohc=fFVxv5UQJzoQ7kNvwHRMyAz&efg=eyJ2ZW5jb2RlX3RhZyI6ImlnLXhwdmRzLmNsaXBzLmlnd3d3LUMzLmRhc2hfbG5faGVhYWNfdmJyM19hdWRpbyIsInZpZGVvX2lkIjpudWxsLCJvaWxfdXJsZ2VuX2FwcF9pZCI6OTM2NjE5NzQzMzkyNDU5LCJjbGllbnRfbmFtZSI6ImlnIiwieHB2X2Fzc2V0X2lkIjoxNzk2MjQxNjQ0NDEwMjM3NSwiYXNzZXRfYWdlX2RheXMiOjg2LCJ2aV91c2VjYXNlX2lkIjoxMDA5OSwiZHVyYXRpb25fcyI6OTksImJpdHJhdGUiOjU0MzYyLCJ1cmxnZW5fc291cmNlIjoid3d3In0%3D&ccb=17-1&_nc_gid=k1e3dk8-qCllxHYeVfMY_A&_nc_ss=72a8c&_nc_zt=28&oh=00_AQCCCC1sOh1lKzfLXOFFBrp_sm4dJmeEBOYYzIN8MT8IXA&oe=6A5AA2A6,99.666,"{'artist_name': 'kaiskhenine', 'song_name': 'Original audio', 'uses_original_audio': True, 'should_mute_audio': False, 'should_mute_audio_reason': '', 'audio_id': '26666355946384710'}",650,"[{'id': '53436166511', 'is_verified': False, 'profile_pic_url': 'https://scontent-lga3-2.cdninstagram.com/v/t51.2885-19/287313877_1203991183750069_4033835555714541967_n.jpg?stp=dst-jpg_s150x150_tt6&_nc_cat=105&ccb=7-5&_nc_sid=f7ccc5&efg=eyJ2ZW5jb2RlX3RhZyI6InByb2ZpbGVfcGljLnd3dy4xMDAwLkMzIn0%3D&_nc_ohc=mZxbz8cQ1c0Q7kNvwEGmLel&_nc_oc=AdoeZq9pQaZuTxGgbhKLHNtC96--fVavKqbyTouO5_EbZ4UAfP6Ux7LgXBKDWziEs-M&_nc_zt=24&_nc_ht=scontent-lga3-2.cdninstagram.com&_nc_ss=72a8c&oh=00_AQCO_KJfYxAiJ_Wr7_imNq_UtwaZq9R4OOKOo51rjQJNuQ&oe=6A5E87D7', 'username': 'first_masterclass', '__typename': 'User', 'is_unpublished': False, 'full_name': 'First Master Class', 'fbid': '17841453475349520'}, {'id': '11234617163', 'is_verified': False, 'profile_pic_url': 'https://scontent-lga3-1.cdninstagram.com/v/t51.2885-19/101002711_841643919681756_1486131544241209344_n.jpg?stp=dst-jpg_s150x150_tt6&_nc_cat=103&ccb=7-5&_nc_sid=f7ccc5&efg=eyJ2ZW5jb2RlX3RhZyI6InByb2ZpbGVfcGljLnd3dy4xMDgwLkMzIn0%3D&_nc_ohc=RXgHCHB50NoQ7kNvwGcnMSm&_nc_oc=AdoBaokTSN4CBSvDCJhx6TyWlBavWz6-8RDcg5wj1fpbqcf2DJxO7UXvcJctI0yD8No&_nc_zt=24&_nc_ht=scontent-lga3-1.cdninstagram.com&_nc_ss=72a8c&oh=00_AQBz0e6DbohOqJeN5KL431cP2_DFFpQi-Up1OZC1vyobkA&oe=6A5E8216', 'username': 'e2bconsulting.training', '__typename': 'User', 'is_unpublished': False, 'full_name': 'E2bconsulting&training', 'fbid': '17841411074914327'}]",
3222740128449502228,Image,Cy5eRJvoRwU,"🚀 Boostez votre entreprise avec ACM Marketing ! 🌟
Profitez de solutions de sponsoring sur mesure pour briller. 💡
📈 Notre expertise en marketing à votre service pour atteindre vos objectifs.
Votre succès, notre priorité. 🎯

☎️ 73 367 402
💻 www.acm-marketing.tn
✉️ contact@acm-marketing.com
📌 Avenue yasser arafet sahloul, Sousse, Tunisia

#ACMMarketing #SponsoringEntreprise #PartenariatsStratégiques #Visibilité #CroissanceDesAffaires #CréationDeSiteWeb #SiteWeb #PrésenceEnLigne #marketing #marketingtips #marketingtips #marketingagency #marketingonline #marketingdigital #marketingdigital #marketingstrategy #marketingstrategy #marketingstrategies #MarketingSuccess #marketingstrategies #marketingdigitalbrasil #digital #digital #digitalart #digitalartist","['ACMMarketing', 'SponsoringEntreprise', 'PartenariatsStratégiques', 'Visibilité', 'CroissanceDesAffaires', 'CréationDeSiteWeb', 'SiteWeb', 'PrésenceEnLigne', 'marketing', 'marketingtips', 'marketingagency', 'marketingonline', 'marketingdigital', 'marketingstrategy', 'marketingstrategies', 'MarketingSuccess', 'marketingdigitalbrasil', 'digital', 'digitalart', 'digitalartist']",[],https://www.instagram.com/p/Cy5eRJvoRwU/,1,@art__.family⬅️°`≋`°S°E°N°D√[pic]°,"[{'id': '17976110825391966', 'text': '@art__.family⬅️°`≋`°S°E°N°D√[pic]°', 'ownerUsername': 'anshika_cute_girl_1231', 'ownerProfilePicUrl': 'https://scontent.cdninstagram.com/v/t51.2885-19/419516644_1352081315285412_4675411782368111212_n.jpg?stp=dst-jpg_s150x150_tt6&_nc_cat=106&ccb=7-5&_nc_sid=f7ccc5&efg=eyJ2ZW5jb2RlX3RhZyI6InByb2ZpbGVfcGljLnd3dy43MjAuQzMifQ%3D%3D&_nc_ohc=ceQQsykhKkYQ7kNvwE5PA5K&_nc_oc=AdoiEEOwjbJPIMSlZ4fT8yGAkHugN5dddRVYcc_JS9_n9oAP1jQ9Wc7naASRirAtGfRdemnudL9BOdXznkD7ezdK&_nc_zt=24&_nc_ht=scontent.cdninstagram.com&_nc_ss=72689&oh=00_AQAo5iWjws1SsWLX-HBgPqbysEcpZmFl_lX-O4b7GgAN1Q&oe=6A5E77BD', 'timestamp': '2023-10-27T09:58:38.000Z', 'repliesCount': None, 'replies': None, 'likesCount': 0, 'owner': {'username': 'anshika_cute_girl_1231', 'profile_pic_url': 'https://scontent.cdninstagram.com/v/t51.2885-19/419516644_1352081315285412_4675411782368111212_n.jpg?stp=dst-jpg_s150x150_tt6&_nc_cat=106&ccb=7-5&_nc_sid=f7ccc5&efg=eyJ2ZW5jb2RlX3RhZyI6InByb2ZpbGVfcGljLnd3dy43MjAuQzMifQ%3D%3D&_nc_ohc=ceQQsykhKkYQ7kNvwE5PA5K&_nc_oc=AdoiEEOwjbJPIMSlZ4fT8yGAkHugN5dddRVYcc_JS9_n9oAP1jQ9Wc7naASRirAtGfRdemnudL9BOdXznkD7ezdK&_nc_zt=24&_nc_ht=scontent.cdninstagram.com&_nc_ss=72689&oh=00_AQAo5iWjws1SsWLX-HBgPqbysEcpZmFl_lX-O4b7GgAN1Q&oe=6A5E77BD', 'is_verified': False, 'id': '62204738332', 'full_name': None, 'is_mentionable': None, 'is_private': None, 'profile_pic_id': None, 'latest_reel_media': None}}]",1080,1080,https://scontent-lga3-1.cdninstagram.com/v/t39.30808-6/489976926_1277140307262527_3228504257981465028_n.jpg?stp=dst-jpg_e15_fr_s1080x1080_tt6&_nc_ht=scontent-lga3-1.cdninstagram.com&_nc_cat=111&_nc_oc=Q6cZ2gFfxzm9rC4VmXSQ6N863SyzuXwF-VacJFnpDenzDNiCEkwNbMyFIrW1Uddw1imFkl2aj66hXQPJW0n_N7-wIp8q&_nc_ohc=H09_k_-1PRgQ7kNvwERoALn&_nc_gid=SKdiw7GpDerRWZ7zYzMs0g&edm=ADp7STQAAAAA&ccb=7-5&oh=00_AQAmTctM92by9HSOJH2YDqLAeIhKbcbTCrXCHFIrf7mgxA&oe=6A5E8D4B&_nc_sid=c6f216,[],"Photo by ACM Marketing Tunisie on October 27, 2023.",4,2023-10-27T09:56:23.000Z,[],ACM Marketing Tunisie,acm.marketing.tn,4451580919,False,https://www.instagram.com/acm.marketing.tn/,1080,1080,feed,Sahloul,106377021175479,,,,,,,,,
2210292211999012338,Video,B6siQ5iA3Xy,"Vous souhaitez créer votre #site #web et ou #App #Mobile? construire votre #stratégie #digitale ou concevoir votre #identité #visuelle?
Contactez très vite #digital_marketing_tunisia!
contact@digimarket.tn
+216 97732156
#graphicdesign #design #illustration #flyer #branding #creative #designer #tunisia #TUN #wordpress #webdeveloper #website #webdev #php #business #marketing #seo #sea #sem #icstartup","['site', 'web', 'App', 'Mobile?', 'stratégie', 'digitale', 'identité', 'visuelle?', 'digital_marketing_tunisia!', 'graphicdesign', 'design', 'illustration', 'flyer', 'branding', 'creative', 'designer', 'tunisia', 'TUN', 'wordpress', 'webdeveloper', 'website', 'webdev', 'php', 'business', 'marketing', 'seo', 'sea', 'sem', 'icstartup']",[],https://www.instagram.com/p/B6siQ5iA3Xy/,0,,[],406,720,https://instagram.fpit1-1.fna.fbcdn.net/v/t51.71878-15/530810811_746967794927955_8571800158939587909_n.jpg?stp=dst-jpg_e15_tt6&_nc_cat=111&ig_cache_key=MjIxMDI5MjIxMTk5OTAxMjMzOA%3D%3D.3-ccb7-5&ccb=7-5&_nc_sid=58cdad&efg=eyJ2ZW5jb2RlX3RhZyI6IkZFRUQueHBpZHMuNzIwLnNkci52aWRlb19kZWZhdWx0X2NvdmVyX2ZyYW1lLkMzIn0%3D&_nc_ohc=61OJYTE8XAYQ7kNvwHFWbkG&_nc_oc=AdpQBOgLlBXH8mFvI4dS6ow-J7zALiF8Kcf3o7RI9-b0UVmt1-LHYz3yIvGoy4AQ9j0&_nc_zt=23&_nc_ht=instagram.fpit1-1.fna&_nc_gid=3SpIJGx0VFzgu18sZmu2Xw&_nc_ss=7ca8c&oh=00_AQANDEOR1j8udhaZ-N1acSkXfYV5tYPjJ3Yb2tpaMWt4UA&oe=6A5E6E5D,[],"Video by DIGITAL MARKETING TUNISIA on December 30, 2019.",3,2019-12-30T12:04:05.000Z,[],DIGITAL MARKETING TUNISIA,digital_marketing_tunisia,24896180662,False,https://www.instagram.com/digital_marketing_tunisia/,406,720,feed,Béja,228400746,"[{'full_name': 'DIGITAL MARKETING TUNISIA', 'id': '24896180662', 'is_verified': False, 'profile_pic_url': 'https://scontent.cdninstagram.com/v/t51.2885-19/74886253_1801674530134044_5499489851960983552_n.jpg?stp=dst-jpg_s150x150_tt6&_nc_cat=101&ccb=7-5&_nc_sid=f7ccc5&efg=eyJ2ZW5jb2RlX3RhZyI6InByb2ZpbGVfcGljLnd3dy44NTUuQzMifQ%3D%3D&_nc_ohc=m6kpXr-HLV8Q7kNvwHokKu7&_nc_oc=Adpo3VFCXJMb98VR6GPK2G9VKrxKEmo1Ot0D1HrYNwy0uHJjl-fa8y0dk7aG_4cGIXA&_nc_zt=24&_nc_ht=scontent.cdninstagram.com&_nc_ss=7ca8c&oh=00_AQA5jL6njTPbL6Qks6tprC4QJGY-mLVlJgpTteu_Yrn1ZQ&oe=6A5E8037', 'username': 'digital_marketing_tunisia'}]",https://instagram.fpit1-1.fna.fbcdn.net/o1/v/t16/f2/m84/AQPk9MleBhAEiXo1nQTW0aqPFUayuAjSU9TXQkmWJAdP5F-Yvjj_foXGRwfpds7hKdyR2MyvsvbnIDaCsAWyPAKBwmvdGvoMHuTg8eE.mp4?_nc_cat=103&_nc_oc=AdrJETmyRBr9ahhxQD97kadsYBfk-Tzo6e2oP9lyl0XbAn-jfelu-9sGJq_-NezKlj0&_nc_sid=5e9851&_nc_ht=instagram.fpit1-1.fna.fbcdn.net&_nc_ohc=1IMJ3aGfhDsQ7kNvwEg4BWq&efg=eyJ2ZW5jb2RlX3RhZyI6Inhwdl9wcm9ncmVzc2l2ZS5JTlNUQUdSQU0uRkVFRC5DMy43MjAuZGFzaF9iYXNlbGluZV8xX3YxIiwieHB2X2Fzc2V0X2lkIjoyOTY5MjQ5NDY1OTg5MTEsImFzc2V0X2FnZV9kYXlzIjoyMzg5LCJ2aV91c2VjYXNlX2lkIjoxMDE0NiwiZHVyYXRpb25fcyI6MjgsInVybGdlbl9zb3VyY2UiOiJ3d3cifQ%3D%3D&ccb=17-1&vs=f5b0fdcff28d2303&_nc_vs=HBkcFQIYTGlnX2JhY2tmaWxsX3RpbWVsaW5lX3ZvZC84QTQ5OTFBODQ4QjVEQjI4NEZCNTI3RkM4MUMzNTFCNV92aWRlb19kYXNoaW5pdC5tcDQVAALIARIAKAAYABsCiAd1c2Vfb2lsATEScHJvZ3Jlc3NpdmVfcmVjaXBlATEVAAAm_q-8n6eDhwEVAigCQzMsF0A890vGp--eGBJkYXNoX2Jhc2VsaW5lXzFfdjERAHXqB2XEngEA&_nc_gid=3SpIJGx0VFzgu18sZmu2Xw&_nc_ss=7ca8c&_nc_zt=28&oh=00_AQBAykM2RXFwd8N8HesnvJEvY3v-DKXobzqLWtmYtx3apA&oe=6A5A7B85,7,,,,,,
3825109322003553424,Image,DUVhKl9DpyQ,C’est souvent là que ça bloque... 🔐,[],[],https://www.instagram.com/p/DUVhKl9DpyQ/,0,,[],1350,1080,https://scontent-mia5-1.cdninstagram.com/v/t39.30808-6/628437486_1489507289844133_4628404078930306579_n.jpg?stp=dst-jpg_e15_fr_p1080x1080_tt6&_nc_ht=scontent-mia5-1.cdninstagram.com&_nc_cat=101&_nc_oc=Q6cZ2gHrYkKssLmS04QDXDQgWMgr2HC-pfZESCn293jTp3IMisqxbcHsIxID0MI0O_pUmB0&_nc_ohc=powU33l97nsQ7kNvwHbKGms&_nc_gid=Il0ugWA2Tf9ej_7k7jww3Q&edm=ADp7STQAAAAA&ccb=7-5&oh=00_AQBN-P2jofAfD4yXfrrHPhy2GFaq8ZgU0W4_p9mWmxNRpQ&oe=6A5E7B46&_nc_sid=c6f216,[],"Photo by Kyubi.digital on February 04, 2026.",8,2026-02-04T12:36:26.000Z,[],Kyubi.digital,kyubi.digital,5331673638,False,https://www.instagram.com/kyubi.digital/,1350,1080,feed,,,,,,,,,,,
3867395541089047417,Video,DWrv8EYitN5,"Une installation immersive pour Volvo au Mall of Sousse 🚗✨

Design, expérience et émotion au cœur du dispositif, avec une activation Test Drive qui transforme la découverte en vraie expérience.

#Volvo #MallOfSousse #TestDrive #BrandExperience #MuseAgency","['Volvo', 'MallOfSousse', 'TestDrive', 'BrandExperience', 'MuseAgency']",[],https://www.instagram.com/p/DWrv8EYitN5/,0,,[],1136,640,https://scontent-lga3-3.cdninstagram.com/v/t51.71878-15/657358650_1747763252862306_8597842669268159849_n.jpg?stp=dst-jpg_e15_tt6&_nc_ht=scontent-lga3-3.cdninstagram.com&_nc_cat=106&_nc_oc=Q6cZ2gF9ydKwZu960b_BY76h39fhg4CSVMtvwOKL4RI3TmaXGQoIUJ5uHWLLj1jKW_wEpaqhoKJwcqxMBUNk0cpQtEVM&_nc_ohc=pLXFT3B4gkoQ7kNvwF57iN-&_nc_gid=JAKxV1UuPnAXTWhlgz1phw&edm=ADp7STQBAAAA&ccb=7-5&oh=00_AQCTwfDA80T0bxGvPjdXquLWMiEptwQrG6jVUJn0C3tEfw&oe=6A5E77D9&_nc_sid=c6f216,[],"Video by MUSE on April 03, 2026.",20,2026-04-03T20:53:45.000Z,[],MUSE,muse_agency,408328146,False,https://www.instagram.com/muse_agency/,1920,1080,clips,Mall Of Sousse,2020276351555672,"[{'full_name': 'Volvo Car Tunisia', 'id': '49477171324', 'is_verified': False, 'profile_pic_url': 'https://scontent-atl3-3.cdninstagram.com/v/t51.2885-19/317281244_222242896804028_6165732711475818186_n.jpg?stp=dst-jpg_s150x150_tt6&_nc_cat=110&ccb=7-5&_nc_sid=f7ccc5&efg=eyJ2ZW5jb2RlX3RhZyI6InByb2ZpbGVfcGljLnd3dy40MDAuQzMifQ%3D%3D&_nc_ohc=4Xbkpvp4OXgQ7kNvwGHI13W&_nc_oc=AdpNazK0HsOPNIy8Ma-39pnPwwFP0cW7mJgZqcMeU03ab67QZI90LyMljfOh-jiflb8Cr3imfIHSFYgY-SfMBNYD&_nc_zt=24&_nc_ht=scontent-atl3-3.cdninstagram.com&_nc_ss=7c689&oh=00_AQDY6jPOtsONQFTE6TG99QKS6EIMef7wsoQV1rW5VFtyTw&oe=6A5E881F', 'username': 'volvocartunisia'}]",https://scontent-atl3-2.cdninstagram.com/o1/v/t2/f2/m86/AQOK00VpKTfKZpfYr08JMSu5MhmzWlThAbLllGVl_kRXpHNKE6ZRs77nHtu6tT0-_QaF-3ZYX6VLCybah6oBeFls2mPZBGUJQn5KYtQ.mp4?_nc_cat=105&_nc_sid=5e9851&_nc_ht=scontent-atl3-2.cdninstagram.com&_nc_ohc=BN45a3TozK4Q7kNvwHE0e0X&efg=eyJ2ZW5jb2RlX3RhZyI6Inhwdl9wcm9ncmVzc2l2ZS5JTlNUQUdSQU0uQ0xJUFMuQzMuNzIwLmRhc2hfYmFzZWxpbmVfMV92MSIsInhwdl9hc3NldF9pZCI6MTg1OTcwOTY3NTcwMDgxNDcsImFzc2V0X2FnZV9kYXlzIjoxMDMsInZpX3VzZWNhc2VfaWQiOjEwMDk5LCJkdXJhdGlvbl9zIjozOCwidXJsZ2VuX3NvdXJjZSI6Ind3dyJ9&ccb=17-1&vs=eeaa516ac2889ab9&_nc_vs=HBksFQIYUmlnX3hwdl9yZWVsc19wZXJtYW5lbnRfc3JfcHJvZC80ODRGRjdBRDM3QTdBRkNDMzcyNkI0NUE0MUUyMjg5QV92aWRlb19kYXNoaW5pdC5tcDQVAALIARIAFQIYUWlnX3hwdl9wbGFjZW1lbnRfcGVybWFuZW50X3YyL0NFNDEyQUMxQ0RDRjFFRkMzMDkzM0Q0RkVEMjYwMThFX2F1ZGlvX2Rhc2hpbml0Lm1wNBUCAsgBEgAoABgAGwKIB3VzZV9vaWwBMRJwcm9ncmVzc2l2ZV9yZWNpcGUBMRUAACam3PCgwP2IQhUCKAJDMywXQEMZmZmZmZoYEmRhc2hfYmFzZWxpbmVfMV92MREAdf4HZeadAQA&_nc_gid=v66_px6Zm5Qx2tAeV7RyLg&_nc_ss=7c689&_nc_zt=28&oh=00_AQAra8xMSZoJPmt0LScybcxXWCVazOrzuy7-tXZ7q1XqVg&oe=6A5A9F5A,501,https://scontent-atl3-1.cdninstagram.com/o1/v/t2/f2/m78/AQPN5MTrP_cmcOkkofLT8pYSC1upPMq-bqBlsdTXzsc1a19XpFTUjDUVV45-mNetGtwMvwiX89gSuSaBaW6cbEClkjORFqG03g7fKWE.mp4?_nc_cat=103&_nc_sid=9ca052&_nc_ht=scontent-atl3-1.cdninstagram.com&_nc_ohc=Q7jY7LL5f6EQ7kNvwGt97RH&efg=eyJ2ZW5jb2RlX3RhZyI6ImlnLXhwdmRzLmNsaXBzLmlnd3d3LUMzLmRhc2hfbG5faGVhYWNfdmJyM19hdWRpbyIsInZpZGVvX2lkIjpudWxsLCJvaWxfdXJsZ2VuX2FwcF9pZCI6OTM2NjE5NzQzMzkyNDU5LCJjbGllbnRfbmFtZSI6ImlnIiwieHB2X2Fzc2V0X2lkIjoxODU5NzA5Njc1NzAwODE0NywiYXNzZXRfYWdlX2RheXMiOjEwMywidmlfdXNlY2FzZV9pZCI6MTAwOTksImR1cmF0aW9uX3MiOjM4LCJiaXRyYXRlIjo2MDgwNiwidXJsZ2VuX3NvdXJjZSI6Ind3dyJ9&ccb=17-1&_nc_gid=v66_px6Zm5Qx2tAeV7RyLg&_nc_ss=7c689&_nc_zt=28&oh=00_AQBIikOmYQGk7ScSUKERsU1mqDrGRxoEdEyCBaTw2isISQ&oe=6A5A9C60,38.219,"{'artist_name': 'muse_agency', 'song_name': 'Original audio', 'uses_original_audio': True, 'should_mute_audio': False, 'should_mute_audio_reason': '', 'audio_id': '26494127006886036'}",1743,"[{'id': '49477171324', 'is_verified': False, 'profile_pic_url': 'https://scontent-atl3-3.cdninstagram.com/v/t51.2885-19/317281244_222242896804028_6165732711475818186_n.jpg?stp=dst-jpg_s150x150_tt6&_nc_cat=110&ccb=7-5&_nc_sid=f7ccc5&efg=eyJ2ZW5jb2RlX3RhZyI6InByb2ZpbGVfcGljLnd3dy40MDAuQzMifQ%3D%3D&_nc_ohc=4Xbkpvp4OXgQ7kNvwGHI13W&_nc_oc=AdpNazK0HsOPNIy8Ma-39pnPwwFP0cW7mJgZqcMeU03ab67QZI90LyMljfOh-jiflb8Cr3imfIHSFYgY-SfMBNYD&_nc_zt=24&_nc_ht=scontent-atl3-3.cdninstagram.com&_nc_ss=7c689&oh=00_AQDY6jPOtsONQFTE6TG99QKS6EIMef7wsoQV1rW5VFtyTw&oe=6A5E881F', 'username': 'volvocartunisia', '__typename': 'User', 'is_unpublished': False, 'full_name': 'Volvo Car Tunisia', 'fbid': '17841449539724646'}]",
3829443792974668105,Image,DUk6tcnlGFJ,Nothing moves after that.,[],[],https://www.instagram.com/p/DUk6tcnlGFJ/,0,,[],1350,1080,https://scontent-lga3-1.cdninstagram.com/v/t39.30808-6/628228786_1495318399263022_9124797424133277648_n.jpg?stp=dst-jpg_e15_fr_p1080x1080_tt6&_nc_ht=scontent-lga3-1.cdninstagram.com&_nc_cat=110&_nc_oc=Q6cZ2gG8smo4vWeI7uQ1_0nllKmmSkvdxi9U71VTTt4x28_ia8lgZ6o7Ivr1HTC6uKWl-AF7bMssi0B7CUXp4wF39sO_&_nc_ohc=pBFBQ4jMDGYQ7kNvwHIRFOn&_nc_gid=4Lpz10kKKCLTBpMZd1TalA&edm=ADp7STQAAAAA&ccb=7-5&oh=00_AQD5Ua6KvbC1SU1amBZozgw96oYf2jwGqTIPwCaXwfnb_g&oe=6A5E8837&_nc_sid=c6f216,[],"Photo by Kyubi.digital on February 10, 2026.",7,2026-02-10T12:08:16.000Z,[],Kyubi.digital,kyubi.digital,5331673638,False,https://www.instagram.com/kyubi.digital/,1350,1080,feed,,,,,,,,,,,
3894539874761059340,Video,DYML2HGuiwM,Un autre témoignage de notre formation IA agentqiue pour les entreprises. Durant cette session les participants ont vu comment l’IA les a aidé à gagner du temps et de productivité,[],[],https://www.instagram.com/p/DYML2HGuiwM/,3,Bon courage ❤️❤️❤️❤️,"[{'id': '17868169260535457', 'text': 'Bon courage ❤️❤️❤️❤️', 'ownerUsername': 'mina__nailskadz16', 'ownerProfilePicUrl': 'https://scontent-atl3-3.cdninstagram.com/v/t51.75761-19/491419031_18091870180599498_85529993322940846_n.jpg?stp=dst-jpg_s150x150_tt6&_nc_cat=109&ccb=7-5&_nc_sid=f7ccc5&efg=eyJ2ZW5jb2RlX3RhZyI6InByb2ZpbGVfcGljLnd3dy4xMDgwLkMzIn0%3D&_nc_ohc=xzAC7RCDTM8Q7kNvwExeS-3&_nc_oc=Adpu0s7r_llg4sYiFa2xJMXdTu3tbCMoxVZjGXnoP3BsVobxS3jd72A2I0Lz2KdIglo&_nc_zt=24&_nc_ht=scontent-atl3-3.cdninstagram.com&_nc_gid=C7HpF7B_-L5hTWH4zUdFbg&_nc_ss=7ca8c&oh=00_AQA4Be4aVE7bsbuBWb6QF-pVxiLtyl3n4D9zFBxyd6JP-w&oe=6A5E6E45', 'timestamp': '2026-05-12T14:02:06.000Z', 'repliesCount': None, 'replies': None, 'likesCount': 0, 'owner': {'username': 'mina__nailskadz16', 'profile_pic_url': 'https://scontent-atl3-3.cdninstagram.com/v/t51.75761-19/491419031_18091870180599498_85529993322940846_n.jpg?stp=dst-jpg_s150x150_tt6&_nc_cat=109&ccb=7-5&_nc_sid=f7ccc5&efg=eyJ2ZW5jb2RlX3RhZyI6InByb2ZpbGVfcGljLnd3dy4xMDgwLkMzIn0%3D&_nc_ohc=xzAC7RCDTM8Q7kNvwExeS-3&_nc_oc=Adpu0s7r_llg4sYiFa2xJMXdTu3tbCMoxVZjGXnoP3BsVobxS3jd72A2I0Lz2KdIglo&_nc_zt=24&_nc_ht=scontent-atl3-3.cdninstagram.com&_nc_gid=C7HpF7B_-L5hTWH4zUdFbg&_nc_ss=7ca8c&oh=00_AQA4Be4aVE7bsbuBWb6QF-pVxiLtyl3n4D9zFBxyd6JP-w&oe=6A5E6E45', 'is_verified': False, 'id': '17915119497', 'full_name': None, 'is_mentionable': None, 'is_private': None, 'profile_pic_id': None, 'latest_reel_media': None}}]",1136,640,https://scontent-sjc6-1.cdninstagram.com/v/t51.71878-15/692966433_4483311451915163_7054081692543785670_n.jpg?stp=dst-jpg_e15_tt6&_nc_ht=scontent-sjc6-1.cdninstagram.com&_nc_cat=111&_nc_oc=Q6cZ2gFGxqg58l8HaqWPTOgDXGMktUh-fJMecvY_vlbMXB8Fdgme8H8qNz9qEps10vLShjwjqaqwdP7sn9wK8StrRSyj&_nc_ohc=2wECX9Bi99oQ7kNvwHvttOr&_nc_gid=MRGiXxlh6_-egS7KRF4Kqg&edm=ADp7STQBAAAA&ccb=7-5&oh=00_AQDVvIxKMZakRnypEqv90B9JjnDVgAQJpAlAbKd1BHCSRQ&oe=6A5E87E3&_nc_sid=c6f216,[],"Video by E2bconsulting&training on May 11, 2026. May be an image of one or more people and text that says 'POPU consultante et auditeur tauditeurtierce tierce'.",15,2026-05-11T07:44:10.000Z,[],E2bconsulting&training,e2bconsulting.training,11234617163,False,https://www.instagram.com/e2bconsulting.training/,1920,1080,clips,E2business Consulting and Training,885803181474512,"[{'full_name': 'Kais Khenine', 'id': '254107068', 'is_verified': False, 'profile_pic_url': 'https://scontent-atl3-3.cdninstagram.com/v/t51.82787-19/721403688_18597972886027069_2985419705159957818_n.jpg?stp=dst-jpg_s150x150_tt6&_nc_cat=111&ccb=7-5&_nc_sid=f7ccc5&efg=eyJ2ZW5jb2RlX3RhZyI6InByb2ZpbGVfcGljLnd3dy4xMDgwLkMzIn0%3D&_nc_ohc=oGNEDOKJp8IQ7kNvwFzIDnS&_nc_oc=Ado-E1LmlKHy5LETWyjUCMe1RSIMWATYxllnFh7z-ApIcpKkBQOEFH-uasJnw87MYi4&_nc_zt=24&_nc_ht=scontent-atl3-3.cdninstagram.com&_nc_gid=C7HpF7B_-L5hTWH4zUdFbg&_nc_ss=7ca8c&oh=00_AQCI-TetgpSGmuXMJcTF0wgUu8voOsLsXINdYeKV6yPPrw&oe=6A5E98D7', 'username': 'kaiskhenine'}]",https://scontent-atl3-3.cdninstagram.com/o1/v/t2/f2/m86/AQNX5Wc-ZMZAvLC4ISVUwlvqkQtfy6fMBneNU5Mlx23yhuYQ6mnvh_V6g7UMpn7XzCdxsu8BzyyLbOwad-IiJ9kdgrVlNTWubU6QkU8.mp4?_nc_cat=110&_nc_sid=5e9851&_nc_ht=scontent-atl3-3.cdninstagram.com&_nc_ohc=U_JqBUUmiiMQ7kNvwGs1GCH&efg=eyJ2ZW5jb2RlX3RhZyI6Inhwdl9wcm9ncmVzc2l2ZS5JTlNUQUdSQU0uQ0xJUFMuQzMuNzIwLmRhc2hfYmFzZWxpbmVfMV92MSIsInhwdl9hc3NldF9pZCI6MTQzMzg2OTg2MTg0NTY2NCwiYXNzZXRfYWdlX2RheXMiOjY2LCJ2aV91c2VjYXNlX2lkIjoxMDA5OSwiZHVyYXRpb25fcyI6ODIsInVybGdlbl9zb3VyY2UiOiJ3d3cifQ%3D%3D&ccb=17-1&vs=b1a316a5a147258c&_nc_vs=HBksFQIYUmlnX3hwdl9yZWVsc19wZXJtYW5lbnRfc3JfcHJvZC9EQzQ2MjFGQ0EwMUNGNTA0NkIwMjM1NkEwRUE2QTI5Nl92aWRlb19kYXNoaW5pdC5tcDQVAALIARIAFQIYUWlnX3hwdl9wbGFjZW1lbnRfcGVybWFuZW50X3YyLzFFNDk5QTVBNDg1RkExRUQxOEJBN0UyOTk0MEI0RkE0X2F1ZGlvX2Rhc2hpbml0Lm1wNBUCAsgBEgAoABgAGwKIB3VzZV9vaWwBMRJwcm9ncmVzc2l2ZV9yZWNpcGUBMRUAACbA6qf8moaMBRUCKAJDMywXQFSCHKwIMScYEmRhc2hfYmFzZWxpbmVfMV92MREAdf4HZeadAQA&_nc_gid=C7HpF7B_-L5hTWH4zUdFbg&_nc_ss=7ca8c&_nc_zt=28&oh=00_AQCSawAEWYLzyEBXHmvwb-R9tSMSSCjlsKu-jzwDuHAyPg&oe=6A5A99A3,318,https://scontent-atl3-1.cdninstagram.com/o1/v/t2/f2/m78/AQMthN1POgkDUYzvGbqJcwy0OnLxLR762Up960S91ZT4cD_6qSgGIkNlG_lfNEQQKg9AFg86o1JVjLYzM0jTrR3dwNMuZ_PO_iWEvdA.mp4?_nc_cat=106&_nc_sid=9ca052&_nc_ht=scontent-atl3-1.cdninstagram.com&_nc_ohc=BHdUOz58_uAQ7kNvwHOsrlu&efg=eyJ2ZW5jb2RlX3RhZyI6ImlnLXhwdmRzLmNsaXBzLmlnd3d3LUMzLmRhc2hfbG5faGVhYWNfdmJyM19hdWRpbyIsInZpZGVvX2lkIjpudWxsLCJvaWxfdXJsZ2VuX2FwcF9pZCI6OTM2NjE5NzQzMzkyNDU5LCJjbGllbnRfbmFtZSI6ImlnIiwieHB2X2Fzc2V0X2lkIjoxNDMzODY5ODYxODQ1NjY0LCJhc3NldF9hZ2VfZGF5cyI6NjYsInZpX3VzZWNhc2VfaWQiOjEwMDk5LCJkdXJhdGlvbl9zIjo4MiwiYml0cmF0ZSI6NjI5MjUsInVybGdlbl9zb3VyY2UiOiJ3d3cifQ%3D%3D&ccb=17-1&_nc_gid=C7HpF7B_-L5hTWH4zUdFbg&_nc_ss=7ca8c&_nc_zt=28&oh=00_AQC46Mq_TzoQhvcPqgn_JBtbtMsDG7coXbTGt9qVrVEVsw&oe=6A5A9D5B,82.033,"{'artist_name': 'e2bconsulting.training', 'song_name': 'Original audio', 'uses_original_audio': True, 'should_mute_audio': False, 'should_mute_audio_reason': '', 'audio_id': '26698187819843853'}",898,"[{'id': '254107068', 'is_verified': False, 'profile_pic_url': 'https://scontent-atl3-3.cdninstagram.com/v/t51.82787-19/721403688_18597972886027069_2985419705159957818_n.jpg?stp=dst-jpg_s150x150_tt6&_nc_cat=111&ccb=7-5&_nc_sid=f7ccc5&efg=eyJ2ZW5jb2RlX3RhZyI6InByb2ZpbGVfcGljLnd3dy4xMDgwLkMzIn0%3D&_nc_ohc=oGNEDOKJp8IQ7kNvwFzIDnS&_nc_oc=Ado-E1LmlKHy5LETWyjUCMe1RSIMWATYxllnFh7z-ApIcpKkBQOEFH-uasJnw87MYi4&_nc_zt=24&_nc_ht=scontent-atl3-3.cdninstagram.com&_nc_gid=C7HpF7B_-L5hTWH4zUdFbg&_nc_ss=7ca8c&oh=00_AQCI-TetgpSGmuXMJcTF0wgUu8voOsLsXINdYeKV6yPPrw&oe=6A5E98D7', 'username': 'kaiskhenine', '__typename': 'User', 'is_unpublished': False, 'full_name': 'Kais Khenine', 'fbid': '17841400812043970'}]",
3192449970152277561,Image,CxN3FViIgY5,"📚✨ Bonne rentrée scolaire à nos futurs leaders ! ✨📚

Chez ACM Marketing, nous croyons en l'éducation et l'avenir brillant de nos enfants. Que cette année scolaire soit remplie de succès et de découvertes pour eux.

N'oubliez pas, nous sommes là pour vous aider à atteindre de nouveaux sommets dans le monde du marketing digital. Contactez-nous pour toute assistance !

#ACMMarketing #BonneRentrée #SuccèsScolaire","['ACMMarketing', 'BonneRentrée', 'SuccèsScolaire']",[],https://www.instagram.com/p/CxN3FViIgY5/,0,,[],1080,1080,https://scontent-iad3-2.cdninstagram.com/v/t39.30808-6/489963664_1275963460713545_5061729847333301569_n.jpg?stp=dst-jpg_e15_fr_s1080x1080_tt6&_nc_ht=scontent-iad3-2.cdninstagram.com&_nc_cat=105&_nc_oc=Q6cZ2gGB2e4YzK6OfOS1jJNeF3aiKIy9k9VV0Wk5qdxV73fkdQFY_06hCjBbNSSBCgCnJc2zgk1uhXupNXSjhgB_GobT&_nc_ohc=22gd9YcZH7gQ7kNvwG1LPmC&_nc_gid=9foc4JLvZ5mHLOEsI5RKIg&edm=ADp7STQAAAAA&ccb=7-5&oh=00_AQDBtpGWtD15cKfoQq_bBoL3oU68MBsC_RGH5YpY-F0fuQ&oe=6A5E796D&_nc_sid=c6f216,[],"Photo by ACM Marketing Tunisie on September 15, 2023.",0,2023-09-15T14:55:15.000Z,[],ACM Marketing Tunisie,acm.marketing.tn,4451580919,False,https://www.instagram.com/acm.marketing.tn/,1080,1080,feed,Sahloul,106377021175479,,,,,,,,,
3891279571148994014,Video,DYAmicwEfXe,"Dans les coulisses de la Foire du Saheline !

Notre équipe était sur place pour capturer l’énergie, les rencontres et les histoires derrière chaque stand

Interviews, témoignages inspirants, moments spontanés et ambiance authentique… nous avons plongé au cœur de l’événement pour faire vivre l’expérience autrement.

Entre prises de vue, échanges avec les participants et backstage de tournage, ce reel vous montre l’envers du décor d’une journée riche en créativité et en passion. 

Merci à tous les exposants et visiteurs pour leur accueil et leurs témoignages. 

#BehindTheScenes #FoireDuSahel #ContentCreation #DigitalAgency #MarketingDigital #EventCoverage #ReelVideo #Tournage #Communication #CreativeTeam","['BehindTheScenes', 'FoireDuSahel', 'ContentCreation', 'DigitalAgency', 'MarketingDigital', 'EventCoverage', 'ReelVideo', 'Tournage', 'Communication', 'CreativeTeam']",[],https://www.instagram.com/p/DYAmicwEfXe/,0,,[],1137,640,https://scontent-iad6-1.cdninstagram.com/v/t51.82787-15/689251533_18060049919710423_7850346898728237762_n.jpg?stp=dst-jpg_e15_tt6&_nc_ht=scontent-iad6-1.cdninstagram.com&_nc_cat=107&_nc_oc=Q6cZ2gE0vAWblR_NAlBzzGi_2a6bKG_YurBMePTJzcZSQhwwRwCL-6G5CE4ae5_O8cciTUM&_nc_ohc=S-hQZKQfTWMQ7kNvwHBJ3rr&_nc_gid=Uj_ykIy156Af1rrhPp7WkA&edm=ADp7STQBAAAA&ccb=7-5&oh=00_AQDiq5RUEvPMovGQanXsUbNcaJke-cVocD-YXrhFStpUww&oe=6A5E8F0B&_nc_sid=c6f216,[],"Video by Emmak Prod on May 06, 2026. May be an image of flag.",13,2026-05-06T19:45:14.000Z,[],Emmak Prod,emmakprod,51343982422,False,https://www.instagram.com/emmakprod/,1024,576,clips,,,,https://scontent-dfw6-2.cdninstagram.com/o1/v/t2/f2/m86/AQMxB56gDEnUTg-3SM06j9JD4DAGIQ-LxYOYTTrm9KiMmJhzPRbxjfYbYJBBlwFXywEG20u1Mg4MPgoNkOT16NYsW9_xSkq_EjMVutQ.mp4?_nc_cat=108&_nc_sid=5e9851&_nc_ht=scontent-dfw6-2.cdninstagram.com&_nc_ohc=FwS2BnO5tgwQ7kNvwERxKmN&efg=eyJ2ZW5jb2RlX3RhZyI6Inhwdl9wcm9ncmVzc2l2ZS5JTlNUQUdSQU0uQ0xJUFMuQzMuNTc2LmRhc2hfYmFzZWxpbmVfMV92MSIsInhwdl9hc3NldF9pZCI6MTc5NDc4NzE1NjUxNzA4NDIsImFzc2V0X2FnZV9kYXlzIjo3MCwidmlfdXNlY2FzZV9pZCI6MTAwOTksImR1cmF0aW9uX3MiOjE4LCJ1cmxnZW5fc291cmNlIjoid3d3In0%3D&ccb=17-1&vs=5350b0df5477249b&_nc_vs=HBksFQIYUmlnX3hwdl9yZWVsc19wZXJtYW5lbnRfc3JfcHJvZC8zODQ1OEI2OThBRkQ0RUY4OTVCOUY4NTIyQTExRjdCMV92aWRlb19kYXNoaW5pdC5tcDQVAALIARIAFQIYUWlnX3hwdl9wbGFjZW1lbnRfcGVybWFuZW50X3YyLzI3NDYzNUE3NTUyNzA4MEFFM0IzRTg4NEYzREUwMzhDX2F1ZGlvX2Rhc2hpbml0Lm1wNBUCAsgBEgAoABgAGwKIB3VzZV9vaWwBMRJwcm9ncmVzc2l2ZV9yZWNpcGUBMRUAACa0ou7Rz9_hPxUCKAJDMywXQDJmZmZmZmYYEmRhc2hfYmFzZWxpbmVfMV92MREAdf4HZeadAQA&_nc_gid=fEy0vjjYQzEGYzm0t-TzGQ&_nc_ss=72a8c&_nc_zt=28&oh=00_AQAfv_Sg84V1T4o9B7T9JOVWyoDOxOGycaQonjPrS4pd3g&oe=6A5A839D,66,https://scontent-dfw6-2.cdninstagram.com/o1/v/t2/f2/m78/AQP6QtUUqveuumb7tbM3NIRq0ZZPzYCQZC1s2-tHRWUp6FvG90C0625nOB0u6D3Uqid2zhSSah4wl9RYGZioOK51cwYc7HJtc__AyTY.mp4?_nc_cat=110&_nc_sid=9ca052&_nc_ht=scontent-dfw6-2.cdninstagram.com&_nc_ohc=otZXQtj4ocIQ7kNvwFq7tED&efg=eyJ2ZW5jb2RlX3RhZyI6ImlnLXhwdmRzLmNsaXBzLmlnd3d3LUMzLmRhc2hfbG5faGVhYWNfdmJyM19hdWRpbyIsInZpZGVvX2lkIjpudWxsLCJvaWxfdXJsZ2VuX2FwcF9pZCI6OTM2NjE5NzQzMzkyNDU5LCJjbGllbnRfbmFtZSI6ImlnIiwieHB2X2Fzc2V0X2lkIjoxNzk0Nzg3MTU2NTE3MDg0MiwiYXNzZXRfYWdlX2RheXMiOjcwLCJ2aV91c2VjYXNlX2lkIjoxMDA5OSwiZHVyYXRpb25fcyI6MTgsImJpdHJhdGUiOjU5NTIyLCJ1cmxnZW5fc291cmNlIjoid3d3In0%3D&ccb=17-1&_nc_gid=fEy0vjjYQzEGYzm0t-TzGQ&_nc_ss=72a8c&_nc_zt=28&oh=00_AQDgsVODYkYbDcCxs1pVRoSOZtYQGX3bvDniF8sht3zZpw&oe=6A5A812B,18.4,"{'artist_name': 'emmakprod', 'song_name': 'Original audio', 'uses_original_audio': True, 'should_mute_audio': False, 'should_mute_audio_reason': '', 'audio_id': '26822956050725931'}",340,,
3204569714137455163,Image,Cx46y0tI1o7,"🌸💗 En octobre, ACM Marketing se joint à la lutte contre le cancer du sein. Partagez votre soutien et votre amour envers toutes les femmes touchées par cette maladie. Ensemble, nous pouvons faire la différence ! 💪💕🌸💗

☎️ 73 367 402
💻 www.acm-marketing.tn
✉️ contact@acm-marketing.com
📌 Avenue yasser arafet sahloul, Sousse, Tunisia

#OctobreRose #ACMMarketing #SoutienauxFemmes","['OctobreRose', 'ACMMarketing', 'SoutienauxFemmes']",[],https://www.instagram.com/p/Cx46y0tI1o7/,0,,[],1080,1080,https://scontent-lga3-3.cdninstagram.com/v/t39.30808-6/490263110_1276581410651750_4581160536296508083_n.jpg?stp=dst-jpg_e15_fr_s1080x1080_tt6&_nc_ht=scontent-lga3-3.cdninstagram.com&_nc_cat=102&_nc_oc=Q6cZ2gEXii1b5QvRpaJ4IpHq9_7gSdSJGyhDzgFGhenkRkWeCbv0fczWtqq8ZHZ53VfflsI&_nc_ohc=eWy03iBbHcgQ7kNvwECplRh&_nc_gid=lH80C_RIYnZqwOX0qgwCcQ&edm=ADp7STQAAAAA&ccb=7-5&oh=00_AQCxXJOZl-M9_2Ih_J5NVGSg6ueI4FyEEbx1UY9qMldknQ&oe=6A5E6983&_nc_sid=c6f216,[],"Photo by ACM Marketing Tunisie on October 02, 2023.",2,2023-10-02T08:15:01.000Z,[],ACM Marketing Tunisie,acm.marketing.tn,4451580919,False,https://www.instagram.com/acm.marketing.tn/,1080,1080,feed,Sahloul,106377021175479,,,,,,,,,
3875116138070725250,Sidecar,DXHLZipFtKC,"On lui propose l’audace, il préfère le déjà-vu.
on ne peut pas vouloir sortir du lot… en restant dans sa zone de confort 

Chez KYUBI, on travaille avec ceux qui osent vraiment. 🔥

#LaVéritéDuMardi #Oser #Be #Creative","['LaVéritéDuMardi', 'Oser', 'Be', 'Creative']",[],https://www.instagram.com/p/DXHLZipFtKC/,0,,[],1350,1080,https://scontent-lga3-1.cdninstagram.com/v/t39.30808-6/670862582_1552249496903245_3740893249446896329_n.jpg?stp=dst-jpg_e35_tt6&_nc_cat=110&ig_cache_key=Mzg3NTExNjEyMTE2NzYyNzE0Mw%3D%3D.3-ccb7-5&ccb=7-5&_nc_sid=58cdad&efg=eyJ2ZW5jb2RlX3RhZyI6IkNBUk9VU0VMX0lURU0ueHBpZHMuMTA4MC5zZHIucmVndWxhcl9waG90by5DMyJ9&_nc_ohc=p6XqT_x1EtoQ7kNvwEoZSAo&_nc_oc=Adovehlj9Ht42c_oucUf7q4-BPCH120RdDESlPhZHaoYPvpsqahu_HJTYOaRt8_5ggUTCX6cFHjfTUxg-uad4GNA&_nc_zt=23&_nc_ht=scontent-lga3-1.cdninstagram.com&_nc_gid=qzl8ZvGCIwblk8-Pj9OCvQ&_nc_ss=72a8c&oh=00_AQC4WAaPFjGrJQhalZkdh9VM8fYaQA9UxytQkLUbVa6Ljg&oe=6A5E79BA,"['https://scontent-lga3-1.cdninstagram.com/v/t39.30808-6/670862582_1552249496903245_3740893249446896329_n.jpg?stp=dst-jpg_e35_tt6&_nc_cat=110&ig_cache_key=Mzg3NTExNjEyMTE2NzYyNzE0Mw%3D%3D.3-ccb7-5&ccb=7-5&_nc_sid=58cdad&efg=eyJ2ZW5jb2RlX3RhZyI6IkNBUk9VU0VMX0lURU0ueHBpZHMuMTA4MC5zZHIucmVndWxhcl9waG90by5DMyJ9&_nc_ohc=p6XqT_x1EtoQ7kNvwEoZSAo&_nc_oc=Adovehlj9Ht42c_oucUf7q4-BPCH120RdDESlPhZHaoYPvpsqahu_HJTYOaRt8_5ggUTCX6cFHjfTUxg-uad4GNA&_nc_zt=23&_nc_ht=scontent-lga3-1.cdninstagram.com&_nc_gid=qzl8ZvGCIwblk8-Pj9OCvQ&_nc_ss=72a8c&oh=00_AQC4WAaPFjGrJQhalZkdh9VM8fYaQA9UxytQkLUbVa6Ljg&oe=6A5E79BA', 'https://scontent-lga3-3.cdninstagram.com/v/t39.30808-6/671347392_1552249570236571_8640612421941153805_n.jpg?stp=dst-jpg_e35_tt6&_nc_cat=102&ig_cache_key=Mzg3NTExNjEyMDMxMjAyNjY3NA%3D%3D.3-ccb7-5&ccb=7-5&_nc_sid=58cdad&efg=eyJ2ZW5jb2RlX3RhZyI6IkNBUk9VU0VMX0lURU0ueHBpZHMuMTA4MC5zZHIucmVndWxhcl9waG90by5DMyJ9&_nc_ohc=UIXunDbZ1DQQ7kNvwE9XIdo&_nc_oc=AdqPqD2uXsMaG8fIEcrcLFI0XcWHgP9Fam-GwBYIWLJ9FmelBSDz3m2t-EH3l4_wrVazrDye12bc19xOiLDn8RrA&_nc_zt=23&_nc_ht=scontent-lga3-3.cdninstagram.com&_nc_gid=qzl8ZvGCIwblk8-Pj9OCvQ&_nc_ss=72a8c&oh=00_AQBj_zfWZ2ueX8sKulRQxpf_nKMoMqkahQ3_OL-6F-2khg&oe=6A5E6E0D', 'https://scontent-lga3-3.cdninstagram.com/v/t39.30808-6/670870510_1552249596903235_6277233780069538313_n.jpg?stp=dst-jpg_e35_tt6&_nc_cat=106&ig_cache_key=Mzg3NTExNjEyMTM0Mzc5MzA2Mg%3D%3D.3-ccb7-5&ccb=7-5&_nc_sid=58cdad&efg=eyJ2ZW5jb2RlX3RhZyI6IkNBUk9VU0VMX0lURU0ueHBpZHMuMTA4MC5zZHIucmVndWxhcl9waG90by5DMyJ9&_nc_ohc=tEoUb5EsTd4Q7kNvwF489tw&_nc_oc=Ado6K-SL8UzD9vRnJF74lPLUm4X_YrVd7dNOEBNv2VfuJQ9yQVGKda1KkvMU5be45TDpd-zK_g997lA-06eaVqTi&_nc_zt=23&_nc_ht=scontent-lga3-3.cdninstagram.com&_nc_gid=qzl8ZvGCIwblk8-Pj9OCvQ&_nc_ss=72a8c&oh=00_AQBHWtSxjuMiLN4FsHx09Iwx1ykpdkbHM58KjpZOoYutYw&oe=6A5E81FA', 'https://scontent-lga3-1.cdninstagram.com/v/t39.30808-6/671312429_1552249600236568_6223373759156341160_n.jpg?stp=dst-jpg_e35_tt6&_nc_cat=110&ig_cache_key=Mzg3NTExNjEyMTc4ODM5Nzc4NQ%3D%3D.3-ccb7-5&ccb=7-5&_nc_sid=58cdad&efg=eyJ2ZW5jb2RlX3RhZyI6IkNBUk9VU0VMX0lURU0ueHBpZHMuMTA4MC5zZHIucmVndWxhcl9waG90by5DMyJ9&_nc_ohc=ara3UpVyKHQQ7kNvwG5TAWn&_nc_oc=AdqVW90oGe9sGh4eFtV9HMENDNlpPlHp1B5JcoIKdWo2DfoE-mihs-8qt5ntb57H8HHP9C4JxhK2H4oqMGTdbPHM&_nc_zt=23&_nc_ht=scontent-lga3-1.cdninstagram.com&_nc_gid=qzl8ZvGCIwblk8-Pj9OCvQ&_nc_ss=72a8c&oh=00_AQDa3Xv4K71qd1i2OsM0CJe0SjVzWQZab-qs550le5y6lQ&oe=6A5E69AB']","Photo by Kyubi.digital on April 14, 2026.",7,2026-04-14T12:31:03.000Z,"[{'id': '3875116121167627143', 'type': 'Image', 'caption': '', 'hashtags': [], 'mentions': [], 'url': 'https://www.instagram.com/p/DXHLZS5lgOH/', 'commentsCount': 0, 'firstComment': '', 'latestComments': [], 'dimensionsHeight': 1350, 'dimensionsWidth': 1080, 'displayUrl': 'https://scontent-lga3-1.cdninstagram.com/v/t39.30808-6/670862582_1552249496903245_3740893249446896329_n.jpg?stp=dst-jpg_e35_tt6&_nc_cat=110&ig_cache_key=Mzg3NTExNjEyMTE2NzYyNzE0Mw%3D%3D.3-ccb7-5&ccb=7-5&_nc_sid=58cdad&efg=eyJ2ZW5jb2RlX3RhZyI6IkNBUk9VU0VMX0lURU0ueHBpZHMuMTA4MC5zZHIucmVndWxhcl9waG90by5DMyJ9&_nc_ohc=p6XqT_x1EtoQ7kNvwEoZSAo&_nc_oc=Adovehlj9Ht42c_oucUf7q4-BPCH120RdDESlPhZHaoYPvpsqahu_HJTYOaRt8_5ggUTCX6cFHjfTUxg-uad4GNA&_nc_zt=23&_nc_ht=scontent-lga3-1.cdninstagram.com&_nc_gid=qzl8ZvGCIwblk8-Pj9OCvQ&_nc_ss=72a8c&oh=00_AQC4WAaPFjGrJQhalZkdh9VM8fYaQA9UxytQkLUbVa6Ljg&oe=6A5E79BA', 'images': [], 'alt': 'Photo by Kyubi.digital on April 14, 2026.', 'likesCount': 0, 'timestamp': '2026-04-14T12:31:02.000Z', 'childPosts': [], 'ownerId': '17841405329146459', 'shortCode': 'DXHLZS5lgOH', 'originalHeight': 1350, 'originalWidth': 1080, 'ownerUsername': 'kyubi.digital'}, {'id': '3875116120312026674', 'type': 'Image', 'caption': '', 'hashtags': [], 'mentions': [], 'url': 'https://www.instagram.com/p/DXHLZSGlpYy/', 'commentsCount': 0, 'firstComment': '', 'latestComments': [], 'dimensionsHeight': 1350, 'dimensionsWidth': 1080, 'displayUrl': 'https://scontent-lga3-3.cdninstagram.com/v/t39.30808-6/671347392_1552249570236571_8640612421941153805_n.jpg?stp=dst-jpg_e35_tt6&_nc_cat=102&ig_cache_key=Mzg3NTExNjEyMDMxMjAyNjY3NA%3D%3D.3-ccb7-5&ccb=7-5&_nc_sid=58cdad&efg=eyJ2ZW5jb2RlX3RhZyI6IkNBUk9VU0VMX0lURU0ueHBpZHMuMTA4MC5zZHIucmVndWxhcl9waG90by5DMyJ9&_nc_ohc=UIXunDbZ1DQQ7kNvwE9XIdo&_nc_oc=AdqPqD2uXsMaG8fIEcrcLFI0XcWHgP9Fam-GwBYIWLJ9FmelBSDz3m2t-EH3l4_wrVazrDye12bc19xOiLDn8RrA&_nc_zt=23&_nc_ht=scontent-lga3-3.cdninstagram.com&_nc_gid=qzl8ZvGCIwblk8-Pj9OCvQ&_nc_ss=72a8c&oh=00_AQBj_zfWZ2ueX8sKulRQxpf_nKMoMqkahQ3_OL-6F-2khg&oe=6A5E6E0D', 'images': [], 'alt': 'Photo by Kyubi.digital on April 14, 2026.', 'likesCount': 0, 'timestamp': '2026-04-14T12:31:02.000Z', 'childPosts': [], 'ownerId': '17841405329146459', 'shortCode': 'DXHLZSGlpYy', 'originalHeight': 1350, 'originalWidth': 1080, 'ownerUsername': 'kyubi.digital'}, {'id': '3875116121343793062', 'type': 'Image', 'caption': '', 'hashtags': [], 'mentions': [], 'url': 'https://www.instagram.com/p/DXHLZTEFhem/', 'commentsCount': 0, 'firstComment': '', 'latestComments': [], 'dimensionsHeight': 1350, 'dimensionsWidth': 1080, 'displayUrl': 'https://scontent-lga3-3.cdninstagram.com/v/t39.30808-6/670870510_1552249596903235_6277233780069538313_n.jpg?stp=dst-jpg_e35_tt6&_nc_cat=106&ig_cache_key=Mzg3NTExNjEyMTM0Mzc5MzA2Mg%3D%3D.3-ccb7-5&ccb=7-5&_nc_sid=58cdad&efg=eyJ2ZW5jb2RlX3RhZyI6IkNBUk9VU0VMX0lURU0ueHBpZHMuMTA4MC5zZHIucmVndWxhcl9waG90by5DMyJ9&_nc_ohc=tEoUb5EsTd4Q7kNvwF489tw&_nc_oc=Ado6K-SL8UzD9vRnJF74lPLUm4X_YrVd7dNOEBNv2VfuJQ9yQVGKda1KkvMU5be45TDpd-zK_g997lA-06eaVqTi&_nc_zt=23&_nc_ht=scontent-lga3-3.cdninstagram.com&_nc_gid=qzl8ZvGCIwblk8-Pj9OCvQ&_nc_ss=72a8c&oh=00_AQBHWtSxjuMiLN4FsHx09Iwx1ykpdkbHM58KjpZOoYutYw&oe=6A5E81FA', 'images': [], 'alt': 'Photo by Kyubi.digital on April 14, 2026.', 'likesCount': 0, 'timestamp': '2026-04-14T12:31:02.000Z', 'childPosts': [], 'ownerId': '17841405329146459', 'shortCode': 'DXHLZTEFhem', 'originalHeight': 1350, 'originalWidth': 1080, 'ownerUsername': 'kyubi.digital'}, {'id': '3875116121788397785', 'type': 'Image', 'caption': '', 'hashtags': [], 'mentions': [], 'url': 'https://www.instagram.com/p/DXHLZTeljjZ/', 'commentsCount': 0, 'firstComment': '', 'latestComments': [], 'dimensionsHeight': 1350, 'dimensionsWidth': 1080, 'displayUrl': 'https://scontent-lga3-1.cdninstagram.com/v/t39.30808-6/671312429_1552249600236568_6223373759156341160_n.jpg?stp=dst-jpg_e35_tt6&_nc_cat=110&ig_cache_key=Mzg3NTExNjEyMTc4ODM5Nzc4NQ%3D%3D.3-ccb7-5&ccb=7-5&_nc_sid=58cdad&efg=eyJ2ZW5jb2RlX3RhZyI6IkNBUk9VU0VMX0lURU0ueHBpZHMuMTA4MC5zZHIucmVndWxhcl9waG90by5DMyJ9&_nc_ohc=ara3UpVyKHQQ7kNvwG5TAWn&_nc_oc=AdqVW90oGe9sGh4eFtV9HMENDNlpPlHp1B5JcoIKdWo2DfoE-mihs-8qt5ntb57H8HHP9C4JxhK2H4oqMGTdbPHM&_nc_zt=23&_nc_ht=scontent-lga3-1.cdninstagram.com&_nc_gid=qzl8ZvGCIwblk8-Pj9OCvQ&_nc_ss=72a8c&oh=00_AQDa3Xv4K71qd1i2OsM0CJe0SjVzWQZab-qs550le5y6lQ&oe=6A5E69AB', 'images': [], 'alt': 'Photo by Kyubi.digital on April 14, 2026.', 'likesCount': 0, 'timestamp': '2026-04-14T12:31:02.000Z', 'childPosts': [], 'ownerId': '17841405329146459', 'shortCode': 'DXHLZTeljjZ', 'originalHeight': 1350, 'originalWidth': 1080, 'ownerUsername': 'kyubi.digital'}]",Kyubi.digital,kyubi.digital,5331673638,False,https://www.instagram.com/kyubi.digital/,1350,1080,carousel_container,,,,,,,,,,,
3830967418370353098,Image,DUqVJHWD2fK,L’opinion fait du bruit. La décision fait avancer.,[],[],https://www.instagram.com/p/DUqVJHWD2fK/,0,,[],1350,1080,https://scontent-ord5-2.cdninstagram.com/v/t39.30808-6/631425575_1497276912400504_7592394681133878351_n.jpg?stp=dst-jpg_e15_fr_p1080x1080_tt6&_nc_ht=scontent-ord5-2.cdninstagram.com&_nc_cat=104&_nc_oc=Q6cZ2gEFe4AyTVYxHQgb5MHm83zoY0DWEvf5OZFwrOEg7PSR3F4mDlT7_7snTQZCRzvcmchIqEjbT7RHs-LkjBIElFAT&_nc_ohc=jgaVz1wadfYQ7kNvwFtI2uz&_nc_gid=vUQiq6NIE9TNr5v1BRJUiQ&edm=ADp7STQAAAAA&ccb=7-5&oh=00_AQC_PNDQpamq3nOml4v9-CfYHdSgQK1sXLRNWgV9N2H8eA&oe=6A5E6A4F&_nc_sid=c6f216,[],"Photo by Kyubi.digital on February 12, 2026.",11,2026-02-12T14:35:26.000Z,[],Kyubi.digital,kyubi.digital,5331673638,False,https://www.instagram.com/kyubi.digital/,1350,1080,feed,,,,,,,,,,,
2214381027684655430,Video,B67D8_4giFG,"Digital marketing tunisia provides comprehensive digital marketing services that brings in higher customer numbers hence enhancing the business reach for better growth.

#digitalmarketingtunisia #service #appdevelopment #applicationdevelopment #androiddevelopment #marketingdigital #startup #marketingtips #ppc #digitalmarketingagency","['digitalmarketingtunisia', 'service', 'appdevelopment', 'applicationdevelopment', 'androiddevelopment', 'marketingdigital', 'startup', 'marketingtips', 'ppc', 'digitalmarketingagency']",[],https://www.instagram.com/p/B67D8_4giFG/,0,,[],422,750,https://instagram.fhyw1-1.fna.fbcdn.net/v/t51.71878-15/530682562_1281893136662801_1467908588731225780_n.jpg?stp=dst-jpg_e15_tt6&_nc_ht=instagram.fhyw1-1.fna.fbcdn.net&_nc_cat=105&_nc_oc=Q6cZ2gFLqh3UD36BuwS8wrSmfB7ldMYggOD7RRiR9bdpdB2ixKXiVeAYNBou-KUVGOh6aT8&_nc_ohc=1tMVz050_uQQ7kNvwEKE3tl&_nc_gid=WsIO_aAAlEkmTv0TbHkR6g&edm=ADp7STQBAAAA&ccb=7-5&oh=00_AQBrVmSQvTenPAoa3mgAhhjwE7GpZl0IgH7mmiYYSTigzA&oe=6A5E9A72&_nc_sid=c6f216,[],"Video by DIGITAL MARKETING TUNISIA on January 04, 2020.",3,2020-01-05T03:27:35.000Z,[],DIGITAL MARKETING TUNISIA,digital_marketing_tunisia,24896180662,False,https://www.instagram.com/digital_marketing_tunisia/,406,720,feed,,,"[{'full_name': 'DIGITAL MARKETING TUNISIA', 'id': '24896180662', 'is_verified': False, 'profile_pic_url': 'https://scontent.cdninstagram.com/v/t51.2885-19/74886253_1801674530134044_5499489851960983552_n.jpg?stp=dst-jpg_s150x150_tt6&_nc_cat=101&ccb=7-5&_nc_sid=f7ccc5&efg=eyJ2ZW5jb2RlX3RhZyI6InByb2ZpbGVfcGljLnd3dy44NTUuQzMifQ%3D%3D&_nc_ohc=m6kpXr-HLV8Q7kNvwELzhta&_nc_oc=AdqoLynsfOUjwDGhANk45K9izRBZf8N1oih_1lRS0jQq_Ix9RWYih3Lggv-Pafswox91PLQp_5-lTdjfFVDimX5t&_nc_zt=24&_nc_ht=scontent.cdninstagram.com&_nc_ss=7c689&oh=00_AQBxtIyPDH3lLxRcxDiCICXJTHqTiAJEFHLK2RQW53dTiQ&oe=6A5E8037', 'username': 'digital_marketing_tunisia'}]",https://instagram.fsan1-2.fna.fbcdn.net/o1/v/t16/f2/m84/AQNxulvUosBD_tsF9BJxjEZ5MjywfLDvCcWSn49rBGNnSbyvjMpCUyr76luv4J7xqWT-0yowKbX9XySTc6Eh2ZoAUFZUx7jCosj6OU4.mp4?_nc_cat=107&_nc_oc=AdpsWqurItbNFr3DEOMnd5yfOtaSQ4DiYWe9Lg3WLv_XUzWgPUTm5lc7KL49Wacz9uU-zu8U2QkbYEpaNxHUD4_r&_nc_sid=5e9851&_nc_ht=instagram.fsan1-2.fna.fbcdn.net&_nc_ohc=IG-3n37wVIoQ7kNvwGea8A9&efg=eyJ2ZW5jb2RlX3RhZyI6Inhwdl9wcm9ncmVzc2l2ZS5JTlNUQUdSQU0uRkVFRC5DMy43MjAuZGFzaF9iYXNlbGluZV8xX3YxIiwieHB2X2Fzc2V0X2lkIjo4NTY2NjMzNzI1MTkxMTUsImFzc2V0X2FnZV9kYXlzIjoyMzg0LCJ2aV91c2VjYXNlX2lkIjoxMDE0NiwiZHVyYXRpb25fcyI6MjgsInVybGdlbl9zb3VyY2UiOiJ3d3cifQ%3D%3D&ccb=17-1&vs=e809cb545b85c1c6&_nc_vs=HBkcFQIYTGlnX2JhY2tmaWxsX3RpbWVsaW5lX3ZvZC9BOTQyREMyNkZFMkIxOEEzMDc2NTVBQ0IxQjk4MjFCMF92aWRlb19kYXNoaW5pdC5tcDQVAALIARIAKAAYABsCiAd1c2Vfb2lsATEScHJvZ3Jlc3NpdmVfcmVjaXBlATEVAAAmltuWwK_IhQMVAigCQzMsF0A85mZmZmZmGBJkYXNoX2Jhc2VsaW5lXzFfdjERAHXqB2XEngEA&_nc_gid=dq2ysXIMtpDNUFLsfcapJA&_nc_ss=7c689&_nc_zt=28&oh=00_AQALNWYqH-uT9jq0FzmYqgM1t-G1HuxfcDn-d3iVkbDdFg&oe=6A5AA549,7,,28.9,,,,
2211392945268064367,Video,B6wcirRggBv,"@voguemagazine @womanslook
@globalinfluenceragency @chicnyc
@britishvogue @vogueparis
@vogueitalia @voguegermany @vogueaustralia @international_coach_start_up
@digital_marketing_tunisia",[],"['voguemagazine', 'womanslook', 'globalinfluenceragency', 'chicnyc', 'britishvogue', 'vogueparis', 'vogueitalia', 'voguegermany', 'vogueaustralia', 'international_coach_start_up', 'digital_marketing_tunisia']",https://www.instagram.com/p/B6wcirRggBv/,0,,[],422,750,https://scontent-dfw5-1.cdninstagram.com/v/t51.71878-15/528243169_605574269287067_7828084661476667934_n.jpg?stp=dst-jpg_e15_tt6&_nc_ht=scontent-dfw5-1.cdninstagram.com&_nc_cat=111&_nc_oc=Q6cZ2gEH9Toj_f_65o5nOYFD_gEo5wMwngpQzhKZPt74tgagiRsr5ojF8dYB2NuHgKZVPk0&_nc_ohc=a6ebHQkUtyAQ7kNvwEhgvJo&_nc_gid=5r6jsHoXvs3wX1kij1Cacg&edm=ADp7STQBAAAA&ccb=7-5&oh=00_AQBLD_AHuJl7jvaDBfbohmTlsMlVFxSEohoCpORK3lsOhA&oe=6A5E9A65&_nc_sid=c6f216,[],"Video by DIGITAL MARKETING TUNISIA on December 31, 2019.",3,2020-01-01T00:30:26.000Z,[],DIGITAL MARKETING TUNISIA,digital_marketing_tunisia,24896180662,False,https://www.instagram.com/digital_marketing_tunisia/,406,720,feed,Béja,228400746,"[{'full_name': 'DIGITAL MARKETING TUNISIA', 'id': '24896180662', 'is_verified': False, 'profile_pic_url': 'https://scontent.cdninstagram.com/v/t51.2885-19/74886253_1801674530134044_5499489851960983552_n.jpg?stp=dst-jpg_s150x150_tt6&_nc_cat=101&ccb=7-5&_nc_sid=f7ccc5&efg=eyJ2ZW5jb2RlX3RhZyI6InByb2ZpbGVfcGljLnd3dy44NTUuQzMifQ%3D%3D&_nc_ohc=m6kpXr-HLV8Q7kNvwEBOSq6&_nc_oc=AdrHl2vebPex1bRJrOOZsMb1u-orX5ODX8pYJ8YmOJoy0UwQczBxCWXKKVEqLTXKwiG4ig5COG9Y0XArX_34oiSe&_nc_zt=24&_nc_ht=scontent.cdninstagram.com&_nc_ss=72a8c&oh=00_AQBWnlORsPuv4W5OZ9j3mv_99FZuGneDDvaz3BzQCSO9Rg&oe=6A5E8037', 'username': 'digital_marketing_tunisia'}]",https://instagram.fagc1-1.fna.fbcdn.net/o1/v/t16/f2/m84/AQNFOXzlQIjoDLqR5N0tBF5VjetW7JjyvOUbjBGI5xq0kSnYVVtjacYZGQruR-L8Bw45CeMf8mwvzLcnfQsflQ_S0ukAOCl-M_oUjQo.mp4?_nc_cat=110&_nc_oc=AdqW3kD_fzhNqJl5seRtasX50jTM1utrG6EUKdPjypIMDnNAurgv4c_ZOnzcx6kxDxNHucUztiCUtzk3CU-bO8NV&_nc_sid=5e9851&_nc_ht=instagram.fagc1-1.fna.fbcdn.net&_nc_ohc=lWSx8jhSSGMQ7kNvwGWcVDx&efg=eyJ2ZW5jb2RlX3RhZyI6Inhwdl9wcm9ncmVzc2l2ZS5JTlNUQUdSQU0uRkVFRC5DMy43MjAuZGFzaF9iYXNlbGluZV8xX3YxIiwieHB2X2Fzc2V0X2lkIjoxNTA3NTAwNzQ3Njk0OTEsImFzc2V0X2FnZV9kYXlzIjoyMzg4LCJ2aV91c2VjYXNlX2lkIjoxMDE0NiwiZHVyYXRpb25fcyI6MjgsInVybGdlbl9zb3VyY2UiOiJ3d3cifQ%3D%3D&ccb=17-1&vs=5b7395d72669e625&_nc_vs=HBkcFQIYTGlnX2JhY2tmaWxsX3RpbWVsaW5lX3ZvZC9ENjQxOUQ5RTA2RDg4Nzk5OTRCQzk4MUQ1RThDMDNCN192aWRlb19kYXNoaW5pdC5tcDQVAALIARIAKAAYABsCiAd1c2Vfb2lsATEScHJvZ3Jlc3NpdmVfcmVjaXBlATEVAAAmpsHAyufGRBUCKAJDMywXQDzu2RaHKwIYEmRhc2hfYmFzZWxpbmVfMV92MREAdeoHZcSeAQA&_nc_gid=yP9OyMNWIww7n5F-vpUSUQ&_nc_ss=72a8c&_nc_zt=28&oh=00_AQBzmXF-sJpZ9u9N-Uj_LE5XRUJY4gOyDcCogqX5L8JH5A&oe=6A5AA5FE,5,,28.933,,,,
3583736154659429287,Video,DG7_QuTMxun,"Ne vous laissez pas définir par les autres, définissez-vous vous-même 
Simone de Beauvoir🌸",[],[],https://www.instagram.com/p/DG7_QuTMxun/,0,,[],1080,1080,https://scontent-lga3-2.cdninstagram.com/v/t51.71878-15/503750577_685907427393103_8839073539514701563_n.jpg?stp=dst-jpg_e15_fr_s1080x1080_tt6&_nc_ht=scontent-lga3-2.cdninstagram.com&_nc_cat=107&_nc_oc=Q6cZ2gH_QGHGTLAXXYQRW7QNVzkWpxKfCQzPvtV_d85R-1aEEVg0425G80CxZsJ9WT9TgSRzKyMoU_tyqIgtN8_Oc7kP&_nc_ohc=gx5skz3mxIAQ7kNvwEIj2AV&_nc_gid=NlnZBOSvJW3VzzvUmAMkyg&edm=ADp7STQBAAAA&ccb=7-5&oh=00_AQBJsau-pN_YtuJ29aloISnOLFpRKXmiZny78QuWyDhAow&oe=6A5E8770&_nc_sid=c6f216,[],"Video by Pi2r on March 08, 2025.",7,2025-03-08T11:51:21.000Z,[],Pi2r,agence_pi2r,3982105280,False,https://www.instagram.com/agence_pi2r/,720,720,clips,,,,https://scontent-det1-1.cdninstagram.com/o1/v/t2/f2/m367/AQNM34f8yW2Z7s4Lz6PuhyXT0hxOsI4tLmWX0Qhyj5301LuhgEFRxMaLsBzw2Lekx4Jayniewl2trCPMsaHUsA6S2J7bELmTSrmND0M.mp4?_nc_cat=102&_nc_sid=5e9851&_nc_ht=scontent-det1-1.cdninstagram.com&_nc_ohc=dGSVadndxKUQ7kNvwF5EWho&efg=eyJ2ZW5jb2RlX3RhZyI6Inhwdl9wcm9ncmVzc2l2ZS5JTlNUQUdSQU0uQ0xJUFMuQzMuNzIwLmRhc2hfYmFzZWxpbmVfMV92MSIsInhwdl9hc3NldF9pZCI6NjIyMjk0MjU3MDg3NzU0LCJhc3NldF9hZ2VfZGF5cyI6NDk0LCJ2aV91c2VjYXNlX2lkIjoxMDA5OSwiZHVyYXRpb25fcyI6MTAsInVybGdlbl9zb3VyY2UiOiJ3d3cifQ%3D%3D&ccb=17-1&vs=89c5c0f053fb5f98&_nc_vs=HBksFQIYQGlnX2VwaGVtZXJhbC81MzQ4QTM2OENDQ0EyRkZGQTc2N0Q0Q0E3NTExN0VCMF92aWRlb19kYXNoaW5pdC5tcDQVAALIARIAFQIYR2lnX3hwdl9yZWVsc19wZXJtYW5lbnRfc3JfcHJvZC8xNjkxNTgyMjMxNzYwMzE2XzQwNTE4MjczODU0ODg5NTIyNTkubXA0FQICyAESACgAGAAbAogHdXNlX29pbAExEnByb2dyZXNzaXZlX3JlY2lwZQExFQAAJpTUncKl_poCFQIoAkMzLBdAJCHKwIMSbxgSZGFzaF9iYXNlbGluZV8xX3YxEQB1_gdl5p0BAA&_nc_gid=LkNUekk5CyVoJaneTcdNrA&_nc_ss=7d689&_nc_zt=28&oh=00_AQDeKoqqXmQy0IDPHuzOs9PJdtUPoEezQ6wrhMyNN_MQWA&oe=6A5E97A3,54,https://scontent-det1-1.cdninstagram.com/o1/v/t2/f2/m86/AQPEMtCuB0UfPse5iA6pHzEMSBG3H7tZLtHO-uUDJLHfjpm-JUW8GMF9AU2rwDqfRboBAjR3Jgd38MEKOQUTDDol.mp4?_nc_cat=100&_nc_sid=9ca052&_nc_ht=scontent-det1-1.cdninstagram.com&_nc_ohc=bwjJs3YdBbYQ7kNvwGAZN5I&efg=eyJ2ZW5jb2RlX3RhZyI6ImlnLXhwdmRzLmNsaXBzLmlnd3d3LUMzLmRhc2hfbG5faGVhYWNfdmJyM19hdWRpbyIsInZpZGVvX2lkIjpudWxsLCJvaWxfdXJsZ2VuX2FwcF9pZCI6OTM2NjE5NzQzMzkyNDU5LCJjbGllbnRfbmFtZSI6ImlnIiwieHB2X2Fzc2V0X2lkIjo2MjIyOTQyNTcwODc3NTQsImFzc2V0X2FnZV9kYXlzIjo0OTQsInZpX3VzZWNhc2VfaWQiOjEwMDk5LCJkdXJhdGlvbl9zIjoxMCwiYml0cmF0ZSI6NzgxNjAsInVybGdlbl9zb3VyY2UiOiJ3d3cifQ%3D%3D&ccb=17-1&_nc_gid=LkNUekk5CyVoJaneTcdNrA&_nc_ss=7d689&_nc_zt=28&oh=00_AQDrLq0AnriKGNk1miG4ILVtqRf4eXwMLuf558p8LnLxew&oe=6A5A80F2,10.066,"{'artist_name': 'agence_pi2r', 'song_name': 'Original audio', 'uses_original_audio': True, 'should_mute_audio': False, 'should_mute_audio_reason': '', 'audio_id': '8830899483683406'}",273,,
3851210024286984645,Video,DVyPxzNDJnF,"#EmmakProd, on crée des moments, des échanges et des histoires qui méritent d’être racontées.

Studio. Caméras. Ambiance.
Et des invités qui ont des choses à dire.

Stay tuned… les épisodes arrivent

#PodcastStudio #PodcastTunisie #EmmakProd #ContentCreation #StudioPodcast #DigitalContent #MarketingDigital #BehindTheScenes","['EmmakProd,', 'PodcastStudio', 'PodcastTunisie', 'EmmakProd', 'ContentCreation', 'StudioPodcast', 'DigitalContent', 'MarketingDigital', 'BehindTheScenes']",[],https://www.instagram.com/p/DVyPxzNDJnF/,85,😍😍,"[{'id': '18130953397530718', 'text': '😍😍', 'ownerUsername': 'abdelkader_slimen', 'ownerProfilePicUrl': 'https://scontent-det1-1.cdninstagram.com/v/t51.2885-19/280243480_566695571442480_4334783784776682073_n.jpg?stp=dst-jpg_s150x150_tt6&_nc_cat=102&ccb=7-5&_nc_sid=f7ccc5&efg=eyJ2ZW5jb2RlX3RhZyI6InByb2ZpbGVfcGljLnd3dy43MjAuQzMifQ%3D%3D&_nc_ohc=rZ_om0xeB0EQ7kNvwFsAJDI&_nc_oc=AdqppK11lNQuUTGXoCljmUoUtk22ZmDsD94teFzV0CD1VUyRZ5ri_DHeOL5Yt-DB4rledCoIeTMa4D7FQqQkBx6j&_nc_zt=24&_nc_ht=scontent-det1-1.cdninstagram.com&_nc_ss=72a8c&oh=00_AQCZccoaWLKnpLJqROWzqT7jUe9hVau4vt8Z4MO7CSsKPQ&oe=6A5E8F10', 'timestamp': '2026-03-14T21:04:20.000Z', 'repliesCount': None, 'replies': None, 'likesCount': 0, 'owner': {'username': 'abdelkader_slimen', 'profile_pic_url': 'https://scontent-det1-1.cdninstagram.com/v/t51.2885-19/280243480_566695571442480_4334783784776682073_n.jpg?stp=dst-jpg_s150x150_tt6&_nc_cat=102&ccb=7-5&_nc_sid=f7ccc5&efg=eyJ2ZW5jb2RlX3RhZyI6InByb2ZpbGVfcGljLnd3dy43MjAuQzMifQ%3D%3D&_nc_ohc=rZ_om0xeB0EQ7kNvwFsAJDI&_nc_oc=AdqppK11lNQuUTGXoCljmUoUtk22ZmDsD94teFzV0CD1VUyRZ5ri_DHeOL5Yt-DB4rledCoIeTMa4D7FQqQkBx6j&_nc_zt=24&_nc_ht=scontent-det1-1.cdninstagram.com&_nc_ss=72a8c&oh=00_AQCZccoaWLKnpLJqROWzqT7jUe9hVau4vt8Z4MO7CSsKPQ&oe=6A5E8F10', 'is_verified': False, 'id': '53155300431', 'full_name': None, 'is_mentionable': None, 'is_private': None, 'profile_pic_id': None, 'latest_reel_media': None}}, {'id': '18044609765534688', 'text': '😍😍', 'ownerUsername': 'abdelkader_slimen', 'ownerProfilePicUrl': 'https://scontent-det1-1.cdninstagram.com/v/t51.2885-19/280243480_566695571442480_4334783784776682073_n.jpg?stp=dst-jpg_s150x150_tt6&_nc_cat=102&ccb=7-5&_nc_sid=f7ccc5&efg=eyJ2ZW5jb2RlX3RhZyI6InByb2ZpbGVfcGljLnd3dy43MjAuQzMifQ%3D%3D&_nc_ohc=rZ_om0xeB0EQ7kNvwFsAJDI&_nc_oc=AdqppK11lNQuUTGXoCljmUoUtk22ZmDsD94teFzV0CD1VUyRZ5ri_DHeOL5Yt-DB4rledCoIeTMa4D7FQqQkBx6j&_nc_zt=24&_nc_ht=scontent-det1-1.cdninstagram.com&_nc_ss=72a8c&oh=00_AQCZccoaWLKnpLJqROWzqT7jUe9hVau4vt8Z4MO7CSsKPQ&oe=6A5E8F10', 'timestamp': '2026-03-14T21:04:19.000Z', 'repliesCount': None, 'replies': None, 'likesCount': 0, 'owner': {'username': 'abdelkader_slimen', 'profile_pic_url': 'https://scontent-det1-1.cdninstagram.com/v/t51.2885-19/280243480_566695571442480_4334783784776682073_n.jpg?stp=dst-jpg_s150x150_tt6&_nc_cat=102&ccb=7-5&_nc_sid=f7ccc5&efg=eyJ2ZW5jb2RlX3RhZyI6InByb2ZpbGVfcGljLnd3dy43MjAuQzMifQ%3D%3D&_nc_ohc=rZ_om0xeB0EQ7kNvwFsAJDI&_nc_oc=AdqppK11lNQuUTGXoCljmUoUtk22ZmDsD94teFzV0CD1VUyRZ5ri_DHeOL5Yt-DB4rledCoIeTMa4D7FQqQkBx6j&_nc_zt=24&_nc_ht=scontent-det1-1.cdninstagram.com&_nc_ss=72a8c&oh=00_AQCZccoaWLKnpLJqROWzqT7jUe9hVau4vt8Z4MO7CSsKPQ&oe=6A5E8F10', 'is_verified': False, 'id': '53155300431', 'full_name': None, 'is_mentionable': None, 'is_private': None, 'profile_pic_id': None, 'latest_reel_media': None}}, {'id': '17975004309006101', 'text': '😍😍', 'ownerUsername': 'abdelkader_slimen', 'ownerProfilePicUrl': 'https://scontent-det1-1.cdninstagram.com/v/t51.2885-19/280243480_566695571442480_4334783784776682073_n.jpg?stp=dst-jpg_s150x150_tt6&_nc_cat=102&ccb=7-5&_nc_sid=f7ccc5&efg=eyJ2ZW5jb2RlX3RhZyI6InByb2ZpbGVfcGljLnd3dy43MjAuQzMifQ%3D%3D&_nc_ohc=rZ_om0xeB0EQ7kNvwFsAJDI&_nc_oc=AdqppK11lNQuUTGXoCljmUoUtk22ZmDsD94teFzV0CD1VUyRZ5ri_DHeOL5Yt-DB4rledCoIeTMa4D7FQqQkBx6j&_nc_zt=24&_nc_ht=scontent-det1-1.cdninstagram.com&_nc_ss=72a8c&oh=00_AQCZccoaWLKnpLJqROWzqT7jUe9hVau4vt8Z4MO7CSsKPQ&oe=6A5E8F10', 'timestamp': '2026-03-14T21:04:19.000Z', 'repliesCount': None, 'replies': None, 'likesCount': 0, 'owner': {'username': 'abdelkader_slimen', 'profile_pic_url': 'https://scontent-det1-1.cdninstagram.com/v/t51.2885-19/280243480_566695571442480_4334783784776682073_n.jpg?stp=dst-jpg_s150x150_tt6&_nc_cat=102&ccb=7-5&_nc_sid=f7ccc5&efg=eyJ2ZW5jb2RlX3RhZyI6InByb2ZpbGVfcGljLnd3dy43MjAuQzMifQ%3D%3D&_nc_ohc=rZ_om0xeB0EQ7kNvwFsAJDI&_nc_oc=AdqppK11lNQuUTGXoCljmUoUtk22ZmDsD94teFzV0CD1VUyRZ5ri_DHeOL5Yt-DB4rledCoIeTMa4D7FQqQkBx6j&_nc_zt=24&_nc_ht=scontent-det1-1.cdninstagram.com&_nc_ss=72a8c&oh=00_AQCZccoaWLKnpLJqROWzqT7jUe9hVau4vt8Z4MO7CSsKPQ&oe=6A5E8F10', 'is_verified': False, 'id': '53155300431', 'full_name': None, 'is_mentionable': None, 'is_private': None, 'profile_pic_id': None, 'latest_reel_media': None}}, {'id': '17916696222303672', 'text': '😍😍', 'ownerUsername': 'abdelkader_slimen', 'ownerProfilePicUrl': 'https://scontent-det1-1.cdninstagram.com/v/t51.2885-19/280243480_566695571442480_4334783784776682073_n.jpg?stp=dst-jpg_s150x150_tt6&_nc_cat=102&ccb=7-5&_nc_sid=f7ccc5&efg=eyJ2ZW5jb2RlX3RhZyI6InByb2ZpbGVfcGljLnd3dy43MjAuQzMifQ%3D%3D&_nc_ohc=rZ_om0xeB0EQ7kNvwFsAJDI&_nc_oc=AdqppK11lNQuUTGXoCljmUoUtk22ZmDsD94teFzV0CD1VUyRZ5ri_DHeOL5Yt-DB4rledCoIeTMa4D7FQqQkBx6j&_nc_zt=24&_nc_ht=scontent-det1-1.cdninstagram.com&_nc_ss=72a8c&oh=00_AQCZccoaWLKnpLJqROWzqT7jUe9hVau4vt8Z4MO7CSsKPQ&oe=6A5E8F10', 'timestamp': '2026-03-14T21:04:18.000Z', 'repliesCount': None, 'replies': None, 'likesCount': 0, 'owner': {'username': 'abdelkader_slimen', 'profile_pic_url': 'https://scontent-det1-1.cdninstagram.com/v/t51.2885-19/280243480_566695571442480_4334783784776682073_n.jpg?stp=dst-jpg_s150x150_tt6&_nc_cat=102&ccb=7-5&_nc_sid=f7ccc5&efg=eyJ2ZW5jb2RlX3RhZyI6InByb2ZpbGVfcGljLnd3dy43MjAuQzMifQ%3D%3D&_nc_ohc=rZ_om0xeB0EQ7kNvwFsAJDI&_nc_oc=AdqppK11lNQuUTGXoCljmUoUtk22ZmDsD94teFzV0CD1VUyRZ5ri_DHeOL5Yt-DB4rledCoIeTMa4D7FQqQkBx6j&_nc_zt=24&_nc_ht=scontent-det1-1.cdninstagram.com&_nc_ss=72a8c&oh=00_AQCZccoaWLKnpLJqROWzqT7jUe9hVau4vt8Z4MO7CSsKPQ&oe=6A5E8F10', 'is_verified': False, 'id': '53155300431', 'full_name': None, 'is_mentionable': None, 'is_private': None, 'profile_pic_id': None, 'latest_reel_media': None}}, {'id': '17983743689970573', 'text': '😍😍', 'ownerUsername': 'abdelkader_slimen', 'ownerProfilePicUrl': 'https://scontent-det1-1.cdninstagram.com/v/t51.2885-19/280243480_566695571442480_4334783784776682073_n.jpg?stp=dst-jpg_s150x150_tt6&_nc_cat=102&ccb=7-5&_nc_sid=f7ccc5&efg=eyJ2ZW5jb2RlX3RhZyI6InByb2ZpbGVfcGljLnd3dy43MjAuQzMifQ%3D%3D&_nc_ohc=rZ_om0xeB0EQ7kNvwFsAJDI&_nc_oc=AdqppK11lNQuUTGXoCljmUoUtk22ZmDsD94teFzV0CD1VUyRZ5ri_DHeOL5Yt-DB4rledCoIeTMa4D7FQqQkBx6j&_nc_zt=24&_nc_ht=scontent-det1-1.cdninstagram.com&_nc_ss=72a8c&oh=00_AQCZccoaWLKnpLJqROWzqT7jUe9hVau4vt8Z4MO7CSsKPQ&oe=6A5E8F10', 'timestamp': '2026-03-14T21:04:17.000Z', 'repliesCount': None, 'replies': None, 'likesCount': 0, 'owner': {'username': 'abdelkader_slimen', 'profile_pic_url': 'https://scontent-det1-1.cdninstagram.com/v/t51.2885-19/280243480_566695571442480_4334783784776682073_n.jpg?stp=dst-jpg_s150x150_tt6&_nc_cat=102&ccb=7-5&_nc_sid=f7ccc5&efg=eyJ2ZW5jb2RlX3RhZyI6InByb2ZpbGVfcGljLnd3dy43MjAuQzMifQ%3D%3D&_nc_ohc=rZ_om0xeB0EQ7kNvwFsAJDI&_nc_oc=AdqppK11lNQuUTGXoCljmUoUtk22ZmDsD94teFzV0CD1VUyRZ5ri_DHeOL5Yt-DB4rledCoIeTMa4D7FQqQkBx6j&_nc_zt=24&_nc_ht=scontent-det1-1.cdninstagram.com&_nc_ss=72a8c&oh=00_AQCZccoaWLKnpLJqROWzqT7jUe9hVau4vt8Z4MO7CSsKPQ&oe=6A5E8F10', 'is_verified': False, 'id': '53155300431', 'full_name': None, 'is_mentionable': None, 'is_private': None, 'profile_pic_id': None, 'latest_reel_media': None}}, {'id': '18060893762360230', 'text': '😍😍', 'ownerUsername': 'abdelkader_slimen', 'ownerProfilePicUrl': 'https://scontent-det1-1.cdninstagram.com/v/t51.2885-19/280243480_566695571442480_4334783784776682073_n.jpg?stp=dst-jpg_s150x150_tt6&_nc_cat=102&ccb=7-5&_nc_sid=f7ccc5&efg=eyJ2ZW5jb2RlX3RhZyI6InByb2ZpbGVfcGljLnd3dy43MjAuQzMifQ%3D%3D&_nc_ohc=rZ_om0xeB0EQ7kNvwFsAJDI&_nc_oc=AdqppK11lNQuUTGXoCljmUoUtk22ZmDsD94teFzV0CD1VUyRZ5ri_DHeOL5Yt-DB4rledCoIeTMa4D7FQqQkBx6j&_nc_zt=24&_nc_ht=scontent-det1-1.cdninstagram.com&_nc_ss=72a8c&oh=00_AQCZccoaWLKnpLJqROWzqT7jUe9hVau4vt8Z4MO7CSsKPQ&oe=6A5E8F10', 'timestamp': '2026-03-14T21:04:16.000Z', 'repliesCount': None, 'replies': None, 'likesCount': 0, 'owner': {'username': 'abdelkader_slimen', 'profile_pic_url': 'https://scontent-det1-1.cdninstagram.com/v/t51.2885-19/280243480_566695571442480_4334783784776682073_n.jpg?stp=dst-jpg_s150x150_tt6&_nc_cat=102&ccb=7-5&_nc_sid=f7ccc5&efg=eyJ2ZW5jb2RlX3RhZyI6InByb2ZpbGVfcGljLnd3dy43MjAuQzMifQ%3D%3D&_nc_ohc=rZ_om0xeB0EQ7kNvwFsAJDI&_nc_oc=AdqppK11lNQuUTGXoCljmUoUtk22ZmDsD94teFzV0CD1VUyRZ5ri_DHeOL5Yt-DB4rledCoIeTMa4D7FQqQkBx6j&_nc_zt=24&_nc_ht=scontent-det1-1.cdninstagram.com&_nc_ss=72a8c&oh=00_AQCZccoaWLKnpLJqROWzqT7jUe9hVau4vt8Z4MO7CSsKPQ&oe=6A5E8F10', 'is_verified': False, 'id': '53155300431', 'full_name': None, 'is_mentionable': None, 'is_private': None, 'profile_pic_id': None, 'latest_reel_media': None}}, {'id': '18364432303163737', 'text': '😍😍', 'ownerUsername': 'abdelkader_slimen', 'ownerProfilePicUrl': 'https://scontent-det1-1.cdninstagram.com/v/t51.2885-19/280243480_566695571442480_4334783784776682073_n.jpg?stp=dst-jpg_s150x150_tt6&_nc_cat=102&ccb=7-5&_nc_sid=f7ccc5&efg=eyJ2ZW5jb2RlX3RhZyI6InByb2ZpbGVfcGljLnd3dy43MjAuQzMifQ%3D%3D&_nc_ohc=rZ_om0xeB0EQ7kNvwFsAJDI&_nc_oc=AdqppK11lNQuUTGXoCljmUoUtk22ZmDsD94teFzV0CD1VUyRZ5ri_DHeOL5Yt-DB4rledCoIeTMa4D7FQqQkBx6j&_nc_zt=24&_nc_ht=scontent-det1-1.cdninstagram.com&_nc_ss=72a8c&oh=00_AQCZccoaWLKnpLJqROWzqT7jUe9hVau4vt8Z4MO7CSsKPQ&oe=6A5E8F10', 'timestamp': '2026-03-14T21:04:15.000Z', 'repliesCount': None, 'replies': None, 'likesCount': 0, 'owner': {'username': 'abdelkader_slimen', 'profile_pic_url': 'https://scontent-det1-1.cdninstagram.com/v/t51.2885-19/280243480_566695571442480_4334783784776682073_n.jpg?stp=dst-jpg_s150x150_tt6&_nc_cat=102&ccb=7-5&_nc_sid=f7ccc5&efg=eyJ2ZW5jb2RlX3RhZyI6InByb2ZpbGVfcGljLnd3dy43MjAuQzMifQ%3D%3D&_nc_ohc=rZ_om0xeB0EQ7kNvwFsAJDI&_nc_oc=AdqppK11lNQuUTGXoCljmUoUtk22ZmDsD94teFzV0CD1VUyRZ5ri_DHeOL5Yt-DB4rledCoIeTMa4D7FQqQkBx6j&_nc_zt=24&_nc_ht=scontent-det1-1.cdninstagram.com&_nc_ss=72a8c&oh=00_AQCZccoaWLKnpLJqROWzqT7jUe9hVau4vt8Z4MO7CSsKPQ&oe=6A5E8F10', 'is_verified': False, 'id': '53155300431', 'full_name': None, 'is_mentionable': None, 'is_private': None, 'profile_pic_id': None, 'latest_reel_media': None}}, {'id': '18106063927867585', 'text': '😍😍', 'ownerUsername': 'abdelkader_slimen', 'ownerProfilePicUrl': 'https://scontent-det1-1.cdninstagram.com/v/t51.2885-19/280243480_566695571442480_4334783784776682073_n.jpg?stp=dst-jpg_s150x150_tt6&_nc_cat=102&ccb=7-5&_nc_sid=f7ccc5&efg=eyJ2ZW5jb2RlX3RhZyI6InByb2ZpbGVfcGljLnd3dy43MjAuQzMifQ%3D%3D&_nc_ohc=rZ_om0xeB0EQ7kNvwFsAJDI&_nc_oc=AdqppK11lNQuUTGXoCljmUoUtk22ZmDsD94teFzV0CD1VUyRZ5ri_DHeOL5Yt-DB4rledCoIeTMa4D7FQqQkBx6j&_nc_zt=24&_nc_ht=scontent-det1-1.cdninstagram.com&_nc_ss=72a8c&oh=00_AQCZccoaWLKnpLJqROWzqT7jUe9hVau4vt8Z4MO7CSsKPQ&oe=6A5E8F10', 'timestamp': '2026-03-14T21:04:14.000Z', 'repliesCount': None, 'replies': None, 'likesCount': 0, 'owner': {'username': 'abdelkader_slimen', 'profile_pic_url': 'https://scontent-det1-1.cdninstagram.com/v/t51.2885-19/280243480_566695571442480_4334783784776682073_n.jpg?stp=dst-jpg_s150x150_tt6&_nc_cat=102&ccb=7-5&_nc_sid=f7ccc5&efg=eyJ2ZW5jb2RlX3RhZyI6InByb2ZpbGVfcGljLnd3dy43MjAuQzMifQ%3D%3D&_nc_ohc=rZ_om0xeB0EQ7kNvwFsAJDI&_nc_oc=AdqppK11lNQuUTGXoCljmUoUtk22ZmDsD94teFzV0CD1VUyRZ5ri_DHeOL5Yt-DB4rledCoIeTMa4D7FQqQkBx6j&_nc_zt=24&_nc_ht=scontent-det1-1.cdninstagram.com&_nc_ss=72a8c&oh=00_AQCZccoaWLKnpLJqROWzqT7jUe9hVau4vt8Z4MO7CSsKPQ&oe=6A5E8F10', 'is_verified': False, 'id': '53155300431', 'full_name': None, 'is_mentionable': None, 'is_private': None, 'profile_pic_id': None, 'latest_reel_media': None}}, {'id': '18078989450570222', 'text': '😍😍', 'ownerUsername': 'abdelkader_slimen', 'ownerProfilePicUrl': 'https://scontent-det1-1.cdninstagram.com/v/t51.2885-19/280243480_566695571442480_4334783784776682073_n.jpg?stp=dst-jpg_s150x150_tt6&_nc_cat=102&ccb=7-5&_nc_sid=f7ccc5&efg=eyJ2ZW5jb2RlX3RhZyI6InByb2ZpbGVfcGljLnd3dy43MjAuQzMifQ%3D%3D&_nc_ohc=rZ_om0xeB0EQ7kNvwFsAJDI&_nc_oc=AdqppK11lNQuUTGXoCljmUoUtk22ZmDsD94teFzV0CD1VUyRZ5ri_DHeOL5Yt-DB4rledCoIeTMa4D7FQqQkBx6j&_nc_zt=24&_nc_ht=scontent-det1-1.cdninstagram.com&_nc_ss=72a8c&oh=00_AQCZccoaWLKnpLJqROWzqT7jUe9hVau4vt8Z4MO7CSsKPQ&oe=6A5E8F10', 'timestamp': '2026-03-14T21:04:13.000Z', 'repliesCount': None, 'replies': None, 'likesCount': 0, 'owner': {'username': 'abdelkader_slimen', 'profile_pic_url': 'https://scontent-det1-1.cdninstagram.com/v/t51.2885-19/280243480_566695571442480_4334783784776682073_n.jpg?stp=dst-jpg_s150x150_tt6&_nc_cat=102&ccb=7-5&_nc_sid=f7ccc5&efg=eyJ2ZW5jb2RlX3RhZyI6InByb2ZpbGVfcGljLnd3dy43MjAuQzMifQ%3D%3D&_nc_ohc=rZ_om0xeB0EQ7kNvwFsAJDI&_nc_oc=AdqppK11lNQuUTGXoCljmUoUtk22ZmDsD94teFzV0CD1VUyRZ5ri_DHeOL5Yt-DB4rledCoIeTMa4D7FQqQkBx6j&_nc_zt=24&_nc_ht=scontent-det1-1.cdninstagram.com&_nc_ss=72a8c&oh=00_AQCZccoaWLKnpLJqROWzqT7jUe9hVau4vt8Z4MO7CSsKPQ&oe=6A5E8F10', 'is_verified': False, 'id': '53155300431', 'full_name': None, 'is_mentionable': None, 'is_private': None, 'profile_pic_id': None, 'latest_reel_media': None}}, {'id': '17897149068411204', 'text': '😍😍', 'ownerUsername': 'abdelkader_slimen', 'ownerProfilePicUrl': 'https://scontent-det1-1.cdninstagram.com/v/t51.2885-19/280243480_566695571442480_4334783784776682073_n.jpg?stp=dst-jpg_s150x150_tt6&_nc_cat=102&ccb=7-5&_nc_sid=f7ccc5&efg=eyJ2ZW5jb2RlX3RhZyI6InByb2ZpbGVfcGljLnd3dy43MjAuQzMifQ%3D%3D&_nc_ohc=rZ_om0xeB0EQ7kNvwFsAJDI&_nc_oc=AdqppK11lNQuUTGXoCljmUoUtk22ZmDsD94teFzV0CD1VUyRZ5ri_DHeOL5Yt-DB4rledCoIeTMa4D7FQqQkBx6j&_nc_zt=24&_nc_ht=scontent-det1-1.cdninstagram.com&_nc_ss=72a8c&oh=00_AQCZccoaWLKnpLJqROWzqT7jUe9hVau4vt8Z4MO7CSsKPQ&oe=6A5E8F10', 'timestamp': '2026-03-14T21:04:13.000Z', 'repliesCount': None, 'replies': None, 'likesCount': 0, 'owner': {'username': 'abdelkader_slimen', 'profile_pic_url': 'https://scontent-det1-1.cdninstagram.com/v/t51.2885-19/280243480_566695571442480_4334783784776682073_n.jpg?stp=dst-jpg_s150x150_tt6&_nc_cat=102&ccb=7-5&_nc_sid=f7ccc5&efg=eyJ2ZW5jb2RlX3RhZyI6InByb2ZpbGVfcGljLnd3dy43MjAuQzMifQ%3D%3D&_nc_ohc=rZ_om0xeB0EQ7kNvwFsAJDI&_nc_oc=AdqppK11lNQuUTGXoCljmUoUtk22ZmDsD94teFzV0CD1VUyRZ5ri_DHeOL5Yt-DB4rledCoIeTMa4D7FQqQkBx6j&_nc_zt=24&_nc_ht=scontent-det1-1.cdninstagram.com&_nc_ss=72a8c&oh=00_AQCZccoaWLKnpLJqROWzqT7jUe9hVau4vt8Z4MO7CSsKPQ&oe=6A5E8F10', 'is_verified': False, 'id': '53155300431', 'full_name': None, 'is_mentionable': None, 'is_private': None, 'profile_pic_id': None, 'latest_reel_media': None}}, {'id': '17928459294230042', 'text': '😍😍', 'ownerUsername': 'abdelkader_slimen', 'ownerProfilePicUrl': 'https://scontent-det1-1.cdninstagram.com/v/t51.2885-19/280243480_566695571442480_4334783784776682073_n.jpg?stp=dst-jpg_s150x150_tt6&_nc_cat=102&ccb=7-5&_nc_sid=f7ccc5&efg=eyJ2ZW5jb2RlX3RhZyI6InByb2ZpbGVfcGljLnd3dy43MjAuQzMifQ%3D%3D&_nc_ohc=rZ_om0xeB0EQ7kNvwFsAJDI&_nc_oc=AdqppK11lNQuUTGXoCljmUoUtk22ZmDsD94teFzV0CD1VUyRZ5ri_DHeOL5Yt-DB4rledCoIeTMa4D7FQqQkBx6j&_nc_zt=24&_nc_ht=scontent-det1-1.cdninstagram.com&_nc_ss=72a8c&oh=00_AQCZccoaWLKnpLJqROWzqT7jUe9hVau4vt8Z4MO7CSsKPQ&oe=6A5E8F10', 'timestamp': '2026-03-14T21:04:12.000Z', 'repliesCount': None, 'replies': None, 'likesCount': 0, 'owner': {'username': 'abdelkader_slimen', 'profile_pic_url': 'https://scontent-det1-1.cdninstagram.com/v/t51.2885-19/280243480_566695571442480_4334783784776682073_n.jpg?stp=dst-jpg_s150x150_tt6&_nc_cat=102&ccb=7-5&_nc_sid=f7ccc5&efg=eyJ2ZW5jb2RlX3RhZyI6InByb2ZpbGVfcGljLnd3dy43MjAuQzMifQ%3D%3D&_nc_ohc=rZ_om0xeB0EQ7kNvwFsAJDI&_nc_oc=AdqppK11lNQuUTGXoCljmUoUtk22ZmDsD94teFzV0CD1VUyRZ5ri_DHeOL5Yt-DB4rledCoIeTMa4D7FQqQkBx6j&_nc_zt=24&_nc_ht=scontent-det1-1.cdninstagram.com&_nc_ss=72a8c&oh=00_AQCZccoaWLKnpLJqROWzqT7jUe9hVau4vt8Z4MO7CSsKPQ&oe=6A5E8F10', 'is_verified': False, 'id': '53155300431', 'full_name': None, 'is_mentionable': None, 'is_private': None, 'profile_pic_id': None, 'latest_reel_media': None}}, {'id': '18097256939052301', 'text': '😍😍', 'ownerUsername': 'abdelkader_slimen', 'ownerProfilePicUrl': 'https://scontent-det1-1.cdninstagram.com/v/t51.2885-19/280243480_566695571442480_4334783784776682073_n.jpg?stp=dst-jpg_s150x150_tt6&_nc_cat=102&ccb=7-5&_nc_sid=f7ccc5&efg=eyJ2ZW5jb2RlX3RhZyI6InByb2ZpbGVfcGljLnd3dy43MjAuQzMifQ%3D%3D&_nc_ohc=rZ_om0xeB0EQ7kNvwFsAJDI&_nc_oc=AdqppK11lNQuUTGXoCljmUoUtk22ZmDsD94teFzV0CD1VUyRZ5ri_DHeOL5Yt-DB4rledCoIeTMa4D7FQqQkBx6j&_nc_zt=24&_nc_ht=scontent-det1-1.cdninstagram.com&_nc_ss=72a8c&oh=00_AQCZccoaWLKnpLJqROWzqT7jUe9hVau4vt8Z4MO7CSsKPQ&oe=6A5E8F10', 'timestamp': '2026-03-14T21:04:11.000Z', 'repliesCount': None, 'replies': None, 'likesCount': 0, 'owner': {'username': 'abdelkader_slimen', 'profile_pic_url': 'https://scontent-det1-1.cdninstagram.com/v/t51.2885-19/280243480_566695571442480_4334783784776682073_n.jpg?stp=dst-jpg_s150x150_tt6&_nc_cat=102&ccb=7-5&_nc_sid=f7ccc5&efg=eyJ2ZW5jb2RlX3RhZyI6InByb2ZpbGVfcGljLnd3dy43MjAuQzMifQ%3D%3D&_nc_ohc=rZ_om0xeB0EQ7kNvwFsAJDI&_nc_oc=AdqppK11lNQuUTGXoCljmUoUtk22ZmDsD94teFzV0CD1VUyRZ5ri_DHeOL5Yt-DB4rledCoIeTMa4D7FQqQkBx6j&_nc_zt=24&_nc_ht=scontent-det1-1.cdninstagram.com&_nc_ss=72a8c&oh=00_AQCZccoaWLKnpLJqROWzqT7jUe9hVau4vt8Z4MO7CSsKPQ&oe=6A5E8F10', 'is_verified': False, 'id': '53155300431', 'full_name': None, 'is_mentionable': None, 'is_private': None, 'profile_pic_id': None, 'latest_reel_media': None}}, {'id': '18104388541851970', 'text': '😍😍', 'ownerUsername': 'abdelkader_slimen', 'ownerProfilePicUrl': 'https://scontent-det1-1.cdninstagram.com/v/t51.2885-19/280243480_566695571442480_4334783784776682073_n.jpg?stp=dst-jpg_s150x150_tt6&_nc_cat=102&ccb=7-5&_nc_sid=f7ccc5&efg=eyJ2ZW5jb2RlX3RhZyI6InByb2ZpbGVfcGljLnd3dy43MjAuQzMifQ%3D%3D&_nc_ohc=rZ_om0xeB0EQ7kNvwFsAJDI&_nc_oc=AdqppK11lNQuUTGXoCljmUoUtk22ZmDsD94teFzV0CD1VUyRZ5ri_DHeOL5Yt-DB4rledCoIeTMa4D7FQqQkBx6j&_nc_zt=24&_nc_ht=scontent-det1-1.cdninstagram.com&_nc_ss=72a8c&oh=00_AQCZccoaWLKnpLJqROWzqT7jUe9hVau4vt8Z4MO7CSsKPQ&oe=6A5E8F10', 'timestamp': '2026-03-14T21:04:10.000Z', 'repliesCount': None, 'replies': None, 'likesCount': 0, 'owner': {'username': 'abdelkader_slimen', 'profile_pic_url': 'https://scontent-det1-1.cdninstagram.com/v/t51.2885-19/280243480_566695571442480_4334783784776682073_n.jpg?stp=dst-jpg_s150x150_tt6&_nc_cat=102&ccb=7-5&_nc_sid=f7ccc5&efg=eyJ2ZW5jb2RlX3RhZyI6InByb2ZpbGVfcGljLnd3dy43MjAuQzMifQ%3D%3D&_nc_ohc=rZ_om0xeB0EQ7kNvwFsAJDI&_nc_oc=AdqppK11lNQuUTGXoCljmUoUtk22ZmDsD94teFzV0CD1VUyRZ5ri_DHeOL5Yt-DB4rledCoIeTMa4D7FQqQkBx6j&_nc_zt=24&_nc_ht=scontent-det1-1.cdninstagram.com&_nc_ss=72a8c&oh=00_AQCZccoaWLKnpLJqROWzqT7jUe9hVau4vt8Z4MO7CSsKPQ&oe=6A5E8F10', 'is_verified': False, 'id': '53155300431', 'full_name': None, 'is_mentionable': None, 'is_private': None, 'profile_pic_id': None, 'latest_reel_media': None}}, {'id': '17850808161648848', 'text': '😍😍😍', 'ownerUsername': 'abdelkader_slimen', 'ownerProfilePicUrl': 'https://scontent-det1-1.cdninstagram.com/v/t51.2885-19/280243480_566695571442480_4334783784776682073_n.jpg?stp=dst-jpg_s150x150_tt6&_nc_cat=102&ccb=7-5&_nc_sid=f7ccc5&efg=eyJ2ZW5jb2RlX3RhZyI6InByb2ZpbGVfcGljLnd3dy43MjAuQzMifQ%3D%3D&_nc_ohc=rZ_om0xeB0EQ7kNvwFsAJDI&_nc_oc=AdqppK11lNQuUTGXoCljmUoUtk22ZmDsD94teFzV0CD1VUyRZ5ri_DHeOL5Yt-DB4rledCoIeTMa4D7FQqQkBx6j&_nc_zt=24&_nc_ht=scontent-det1-1.cdninstagram.com&_nc_ss=72a8c&oh=00_AQCZccoaWLKnpLJqROWzqT7jUe9hVau4vt8Z4MO7CSsKPQ&oe=6A5E8F10', 'timestamp': '2026-03-14T21:04:09.000Z', 'repliesCount': None, 'replies': None, 'likesCount': 0, 'owner': {'username': 'abdelkader_slimen', 'profile_pic_url': 'https://scontent-det1-1.cdninstagram.com/v/t51.2885-19/280243480_566695571442480_4334783784776682073_n.jpg?stp=dst-jpg_s150x150_tt6&_nc_cat=102&ccb=7-5&_nc_sid=f7ccc5&efg=eyJ2ZW5jb2RlX3RhZyI6InByb2ZpbGVfcGljLnd3dy43MjAuQzMifQ%3D%3D&_nc_ohc=rZ_om0xeB0EQ7kNvwFsAJDI&_nc_oc=AdqppK11lNQuUTGXoCljmUoUtk22ZmDsD94teFzV0CD1VUyRZ5ri_DHeOL5Yt-DB4rledCoIeTMa4D7FQqQkBx6j&_nc_zt=24&_nc_ht=scontent-det1-1.cdninstagram.com&_nc_ss=72a8c&oh=00_AQCZccoaWLKnpLJqROWzqT7jUe9hVau4vt8Z4MO7CSsKPQ&oe=6A5E8F10', 'is_verified': False, 'id': '53155300431', 'full_name': None, 'is_mentionable': None, 'is_private': None, 'profile_pic_id': None, 'latest_reel_media': None}}, {'id': '18064240322688678', 'text': '😍', 'ownerUsername': 'abdelkader_slimen', 'ownerProfilePicUrl': 'https://scontent-det1-1.cdninstagram.com/v/t51.2885-19/280243480_566695571442480_4334783784776682073_n.jpg?stp=dst-jpg_s150x150_tt6&_nc_cat=102&ccb=7-5&_nc_sid=f7ccc5&efg=eyJ2ZW5jb2RlX3RhZyI6InByb2ZpbGVfcGljLnd3dy43MjAuQzMifQ%3D%3D&_nc_ohc=rZ_om0xeB0EQ7kNvwFsAJDI&_nc_oc=AdqppK11lNQuUTGXoCljmUoUtk22ZmDsD94teFzV0CD1VUyRZ5ri_DHeOL5Yt-DB4rledCoIeTMa4D7FQqQkBx6j&_nc_zt=24&_nc_ht=scontent-det1-1.cdninstagram.com&_nc_ss=72a8c&oh=00_AQCZccoaWLKnpLJqROWzqT7jUe9hVau4vt8Z4MO7CSsKPQ&oe=6A5E8F10', 'timestamp': '2026-03-14T21:03:41.000Z', 'repliesCount': None, 'replies': None, 'likesCount': 0, 'owner': {'username': 'abdelkader_slimen', 'profile_pic_url': 'https://scontent-det1-1.cdninstagram.com/v/t51.2885-19/280243480_566695571442480_4334783784776682073_n.jpg?stp=dst-jpg_s150x150_tt6&_nc_cat=102&ccb=7-5&_nc_sid=f7ccc5&efg=eyJ2ZW5jb2RlX3RhZyI6InByb2ZpbGVfcGljLnd3dy43MjAuQzMifQ%3D%3D&_nc_ohc=rZ_om0xeB0EQ7kNvwFsAJDI&_nc_oc=AdqppK11lNQuUTGXoCljmUoUtk22ZmDsD94teFzV0CD1VUyRZ5ri_DHeOL5Yt-DB4rledCoIeTMa4D7FQqQkBx6j&_nc_zt=24&_nc_ht=scontent-det1-1.cdninstagram.com&_nc_ss=72a8c&oh=00_AQCZccoaWLKnpLJqROWzqT7jUe9hVau4vt8Z4MO7CSsKPQ&oe=6A5E8F10', 'is_verified': False, 'id': '53155300431', 'full_name': None, 'is_mentionable': None, 'is_private': None, 'profile_pic_id': None, 'latest_reel_media': None}}]",854,480,https://scontent-ord5-3.cdninstagram.com/v/t51.82787-15/649172327_18052662680710423_2712515738302258909_n.jpg?stp=dst-jpg_e15_tt6&_nc_ht=scontent-ord5-3.cdninstagram.com&_nc_cat=107&_nc_oc=Q6cZ2gEyUcUFhwoOapI2zAI0jLhuTIRxxteRcwuabhec1Z-n-evcwRRMQ3sHYnmqwHcdyXk&_nc_ohc=Fq7lXG17No0Q7kNvwEgYemg&_nc_gid=kjJ7p44lcNS0eiJqjPKVqw&edm=ADp7STQBAAAA&ccb=7-5&oh=00_AQDUtkvwyyytUpItZnWP94WPAW1vqNfShuKq33X0qPLwiw&oe=6A5E80B5&_nc_sid=c6f216,[],"Video by Emmak Prod on March 12, 2026.",335,2026-03-12T12:54:16.000Z,[],Emmak Prod,emmakprod,51343982422,False,https://www.instagram.com/emmakprod/,1920,1080,clips,,,"[{'full_name': 'Mohamed BenFrija', 'id': '49785461046', 'is_verified': False, 'profile_pic_url': 'https://scontent-det1-1.cdninstagram.com/v/t51.82787-19/641226210_18061251182661047_7421093445225378301_n.jpg?stp=dst-jpg_s150x150_tt6&_nc_cat=101&ccb=7-5&_nc_sid=f7ccc5&efg=eyJ2ZW5jb2RlX3RhZyI6InByb2ZpbGVfcGljLnd3dy44MjguQzMifQ%3D%3D&_nc_ohc=WKUOP5b_JzgQ7kNvwFIlLsq&_nc_oc=AdpoG3V_1gFMbzO2rBwscd3I27uLp4vJwuCUUpY7XOJa_aBNEkyL4J2VG3r7eG77Ou-ACsk2ODFRKJTc1J9PJM5V&_nc_zt=24&_nc_ht=scontent-det1-1.cdninstagram.com&_nc_gid=k3QyE-Se38nx_nlosegJfA&_nc_ss=72a8c&oh=00_AQC-Jtxy3vQedL_O1LBN4hBzS7RaglchDZFGbh4wgrM5Ig&oe=6A5E764B', 'username': '3arbouch.tn'}, {'full_name': 'Bamby🦌', 'id': '52569059900', 'is_verified': False, 'profile_pic_url': 'https://scontent-det1-1.cdninstagram.com/v/t51.82787-19/632294716_18040280243755901_6240796889406681765_n.jpg?stp=dst-jpg_s150x150_tt6&_nc_cat=105&ccb=7-5&_nc_sid=f7ccc5&efg=eyJ2ZW5jb2RlX3RhZyI6InByb2ZpbGVfcGljLnd3dy4xMDgwLkMzIn0%3D&_nc_ohc=iFuo3MMG6YQQ7kNvwEkp-WH&_nc_oc=AdrVt71cMZri0WuaZzyOQc7YxVhPwn7cpmWr7IR_Y3U0frlj9B3GN8Pg8pkMJPXm7XsYmeeIV8uYgUBv_AJtBh1w&_nc_zt=24&_nc_ht=scontent-det1-1.cdninstagram.com&_nc_gid=k3QyE-Se38nx_nlosegJfA&_nc_ss=72a8c&oh=00_AQBElwGkHZ-s13UOIUy5Ffd89x4IYt4cf_tSbzpRODUpIw&oe=6A5E7FF7', 'username': 'mohamed_frija33'}, {'full_name': 'Jbeli Yassin', 'id': '57041011762', 'is_verified': False, 'profile_pic_url': 'https://scontent-det1-1.cdninstagram.com/v/t51.82787-19/684144685_18010151072899763_5553038247739577238_n.jpg?stp=dst-jpg_s150x150_tt6&_nc_cat=109&ccb=7-5&_nc_sid=f7ccc5&efg=eyJ2ZW5jb2RlX3RhZyI6InByb2ZpbGVfcGljLnd3dy4xMDgwLkMzIn0%3D&_nc_ohc=k4xmFwTE1NYQ7kNvwFyUIxW&_nc_oc=AdqabhtgreFy6z3dcRLVn6ldtXAx9E_LKYdALBg2dpFk9GazWRSr6cQSdY5npDR_x6eCT19k_7hHd7YT9YbchP2M&_nc_zt=24&_nc_ht=scontent-det1-1.cdninstagram.com&_nc_gid=k3QyE-Se38nx_nlosegJfA&_nc_ss=72a8c&oh=00_AQDHFtzi1geMqenazM4NnWkaW9BhGaDqRbC5HTJ1RBS1Bw&oe=6A5E8425', 'username': 'jbeli_officiel'}, {'full_name': '3arbouch', 'id': '59855081301', 'is_verified': False, 'profile_pic_url': 'https://scontent-det1-1.cdninstagram.com/v/t51.82787-19/550307557_17960578583993302_1780038658049480366_n.jpg?stp=dst-jpg_s150x150_tt6&_nc_cat=105&ccb=7-5&_nc_sid=f7ccc5&efg=eyJ2ZW5jb2RlX3RhZyI6InByb2ZpbGVfcGljLnd3dy44MjguQzMifQ%3D%3D&_nc_ohc=UtlWXKX9gN4Q7kNvwEBiwmc&_nc_oc=AdqECGZSLOfajSHmNwxJWLYjfAbBGUX-I4uuh_rB4hLuCfYaFbg0fYmz_wZagUbG_PUEesQgFwukC-Q39kiGYsdq&_nc_zt=24&_nc_ht=scontent-det1-1.cdninstagram.com&_nc_gid=k3QyE-Se38nx_nlosegJfA&_nc_ss=72a8c&oh=00_AQCt1DEQlAfLjaV3Ezc85LKUuhmSsiYin-XkVDeo2UZJww&oe=6A5E6FDF', 'username': '3arbouch.tv'}]",https://scontent-det1-1.cdninstagram.com/o1/v/t2/f2/m86/AQPDg5LIVGe4B6451tox5TSoWJyVRGWLkiMrs3K7SLUx_zXqfynclbfJbC42lOsH86KM2Bmoessv8a2RoJLBhodzCd6amdbuEZz85AY.mp4?_nc_cat=102&_nc_sid=5e9851&_nc_ht=scontent-det1-1.cdninstagram.com&_nc_ohc=obtBatcrE2oQ7kNvwG6OzbV&efg=eyJ2ZW5jb2RlX3RhZyI6Inhwdl9wcm9ncmVzc2l2ZS5JTlNUQUdSQU0uQ0xJUFMuQzMuNzIwLmRhc2hfYmFzZWxpbmVfMV92MSIsInhwdl9hc3NldF9pZCI6MTc5MzkyMzY0NzAxNzA4NDIsImFzc2V0X2FnZV9kYXlzIjoxMjUsInZpX3VzZWNhc2VfaWQiOjEwMDk5LCJkdXJhdGlvbl9zIjoyNiwidXJsZ2VuX3NvdXJjZSI6Ind3dyJ9&ccb=17-1&vs=33109e7fdc56e6fa&_nc_vs=HBksFQIYUmlnX3hwdl9yZWVsc19wZXJtYW5lbnRfc3JfcHJvZC8zQTQzMzJDQUM1QkUzMkNDODNFNkY2NTAzQzY4RDlBQ192aWRlb19kYXNoaW5pdC5tcDQVAALIARIAFQIYUWlnX3hwdl9wbGFjZW1lbnRfcGVybWFuZW50X3YyLzE1NDJENkNDMEU1RDBEQjc0REQ2NEE5MkQ1MzQxNTgwX2F1ZGlvX2Rhc2hpbml0Lm1wNBUCAsgBEgAoABgAGwKIB3VzZV9vaWwBMRJwcm9ncmVzc2l2ZV9yZWNpcGUBMRUAACa0k8WV_-jdPxUCKAJDMywXQDozMzMzMzMYEmRhc2hfYmFzZWxpbmVfMV92MREAdf4HZeadAQA&_nc_gid=k3QyE-Se38nx_nlosegJfA&_nc_ss=72a8c&_nc_zt=28&oh=00_AQBNR7gPGLqcd7HHbJpNG-6-LlWJu5bpepD8P-G96kezaw&oe=6A5A8B23,5940,https://scontent-det1-1.cdninstagram.com/o1/v/t2/f2/m78/AQNW29GurMo6iTdoIu-0u1cpNqKwygnaHEWzOS2HzJIsEEdjg62OMh2nTGoLCs3a4bGq8TsBpT0uk8xMeJl6y7IMuoAyrxEi-atayuo.mp4?_nc_cat=109&_nc_sid=9ca052&_nc_ht=scontent-det1-1.cdninstagram.com&_nc_ohc=6IUp2CUQ9-MQ7kNvwF7xjcx&efg=eyJ2ZW5jb2RlX3RhZyI6ImlnLXhwdmRzLmNsaXBzLmlnd3d3LUMzLmRhc2hfbG5faGVhYWNfdmJyM19hdWRpbyIsInZpZGVvX2lkIjpudWxsLCJvaWxfdXJsZ2VuX2FwcF9pZCI6OTM2NjE5NzQzMzkyNDU5LCJjbGllbnRfbmFtZSI6ImlnIiwieHB2X2Fzc2V0X2lkIjoxNzkzOTIzNjQ3MDE3MDg0MiwiYXNzZXRfYWdlX2RheXMiOjEyNSwidmlfdXNlY2FzZV9pZCI6MTAwOTksImR1cmF0aW9uX3MiOjI2LCJiaXRyYXRlIjo2NjgyMCwidXJsZ2VuX3NvdXJjZSI6Ind3dyJ9&ccb=17-1&_nc_gid=k3QyE-Se38nx_nlosegJfA&_nc_ss=72a8c&_nc_zt=28&oh=00_AQBrpy86ptjE_l6KB2hBvwROHH7DSjGMhebADpRENJxIaA&oe=6A5A72FA,26.2,"{'artist_name': 'emmakprod', 'song_name': 'Original audio', 'uses_original_audio': True, 'should_mute_audio': False, 'should_mute_audio_reason': '', 'audio_id': '26112030118462495'}",27702,"[{'id': '57041011762', 'is_verified': False, 'profile_pic_url': 'https://scontent-det1-1.cdninstagram.com/v/t51.82787-19/684144685_18010151072899763_5553038247739577238_n.jpg?stp=dst-jpg_s150x150_tt6&_nc_cat=109&ccb=7-5&_nc_sid=f7ccc5&efg=eyJ2ZW5jb2RlX3RhZyI6InByb2ZpbGVfcGljLnd3dy4xMDgwLkMzIn0%3D&_nc_ohc=k4xmFwTE1NYQ7kNvwFyUIxW&_nc_oc=AdqabhtgreFy6z3dcRLVn6ldtXAx9E_LKYdALBg2dpFk9GazWRSr6cQSdY5npDR_x6eCT19k_7hHd7YT9YbchP2M&_nc_zt=24&_nc_ht=scontent-det1-1.cdninstagram.com&_nc_gid=k3QyE-Se38nx_nlosegJfA&_nc_ss=72a8c&oh=00_AQDHFtzi1geMqenazM4NnWkaW9BhGaDqRbC5HTJ1RBS1Bw&oe=6A5E8425', 'username': 'jbeli_officiel', '__typename': 'User', 'is_unpublished': False, 'full_name': 'Jbeli Yassin', 'fbid': '17841456992880126'}, {'id': '52569059900', 'is_verified': False, 'profile_pic_url': 'https://scontent-det1-1.cdninstagram.com/v/t51.82787-19/632294716_18040280243755901_6240796889406681765_n.jpg?stp=dst-jpg_s150x150_tt6&_nc_cat=105&ccb=7-5&_nc_sid=f7ccc5&efg=eyJ2ZW5jb2RlX3RhZyI6InByb2ZpbGVfcGljLnd3dy4xMDgwLkMzIn0%3D&_nc_ohc=iFuo3MMG6YQQ7kNvwEkp-WH&_nc_oc=AdrVt71cMZri0WuaZzyOQc7YxVhPwn7cpmWr7IR_Y3U0frlj9B3GN8Pg8pkMJPXm7XsYmeeIV8uYgUBv_AJtBh1w&_nc_zt=24&_nc_ht=scontent-det1-1.cdninstagram.com&_nc_gid=k3QyE-Se38nx_nlosegJfA&_nc_ss=72a8c&oh=00_AQBElwGkHZ-s13UOIUy5Ffd89x4IYt4cf_tSbzpRODUpIw&oe=6A5E7FF7', 'username': 'mohamed_frija33', '__typename': 'User', 'is_unpublished': False, 'full_name': 'Bamby🦌', 'fbid': '17841452677001132'}, {'id': '59855081301', 'is_verified': False, 'profile_pic_url': 'https://scontent-det1-1.cdninstagram.com/v/t51.82787-19/550307557_17960578583993302_1780038658049480366_n.jpg?stp=dst-jpg_s150x150_tt6&_nc_cat=105&ccb=7-5&_nc_sid=f7ccc5&efg=eyJ2ZW5jb2RlX3RhZyI6InByb2ZpbGVfcGljLnd3dy44MjguQzMifQ%3D%3D&_nc_ohc=UtlWXKX9gN4Q7kNvwEBiwmc&_nc_oc=AdqECGZSLOfajSHmNwxJWLYjfAbBGUX-I4uuh_rB4hLuCfYaFbg0fYmz_wZagUbG_PUEesQgFwukC-Q39kiGYsdq&_nc_zt=24&_nc_ht=scontent-det1-1.cdninstagram.com&_nc_gid=k3QyE-Se38nx_nlosegJfA&_nc_ss=72a8c&oh=00_AQCt1DEQlAfLjaV3Ezc85LKUuhmSsiYin-XkVDeo2UZJww&oe=6A5E6FDF', 'username': '3arbouch.tv', '__typename': 'User', 'is_unpublished': False, 'full_name': '3arbouch', 'fbid': '17841459799041885'}]",
3847549040318433264,Video,DVlPXeME0fw,"La création de contenu ne se limite pas à filmer ou publier des vidéos. C’est avant tout une responsabilité et une manière de transmettre des valeurs et des idées qui peuvent avoir un véritable impact.

C’est dans cet esprit que nous avons été particulièrement heureux de contribuer à la réussite du projet Digibook, un club qui réunit les passionnés par la création d’un contenu utile, porteur de sens et de valeurs.

Voir les participants prendre confiance, exprimer leurs idées et découvrir leur potentiel à travers l’image et la création a été pour nous une grande source de motivation.

Nous croyons profondément à l’importance de soutenir ce type d’initiatives et de continuer à encourager les projets qui ouvrent de nouvelles perspectives pour une création de contenu plus consciente et plus inspirante.

@digibook.tn … une nouvelle étape vers une génération qui crée du contenu avec du sens

#emmakprod #contentcreator #digitalmarketing","['emmakprod', 'contentcreator', 'digitalmarketing']",['digibook.tn'],https://www.instagram.com/p/DVlPXeME0fw/,94,😍😍😍😍,"[{'id': '18107672716823693', 'text': '😍😍😍😍', 'ownerUsername': 'oussama_tajini', 'ownerProfilePicUrl': 'https://scontent-bos5-1.cdninstagram.com/v/t51.82787-19/548970626_17923547340111971_6402189058366913004_n.jpg?stp=dst-jpg_s150x150_tt6&_nc_cat=106&ccb=7-5&_nc_sid=f7ccc5&efg=eyJ2ZW5jb2RlX3RhZyI6InByb2ZpbGVfcGljLnd3dy45NTYuQzMifQ%3D%3D&_nc_ohc=p9Q2KFUp9hsQ7kNvwGvt8QB&_nc_oc=AdqCin_F_tsuU97WCoEI0kXqVOYijxORowT-rE0UYBlJlYWXYtTdq19Q_p4Ey4lbpFiD-6j57oSox-MsN-bbpqOO&_nc_zt=24&_nc_ht=scontent-bos5-1.cdninstagram.com&_nc_gid=pq3KWZvE9kLHgdcx-mUnEw&_nc_ss=7ca8c&oh=00_AQDlKeU4nRSHLDPvEz3LaKuLW6nUHTurDP6nmWT4w3XOXg&oe=6A5E7A53', 'timestamp': '2026-03-10T22:21:29.000Z', 'repliesCount': None, 'replies': None, 'likesCount': 0, 'owner': {'username': 'oussama_tajini', 'profile_pic_url': 'https://scontent-bos5-1.cdninstagram.com/v/t51.82787-19/548970626_17923547340111971_6402189058366913004_n.jpg?stp=dst-jpg_s150x150_tt6&_nc_cat=106&ccb=7-5&_nc_sid=f7ccc5&efg=eyJ2ZW5jb2RlX3RhZyI6InByb2ZpbGVfcGljLnd3dy45NTYuQzMifQ%3D%3D&_nc_ohc=p9Q2KFUp9hsQ7kNvwGvt8QB&_nc_oc=AdqCin_F_tsuU97WCoEI0kXqVOYijxORowT-rE0UYBlJlYWXYtTdq19Q_p4Ey4lbpFiD-6j57oSox-MsN-bbpqOO&_nc_zt=24&_nc_ht=scontent-bos5-1.cdninstagram.com&_nc_gid=pq3KWZvE9kLHgdcx-mUnEw&_nc_ss=7ca8c&oh=00_AQDlKeU4nRSHLDPvEz3LaKuLW6nUHTurDP6nmWT4w3XOXg&oe=6A5E7A53', 'is_verified': False, 'id': '63237687970', 'full_name': None, 'is_mentionable': None, 'is_private': None, 'profile_pic_id': None, 'latest_reel_media': None}}, {'id': '18096154514055328', 'text': '👏🔥🔥', 'ownerUsername': 'saber.8895', 'ownerProfilePicUrl': 'https://scontent-bos5-1.cdninstagram.com/v/t51.2885-19/482439979_3009567322533728_7453351854896146645_n.jpg?stp=dst-jpg_s150x150_tt6&_nc_cat=111&ccb=7-5&_nc_sid=f7ccc5&efg=eyJ2ZW5jb2RlX3RhZyI6InByb2ZpbGVfcGljLnd3dy43MjAuQzMifQ%3D%3D&_nc_ohc=g8A-gj5kKXkQ7kNvwFc1rA_&_nc_oc=AdpYywsc5sgPawBk15RqD9EtiCHDjorDv1voCZtgalHqv5iXHYiM4cmoJilT1Gvi98TRUZE9L-mE0M2-CA1SAi8d&_nc_zt=24&_nc_ht=scontent-bos5-1.cdninstagram.com&_nc_ss=7ca8c&oh=00_AQBV5lrUG2jgITNQ9jmzsu-lhFdaAMfR9m5SH5MdfBOfxA&oe=6A5E86F5', 'timestamp': '2026-03-10T19:57:30.000Z', 'repliesCount': None, 'replies': None, 'likesCount': 0, 'owner': {'username': 'saber.8895', 'profile_pic_url': 'https://scontent-bos5-1.cdninstagram.com/v/t51.2885-19/482439979_3009567322533728_7453351854896146645_n.jpg?stp=dst-jpg_s150x150_tt6&_nc_cat=111&ccb=7-5&_nc_sid=f7ccc5&efg=eyJ2ZW5jb2RlX3RhZyI6InByb2ZpbGVfcGljLnd3dy43MjAuQzMifQ%3D%3D&_nc_ohc=g8A-gj5kKXkQ7kNvwFc1rA_&_nc_oc=AdpYywsc5sgPawBk15RqD9EtiCHDjorDv1voCZtgalHqv5iXHYiM4cmoJilT1Gvi98TRUZE9L-mE0M2-CA1SAi8d&_nc_zt=24&_nc_ht=scontent-bos5-1.cdninstagram.com&_nc_ss=7ca8c&oh=00_AQBV5lrUG2jgITNQ9jmzsu-lhFdaAMfR9m5SH5MdfBOfxA&oe=6A5E86F5', 'is_verified': False, 'id': '72666982054', 'full_name': None, 'is_mentionable': None, 'is_private': None, 'profile_pic_id': None, 'latest_reel_media': None}}, {'id': '18134771485520205', 'text': '😍😍😍😍😍', 'ownerUsername': 'ranim38680', 'ownerProfilePicUrl': 'https://scontent-bos5-1.cdninstagram.com/v/t51.82787-19/671259807_17868328617664797_7006739178283969642_n.jpg?stp=dst-jpg_s150x150_tt6&_nc_cat=101&ccb=7-5&_nc_sid=f7ccc5&efg=eyJ2ZW5jb2RlX3RhZyI6InByb2ZpbGVfcGljLnd3dy4xMDgwLkMzIn0%3D&_nc_ohc=WL5x91qrlk0Q7kNvwHJHeX-&_nc_oc=AdpYkYQ4BBq6z8HDbvmhW5TjgVagz1R8OAxlq0UGR6QLxB4hTsa5XIuIVY9aJ6EUS4bPY3K1fhdZ_dZaE3UMHaaG&_nc_zt=24&_nc_ht=scontent-bos5-1.cdninstagram.com&_nc_gid=pq3KWZvE9kLHgdcx-mUnEw&_nc_ss=7ca8c&oh=00_AQAoi5lv3hqIhXrC53OOlUkwOg8Jx7r8haLcuWV3pMoVFw&oe=6A5E9BEA', 'timestamp': '2026-03-10T08:32:48.000Z', 'repliesCount': None, 'replies': None, 'likesCount': 0, 'owner': {'username': 'ranim38680', 'profile_pic_url': 'https://scontent-bos5-1.cdninstagram.com/v/t51.82787-19/671259807_17868328617664797_7006739178283969642_n.jpg?stp=dst-jpg_s150x150_tt6&_nc_cat=101&ccb=7-5&_nc_sid=f7ccc5&efg=eyJ2ZW5jb2RlX3RhZyI6InByb2ZpbGVfcGljLnd3dy4xMDgwLkMzIn0%3D&_nc_ohc=WL5x91qrlk0Q7kNvwHJHeX-&_nc_oc=AdpYkYQ4BBq6z8HDbvmhW5TjgVagz1R8OAxlq0UGR6QLxB4hTsa5XIuIVY9aJ6EUS4bPY3K1fhdZ_dZaE3UMHaaG&_nc_zt=24&_nc_ht=scontent-bos5-1.cdninstagram.com&_nc_gid=pq3KWZvE9kLHgdcx-mUnEw&_nc_ss=7ca8c&oh=00_AQAoi5lv3hqIhXrC53OOlUkwOg8Jx7r8haLcuWV3pMoVFw&oe=6A5E9BEA', 'is_verified': False, 'id': '80064088796', 'full_name': None, 'is_mentionable': None, 'is_private': None, 'profile_pic_id': None, 'latest_reel_media': None}}, {'id': '18058862381694288', 'text': '❤️👏👏', 'ownerUsername': 'rima_ben_abess', 'ownerProfilePicUrl': 'https://scontent-bos5-1.cdninstagram.com/v/t51.82787-19/733064338_17985265146034207_7922020515735667805_n.jpg?stp=dst-jpg_s150x150_tt6&_nc_cat=104&ccb=7-5&_nc_sid=f7ccc5&efg=eyJ2ZW5jb2RlX3RhZyI6InByb2ZpbGVfcGljLnd3dy4xMDgwLkMzIn0%3D&_nc_ohc=A4h2bgybLv0Q7kNvwGTbHKD&_nc_oc=Adq9Ft56VUC8AjEnTfrnNbzIc5uNS0Eg2_36rFEu1nS_1oDd5S_UT4elOTYRI4x275_kXc_tGJi4GHI_4SGbiCvf&_nc_zt=24&_nc_ht=scontent-bos5-1.cdninstagram.com&_nc_gid=pq3KWZvE9kLHgdcx-mUnEw&_nc_ss=7ca8c&oh=00_AQDDnt-0Btr9ElR4yxVGVmSTXQGE1It14DtM_jRKKpH-EA&oe=6A5E85DF', 'timestamp': '2026-03-09T21:18:02.000Z', 'repliesCount': None, 'replies': None, 'likesCount': 0, 'owner': {'username': 'rima_ben_abess', 'profile_pic_url': 'https://scontent-bos5-1.cdninstagram.com/v/t51.82787-19/733064338_17985265146034207_7922020515735667805_n.jpg?stp=dst-jpg_s150x150_tt6&_nc_cat=104&ccb=7-5&_nc_sid=f7ccc5&efg=eyJ2ZW5jb2RlX3RhZyI6InByb2ZpbGVfcGljLnd3dy4xMDgwLkMzIn0%3D&_nc_ohc=A4h2bgybLv0Q7kNvwGTbHKD&_nc_oc=Adq9Ft56VUC8AjEnTfrnNbzIc5uNS0Eg2_36rFEu1nS_1oDd5S_UT4elOTYRI4x275_kXc_tGJi4GHI_4SGbiCvf&_nc_zt=24&_nc_ht=scontent-bos5-1.cdninstagram.com&_nc_gid=pq3KWZvE9kLHgdcx-mUnEw&_nc_ss=7ca8c&oh=00_AQDDnt-0Btr9ElR4yxVGVmSTXQGE1It14DtM_jRKKpH-EA&oe=6A5E85DF', 'is_verified': False, 'id': '61174674206', 'full_name': None, 'is_mentionable': None, 'is_private': None, 'profile_pic_id': None, 'latest_reel_media': None}}, {'id': '18114727996634225', 'text': '😍😍😍', 'ownerUsername': 'hamza123454737', 'ownerProfilePicUrl': 'https://scontent-bos5-1.cdninstagram.com/v/t51.82787-19/639884783_18024643682629254_1303014790941109686_n.jpg?stp=dst-jpg_s150x150_tt6&_nc_cat=103&ccb=7-5&_nc_sid=f7ccc5&efg=eyJ2ZW5jb2RlX3RhZyI6InByb2ZpbGVfcGljLnd3dy43MjAuQzMifQ%3D%3D&_nc_ohc=brH5onsv4jgQ7kNvwFxW5VE&_nc_oc=AdpgPsTRYXiKgN4_z5pOwL9TLr-KRTBblhMkOjfkpHslS9ptIWPV8f2xt79AWcFV4W08nyfkDBW2u3CBMkzp4LO3&_nc_zt=24&_nc_ht=scontent-bos5-1.cdninstagram.com&_nc_gid=pq3KWZvE9kLHgdcx-mUnEw&_nc_ss=7ca8c&oh=00_AQBqVNy3vUJY4lkzhiOjxtdHuHAF5ZDglM8_Xc6Bt73bFg&oe=6A5E901F', 'timestamp': '2026-03-09T11:54:59.000Z', 'repliesCount': None, 'replies': None, 'likesCount': 0, 'owner': {'username': 'hamza123454737', 'profile_pic_url': 'https://scontent-bos5-1.cdninstagram.com/v/t51.82787-19/639884783_18024643682629254_1303014790941109686_n.jpg?stp=dst-jpg_s150x150_tt6&_nc_cat=103&ccb=7-5&_nc_sid=f7ccc5&efg=eyJ2ZW5jb2RlX3RhZyI6InByb2ZpbGVfcGljLnd3dy43MjAuQzMifQ%3D%3D&_nc_ohc=brH5onsv4jgQ7kNvwFxW5VE&_nc_oc=AdpgPsTRYXiKgN4_z5pOwL9TLr-KRTBblhMkOjfkpHslS9ptIWPV8f2xt79AWcFV4W08nyfkDBW2u3CBMkzp4LO3&_nc_zt=24&_nc_ht=scontent-bos5-1.cdninstagram.com&_nc_gid=pq3KWZvE9kLHgdcx-mUnEw&_nc_ss=7ca8c&oh=00_AQBqVNy3vUJY4lkzhiOjxtdHuHAF5ZDglM8_Xc6Bt73bFg&oe=6A5E901F', 'is_verified': False, 'id': '48853109253', 'full_name': None, 'is_mentionable': None, 'is_private': None, 'profile_pic_id': None, 'latest_reel_media': None}}, {'id': '18058668107400891', 'text': 'معقول مشاء الله', 'ownerUsername': 'ab.dellatif981', 'ownerProfilePicUrl': 'https://scontent-bos5-1.cdninstagram.com/v/t51.89012-19/573323465_1219825463302212_7278921664109726296_n.jpg?stp=dst-jpg_s150x150_tt6&_nc_cat=1&ccb=7-5&_nc_sid=f7ccc5&efg=eyJ2ZW5jb2RlX3RhZyI6InByb2ZpbGVfcGljLnd3dy5DMyJ9&_nc_ohc=l7ChIGpa0oAQ7kNvwGIo6_X&_nc_oc=AdoAWkeP9XeQYIWk3FTd0S4KLCsEkGFSWfBk56sUU786x8XGiieRlvQYvQlvDVnWiS2NuxLEWU-XYbI77yqUGGpR&_nc_zt=24&_nc_ht=scontent-bos5-1.cdninstagram.com&_nc_gid=pq3KWZvE9kLHgdcx-mUnEw&_nc_ss=7ca8c&oh=00_AQD3BY6H-4OQEe0AjJ-8xQ0FzEenD-f5IZqlwjvs_2p6Lg&oe=6A5E8D22', 'timestamp': '2026-03-08T09:53:42.000Z', 'repliesCount': None, 'replies': None, 'likesCount': 0, 'owner': {'username': 'ab.dellatif981', 'profile_pic_url': 'https://scontent-bos5-1.cdninstagram.com/v/t51.89012-19/573323465_1219825463302212_7278921664109726296_n.jpg?stp=dst-jpg_s150x150_tt6&_nc_cat=1&ccb=7-5&_nc_sid=f7ccc5&efg=eyJ2ZW5jb2RlX3RhZyI6InByb2ZpbGVfcGljLnd3dy5DMyJ9&_nc_ohc=l7ChIGpa0oAQ7kNvwGIo6_X&_nc_oc=AdoAWkeP9XeQYIWk3FTd0S4KLCsEkGFSWfBk56sUU786x8XGiieRlvQYvQlvDVnWiS2NuxLEWU-XYbI77yqUGGpR&_nc_zt=24&_nc_ht=scontent-bos5-1.cdninstagram.com&_nc_gid=pq3KWZvE9kLHgdcx-mUnEw&_nc_ss=7ca8c&oh=00_AQD3BY6H-4OQEe0AjJ-8xQ0FzEenD-f5IZqlwjvs_2p6Lg&oe=6A5E8D22', 'is_verified': False, 'id': '61853647009', 'full_name': None, 'is_mentionable': None, 'is_private': None, 'profile_pic_id': None, 'latest_reel_media': None}}, {'id': '18054557789687244', 'text': '😍😍', 'ownerUsername': '_sirine__85', 'ownerProfilePicUrl': 'https://scontent-bos5-1.cdninstagram.com/v/t51.82787-19/749493007_17863129116642057_5740869666830463989_n.jpg?stp=dst-jpg_s150x150_tt6&_nc_cat=108&ccb=7-5&_nc_sid=f7ccc5&efg=eyJ2ZW5jb2RlX3RhZyI6InByb2ZpbGVfcGljLnd3dy4xMDgwLkMzIn0%3D&_nc_ohc=W5B1ORvre_8Q7kNvwHhol0_&_nc_oc=AdrbMfz-6fQaWkDcBvuq4Bpht2xdjnm2ThlrKMM2e-pwLNLTOtQais_frDbTUtUFSsNzNxWCJAnHx0TJXMhvyefI&_nc_zt=24&_nc_ht=scontent-bos5-1.cdninstagram.com&_nc_gid=pq3KWZvE9kLHgdcx-mUnEw&_nc_ss=7ca8c&oh=00_AQAF3MyPL67NzS05CEAFwtAe69nFrUzVvpnLjo1Ox2issQ&oe=6A5E960E', 'timestamp': '2026-03-08T07:34:29.000Z', 'repliesCount': None, 'replies': None, 'likesCount': 0, 'owner': {'username': '_sirine__85', 'profile_pic_url': 'https://scontent-bos5-1.cdninstagram.com/v/t51.82787-19/749493007_17863129116642057_5740869666830463989_n.jpg?stp=dst-jpg_s150x150_tt6&_nc_cat=108&ccb=7-5&_nc_sid=f7ccc5&efg=eyJ2ZW5jb2RlX3RhZyI6InByb2ZpbGVfcGljLnd3dy4xMDgwLkMzIn0%3D&_nc_ohc=W5B1ORvre_8Q7kNvwHhol0_&_nc_oc=AdrbMfz-6fQaWkDcBvuq4Bpht2xdjnm2ThlrKMM2e-pwLNLTOtQais_frDbTUtUFSsNzNxWCJAnHx0TJXMhvyefI&_nc_zt=24&_nc_ht=scontent-bos5-1.cdninstagram.com&_nc_gid=pq3KWZvE9kLHgdcx-mUnEw&_nc_ss=7ca8c&oh=00_AQAF3MyPL67NzS05CEAFwtAe69nFrUzVvpnLjo1Ox2issQ&oe=6A5E960E', 'is_verified': False, 'id': '79394914056', 'full_name': None, 'is_mentionable': None, 'is_private': None, 'profile_pic_id': None, 'latest_reel_media': None}}, {'id': '18114244915643119', 'text': 'Machala 👏', 'ownerUsername': 'soussobrahim', 'ownerProfilePicUrl': 'https://scontent-bos5-1.cdninstagram.com/v/t51.82787-19/610609589_17880892329453312_3758669730023346539_n.jpg?stp=dst-jpg_s150x150_tt6&_nc_cat=100&ccb=7-5&_nc_sid=f7ccc5&efg=eyJ2ZW5jb2RlX3RhZyI6InByb2ZpbGVfcGljLnd3dy4xMDgwLkMzIn0%3D&_nc_ohc=Htqz2N7eYCkQ7kNvwElozFp&_nc_oc=Adr7kZtZvCm_hQdDJWDzpfFsEjrXpvRe8pugFT3sJLtYyl06Iy9xltlBphzOnvbDtY_kGiZQQ3vwuhbxxROPIBhA&_nc_zt=24&_nc_ht=scontent-bos5-1.cdninstagram.com&_nc_gid=pq3KWZvE9kLHgdcx-mUnEw&_nc_ss=7ca8c&oh=00_AQCq81s9d7S1OrZD1338msUF4hktm7t2cmswMV0wHa17Rg&oe=6A5E92E4', 'timestamp': '2026-03-08T07:30:58.000Z', 'repliesCount': None, 'replies': None, 'likesCount': 0, 'owner': {'username': 'soussobrahim', 'profile_pic_url': 'https://scontent-bos5-1.cdninstagram.com/v/t51.82787-19/610609589_17880892329453312_3758669730023346539_n.jpg?stp=dst-jpg_s150x150_tt6&_nc_cat=100&ccb=7-5&_nc_sid=f7ccc5&efg=eyJ2ZW5jb2RlX3RhZyI6InByb2ZpbGVfcGljLnd3dy4xMDgwLkMzIn0%3D&_nc_ohc=Htqz2N7eYCkQ7kNvwElozFp&_nc_oc=Adr7kZtZvCm_hQdDJWDzpfFsEjrXpvRe8pugFT3sJLtYyl06Iy9xltlBphzOnvbDtY_kGiZQQ3vwuhbxxROPIBhA&_nc_zt=24&_nc_ht=scontent-bos5-1.cdninstagram.com&_nc_gid=pq3KWZvE9kLHgdcx-mUnEw&_nc_ss=7ca8c&oh=00_AQCq81s9d7S1OrZD1338msUF4hktm7t2cmswMV0wHa17Rg&oe=6A5E92E4', 'is_verified': False, 'id': '73613645311', 'full_name': None, 'is_mentionable': None, 'is_private': None, 'profile_pic_id': None, 'latest_reel_media': None}}, {'id': '18105243286662097', 'text': 'مشالله ❤️', 'ownerUsername': 'karim_bouzed_003', 'ownerProfilePicUrl': 'https://scontent-bos5-1.cdninstagram.com/v/t51.82787-19/743730166_18073994318505727_4851688195274684_n.jpg?stp=dst-jpg_s150x150_tt6&_nc_cat=103&ccb=7-5&_nc_sid=f7ccc5&efg=eyJ2ZW5jb2RlX3RhZyI6InByb2ZpbGVfcGljLnd3dy4xMDgwLkMzIn0%3D&_nc_ohc=-gAvdheNAioQ7kNvwFGo-2H&_nc_oc=AdqQEa9-HSS3D9DEahRAqMzI3jHiIbIAtXnhAQfcCw-I_3BtBnbrljsQHP4J3TxZJwV_tcr6HQiUcQkwMHKfbHfV&_nc_zt=24&_nc_ht=scontent-bos5-1.cdninstagram.com&_nc_gid=pq3KWZvE9kLHgdcx-mUnEw&_nc_ss=7ca8c&oh=00_AQBLO6uy-C7EhLFiALWv9Kk64mXZsvMLCjBQDj9REQYHSw&oe=6A5E86D4', 'timestamp': '2026-03-08T03:31:06.000Z', 'repliesCount': None, 'replies': None, 'likesCount': 1, 'owner': {'username': 'karim_bouzed_003', 'profile_pic_url': 'https://scontent-bos5-1.cdninstagram.com/v/t51.82787-19/743730166_18073994318505727_4851688195274684_n.jpg?stp=dst-jpg_s150x150_tt6&_nc_cat=103&ccb=7-5&_nc_sid=f7ccc5&efg=eyJ2ZW5jb2RlX3RhZyI6InByb2ZpbGVfcGljLnd3dy4xMDgwLkMzIn0%3D&_nc_ohc=-gAvdheNAioQ7kNvwFGo-2H&_nc_oc=AdqQEa9-HSS3D9DEahRAqMzI3jHiIbIAtXnhAQfcCw-I_3BtBnbrljsQHP4J3TxZJwV_tcr6HQiUcQkwMHKfbHfV&_nc_zt=24&_nc_ht=scontent-bos5-1.cdninstagram.com&_nc_gid=pq3KWZvE9kLHgdcx-mUnEw&_nc_ss=7ca8c&oh=00_AQBLO6uy-C7EhLFiALWv9Kk64mXZsvMLCjBQDj9REQYHSw&oe=6A5E86D4', 'is_verified': False, 'id': '45255313726', 'full_name': None, 'is_mentionable': None, 'is_private': None, 'profile_pic_id': None, 'latest_reel_media': None}}, {'id': '18093776801278621', 'text': 'Bon courage ❤️❤️❤️❤️', 'ownerUsername': 'mariem.abil', 'ownerProfilePicUrl': 'https://scontent-bos5-1.cdninstagram.com/v/t51.82787-19/719223389_18070123484690747_7027966377549372628_n.jpg?stp=dst-jpg_s150x150_tt6&_nc_cat=107&ccb=7-5&_nc_sid=f7ccc5&efg=eyJ2ZW5jb2RlX3RhZyI6InByb2ZpbGVfcGljLnd3dy4zMjAuQzMifQ%3D%3D&_nc_ohc=QtQ-YyykWG0Q7kNvwGHevP5&_nc_oc=Adp7rmzwrme5UsuiBLtz84iZqinKFfOMJKxKRzfmuDdR62HYWqx_eQEcvoId99cHiRsUINOGqeoxjpjmZVVuTzsH&_nc_zt=24&_nc_ht=scontent-bos5-1.cdninstagram.com&_nc_gid=pq3KWZvE9kLHgdcx-mUnEw&_nc_ss=7ca8c&oh=00_AQBItVfxCCJrbsnb7bUMleoKlz-xehpLythjTxRsqK16xg&oe=6A5E88A3', 'timestamp': '2026-03-07T21:48:14.000Z', 'repliesCount': None, 'replies': None, 'likesCount': 0, 'owner': {'username': 'mariem.abil', 'profile_pic_url': 'https://scontent-bos5-1.cdninstagram.com/v/t51.82787-19/719223389_18070123484690747_7027966377549372628_n.jpg?stp=dst-jpg_s150x150_tt6&_nc_cat=107&ccb=7-5&_nc_sid=f7ccc5&efg=eyJ2ZW5jb2RlX3RhZyI6InByb2ZpbGVfcGljLnd3dy4zMjAuQzMifQ%3D%3D&_nc_ohc=QtQ-YyykWG0Q7kNvwGHevP5&_nc_oc=Adp7rmzwrme5UsuiBLtz84iZqinKFfOMJKxKRzfmuDdR62HYWqx_eQEcvoId99cHiRsUINOGqeoxjpjmZVVuTzsH&_nc_zt=24&_nc_ht=scontent-bos5-1.cdninstagram.com&_nc_gid=pq3KWZvE9kLHgdcx-mUnEw&_nc_ss=7ca8c&oh=00_AQBItVfxCCJrbsnb7bUMleoKlz-xehpLythjTxRsqK16xg&oe=6A5E88A3', 'is_verified': False, 'id': '50760274746', 'full_name': None, 'is_mentionable': None, 'is_private': None, 'profile_pic_id': None, 'latest_reel_media': None}}, {'id': '18342988669241352', 'text': 'خدمة طيارة ماشاء الله', 'ownerUsername': 'ebdellihanin', 'ownerProfilePicUrl': 'https://scontent-bos5-1.cdninstagram.com/v/t51.82787-19/621957627_17844853263676805_511081115473931242_n.jpg?stp=dst-jpg_s150x150_tt6&_nc_cat=105&ccb=7-5&_nc_sid=f7ccc5&efg=eyJ2ZW5jb2RlX3RhZyI6InByb2ZpbGVfcGljLnd3dy4xMDgwLkMzIn0%3D&_nc_ohc=C70_rtQi2hsQ7kNvwElnVYU&_nc_oc=AdqrYuyUW_oHT_ShjgG2oxe6MfgjAo733xhV_W8fuGaHm4z7y2ATTqGQqC82RhVH-6JAIenrY2J6WkCJBpk6lSTU&_nc_zt=24&_nc_ht=scontent-bos5-1.cdninstagram.com&_nc_gid=pq3KWZvE9kLHgdcx-mUnEw&_nc_ss=7ca8c&oh=00_AQBRFIrQ7yoJZHE9xfYdIMhRI73gWCAyZG0P48ZHiGI58A&oe=6A5E69A9', 'timestamp': '2026-03-07T20:38:11.000Z', 'repliesCount': None, 'replies': None, 'likesCount': 0, 'owner': {'username': 'ebdellihanin', 'profile_pic_url': 'https://scontent-bos5-1.cdninstagram.com/v/t51.82787-19/621957627_17844853263676805_511081115473931242_n.jpg?stp=dst-jpg_s150x150_tt6&_nc_cat=105&ccb=7-5&_nc_sid=f7ccc5&efg=eyJ2ZW5jb2RlX3RhZyI6InByb2ZpbGVfcGljLnd3dy4xMDgwLkMzIn0%3D&_nc_ohc=C70_rtQi2hsQ7kNvwElnVYU&_nc_oc=AdqrYuyUW_oHT_ShjgG2oxe6MfgjAo733xhV_W8fuGaHm4z7y2ATTqGQqC82RhVH-6JAIenrY2J6WkCJBpk6lSTU&_nc_zt=24&_nc_ht=scontent-bos5-1.cdninstagram.com&_nc_gid=pq3KWZvE9kLHgdcx-mUnEw&_nc_ss=7ca8c&oh=00_AQBRFIrQ7yoJZHE9xfYdIMhRI73gWCAyZG0P48ZHiGI58A&oe=6A5E69A9', 'is_verified': False, 'id': '80235452804', 'full_name': None, 'is_mentionable': None, 'is_private': None, 'profile_pic_id': None, 'latest_reel_media': None}}, {'id': '18163294765414331', 'text': 'ماشاء الله ❤️❤️', 'ownerUsername': 'oumaroumar1243', 'ownerProfilePicUrl': 'https://scontent-bos5-1.cdninstagram.com/v/t51.82787-19/573281952_17842003779615140_8885736109966131674_n.jpg?stp=dst-jpg_s150x150_tt6&_nc_cat=106&ccb=7-5&_nc_sid=f7ccc5&efg=eyJ2ZW5jb2RlX3RhZyI6InByb2ZpbGVfcGljLnd3dy4zMjAuQzMifQ%3D%3D&_nc_ohc=rCkjy8z1AfMQ7kNvwFVbaQO&_nc_oc=AdrqXiOyqH-r81t6ynNFOCreDQPg3fboXZlGmGxiHiTOqDrreAtl-wG0wRAaR9q3gQZHADL3EL2f3gXhLFQ9o-P3&_nc_zt=24&_nc_ht=scontent-bos5-1.cdninstagram.com&_nc_gid=pq3KWZvE9kLHgdcx-mUnEw&_nc_ss=7ca8c&oh=00_AQBpZtqRqI0ljxGAjMXkwvWptVnHNlyoU3TSTmmpd85BYw&oe=6A5E8C76', 'timestamp': '2026-03-07T18:46:54.000Z', 'repliesCount': None, 'replies': None, 'likesCount': 0, 'owner': {'username': 'oumaroumar1243', 'profile_pic_url': 'https://scontent-bos5-1.cdninstagram.com/v/t51.82787-19/573281952_17842003779615140_8885736109966131674_n.jpg?stp=dst-jpg_s150x150_tt6&_nc_cat=106&ccb=7-5&_nc_sid=f7ccc5&efg=eyJ2ZW5jb2RlX3RhZyI6InByb2ZpbGVfcGljLnd3dy4zMjAuQzMifQ%3D%3D&_nc_ohc=rCkjy8z1AfMQ7kNvwFVbaQO&_nc_oc=AdrqXiOyqH-r81t6ynNFOCreDQPg3fboXZlGmGxiHiTOqDrreAtl-wG0wRAaR9q3gQZHADL3EL2f3gXhLFQ9o-P3&_nc_zt=24&_nc_ht=scontent-bos5-1.cdninstagram.com&_nc_gid=pq3KWZvE9kLHgdcx-mUnEw&_nc_ss=7ca8c&oh=00_AQBpZtqRqI0ljxGAjMXkwvWptVnHNlyoU3TSTmmpd85BYw&oe=6A5E8C76', 'is_verified': False, 'id': '78240287139', 'full_name': None, 'is_mentionable': None, 'is_private': None, 'profile_pic_id': None, 'latest_reel_media': None}}, {'id': '17961817194028048', 'text': 'ماشاء الله ❤️❤️❤️', 'ownerUsername': 'oumaroumar1243', 'ownerProfilePicUrl': 'https://scontent-bos5-1.cdninstagram.com/v/t51.82787-19/573281952_17842003779615140_8885736109966131674_n.jpg?stp=dst-jpg_s150x150_tt6&_nc_cat=106&ccb=7-5&_nc_sid=f7ccc5&efg=eyJ2ZW5jb2RlX3RhZyI6InByb2ZpbGVfcGljLnd3dy4zMjAuQzMifQ%3D%3D&_nc_ohc=rCkjy8z1AfMQ7kNvwFVbaQO&_nc_oc=AdrqXiOyqH-r81t6ynNFOCreDQPg3fboXZlGmGxiHiTOqDrreAtl-wG0wRAaR9q3gQZHADL3EL2f3gXhLFQ9o-P3&_nc_zt=24&_nc_ht=scontent-bos5-1.cdninstagram.com&_nc_gid=pq3KWZvE9kLHgdcx-mUnEw&_nc_ss=7ca8c&oh=00_AQBpZtqRqI0ljxGAjMXkwvWptVnHNlyoU3TSTmmpd85BYw&oe=6A5E8C76', 'timestamp': '2026-03-07T18:46:29.000Z', 'repliesCount': None, 'replies': None, 'likesCount': 0, 'owner': {'username': 'oumaroumar1243', 'profile_pic_url': 'https://scontent-bos5-1.cdninstagram.com/v/t51.82787-19/573281952_17842003779615140_8885736109966131674_n.jpg?stp=dst-jpg_s150x150_tt6&_nc_cat=106&ccb=7-5&_nc_sid=f7ccc5&efg=eyJ2ZW5jb2RlX3RhZyI6InByb2ZpbGVfcGljLnd3dy4zMjAuQzMifQ%3D%3D&_nc_ohc=rCkjy8z1AfMQ7kNvwFVbaQO&_nc_oc=AdrqXiOyqH-r81t6ynNFOCreDQPg3fboXZlGmGxiHiTOqDrreAtl-wG0wRAaR9q3gQZHADL3EL2f3gXhLFQ9o-P3&_nc_zt=24&_nc_ht=scontent-bos5-1.cdninstagram.com&_nc_gid=pq3KWZvE9kLHgdcx-mUnEw&_nc_ss=7ca8c&oh=00_AQBpZtqRqI0ljxGAjMXkwvWptVnHNlyoU3TSTmmpd85BYw&oe=6A5E8C76', 'is_verified': False, 'id': '78240287139', 'full_name': None, 'is_mentionable': None, 'is_private': None, 'profile_pic_id': None, 'latest_reel_media': None}}, {'id': '17914951131306161', 'text': 'mizyena el 5edma ❤️❤️', 'ownerUsername': 'khalil_fmx', 'ownerProfilePicUrl': 'https://scontent-bos5-1.cdninstagram.com/v/t51.82787-19/672379249_17885170041518461_6524104317562980032_n.jpg?stp=dst-jpg_s150x150_tt6&_nc_cat=104&ccb=7-5&_nc_sid=f7ccc5&efg=eyJ2ZW5jb2RlX3RhZyI6InByb2ZpbGVfcGljLnd3dy42OTguQzMifQ%3D%3D&_nc_ohc=u80LVR0FLfIQ7kNvwEtNWtH&_nc_oc=AdrgyOakNRHQAhVN8AT_y4Lhsap5q2JVR2YPDeZONes2ZjbMPK3i4lS9kdjWyDtzwwjPNrpq_5_MsvvpuWA9kRzA&_nc_zt=24&_nc_ht=scontent-bos5-1.cdninstagram.com&_nc_gid=pq3KWZvE9kLHgdcx-mUnEw&_nc_ss=7ca8c&oh=00_AQBVbkQjoz_2hcXuC4_xvP2bGGjRJq2WXdmiuJayNp36CQ&oe=6A5E6A1C', 'timestamp': '2026-03-07T18:37:52.000Z', 'repliesCount': None, 'replies': None, 'likesCount': 0, 'owner': {'username': 'khalil_fmx', 'profile_pic_url': 'https://scontent-bos5-1.cdninstagram.com/v/t51.82787-19/672379249_17885170041518461_6524104317562980032_n.jpg?stp=dst-jpg_s150x150_tt6&_nc_cat=104&ccb=7-5&_nc_sid=f7ccc5&efg=eyJ2ZW5jb2RlX3RhZyI6InByb2ZpbGVfcGljLnd3dy42OTguQzMifQ%3D%3D&_nc_ohc=u80LVR0FLfIQ7kNvwEtNWtH&_nc_oc=AdrgyOakNRHQAhVN8AT_y4Lhsap5q2JVR2YPDeZONes2ZjbMPK3i4lS9kdjWyDtzwwjPNrpq_5_MsvvpuWA9kRzA&_nc_zt=24&_nc_ht=scontent-bos5-1.cdninstagram.com&_nc_gid=pq3KWZvE9kLHgdcx-mUnEw&_nc_ss=7ca8c&oh=00_AQBVbkQjoz_2hcXuC4_xvP2bGGjRJq2WXdmiuJayNp36CQ&oe=6A5E6A1C', 'is_verified': False, 'id': '75427254460', 'full_name': None, 'is_mentionable': None, 'is_private': None, 'profile_pic_id': None, 'latest_reel_media': None}}, {'id': '18569564854002417', 'text': '👏', 'ownerUsername': 'nederkadraoui', 'ownerProfilePicUrl': 'https://scontent-bos5-1.cdninstagram.com/v/t51.82787-19/718456880_17946308748192220_2252346888692737869_n.jpg?stp=dst-jpg_s150x150_tt6&_nc_cat=109&ccb=7-5&_nc_sid=f7ccc5&efg=eyJ2ZW5jb2RlX3RhZyI6InByb2ZpbGVfcGljLnd3dy4xMDgwLkMzIn0%3D&_nc_ohc=hxrSJIACpGcQ7kNvwGQATgZ&_nc_oc=Ado2kCpIuBxHFxecTKKgsv8DkVum88w-YR4Y61Tx6tHfkFu3t-Y7SFKIAcH6BeZqUGflYFJiKIaaGmb7WlzlTBc2&_nc_zt=24&_nc_ht=scontent-bos5-1.cdninstagram.com&_nc_gid=pq3KWZvE9kLHgdcx-mUnEw&_nc_ss=7ca8c&oh=00_AQD7iiv-FL7YCt0AM2BDwSSxN8q-h-86_Qr9zG-8bYuyuw&oe=6A5E8981', 'timestamp': '2026-03-07T18:37:34.000Z', 'repliesCount': None, 'replies': None, 'likesCount': 0, 'owner': {'username': 'nederkadraoui', 'profile_pic_url': 'https://scontent-bos5-1.cdninstagram.com/v/t51.82787-19/718456880_17946308748192220_2252346888692737869_n.jpg?stp=dst-jpg_s150x150_tt6&_nc_cat=109&ccb=7-5&_nc_sid=f7ccc5&efg=eyJ2ZW5jb2RlX3RhZyI6InByb2ZpbGVfcGljLnd3dy4xMDgwLkMzIn0%3D&_nc_ohc=hxrSJIACpGcQ7kNvwGQATgZ&_nc_oc=Ado2kCpIuBxHFxecTKKgsv8DkVum88w-YR4Y61Tx6tHfkFu3t-Y7SFKIAcH6BeZqUGflYFJiKIaaGmb7WlzlTBc2&_nc_zt=24&_nc_ht=scontent-bos5-1.cdninstagram.com&_nc_gid=pq3KWZvE9kLHgdcx-mUnEw&_nc_ss=7ca8c&oh=00_AQD7iiv-FL7YCt0AM2BDwSSxN8q-h-86_Qr9zG-8bYuyuw&oe=6A5E8981', 'is_verified': False, 'id': '65925216219', 'full_name': None, 'is_mentionable': None, 'is_private': None, 'profile_pic_id': None, 'latest_reel_media': None}}]",1920,1080,https://scontent-mia3-2.cdninstagram.com/v/t51.82787-15/645585466_18051921368710423_3526857852367591738_n.jpg?stp=dst-jpg_e15_fr_p1080x1080_tt6&_nc_ht=scontent-mia3-2.cdninstagram.com&_nc_cat=107&_nc_oc=Q6cZ2gHNa2x6yNeIXR0UWufRyJZMPFI2dh2SGjQMY2QuqBP6WKe1YYJIkoRw3pVPhnwZsSY&_nc_ohc=EYj-U97AMWoQ7kNvwFPfnBh&_nc_gid=x6oQLhfi156T1hPbo6R2Dw&edm=ADp7STQBAAAA&ccb=7-5&oh=00_AQBf69ZfgedsrbFhL15QZUhd7HYyW-BWp-rfb_MaG4nucQ&oe=6A5E6AF6&_nc_sid=c6f216,[],"Video by Emmak Prod on March 07, 2026.",337,2026-03-07T11:40:40.000Z,[],Emmak Prod,emmakprod,51343982422,False,https://www.instagram.com/emmakprod/,1280,720,clips,,,"[{'full_name': 'Mohamed BenFrija', 'id': '49785461046', 'is_verified': False, 'profile_pic_url': 'https://scontent-bos5-1.cdninstagram.com/v/t51.82787-19/641226210_18061251182661047_7421093445225378301_n.jpg?stp=dst-jpg_s150x150_tt6&_nc_cat=101&ccb=7-5&_nc_sid=f7ccc5&efg=eyJ2ZW5jb2RlX3RhZyI6InByb2ZpbGVfcGljLnd3dy44MjguQzMifQ%3D%3D&_nc_ohc=WKUOP5b_JzgQ7kNvwHaa4Uw&_nc_oc=Adpli51heB6Lr951e1xEjZqyc1V440D7mdtShezNZ9CPPgcnh5liO0AAJYU8m4Y462LYYAdkdWcjb02OzZk30DsN&_nc_zt=24&_nc_ht=scontent-bos5-1.cdninstagram.com&_nc_gid=pq3KWZvE9kLHgdcx-mUnEw&_nc_ss=7ca8c&oh=00_AQCYj60ytjDnne1AZFrNkJGbNsGFWp9vvwrggcZWbP_8Vw&oe=6A5E764B', 'username': '3arbouch.tn'}, {'full_name': 'Bamby🦌', 'id': '52569059900', 'is_verified': False, 'profile_pic_url': 'https://scontent-bos5-1.cdninstagram.com/v/t51.82787-19/632294716_18040280243755901_6240796889406681765_n.jpg?stp=dst-jpg_s150x150_tt6&_nc_cat=105&ccb=7-5&_nc_sid=f7ccc5&efg=eyJ2ZW5jb2RlX3RhZyI6InByb2ZpbGVfcGljLnd3dy4xMDgwLkMzIn0%3D&_nc_ohc=iFuo3MMG6YQQ7kNvwG0zHAo&_nc_oc=AdqvNIiSwIN6leYKAUYfSDUxsdWMKKTfBWeY3BTMrl4gNtleNBfLiAM_xLuLp85ANkMLkT0M5m1TyIDQM4rKwk8C&_nc_zt=24&_nc_ht=scontent-bos5-1.cdninstagram.com&_nc_gid=pq3KWZvE9kLHgdcx-mUnEw&_nc_ss=7ca8c&oh=00_AQAbN5EcCFg8FQzgmO8vrWAfVV3uOdlmZTA71iSiuOU7HA&oe=6A5E7FF7', 'username': 'mohamed_frija33'}, {'full_name': '3arbouch', 'id': '59855081301', 'is_verified': False, 'profile_pic_url': 'https://scontent-bos5-1.cdninstagram.com/v/t51.82787-19/550307557_17960578583993302_1780038658049480366_n.jpg?stp=dst-jpg_s150x150_tt6&_nc_cat=105&ccb=7-5&_nc_sid=f7ccc5&efg=eyJ2ZW5jb2RlX3RhZyI6InByb2ZpbGVfcGljLnd3dy44MjguQzMifQ%3D%3D&_nc_ohc=UtlWXKX9gN4Q7kNvwGT3Qnq&_nc_oc=Adqh7fR5osZFbJOM8hKE6QbwqWj_mLpcr23kiPwGOWsu2Md6lPQJ6LxHvbPKQov1XDt-4wHJcP1XkPn987w_AWua&_nc_zt=24&_nc_ht=scontent-bos5-1.cdninstagram.com&_nc_gid=pq3KWZvE9kLHgdcx-mUnEw&_nc_ss=7ca8c&oh=00_AQDw2RnSAL4rQaFA7Y_Gc0gfzr4VEXtIHy1QvPRxFzH1bg&oe=6A5E6FDF', 'username': '3arbouch.tv'}, {'full_name': 'Digibook', 'id': '79048347076', 'is_verified': False, 'profile_pic_url': 'https://scontent-bos5-1.cdninstagram.com/v/t51.82787-19/653503502_17853033291635077_3754278793217127321_n.jpg?stp=dst-jpg_s150x150_tt6&_nc_cat=110&ccb=7-5&_nc_sid=f7ccc5&efg=eyJ2ZW5jb2RlX3RhZyI6InByb2ZpbGVfcGljLnd3dy4xMDgwLkMzIn0%3D&_nc_ohc=JQyU5MdpYeAQ7kNvwHPPWiv&_nc_oc=AdqTjFzh8RmFtZTfH2KuRyOncLudUxlgdh-hP8irm68ylPUJdDvsAv8LhMGOsRvYV-F4I2fcGral7wUAtt-6z6hC&_nc_zt=24&_nc_ht=scontent-bos5-1.cdninstagram.com&_nc_gid=pq3KWZvE9kLHgdcx-mUnEw&_nc_ss=7ca8c&oh=00_AQDvuR0stVbnsVOR4R7qzQYfOVEbHp7ikKi2stJ6WhXpig&oe=6A5E8984', 'username': 'digibook.tn'}]",https://scontent-bos5-1.cdninstagram.com/o1/v/t2/f2/m86/AQNgkNdbmbmdzBL7iuyBw275UoQEgtKrGeB2QAxqVgvnmYR9TJe-aiP4Ak8zRWEBbsRc4P3_x_PZcghG77GEZYQ9xXq9ODVa7NwpTOM.mp4?_nc_cat=106&_nc_sid=5e9851&_nc_ht=scontent-bos5-1.cdninstagram.com&_nc_ohc=b7a0C7DnjbMQ7kNvwHaKEpX&efg=eyJ2ZW5jb2RlX3RhZyI6Inhwdl9wcm9ncmVzc2l2ZS5JTlNUQUdSQU0uQ0xJUFMuQzMuNzIwLmRhc2hfYmFzZWxpbmVfMV92MSIsInhwdl9hc3NldF9pZCI6MTc5Mzg0ODUwOTAxNzA4NDIsImFzc2V0X2FnZV9kYXlzIjoxMzAsInZpX3VzZWNhc2VfaWQiOjEwMDk5LCJkdXJhdGlvbl9zIjozOSwidXJsZ2VuX3NvdXJjZSI6Ind3dyJ9&ccb=17-1&vs=3df7ec06ee78612e&_nc_vs=HBksFQIYUmlnX3hwdl9yZWVsc19wZXJtYW5lbnRfc3JfcHJvZC8xNDREMzkxQjU1QTExQ0I1RjY0N0RFNzJDODAwRTc5Ql92aWRlb19kYXNoaW5pdC5tcDQVAALIARIAFQIYUWlnX3hwdl9wbGFjZW1lbnRfcGVybWFuZW50X3YyLzk1NDMxMTU0NUE4MzExMDU5MkE3OTJBNDVCNjJEQzlDX2F1ZGlvX2Rhc2hpbml0Lm1wNBUCAsgBEgAoABgAGwKIB3VzZV9vaWwBMRJwcm9ncmVzc2l2ZV9yZWNpcGUBMRUAACa03935oL3dPxUCKAJDMywXQEOEOVgQYk4YEmRhc2hfYmFzZWxpbmVfMV92MREAdf4HZeadAQA&_nc_gid=pq3KWZvE9kLHgdcx-mUnEw&_nc_ss=7ca8c&_nc_zt=28&oh=00_AQCLu-SBf50wCMTkHD715fvKLnRyXC9tCUSPmjyGT30Smg&oe=6A5A744B,3110,https://scontent-bos5-1.cdninstagram.com/o1/v/t2/f2/m78/AQPthCkflV9IrOWhcrOX-PvlKwtbFEpy-WgPnfucsbVlnN1b7avMdkyLYtYBtQfcpAYhz4EpST5ULSVUtVhQk6OoLFD99RQ8GCbOQe0.mp4?_nc_cat=101&_nc_sid=9ca052&_nc_ht=scontent-bos5-1.cdninstagram.com&_nc_ohc=QvGOWibD9dsQ7kNvwEwjYvy&efg=eyJ2ZW5jb2RlX3RhZyI6ImlnLXhwdmRzLmNsaXBzLmlnd3d3LUMzLmRhc2hfbG5faGVhYWNfdmJyM19hdWRpbyIsInZpZGVvX2lkIjpudWxsLCJvaWxfdXJsZ2VuX2FwcF9pZCI6OTM2NjE5NzQzMzkyNDU5LCJjbGllbnRfbmFtZSI6ImlnIiwieHB2X2Fzc2V0X2lkIjoxNzkzODQ4NTA5MDE3MDg0MiwiYXNzZXRfYWdlX2RheXMiOjEzMCwidmlfdXNlY2FzZV9pZCI6MTAwOTksImR1cmF0aW9uX3MiOjM5LCJiaXRyYXRlIjo3MDY0MCwidXJsZ2VuX3NvdXJjZSI6Ind3dyJ9&ccb=17-1&_nc_gid=pq3KWZvE9kLHgdcx-mUnEw&_nc_ss=7ca8c&_nc_zt=28&oh=00_AQDHGZfHvXGRYShCvbHrQAP5YfMdZxDIcC0lggYQe1Xi_Q&oe=6A5AAAEE,39.033,"{'artist_name': 'emmakprod', 'song_name': 'Original audio', 'uses_original_audio': True, 'should_mute_audio': False, 'should_mute_audio_reason': '', 'audio_id': '25246889188317284'}",17610,"[{'id': '52569059900', 'is_verified': False, 'profile_pic_url': 'https://scontent-bos5-1.cdninstagram.com/v/t51.82787-19/632294716_18040280243755901_6240796889406681765_n.jpg?stp=dst-jpg_s150x150_tt6&_nc_cat=105&ccb=7-5&_nc_sid=f7ccc5&efg=eyJ2ZW5jb2RlX3RhZyI6InByb2ZpbGVfcGljLnd3dy4xMDgwLkMzIn0%3D&_nc_ohc=iFuo3MMG6YQQ7kNvwG0zHAo&_nc_oc=AdqvNIiSwIN6leYKAUYfSDUxsdWMKKTfBWeY3BTMrl4gNtleNBfLiAM_xLuLp85ANkMLkT0M5m1TyIDQM4rKwk8C&_nc_zt=24&_nc_ht=scontent-bos5-1.cdninstagram.com&_nc_gid=pq3KWZvE9kLHgdcx-mUnEw&_nc_ss=7ca8c&oh=00_AQAbN5EcCFg8FQzgmO8vrWAfVV3uOdlmZTA71iSiuOU7HA&oe=6A5E7FF7', 'username': 'mohamed_frija33', '__typename': 'User', 'is_unpublished': False, 'full_name': 'Bamby🦌', 'fbid': '17841452677001132'}, {'id': '59855081301', 'is_verified': False, 'profile_pic_url': 'https://scontent-bos5-1.cdninstagram.com/v/t51.82787-19/550307557_17960578583993302_1780038658049480366_n.jpg?stp=dst-jpg_s150x150_tt6&_nc_cat=105&ccb=7-5&_nc_sid=f7ccc5&efg=eyJ2ZW5jb2RlX3RhZyI6InByb2ZpbGVfcGljLnd3dy44MjguQzMifQ%3D%3D&_nc_ohc=UtlWXKX9gN4Q7kNvwGT3Qnq&_nc_oc=Adqh7fR5osZFbJOM8hKE6QbwqWj_mLpcr23kiPwGOWsu2Md6lPQJ6LxHvbPKQov1XDt-4wHJcP1XkPn987w_AWua&_nc_zt=24&_nc_ht=scontent-bos5-1.cdninstagram.com&_nc_gid=pq3KWZvE9kLHgdcx-mUnEw&_nc_ss=7ca8c&oh=00_AQDw2RnSAL4rQaFA7Y_Gc0gfzr4VEXtIHy1QvPRxFzH1bg&oe=6A5E6FDF', 'username': '3arbouch.tv', '__typename': 'User', 'is_unpublished': False, 'full_name': '3arbouch', 'fbid': '17841459799041885'}, {'id': '79048347076', 'is_verified': False, 'profile_pic_url': 'https://scontent-bos5-1.cdninstagram.com/v/t51.82787-19/653503502_17853033291635077_3754278793217127321_n.jpg?stp=dst-jpg_s150x150_tt6&_nc_cat=110&ccb=7-5&_nc_sid=f7ccc5&efg=eyJ2ZW5jb2RlX3RhZyI6InByb2ZpbGVfcGljLnd3dy4xMDgwLkMzIn0%3D&_nc_ohc=JQyU5MdpYeAQ7kNvwHPPWiv&_nc_oc=AdqTjFzh8RmFtZTfH2KuRyOncLudUxlgdh-hP8irm68ylPUJdDvsAv8LhMGOsRvYV-F4I2fcGral7wUAtt-6z6hC&_nc_zt=24&_nc_ht=scontent-bos5-1.cdninstagram.com&_nc_gid=pq3KWZvE9kLHgdcx-mUnEw&_nc_ss=7ca8c&oh=00_AQDvuR0stVbnsVOR4R7qzQYfOVEbHp7ikKi2stJ6WhXpig&oe=6A5E8984', 'username': 'digibook.tn', '__typename': 'User', 'is_unpublished': False, 'full_name': 'Digibook', 'fbid': '17841479052291043'}]",
3213954367173524535,Image,CyaQnf7sXw3,"🇹🇳💙 ACM Marketing célèbre la Fête de l'Évacuation en Tunisie, عيد الجلاء! 💙🇹🇳

En ce jour mémorable, nous honorons l'indépendance et la liberté du peuple tunisien. 🎉🗽 ACM Marketing est fier de soutenir la Tunisie dans son voyage vers un avenir prospère et numérique.

☎️ 73 367 402
💻 www.acm-marketing.tn
✉️ contact@acm-marketing.com
📌 Avenue yasser arafet sahloul, Sousse, Tunisia

#ACMMarketing #FêteDeLÉvacuation #عيد_الجلاء #Tunisie 🇹🇳💙","['ACMMarketing', 'FêteDeLÉvacuation', 'عيد_الجلاء', 'Tunisie']",[],https://www.instagram.com/p/CyaQnf7sXw3/,0,,[],1080,1080,https://scontent-den2-1.cdninstagram.com/v/t39.30808-6/490340056_1276831753960049_5275092174247280822_n.jpg?stp=dst-jpg_e15_fr_s1080x1080_tt6&_nc_ht=scontent-den2-1.cdninstagram.com&_nc_cat=105&_nc_oc=Q6cZ2gG0CYB7cVaRaXnl3_WZ_NXZQHNZkOOySAAopWLVpqxjP5yMv83fSE_LVu2IhBdSQDa6Xqxo8h6nM6ogDKmcEIw_&_nc_ohc=k6jDm24MgTQQ7kNvwE9PRv7&_nc_gid=2gC1ybPPoM0Igj6kRsKLFQ&edm=ADp7STQAAAAA&ccb=7-5&oh=00_AQCPJbEU5cr_KzU2NXMMeaLHPZuZoYqH65pgyQe64bZE0g&oe=6A5E69E0&_nc_sid=c6f216,[],"Photo by ACM Marketing Tunisie on October 15, 2023.",0,2023-10-15T07:00:38.000Z,[],ACM Marketing Tunisie,acm.marketing.tn,4451580919,False,https://www.instagram.com/acm.marketing.tn/,1080,1080,feed,Sahloul,106377021175479,,,,,,,,,
3231437726614221122,Image,CzYX33QovFC,"🌟 ""Le design n'est pas seulement une question d'apparence et de sensation, c'est aussi la manière dont cela fonctionne.""🌟

Steve Jobs - Cofondateur de l'entreprise Apple

Chez ACM Marketing, nous croyons en l'importance du design tant esthétique que fonctionnel pour le succès numérique. Nous sommes là pour vous aider à créer une expérience utilisateur exceptionnelle. 🖥️🚀

☎️ 73 367 402
💻 www.acm-marketing.tn
✉️ contact@acm-marketing.com
📌 Avenue yasser arafet sahloul, Sousse, Tunisia

#ACMMarketing #SteveJobs #Design #Visibilité #CroissanceDesAffaires #CréationDeSiteWeb #SiteWeb #PrésenceEnLigne #marketing #marketingtips #marketingtips #marketingagency #marketingonline #marketingdigital #marketingdigital #marketingstrategy #marketingstrategy #marketingstrategies #MarketingSuccess #marketingstrategies #marketingdigitalbrasil #digital #digital #digitalart #digitalartist","['ACMMarketing', 'SteveJobs', 'Design', 'Visibilité', 'CroissanceDesAffaires', 'CréationDeSiteWeb', 'SiteWeb', 'PrésenceEnLigne', 'marketing', 'marketingtips', 'marketingagency', 'marketingonline', 'marketingdigital', 'marketingstrategy', 'marketingstrategies', 'MarketingSuccess', 'marketingdigitalbrasil', 'digital', 'digitalart', 'digitalartist']",[],https://www.instagram.com/p/CzYX33QovFC/,0,,[],1080,1080,https://scontent-lax7-1.cdninstagram.com/v/t39.30808-6/486533491_1277923900517501_2923766684959472367_n.jpg?stp=dst-jpg_e15_fr_s1080x1080_tt6&_nc_ht=scontent-lax7-1.cdninstagram.com&_nc_cat=105&_nc_oc=Q6cZ2gHMOpE8JN91bOf1oe9mNqiBzJspPLAv34S1rwb44iEq2aLWgPiuZMJz782YHStvjDs&_nc_ohc=RpArzdDn6mMQ7kNvwFsAFRM&_nc_gid=jNLi6zTamPuGQhj3X3O9iQ&edm=ADp7STQAAAAA&ccb=7-5&oh=00_AQBf15inx5I0j2w7pJjqgru7kXTSzJFNtOk5tca0fl8E1A&oe=6A5E84B5&_nc_sid=c6f216,[],"Photo by ACM Marketing Tunisie on November 08, 2023.",0,2023-11-08T09:56:58.000Z,[],ACM Marketing Tunisie,acm.marketing.tn,4451580919,False,https://www.instagram.com/acm.marketing.tn/,1080,1080,feed,Sahloul,106377021175479,,,,,,,,,
3856860809972940442,Image,DWGUnjej_6a,"Aïd Moubarak à tous ❤️
Que vos journées soient remplies de joie et de réussite.",[],[],https://www.instagram.com/p/DWGUnjej_6a/,0,,[],1080,1080,https://scontent-iad6-1.cdninstagram.com/v/t39.30808-6/655246473_1513282110796922_2055557643495424131_n.jpg?stp=dst-jpg_e15_fr_s1080x1080_tt6&_nc_ht=scontent-iad6-1.cdninstagram.com&_nc_cat=102&_nc_oc=Q6cZ2gG31gb7kR8TtcuMOWQ1xSWQuPXwv3_Z88CvG5bInXLgvRe8-elhy_6DnP9pI3G1eC5efJlUG2asYdizbYgJT06u&_nc_ohc=gVi62IB-zyIQ7kNvwG8_xS6&_nc_gid=RLOnvrASVep0l_7aY_pXAA&edm=ADp7STQAAAAA&ccb=7-5&oh=00_AQBsoeuQzSUKtGieG9qck62L_XSo6DAjoNFuay6eOif7gQ&oe=6A5E688A&_nc_sid=c6f216,[],"Photo by Pi2r on March 20, 2026.",3,2026-03-20T08:00:59.000Z,[],Pi2r,agence_pi2r,3982105280,False,https://www.instagram.com/agence_pi2r/,1080,1080,feed,,,,,,,,,,,
3758363043849037590,Video,DQoY0aVk-cW,"🎬 Ensemble, nous avons donné vie aux idées d’Abida.
📸 Des shootings et tournages qui racontent bien plus qu’une histoire : une vision, une émotion et des collaborations avec des influenceurs impactants.
✨ Reach, visibilité, engagement… chaque campagne est un succès à partager.

🚀 Chez Kyubi Digital, Abida n’est pas juste un client — c’est un partenaire, une source d’inspiration. 💡

#KyubiDigital #StorytellingVisuel #CréationDeValeur #Partenariat 🤝","['KyubiDigital', 'StorytellingVisuel', 'CréationDeValeur', 'Partenariat']",[],https://www.instagram.com/p/DQoY0aVk-cW/,0,,[],1920,1080,https://instagram.flas1-2.fna.fbcdn.net/v/t51.82787-15/572876661_18386142880177639_4894671313744586029_n.jpg?stp=dst-jpg_e15_fr_p1080x1080_tt6&_nc_ht=instagram.flas1-2.fna.fbcdn.net&_nc_cat=107&_nc_oc=Q6cZ2gHQlqFCkptsUN7ke94B8xlzOv2Smk3kbc_AbJluei133lN94ZfoDv00EIUCBbW7Zno&_nc_ohc=QBEiha3LsCkQ7kNvwF8VL9X&_nc_gid=sRsjRF2pVEb3msgQr1qiGQ&edm=ADp7STQBAAAA&ccb=7-5&oh=00_AQBHz_LCiU7FlxDnMXTn1Rhe-euoa3OOBAb940Bmcf_ztQ&oe=6A5E9D32&_nc_sid=c6f216,[],"Video by Kyubi.digital on November 04, 2025.",13,2025-11-04T10:23:52.000Z,[],Kyubi.digital,kyubi.digital,5331673638,False,https://www.instagram.com/kyubi.digital/,640,360,clips,,,,https://scontent-dfw5-2.cdninstagram.com/o1/v/t2/f2/m86/AQN2CkwmG0AlJDzjB2TcGPbF6Jg9a2uLryuWzDzi2CQyjSPY_iLjETL1zVUR89ZK8gOYAeGrCgQ1-d164RzAB3z8tRXK3UFlZ968_M4.mp4?_nc_cat=100&_nc_sid=5e9851&_nc_ht=scontent-dfw5-2.cdninstagram.com&_nc_ohc=ZNGc95Y_CbQQ7kNvwF_5Civ&efg=eyJ2ZW5jb2RlX3RhZyI6Inhwdl9wcm9ncmVzc2l2ZS5JTlNUQUdSQU0uQ0xJUFMuQzMuMzYwLmRhc2hfYmFzZWxpbmVfM192MSIsInhwdl9hc3NldF9pZCI6MTU5NTM4NTI3MTYzMTI3OSwiYXNzZXRfYWdlX2RheXMiOjI1MywidmlfdXNlY2FzZV9pZCI6MTAwOTksImR1cmF0aW9uX3MiOjIxLCJ1cmxnZW5fc291cmNlIjoid3d3In0%3D&ccb=17-1&vs=a96ed7a8cb303080&_nc_vs=HBksFQIYUmlnX3hwdl9yZWVsc19wZXJtYW5lbnRfc3JfcHJvZC80NDRDMDIxMkNERkVEMjc1QTA4NDg1QUYwMzk2RDg4Q192aWRlb19kYXNoaW5pdC5tcDQVAALIARIAFQIYR2lnX3hwdl9yZWVsc19wZXJtYW5lbnRfc3JfcHJvZC8xMzc3MjM0ODQwNzc2OTI2Xzg4NjA1ODIyODE2ODQ4OTA2NDcubXA0FQICyAESACgAGAAbAogHdXNlX29pbAExEnByb2dyZXNzaXZlX3JlY2lwZQExFQAAJt72qcbSv9UFFQIoAkMzLBdANSIMSbpeNRgSZGFzaF9iYXNlbGluZV8zX3YxEQB1_gdl5p0BAA&_nc_gid=UIBeus3cHFsVKUD-yPJgkA&_nc_ss=72689&_nc_zt=28&oh=00_AQCErOGcvZhmQjwpKMzMDBsTMED36ApqFNznj505yda-2w&oe=6A5A86A1,103,https://scontent-dfw5-2.cdninstagram.com/o1/v/t2/f2/m86/AQPgRIoEw_aMzPc1JN8kLT2OO0Pq8ZXEcXteSu9sHpAZRtI1WmLCi7tkjJzrawxqhvxTP2KLaH18N_oaFx25IFb5.mp4?_nc_cat=100&_nc_sid=9ca052&_nc_ht=scontent-dfw5-2.cdninstagram.com&_nc_ohc=7RxCoce-MrYQ7kNvwFFxSpH&efg=eyJ2ZW5jb2RlX3RhZyI6ImlnLXhwdmRzLmNsaXBzLmlnd3d3LUMzLmRhc2hfbG5faGVhYWNfdmJyM19hdWRpbyIsInZpZGVvX2lkIjpudWxsLCJvaWxfdXJsZ2VuX2FwcF9pZCI6OTM2NjE5NzQzMzkyNDU5LCJjbGllbnRfbmFtZSI6ImlnIiwieHB2X2Fzc2V0X2lkIjoxNTk1Mzg1MjcxNjMxMjc5LCJhc3NldF9hZ2VfZGF5cyI6MjUzLCJ2aV91c2VjYXNlX2lkIjoxMDA5OSwiZHVyYXRpb25fcyI6MjEsImJpdHJhdGUiOjc0MzcxLCJ1cmxnZW5fc291cmNlIjoid3d3In0%3D&ccb=17-1&_nc_gid=UIBeus3cHFsVKUD-yPJgkA&_nc_ss=72689&_nc_zt=28&oh=00_AQBknUOFY2fgsTWZjnJlMqwQbLS3fm8adGzXL3XAYSQL7A&oe=6A5A99B6,21.133,"{'artist_name': 'kyubi.digital', 'song_name': 'Original audio', 'uses_original_audio': True, 'should_mute_audio': False, 'should_mute_audio_reason': '', 'audio_id': '1242668947887018'}",509,,
3677264590437850695,Video,DMIRKl6K55H,"Question aux #Entrepreneurs : Comment comptez-vous utiliser votre été pour faire avancer votre business ? 🤔

Dites-nous en commentaire ou participez à notre sondage ! 👇

Détente totale 🏖️ 
Planification stratégique 📈 
Un peu des deux !

#été  #stratégie #objectifréussite","['Entrepreneurs', 'été', 'stratégie', 'objectifréussite']",[],https://www.instagram.com/p/DMIRKl6K55H/,1,B,"[{'id': '17865462093351593', 'text': 'B', 'ownerUsername': 'benhajamoramine', 'ownerProfilePicUrl': 'https://scontent-atl3-2.cdninstagram.com/v/t51.82787-19/543628432_18496946020071093_5709802502056798043_n.jpg?stp=dst-jpg_s150x150_tt6&_nc_cat=102&ccb=7-5&_nc_sid=f7ccc5&efg=eyJ2ZW5jb2RlX3RhZyI6InByb2ZpbGVfcGljLnd3dy4xMDgwLkMzIn0%3D&_nc_ohc=wOUWPtctw80Q7kNvwHogKWQ&_nc_oc=AdptbLYNIn0mC07c-MlfrmrWiTmlqqjXep_7JUVoo7Tlp1i2VKza34itP3RFjIPJaa10qMLK8S4ivE8utW5A1gBh&_nc_zt=24&_nc_ht=scontent-atl3-2.cdninstagram.com&_nc_gid=68v2ZA0X44hfn9kLQauGAA&_nc_ss=72689&oh=00_AQDGGDTsrEu6iyGlDZc1LC50Xjd1HsJzqCjSeb6bxPwRfg&oe=6A5E6DA4', 'timestamp': '2025-07-17T11:41:43.000Z', 'repliesCount': None, 'replies': None, 'likesCount': 0, 'owner': {'username': 'benhajamoramine', 'profile_pic_url': 'https://scontent-atl3-2.cdninstagram.com/v/t51.82787-19/543628432_18496946020071093_5709802502056798043_n.jpg?stp=dst-jpg_s150x150_tt6&_nc_cat=102&ccb=7-5&_nc_sid=f7ccc5&efg=eyJ2ZW5jb2RlX3RhZyI6InByb2ZpbGVfcGljLnd3dy4xMDgwLkMzIn0%3D&_nc_ohc=wOUWPtctw80Q7kNvwHogKWQ&_nc_oc=AdptbLYNIn0mC07c-MlfrmrWiTmlqqjXep_7JUVoo7Tlp1i2VKza34itP3RFjIPJaa10qMLK8S4ivE8utW5A1gBh&_nc_zt=24&_nc_ht=scontent-atl3-2.cdninstagram.com&_nc_gid=68v2ZA0X44hfn9kLQauGAA&_nc_ss=72689&oh=00_AQDGGDTsrEu6iyGlDZc1LC50Xjd1HsJzqCjSeb6bxPwRfg&oe=6A5E6DA4', 'is_verified': False, 'id': '2095559092', 'full_name': None, 'is_mentionable': None, 'is_private': None, 'profile_pic_id': None, 'latest_reel_media': None}}]",1350,1080,https://scontent-atl3-3.cdninstagram.com/v/t51.82787-15/506016736_18407808985129281_6475365107457858983_n.jpg?stp=dst-jpg_e15_fr_p1080x1080_tt6&_nc_ht=scontent-atl3-3.cdninstagram.com&_nc_cat=109&_nc_oc=Q6cZ2gGLEuyJbfRf1H2zJUDupKMYXTFiqrchHy_TcWlUKoSNsXbS1ftHE5EeCfpiZGqba4A&_nc_ohc=v6ykQPYkxjQQ7kNvwGshK0s&_nc_gid=RV4G13A3P0smomv8Upw2RQ&edm=ADp7STQBAAAA&ccb=7-5&oh=00_AQDhtLnWkPFiQCeQ7Ze4iMlDKAj04LtmtRbBXWUOY0usKg&oe=6A5E87BE&_nc_sid=c6f216,[],"Video by Pi2r on July 15, 2025.",6,2025-07-15T12:55:41.000Z,[],Pi2r,agence_pi2r,3982105280,False,https://www.instagram.com/agence_pi2r/,900,720,clips,,,,https://scontent-atl3-3.cdninstagram.com/o1/v/t2/f2/m367/AQPtutOU50nV9sw2UrwydnqiI60s485-WGxFHnOY6Ao4oPDc9Y4rfGOvNGcdXIu76elyYQlZeQYLfvSwclBaAki9aAa9MqgO1A_19rQ.mp4?_nc_cat=110&_nc_sid=5e9851&_nc_ht=scontent-atl3-3.cdninstagram.com&_nc_ohc=5GAOnTMJGlQQ7kNvwEqXZd7&efg=eyJ2ZW5jb2RlX3RhZyI6Inhwdl9wcm9ncmVzc2l2ZS5JTlNUQUdSQU0uQ0xJUFMuQzMuNzIwLmRhc2hfYmFzZWxpbmVfMV92MSIsInhwdl9hc3NldF9pZCI6NzUwMDc4MDkxMjk3NTY4LCJhc3NldF9hZ2VfZGF5cyI6MzY1LCJ2aV91c2VjYXNlX2lkIjoxMDA5OSwiZHVyYXRpb25fcyI6NSwidXJsZ2VuX3NvdXJjZSI6Ind3dyJ9&ccb=17-1&vs=a45672d5212424e3&_nc_vs=HBkcFQIYQGlnX2VwaGVtZXJhbC83QzQ5QzFCMTVFNTEyNzkyQ0Q2MDA4QzAyMzZFOTc4OF92aWRlb19kYXNoaW5pdC5tcDQVAALIARIAKAAYABsCiAd1c2Vfb2lsATEScHJvZ3Jlc3NpdmVfcmVjaXBlATEVAAAmwIz8oqWM1QIVAigCQzMsF0AXMzMzMzMzGBJkYXNoX2Jhc2VsaW5lXzFfdjERAHX-B2XmnQEA&_nc_gid=68v2ZA0X44hfn9kLQauGAA&_nc_ss=72689&_nc_zt=28&oh=00_AQDnA21kpzqo-B1gZes4swVV50I-TOr6ZlJ4wne7VPi8FQ&oe=6A5E6A03,21,,5.8,,266,,
3681595426004833475,Video,DMXp4i1uJTD,"☀️ L’été, c’est le moment ou jamais pour s’occuper (enfin) de votre site web !
Quand les autres lèvent le pied, vous pouvez prendre de l’avance et préparer une rentrée performante.
🧠 C’est le bon moment pour :�✅ Repenser votre présence en ligne�✅ Clarifier votre message commercial�✅ Mettre toutes les chances de votre côté dès septembre pour atteindre vos objectifs business

🚀 Pi 2r, vous accompagne avec une offre exceptionnelle clés en main 👉 Contactez-nous

😶‍🌫️ Pas encore convaincu ? Cliquez sur le 1er lien dans la BIO",[],[],https://www.instagram.com/p/DMXp4i1uJTD/,0,,[],1080,1080,https://scontent-ord5-3.cdninstagram.com/v/t51.82787-15/523328201_18408610138129281_743036837802640549_n.jpg?stp=dst-jpg_e15_fr_s1080x1080_tt6&_nc_ht=scontent-ord5-3.cdninstagram.com&_nc_cat=109&_nc_oc=Q6cZ2gEO39e3YS0aXwzuwdu0JYH5VoLs0QAhFtOBnHX9-MwLY_n2AxVvt9xP_JTjVfbWIFh3MT_Fbrefz_WvJcJ__dRR&_nc_ohc=CsvAqKv_G9YQ7kNvwG_vTqW&_nc_gid=3VkjR3x8GnSoDPy_JgBD3g&edm=ADp7STQBAAAA&ccb=7-5&oh=00_AQASujCyyPZOQlfP-pXzRq6_DhSN_Eod_uwTvgfPnBlGYw&oe=6A5E98F6&_nc_sid=c6f216,[],"Video by Pi2r on July 21, 2025.",2,2025-07-21T12:20:10.000Z,[],Pi2r,agence_pi2r,3982105280,False,https://www.instagram.com/agence_pi2r/,720,720,clips,,,,https://scontent-iad6-1.cdninstagram.com/o1/v/t2/f2/m367/AQPkvLKm1LpM115nmMV1Yoc6dP7p4UfPfGUCXetQP1irfUqAhjPa_Or3aUx8hiKS_PfkkzL5GsM3XEwZ3QPqE8Vx7K6dnTFTWU6J_h0.mp4?_nc_cat=100&_nc_sid=5e9851&_nc_ht=scontent-iad6-1.cdninstagram.com&_nc_ohc=W1Z2X9IZP74Q7kNvwH32mNH&efg=eyJ2ZW5jb2RlX3RhZyI6Inhwdl9wcm9ncmVzc2l2ZS5JTlNUQUdSQU0uQ0xJUFMuQzMuNzIwLmRhc2hfYmFzZWxpbmVfMV92MSIsInhwdl9hc3NldF9pZCI6MTI1MTkwOTkyNjQ5OTI4NCwiYXNzZXRfYWdlX2RheXMiOjM1OSwidmlfdXNlY2FzZV9pZCI6MTAwOTksImR1cmF0aW9uX3MiOjUsInVybGdlbl9zb3VyY2UiOiJ3d3cifQ%3D%3D&ccb=17-1&vs=2e904586309dd3b6&_nc_vs=HBkcFQIYQGlnX2VwaGVtZXJhbC82QjQ2NzA5MDQ1MzRBRTMxNDcwOEM1MTJEN0MxMTE4M192aWRlb19kYXNoaW5pdC5tcDQVAALIARIAKAAYABsCiAd1c2Vfb2lsATEScHJvZ3Jlc3NpdmVfcmVjaXBlATEVAAAmqM-t59-muQQVAigCQzMsF0AUAAAAAAAAGBJkYXNoX2Jhc2VsaW5lXzFfdjERAHX-B2XmnQEA&_nc_gid=HIdgZgx6osHkmmCYyB4eYg&_nc_ss=72a8c&_nc_zt=28&oh=00_AQDZQqlo-Z16T-2ewvD_427fnCyIgdYIN4N8RtdE9Qd-1w&oe=6A5E9861,30,,5,,260,,
3862236774675921915,Image,DWZa-IxAjv7,"Précision. Stratégie. Résultats.

Dans un monde où chaque détail compte, atteindre son objectif n’est pas un hasard… c’est une question de précision.

Avec une approche ciblée et une vision claire, chaque action devient un pas vers le succès 

With our precision, hit your goal

#EmmakProd #MarketingDigital #Stratégie #Créativité #Performance #Design #Success","['EmmakProd', 'MarketingDigital', 'Stratégie', 'Créativité', 'Performance', 'Design', 'Success']",[],https://www.instagram.com/p/DWZa-IxAjv7/,1,🔥🔥,"[{'id': '18048519845705387', 'text': '🔥🔥', 'ownerUsername': 'saif_zelfeni', 'ownerProfilePicUrl': 'https://scontent-dfw5-1.cdninstagram.com/v/t51.82787-19/516326657_18003688343789880_2768741108221955803_n.jpg?stp=dst-jpg_s150x150_tt6&_nc_cat=105&ccb=7-5&_nc_sid=f7ccc5&efg=eyJ2ZW5jb2RlX3RhZyI6InByb2ZpbGVfcGljLnd3dy4xMDgwLkMzIn0%3D&_nc_ohc=Fc43FJ3zVj4Q7kNvwEPEWQB&_nc_oc=AdqjU9WfM8pZ0ARUA4tMjnHhdlLD0q94eIZ1yjUCOIVnxlzFYy1_1NT9NjTCViG5vfD7c29zOSy9s2V4rb1SYQp4&_nc_zt=24&_nc_ht=scontent-dfw5-1.cdninstagram.com&_nc_gid=5700vbcvBMYfSwlofyyiIw&_nc_ss=72a8c&oh=00_AQDro_eEqkpcL2VFnX38EHuh_eRMlPYzHvGvEKBt3pGNFg&oe=6A5E9918', 'timestamp': '2026-03-27T18:47:16.000Z', 'repliesCount': None, 'replies': None, 'likesCount': 0, 'owner': {'username': 'saif_zelfeni', 'profile_pic_url': 'https://scontent-dfw5-1.cdninstagram.com/v/t51.82787-19/516326657_18003688343789880_2768741108221955803_n.jpg?stp=dst-jpg_s150x150_tt6&_nc_cat=105&ccb=7-5&_nc_sid=f7ccc5&efg=eyJ2ZW5jb2RlX3RhZyI6InByb2ZpbGVfcGljLnd3dy4xMDgwLkMzIn0%3D&_nc_ohc=Fc43FJ3zVj4Q7kNvwEPEWQB&_nc_oc=AdqjU9WfM8pZ0ARUA4tMjnHhdlLD0q94eIZ1yjUCOIVnxlzFYy1_1NT9NjTCViG5vfD7c29zOSy9s2V4rb1SYQp4&_nc_zt=24&_nc_ht=scontent-dfw5-1.cdninstagram.com&_nc_gid=5700vbcvBMYfSwlofyyiIw&_nc_ss=72a8c&oh=00_AQDro_eEqkpcL2VFnX38EHuh_eRMlPYzHvGvEKBt3pGNFg&oe=6A5E9918', 'is_verified': False, 'id': '53694973879', 'full_name': None, 'is_mentionable': None, 'is_private': None, 'profile_pic_id': None, 'latest_reel_media': None}}]",1080,1080,https://scontent-dfw6-2.cdninstagram.com/v/t39.30808-6/658152136_929769542974269_3106325183950663204_n.jpg?stp=dst-jpg_e35_s1080x1080_sh2.08_tt6&_nc_ht=scontent-dfw6-2.cdninstagram.com&_nc_cat=109&_nc_oc=Q6cZ2gH12Bmv331GDzV0DjnDU8rCA1IqfrtQj8rgYIpSS9D6A8knc07KWcVuBy8qGRIUCds&_nc_ohc=sIu5Ru9fGSgQ7kNvwELjSZP&_nc_gid=4TM7WJLb-5hDflHgLsL-xQ&edm=ADp7STQAAAAA&ccb=7-5&oh=00_AQDbJOl6CLtSHEN0lues5CNwRyFlAL5OoxDFFpw1q47f3Q&oe=6A5E71CF&_nc_sid=c6f216,[],"Photo by Emmak Prod on March 27, 2026.",16,2026-03-27T18:02:05.000Z,[],Emmak Prod,emmakprod,51343982422,False,https://www.instagram.com/emmakprod/,2000,2000,feed,,,,,,,,,,,
3684409396530179283,Video,DMhptNHSuzT,"☀️ Avec le calme de l'été, vous avez enfin le temps de respirer… et de réfléchir !

C’est le moment idéal pour faire le point, clarifier votre besoin, et poser les bases solides pour avoir un site web qui véhicule une image professionnelle — sans la pression du quotidien.

🚀 Pi 2r, vous accompagne avec une offre exceptionnelle clés en main 👉 Demandez à recevoir l’offre complète !

😶‍🌫️ Pas encore convaincu ? Allez  dans la BIO pour voir ce que vous risquez à attendre !",[],[],https://www.instagram.com/p/DMhptNHSuzT/,0,,[],1350,1080,https://scontent-sjc6-1.cdninstagram.com/v/t51.82787-15/523506302_18409120744129281_8447978304181660232_n.jpg?stp=dst-jpg_e15_fr_p1080x1080_tt6&_nc_ht=scontent-sjc6-1.cdninstagram.com&_nc_cat=109&_nc_oc=Q6cZ2gF5AC73jz9sLu94ePGw9lagvKjkjnz3hZKoel16vlHm0S3BOcwxzgTO89BAwOVjI41ED3De-iv11rppxc5nahqQ&_nc_ohc=q9BiFfnQeM8Q7kNvwFNIW9q&_nc_gid=vVAe4DF5pgNIDdPrsFQO3A&edm=ADp7STQBAAAA&ccb=7-5&oh=00_AQDI8p1sHh3Ca_thq6mBN1HX9ib4kUto6zbIWsq3rn9eEQ&oe=6A5E98D0&_nc_sid=c6f216,[],"Video by Pi2r on July 25, 2025.",4,2025-07-25T09:31:10.000Z,[],Pi2r,agence_pi2r,3982105280,False,https://www.instagram.com/agence_pi2r/,900,720,clips,,,,https://scontent-bos5-1.cdninstagram.com/o1/v/t2/f2/m367/AQNPOb3N3tQM3X_W8CpvPXhaEpRTozY6TrgAEMwLuBIFb5oqbUlkRj8jeYWI7M8qe2PX7KAEdpgXVwarTTprXS_yGesXUCZn-8XimHw.mp4?_nc_cat=106&_nc_sid=5e9851&_nc_ht=scontent-bos5-1.cdninstagram.com&_nc_ohc=IbJtB3TkqrMQ7kNvwEpJBt0&efg=eyJ2ZW5jb2RlX3RhZyI6Inhwdl9wcm9ncmVzc2l2ZS5JTlNUQUdSQU0uQ0xJUFMuQzMuNzIwLmRhc2hfYmFzZWxpbmVfMV92MSIsInhwdl9hc3NldF9pZCI6NzMzMDg1NjY2MjExNTcxLCJhc3NldF9hZ2VfZGF5cyI6MzU2LCJ2aV91c2VjYXNlX2lkIjoxMDA5OSwiZHVyYXRpb25fcyI6NSwidXJsZ2VuX3NvdXJjZSI6Ind3dyJ9&ccb=17-1&vs=126fb41db949634e&_nc_vs=HBkcFQIYQGlnX2VwaGVtZXJhbC81QTQwRjMyMTRDM0VDMzE2NzU3OEI1OTg0MDdFOUFBRl92aWRlb19kYXNoaW5pdC5tcDQVAALIARIAKAAYABsCiAd1c2Vfb2lsATEScHJvZ3Jlc3NpdmVfcmVjaXBlATEVAAAm5tvL65mvzQIVAigCQzMsF0AUAAAAAAAAGBJkYXNoX2Jhc2VsaW5lXzFfdjERAHX-B2XmnQEA&_nc_gid=2i_Rp_WzcuqUn4GfDjBScg&_nc_ss=72689&_nc_zt=28&oh=00_AQBGZjdNaOTBZsX7iMxP-Y7Uu-RJ6YgGc72KsgReVTw-Cw&oe=6A5E912F,26,,5,,159,,
3864404560676801584,Video,DWhH3kzikww,"Production complète pour Vacation 🌴
Tournage & shooting produit skincare pensés pour sublimer chaque détail, entre lumière, texture et sensorialité ✨
Un univers visuel frais et immersif au service d’une marque forte 💫 @vacation_tunisia",[],['vacation_tunisia'],https://www.instagram.com/p/DWhH3kzikww/,0,,[],1136,640,https://instagram.fagc3-1.fna.fbcdn.net/v/t51.71878-15/658206686_26355498697440166_8258965250902813796_n.jpg?stp=dst-jpg_e15_tt6&_nc_ht=instagram.fagc3-1.fna.fbcdn.net&_nc_cat=110&_nc_oc=Q6cZ2gGnCcF73OSWMTPhm_h6bnF861BbYosVduuhdzIee9nSEp-y7SUKx39qR3obYOrFLaC7AzvB8oFoRoubnjPf4k79&_nc_ohc=qQ6tqzyqDHQQ7kNvwFMcsde&_nc_gid=WFGltMirMstiFuWZ_B-bUQ&edm=ADp7STQBAAAA&ccb=7-5&oh=00_AQCUUxCEupTltlchw2PPUa2lpDRG5L-clG1KCB8l-zlOZg&oe=6A5E80A8&_nc_sid=c6f216,[],"Video by MUSE on March 30, 2026.",9,2026-03-30T17:51:46.000Z,[],MUSE,muse_agency,408328146,False,https://www.instagram.com/muse_agency/,1280,720,clips,,,"[{'full_name': 'Marwen Naouar', 'id': '3301240625', 'is_verified': False, 'profile_pic_url': 'https://scontent.cdninstagram.com/v/t51.82787-19/562559777_18423557755104626_7925776426441502200_n.jpg?stp=dst-jpg_s150x150_tt6&_nc_cat=103&ccb=7-5&_nc_sid=f7ccc5&efg=eyJ2ZW5jb2RlX3RhZyI6InByb2ZpbGVfcGljLnd3dy4xMDgwLkMzIn0%3D&_nc_ohc=N2z_PC8Qp-IQ7kNvwENYUSd&_nc_oc=AdrVL8g7xfss7IfHJF8alOXvNDYmb30ZyDx-t2jQEsci0KpGj3fP43mh1GbO85wGnnvmi1NzxbGOJjrbCnmOjk8C&_nc_zt=24&_nc_ht=scontent.cdninstagram.com&_nc_gid=tvGcv9xdhHj3yI28yr-G4A&_nc_ss=7c689&oh=00_AQB2ikpDrKfxWFuVyaHg6OV6KrbPqI1kgrQ2kTQdnsL1jw&oe=6A5E8BD5', 'username': 'marwen.naouar.prod'}, {'full_name': 'Vacation Skincare', 'id': '78198477873', 'is_verified': False, 'profile_pic_url': 'https://scontent.cdninstagram.com/v/t51.82787-19/671218049_17871036396605874_978793676803772447_n.jpg?stp=dst-jpg_s150x150_tt6&_nc_cat=105&ccb=7-5&_nc_sid=f7ccc5&efg=eyJ2ZW5jb2RlX3RhZyI6InByb2ZpbGVfcGljLnd3dy43MTUuQzMifQ%3D%3D&_nc_ohc=up6ZfzvOhH4Q7kNvwGCtjnM&_nc_oc=Adp3k2IKoceqd3uw0JLAogSJ0HloyLVh9xueA_mcoxMLBS3zOx0IiIoCoMspDN29ZRyBeei1-hKc8A0S3yeoH2fL&_nc_zt=24&_nc_ht=scontent.cdninstagram.com&_nc_gid=tvGcv9xdhHj3yI28yr-G4A&_nc_ss=7c689&oh=00_AQB7wft2QvaXICOK4P05qFGTXyQfUV5UxyPMw3pF5kWftw&oe=6A5E9DD7', 'username': 'vacation_tunisia'}]",https://instagram.fosu2-2.fna.fbcdn.net/o1/v/t2/f2/m86/AQODoGNZ7sSwiQZl0tO9zJ0GF6xwhskwDFzptlWsogzcxWj3nanx2ywBgaAkQnWu0LNfsMZaylz3Bo-FuTyhzu8DAlVR9P6-x9OB-nQ.mp4?_nc_cat=111&_nc_oc=Ado68fSi1FK6lYVkqjrcMj0HQLHhL110gZ4K77hzoBRCZzxAGgXo_-hSeubbGZQ96imGR3o7VZJWtbdPMcnHlq0E&_nc_sid=5e9851&_nc_ht=instagram.fosu2-2.fna.fbcdn.net&_nc_ohc=LfWWQsLFMi8Q7kNvwFiKXhN&efg=eyJ2ZW5jb2RlX3RhZyI6Inhwdl9wcm9ncmVzc2l2ZS5JTlNUQUdSQU0uQ0xJUFMuQzMuNzIwLmRhc2hfYmFzZWxpbmVfMV92MSIsInhwdl9hc3NldF9pZCI6MTg1OTYwMzU0ODYwMDgxNDcsImFzc2V0X2FnZV9kYXlzIjoxMDcsInZpX3VzZWNhc2VfaWQiOjEwMDk5LCJkdXJhdGlvbl9zIjoxNCwidXJsZ2VuX3NvdXJjZSI6Ind3dyJ9&ccb=17-1&vs=b5c16f69e5bb1303&_nc_vs=HBksFQIYUmlnX3hwdl9yZWVsc19wZXJtYW5lbnRfc3JfcHJvZC85NjQyOTMyQ0M2RjA0MzE0NDU5NzNENzIxRThENTBBOF92aWRlb19kYXNoaW5pdC5tcDQVAALIARIAFQIYUWlnX3hwdl9wbGFjZW1lbnRfcGVybWFuZW50X3YyLzYxNENFQTQ4RDA4NzlEMDEwQjQ3QjAwRkJBRTdEM0I1X2F1ZGlvX2Rhc2hpbml0Lm1wNBUCAsgBEgAoABgAGwKIB3VzZV9vaWwBMRJwcm9ncmVzc2l2ZV9yZWNpcGUBMRUAACamjf6V3b-IQhUCKAJDMywXQCxU_fO2RaIYEmRhc2hfYmFzZWxpbmVfMV92MREAdf4HZeadAQA&_nc_gid=tvGcv9xdhHj3yI28yr-G4A&_nc_ss=7c689&_nc_zt=28&oh=00_AQAP1-O9bLsMkjhU9lgfA-5VxV5h3J-_TzFAt2chOhy6bA&oe=6A5A8D10,354,https://instagram.fosu2-1.fna.fbcdn.net/o1/v/t2/f2/m78/AQNu0vrMRQWLAF4Rbeymn38BzphlTBbT5L1YnviI3nlNq0wkVGUT5IeUuAD7JByRWSP5MJlHqx0fv-J9lZn3khdWs_G-yL25JGTvliA.mp4?_nc_cat=100&_nc_oc=AdpZv51-DzhpAq-NaJGMKj9Rgs-APyOQiII_07JEuAAbSHoM7iO-lVNJp3sB3Aw8P8wgRWOLb-1WWtGixWzpxIYm&_nc_sid=9ca052&_nc_ht=instagram.fosu2-1.fna.fbcdn.net&_nc_ohc=cwtJt1cDf3wQ7kNvwEpMi0A&efg=eyJ2ZW5jb2RlX3RhZyI6ImlnLXhwdmRzLmNsaXBzLmlnd3d3LUMzLmRhc2hfbG5faGVhYWNfdmJyM19hdWRpbyIsInZpZGVvX2lkIjpudWxsLCJvaWxfdXJsZ2VuX2FwcF9pZCI6OTM2NjE5NzQzMzkyNDU5LCJjbGllbnRfbmFtZSI6ImlnIiwieHB2X2Fzc2V0X2lkIjoxODU5NjAzNTQ4NjAwODE0NywiYXNzZXRfYWdlX2RheXMiOjEwNywidmlfdXNlY2FzZV9pZCI6MTAwOTksImR1cmF0aW9uX3MiOjE0LCJiaXRyYXRlIjo2NzA3OSwidXJsZ2VuX3NvdXJjZSI6Ind3dyJ9&ccb=17-1&_nc_gid=tvGcv9xdhHj3yI28yr-G4A&_nc_ss=7c689&_nc_zt=28&oh=00_AQDqhCPXKbIQ3NoiEoEhT7vdmgjBvFoWKddoma1cs03v1w&oe=6A5A8CBD,14.166,"{'artist_name': 'Sabrina Carpenter', 'song_name': 'Feather', 'uses_original_audio': False, 'should_mute_audio': False, 'should_mute_audio_reason': '', 'audio_id': '3349330391999557'}",1199,,
3648962175310203280,Image,DKjt8PyM4mQ,"L'équipe #Pi2r vous souhaite une joyeuse fête de 𝐀𝐢̈𝐝-𝐀𝐥-𝐀𝐝𝐡𝐡𝐚 ❤️
إن شاء الله عيدكم مبروك و سنين دائمة 🌜
#AidMubarak #Aid2025","['Pi2r', 'AidMubarak', 'Aid2025']",[],https://www.instagram.com/p/DKjt8PyM4mQ/,0,,[],1350,1080,https://scontent-lga3-3.cdninstagram.com/v/t39.30808-6/504273743_1264903302301472_55259297048937038_n.jpg?stp=dst-jpg_e15_fr_p1080x1080_tt6&_nc_ht=scontent-lga3-3.cdninstagram.com&_nc_cat=108&_nc_oc=Q6cZ2gFXzI7rOl6jKBdsBnhvwSAbs5fMgfGCBFF2vvx-OZUHDr4p2rbxFHEiz0c2xcl5RR0LDUljIa20auysmIPGpWzS&_nc_ohc=lK6ryekWdfwQ7kNvwFFbOZM&_nc_gid=EW7dRS9P9o7ie7Og3QEe4A&edm=ADp7STQAAAAA&ccb=7-5&oh=00_AQBsRIdhZMhN2yYpc0ZfByEj8o9ibcGVRaL3OruEkufJeA&oe=6A5E8C81&_nc_sid=c6f216,[],"Photo by Pi2r on June 06, 2025.",3,2025-06-06T11:43:30.000Z,[],Pi2r,agence_pi2r,3982105280,False,https://www.instagram.com/agence_pi2r/,1350,1080,feed,,,,,,,,,,,
3679429530687277195,Image,DMP9anosoiL,"L'été rime avec détente, mais pour les entrepreneurs, c'est aussi le moment parfait pour prendre de l'avance ! 

🚀 Vous avez plus de temps l’été pour vous concentrer sur ce qui compte : atteindre vos objectifs de fin d'année ! 

Découvrez les 3 Bonnes Raisons de Propulser Votre Site Web Cet Été dans la BIO
 
#été #stratégie #objectifs2025","['été', 'stratégie', 'objectifs2025']",[],https://www.instagram.com/p/DMP9anosoiL/,1,Voici le lien vers l'article : https://pi-2r.tn/3-excellentes-raisons-ameliorer-site-web-ete/,"[{'id': '17886856758315767', 'text': ""Voici le lien vers l'article : https://pi-2r.tn/3-excellentes-raisons-ameliorer-site-web-ete/"", 'ownerUsername': 'agence_pi2r', 'ownerProfilePicUrl': 'https://scontent-iad3-1.cdninstagram.com/v/t51.2885-19/21879483_1726753457620736_7993324773721505792_n.jpg?stp=dst-jpg_s150x150_tt6&_nc_cat=108&ccb=7-5&_nc_sid=f7ccc5&efg=eyJ2ZW5jb2RlX3RhZyI6InByb2ZpbGVfcGljLnd3dy42MDAuQzMifQ%3D%3D&_nc_ohc=V8GhDxwD5SEQ7kNvwF2Uyo9&_nc_oc=AdpXO-IeDIgmnYf6cBWZaSiAZL4wVwwA_Ht4dkqwEjFUHT79LvPThs1G2PoTh8fMwP2v3yo9tr5K8WKDzK2ALFie&_nc_zt=24&_nc_ht=scontent-iad3-1.cdninstagram.com&_nc_ss=72689&oh=00_AQCvIzJjijMUS86mjZwMNkUglf86xZ4KH18VrfKOCBwMMA&oe=6A5E9B05', 'timestamp': '2025-07-18T12:59:26.000Z', 'repliesCount': None, 'replies': None, 'likesCount': 0, 'owner': {'username': 'agence_pi2r', 'profile_pic_url': 'https://scontent-iad3-1.cdninstagram.com/v/t51.2885-19/21879483_1726753457620736_7993324773721505792_n.jpg?stp=dst-jpg_s150x150_tt6&_nc_cat=108&ccb=7-5&_nc_sid=f7ccc5&efg=eyJ2ZW5jb2RlX3RhZyI6InByb2ZpbGVfcGljLnd3dy42MDAuQzMifQ%3D%3D&_nc_ohc=V8GhDxwD5SEQ7kNvwF2Uyo9&_nc_oc=AdpXO-IeDIgmnYf6cBWZaSiAZL4wVwwA_Ht4dkqwEjFUHT79LvPThs1G2PoTh8fMwP2v3yo9tr5K8WKDzK2ALFie&_nc_zt=24&_nc_ht=scontent-iad3-1.cdninstagram.com&_nc_ss=72689&oh=00_AQCvIzJjijMUS86mjZwMNkUglf86xZ4KH18VrfKOCBwMMA&oe=6A5E9B05', 'is_verified': False, 'id': '3982105280', 'full_name': None, 'is_mentionable': None, 'is_private': None, 'profile_pic_id': None, 'latest_reel_media': None}}]",1350,1080,https://scontent-atl3-3.cdninstagram.com/v/t51.82787-15/521378718_18408206119129281_5083136875552958054_n.webp?stp=dst-jpg_e15_fr_p1080x1080_tt6&_nc_ht=scontent-atl3-3.cdninstagram.com&_nc_cat=109&_nc_oc=Q6cZ2gFLGNV4vHKB9fC1c84PnmrdS1ZoDJg94Dy5xjFvmu7ueHxS9DZ-8bEoptkl_kKI8PWqsu69GkVHoeOgnNjoI3dD&_nc_ohc=JSzUBMLVFZQQ7kNvwHtuJ2B&_nc_gid=PliNDsmRoD7X70Z0O55kxw&edm=ADp7STQBAAAA&ccb=7-5&oh=00_AQDRGuZ1ElRZQg_wBuXVIcHOz3Whn6uuwMsgDu1aPGz5Mw&oe=6A5E8B19&_nc_sid=c6f216,[],"Photo by Pi2r on July 18, 2025.",532,2025-07-18T12:36:42.000Z,[],Pi2r,agence_pi2r,3982105280,False,https://www.instagram.com/agence_pi2r/,1350,1080,feed,,,,,,,,,,,
3836204304542007416,Image,DU8731qDQB4,"Nous venons de clôturer l'analyse des performances web de cette fin d'année. Notre dernier classement du Top 20 des sites e-commerce en Tunisie révèle bien plus qu'une simple liste de gagnants : il dessine les tendances structurelles de notre marché e-commerce ""Formel"".

Voici les 3 insights majeurs que je retiens de notre étude :
1️⃣ Le ""Club du Million"" s'agrandit : La domination de la High-Tech est incontestable avec MyTek.tn qui trône à 1,9 million de visites, suivi de Tunisianet (1,4M). Mais la véritable performance, c'est la consolidation de l'EdTech : TakiAcademy se maintient sur le podium avec plus d'un million de visites, prouvant que la consommation de contenu éducatif est désormais ancrée dans les habitudes tunisiennes.

2️⃣ La bataille des canaux d'acquisition : En analysant nos données, on observe une stratégie binaire fascinante :
• Les leaders de la Tech (SpaceNet, MyTek, Samsung) verrouillent le marché grâce au SEO (souvent plus de 60%, voire 80% pour Samsung !).
• À l'inverse, les acteurs ""Lifestyle"" et Mode comme , laMode, Drest ou Peak Sports dépendent massivement du Social Media, qui représente jusqu'à 72% de leur trafic pour ce dernier.

3️⃣ La résilience des pure players : Malgré la présence d'enseignes physiques fortes comme Carrefour (19ème) ou Decathlon (11ème), ce sont les pure players locaux qui continuent de dicter le rythme de l'innovation et de l'acquisition trafic.

Conclusion : Ces chiffres de décembre 2025 ne sont pas anodins. Ils confirment que la maturité digitale des consommateurs tunisiens exige des stratégies d'acquisition de plus en plus tranchées.

Bravo à tous les acteurs de ce Top 20 qui font bouger les lignes ! 🇹🇳
Pour plus de détail, vous pouvez trouver l'analyse détaillée sur notre blog https://lnkd.in/dQpx4-S5
Hashtags : hashtag#E2BConsulting hashtag#Ecommerce hashtag#Tunisie hashtag#DataAnalytics hashtag#MarketingDigital hashtag#SEO hashtag#BusinessInsights hashtag#Top20 #2025","['E2BConsulting', 'Ecommerce', 'Tunisie', 'DataAnalytics', 'MarketingDigital', 'SEO', 'BusinessInsights', 'Top20', '2025']",[],https://www.instagram.com/p/DU8731qDQB4/,0,,[],1312,1080,https://scontent-atl3-1.cdninstagram.com/v/t39.30808-6/639661422_1354375596714135_5571428220557372793_n.jpg?stp=dst-jpg_e35_p1080x1080_sh2.08_tt6&_nc_ht=scontent-atl3-1.cdninstagram.com&_nc_cat=103&_nc_oc=Q6cZ2gGJjMR7qpU3B3IhdgGX5NKJxR_locyxMbh0d1mJOP7VilY27d_IZ81-zCXeJ1w7zNw&_nc_ohc=0vvRcr_fTWcQ7kNvwGTiqkA&_nc_gid=NertMYnenu1zMvo9kWDwBw&edm=ADp7STQAAAAA&ccb=7-5&oh=00_AQDiZRLxd0PGjRyEN9Vt2BiBeiHq-Dv0AIyim_trZ3Gm2Q&oe=6A5E71E7&_nc_sid=c6f216,[],"Photo by E2bconsulting&training on February 19, 2026.",9,2026-02-19T20:00:11.000Z,[],E2bconsulting&training,e2bconsulting.training,11234617163,False,https://www.instagram.com/e2bconsulting.training/,1555,1280,feed,,,,,,,,,,,
3827234724284353779,Image,DUdEbRFAkzz,Noise was never a strategy,[],[],https://www.instagram.com/p/DUdEbRFAkzz/,0,,[],1350,1080,https://scontent-ord5-3.cdninstagram.com/v/t39.30808-6/627175983_1489508576510671_5492986477442060158_n.jpg?stp=dst-jpg_e15_fr_p1080x1080_tt6&_nc_ht=scontent-ord5-3.cdninstagram.com&_nc_cat=107&_nc_oc=Q6cZ2gF7KMsn4kdvZsXz0pcmpdG7HP8-ycWS-rPKbghq-svlQaknWXnXomWR3U4hoZhhj9W1MkPjtWA4UfMMCRRfnIGQ&_nc_ohc=gViHP8VAnWAQ7kNvwHqa7yp&_nc_gid=Dqot9VIBt29UBDImI-LcaA&edm=ADp7STQAAAAA&ccb=7-5&oh=00_AQDRhFJOsAwDelBDz-7_WEYj1hxd2Pbu3bRXbmKINLVEtw&oe=6A5E93B4&_nc_sid=c6f216,[],"Photo by Kyubi.digital on February 07, 2026.",8,2026-02-07T10:59:15.000Z,[],Kyubi.digital,kyubi.digital,5331673638,False,https://www.instagram.com/kyubi.digital/,1350,1080,feed,,,,,,,,,,,
3691944037573670922,Video,DM8a4qaMzgK,,[],[],https://www.instagram.com/p/DM8a4qaMzgK/,0,,[],1136,640,https://scontent-lga3-1.cdninstagram.com/v/t51.71878-15/525588979_1285210036650202_3021980937548816329_n.jpg?stp=dst-jpg_e15_tt6&_nc_ht=scontent-lga3-1.cdninstagram.com&_nc_cat=110&_nc_oc=Q6cZ2gEZIjRTXW7HjKmiqPcEX6drJhl7p6ldwxFgR5dO9cFeFgA-YbuhsvPJ-NVncUQ47v4KfVrZJ9Wmb74utVkBC0l6&_nc_ohc=EYSf_NtNewkQ7kNvwHwrgdo&_nc_gid=2Ic3jjtoR0dUJysPYEZksA&edm=ADp7STQBAAAA&ccb=7-5&oh=00_AQCyl61dZQkqbZszYd5BecEfNgcHM9x1enIq7_RClRYmYw&oe=6A5E9A1A&_nc_sid=c6f216,[],"Video by Pi2r on August 04, 2025.",4,2025-08-04T19:18:27.000Z,[],Pi2r,agence_pi2r,3982105280,False,https://www.instagram.com/agence_pi2r/,1280,720,clips,"Tunis, Tunisia",234469391,"[{'full_name': 'Hosni Krid Gargouri', 'id': '189382353', 'is_verified': False, 'profile_pic_url': 'https://scontent-ord5-3.cdninstagram.com/v/t51.82787-19/611873007_18545035963006354_8177314058472297251_n.jpg?stp=dst-jpg_s150x150_tt6&_nc_cat=100&ccb=7-5&_nc_sid=f7ccc5&efg=eyJ2ZW5jb2RlX3RhZyI6InByb2ZpbGVfcGljLnd3dy45NTIuQzMifQ%3D%3D&_nc_ohc=XJUox476isEQ7kNvwEAtulE&_nc_oc=Adopg9uwGyuLYrdYQ_vaQAo2Sr3o57Rp_JTkb-PNA42gYaiH_RUZx0TJ00ihJ-l-Cmc&_nc_zt=24&_nc_ht=scontent-ord5-3.cdninstagram.com&_nc_gid=KlGjG6dlKuKyH78OuuyHMg&_nc_ss=72a8c&oh=00_AQCI4wD1SW3fuLbUVDi80DvyQIA4aUY4kVsI-HSBqYPdVw&oe=6A5E988E', 'username': 'hosnig'}, {'full_name': 'Anis Taamalli', 'id': '290078516', 'is_verified': False, 'profile_pic_url': 'https://scontent-ord5-1.cdninstagram.com/v/t51.2885-19/307634563_5366502913468053_1950491946413133461_n.jpg?stp=dst-jpg_s150x150_tt6&_nc_cat=106&ccb=7-5&_nc_sid=f7ccc5&efg=eyJ2ZW5jb2RlX3RhZyI6InByb2ZpbGVfcGljLnd3dy43MTUuQzMifQ%3D%3D&_nc_ohc=UCzgKsdOVWsQ7kNvwEUsbA8&_nc_oc=AdqJfnilk1Gk1qiEp_ay4XsaFvHSkg15bV0ta1ew8rG1Y1E7VIhvto11rZYGu3Ojcz8&_nc_zt=24&_nc_ht=scontent-ord5-1.cdninstagram.com&_nc_ss=72a8c&oh=00_AQBUdXrZ3I9dCODTmsBChX6xWDtxpFYcTTJsScGvrl3Whg&oe=6A5E6CCE', 'username': 'sanias82'}, {'full_name': 'Pharah Ben Mrad', 'id': '634574056', 'is_verified': False, 'profile_pic_url': 'https://scontent-ord5-2.cdninstagram.com/v/t51.82787-19/734769883_18603501724014057_1576480926124305158_n.jpg?stp=dst-jpg_s150x150_tt6&_nc_cat=102&ccb=7-5&_nc_sid=f7ccc5&efg=eyJ2ZW5jb2RlX3RhZyI6InByb2ZpbGVfcGljLnd3dy43NjguQzMifQ%3D%3D&_nc_ohc=DdtMjcAA4oAQ7kNvwFMULZN&_nc_oc=Ado5miPsQxf7MbL_y9H7Yq713pqzYG2h-wXK8ohoHo4MXX28Yy_J8gBZR5ng5jofzWo&_nc_zt=24&_nc_ht=scontent-ord5-2.cdninstagram.com&_nc_gid=KlGjG6dlKuKyH78OuuyHMg&_nc_ss=72a8c&oh=00_AQAZd-y7I5izpfG8Fe-fMIDnml7JiyfGKah1WHSUnPaHBw&oe=6A5E9ECC', 'username': 'pharahbenmrad'}, {'full_name': 'Souhail Ferjani', 'id': '1748486345', 'is_verified': False, 'profile_pic_url': 'https://scontent-ord5-2.cdninstagram.com/v/t51.82787-19/534727333_18520295101006346_1652250173279527243_n.jpg?stp=dst-jpg_s150x150_tt6&_nc_cat=105&ccb=7-5&_nc_sid=f7ccc5&efg=eyJ2ZW5jb2RlX3RhZyI6InByb2ZpbGVfcGljLnd3dy4xMDgwLkMzIn0%3D&_nc_ohc=KgSXb9myejwQ7kNvwE_6gaQ&_nc_oc=AdrON0KpCRblevaGNULhMycwagixewNS-dYXjZN-22NwISzJGkDQaX2cBScS9_5b9_s&_nc_zt=24&_nc_ht=scontent-ord5-2.cdninstagram.com&_nc_gid=KlGjG6dlKuKyH78OuuyHMg&_nc_ss=72a8c&oh=00_AQCUq9nM7qVwq9GQ6km-xDXykgo2tNZdP-a8noRCDLUDAw&oe=6A5E7B34', 'username': 'souhail_ferjani'}]",https://scontent-ord5-2.cdninstagram.com/o1/v/t2/f2/m367/AQNpMhukWZ_MfGRYWWvqhwGqDaVuqW2JJm71S-uGpGIv-0MWvgs_YSTX3Dr90dLh2jlNb8ppk27oz4cPjpVXfH7869xPpN8iR4PNkU4.mp4?_nc_cat=102&_nc_sid=5e9851&_nc_ht=scontent-ord5-2.cdninstagram.com&_nc_ohc=kbdWihl6-aQQ7kNvwG6e3QW&efg=eyJ2ZW5jb2RlX3RhZyI6Inhwdl9wcm9ncmVzc2l2ZS5JTlNUQUdSQU0uQ0xJUFMuQzMuNzIwLmRhc2hfYmFzZWxpbmVfMV92MSIsInhwdl9hc3NldF9pZCI6MTgxMDY3MzI0NjQ3Mzg0MSwiYXNzZXRfYWdlX2RheXMiOjM0NSwidmlfdXNlY2FzZV9pZCI6MTAwOTksImR1cmF0aW9uX3MiOjEzNSwidXJsZ2VuX3NvdXJjZSI6Ind3dyJ9&ccb=17-1&vs=8375ba9d7c0eb05&_nc_vs=HBksFQIYQGlnX2VwaGVtZXJhbC9CRTQ4QzA3OEE0Mzk4QTU2OTRDMEQ0NThBQ0Y0NzI5NF92aWRlb19kYXNoaW5pdC5tcDQVAALIARIAFQIYRmlnX3hwdl9yZWVsc19wZXJtYW5lbnRfc3JfcHJvZC82NjE3ODU5NTk1MTExNTdfNzE1OTU4NjEyMzQ1NDMxNzEzMC5tcDQVAgLIARIAKAAYABsCiAd1c2Vfb2lsATEScHJvZ3Jlc3NpdmVfcmVjaXBlATEVAAAm4rnI-oaztwYVAigCQzMsF0Bg6qfvnbItGBJkYXNoX2Jhc2VsaW5lXzFfdjERAHX-B2XmnQEA&_nc_gid=KlGjG6dlKuKyH78OuuyHMg&_nc_ss=72a8c&_nc_zt=28&oh=00_AQDhNSOEOXX2f9oHewCPEGfUnd0x0E_Q1_OjKVJmf6FJYA&oe=6A5E6A0B,207,https://scontent-ord5-2.cdninstagram.com/o1/v/t2/f2/m86/AQMJ2BUTvqqfeDGElmdoi6Wat1XUqd2YwxAS9aFiFL1p4EKtVMDc-ZCs3srVwbt6gl_V-d2jx4vP6yvT-W5Npos.mp4?_nc_cat=103&_nc_sid=9ca052&_nc_ht=scontent-ord5-2.cdninstagram.com&_nc_ohc=Gc5M-NT_0I4Q7kNvwERwKCj&efg=eyJ2ZW5jb2RlX3RhZyI6ImlnLXhwdmRzLmNsaXBzLmlnd3d3LUMzLmRhc2hfbG5faGVhYWNfdmJyM19hdWRpbyIsInZpZGVvX2lkIjpudWxsLCJvaWxfdXJsZ2VuX2FwcF9pZCI6OTM2NjE5NzQzMzkyNDU5LCJjbGllbnRfbmFtZSI6ImlnIiwieHB2X2Fzc2V0X2lkIjoxODEwNjczMjQ2NDczODQxLCJhc3NldF9hZ2VfZGF5cyI6MzQ1LCJ2aV91c2VjYXNlX2lkIjoxMDA5OSwiZHVyYXRpb25fcyI6MTM1LCJiaXRyYXRlIjo3MDA0NywidXJsZ2VuX3NvdXJjZSI6Ind3dyJ9&ccb=17-1&_nc_gid=KlGjG6dlKuKyH78OuuyHMg&_nc_ss=72a8c&_nc_zt=28&oh=00_AQCp-TmbEr3wZ99yb_b0KiWYfKkEkxNRjMFvCoBxQf5tKg&oe=6A5AA3F1,135.333,"{'artist_name': 'agence_pi2r', 'song_name': 'Original audio', 'uses_original_audio': True, 'should_mute_audio': False, 'should_mute_audio_reason': '', 'audio_id': '24618839877701870'}",544,,
3381695369952906263,Image,C7uMgWgoEwX,"🚀 Boostez votre engagement avec des campagnes publicitaires ciblées sur les réseaux sociaux 🚀
Attirez et fidélisez votre audience en faisant passer votre message au bon moment.
Mail: 2021hagency@gmail.com
Infoline: 51 716 001
#Hagency #Tunisie #communication #digital #marketingdigital","['Hagency', 'Tunisie', 'communication', 'digital', 'marketingdigital']",[],https://www.instagram.com/p/C7uMgWgoEwX/,0,,[],1080,1080,https://scontent-phl2-1.cdninstagram.com/v/t51.82787-15/625000191_18069782300449094_7501200982796771024_n.jpg?stp=dst-jpg_e15_fr_s1080x1080_tt6&_nc_ht=scontent-phl2-1.cdninstagram.com&_nc_cat=102&_nc_oc=Q6cZ2gGD-_KBKqP_sNGlZ0020RbENW1tEtemOky7yZtv462tEBeJ0GzmljFqOYiP_pSwops&_nc_ohc=UKp5Gb-KS5YQ7kNvwGC8aI8&_nc_gid=mKbEXM75uDp9eUZZXLYteg&edm=ADp7STQBAAAA&ccb=7-5&oh=00_AQBqwCl_sSLuRjFXzdTlJoAwy5gST7T320R4tidfRf2dJw&oe=6A5E8C8D&_nc_sid=c6f216,[],"Photo by H.agency on June 02, 2024.",0,2024-06-02T17:32:04.000Z,[],H.agency,h.agency.tunisia,53455295369,False,https://www.instagram.com/h.agency.tunisia/,1080,1080,feed,,,,,,,,,,,
3839852518256334119,Video,DVJ5YVcjtUn,Lean startup,[],[],https://www.instagram.com/p/DVJ5YVcjtUn/,0,,[],1136,640,https://instagram.ftpa1-2.fna.fbcdn.net/v/t51.71878-15/641114248_1284860973511346_4019572098679068406_n.jpg?stp=dst-jpg_e15_tt6&_nc_ht=instagram.ftpa1-2.fna.fbcdn.net&_nc_cat=102&_nc_oc=Q6cZ2gFjYM5a_4LVPmLmPJbsH4OYr6QKK15uCTNNyfmsUF_2SSGoeAFIqhY2qJNB3cEdLhNph_hNCOy03H310JDxggT-&_nc_ohc=1w8w9ILcHo4Q7kNvwGDUsDW&_nc_gid=G9dzwyyDicea-K8FdFxV6A&edm=ADp7STQBAAAA&ccb=7-5&oh=00_AQAMJJhtJkn8DxeAdUyRy-vszIh_YW5vQRVSujQEGmHN1Q&oe=6A5E866F&_nc_sid=c6f216,[],"Video by E2bconsulting&training on February 24, 2026.",11,2026-02-24T20:49:06.000Z,[],E2bconsulting&training,e2bconsulting.training,11234617163,False,https://www.instagram.com/e2bconsulting.training/,1280,720,clips,,,"[{'full_name': 'Kais Khenine', 'id': '254107068', 'is_verified': False, 'profile_pic_url': 'https://scontent-bos5-1.cdninstagram.com/v/t51.82787-19/721403688_18597972886027069_2985419705159957818_n.jpg?stp=dst-jpg_s150x150_tt6&_nc_cat=111&ccb=7-5&_nc_sid=f7ccc5&efg=eyJ2ZW5jb2RlX3RhZyI6InByb2ZpbGVfcGljLnd3dy4xMDgwLkMzIn0%3D&_nc_ohc=oGNEDOKJp8IQ7kNvwHCv2DS&_nc_oc=Adq-7gUEn1XeDJKrQX3b3f9021oKOdFK2fMn0YTicZr0tnVI0foXnVDn3klGqV7TgN8Pa7uH10XkjjtuNV9mBM86&_nc_zt=24&_nc_ht=scontent-bos5-1.cdninstagram.com&_nc_gid=UfFqFvyM5UHV4_z2ZGbXKg&_nc_ss=7d689&oh=00_AQDUinOxz6BpHJzSuTHlh7CgQh7-5WHk2JxN602Cn2XkPg&oe=6A5E98D7', 'username': 'kaiskhenine'}, {'full_name': 'First Master Class', 'id': '53436166511', 'is_verified': False, 'profile_pic_url': 'https://scontent-bos5-1.cdninstagram.com/v/t51.2885-19/287313877_1203991183750069_4033835555714541967_n.jpg?stp=dst-jpg_s150x150_tt6&_nc_cat=105&ccb=7-5&_nc_sid=f7ccc5&efg=eyJ2ZW5jb2RlX3RhZyI6InByb2ZpbGVfcGljLnd3dy4xMDAwLkMzIn0%3D&_nc_ohc=mZxbz8cQ1c0Q7kNvwF1nf0U&_nc_oc=Adq0E9CHRsa69L3_aH8kgNFYrRPmS4aulCmmZsv2GDF1DuQYqDkfs1CF_Nik-mCH3qzmgb6jGf-d0mNTr6hbRukb&_nc_zt=24&_nc_ht=scontent-bos5-1.cdninstagram.com&_nc_ss=7d689&oh=00_AQDH6rWrnoTX6AO4xWOcjYByEQ4bYwixSyrGWNAxx1GkIA&oe=6A5E87D7', 'username': 'first_masterclass'}]",https://scontent-bos5-1.cdninstagram.com/o1/v/t16/f2/m69/AQMx4VUeZ75lLWJknLFtA3ywgJEmQLyYpEac3u35mSVAknEG79EhTraK49y4HztHW0hsLSpBwVuXh66cZRC_nRvl.mp4?strext=1&_nc_cat=106&_nc_sid=5e9851&_nc_ht=scontent-bos5-1.cdninstagram.com&_nc_ohc=M3ucz-Or0IMQ7kNvwFNiNhg&efg=eyJ2ZW5jb2RlX3RhZyI6Inhwdl9wcm9ncmVzc2l2ZS5JTlNUQUdSQU0uQ0xJUFMuQzMuNzIwLmRhc2hfYmFzZWxpbmVfMV92MSIsInhwdl9hc3NldF9pZCI6MTgxODMzMTg3MDMzNjkxNjQsImFzc2V0X2FnZV9kYXlzIjoxNDEsInZpX3VzZWNhc2VfaWQiOjEwMDk5LCJkdXJhdGlvbl9zIjo2MiwidXJsZ2VuX3NvdXJjZSI6Ind3dyJ9&ccb=17-1&vs=d4b1532c99c144db&_nc_vs=HBksFQIYOnBhc3N0aHJvdWdoX2V2ZXJzdG9yZS9HQ1NzTUNZUm4zS0h3QklGQUN2WVI3X2JOZVJDYnNwVEFRQUYVAALIARIAFQIYUWlnX3hwdl9wbGFjZW1lbnRfcGVybWFuZW50X3YyLzk5NDU5QzRGQzYxM0QxMjM4MTkyQjMzQjRCRTZGRDg2X2F1ZGlvX2Rhc2hpbml0Lm1wNBUCAsgBEgAoABgAGwKIB3VzZV9vaWwBMRJwcm9ncmVzc2l2ZV9yZWNpcGUBMRUAACaYr7fCuejMQBUCKAJDMywXQE9qn752yLQYEmRhc2hfYmFzZWxpbmVfMV92MREAdf4HZeadAQA&_nc_gid=UfFqFvyM5UHV4_z2ZGbXKg&_nc_ss=7d689&_nc_zt=28&oh=00_AQDT4FG3GZX3L7Cs8u_ghymJutGvjHNSfOsMILDQmNvwzQ&oe=6A5E9772,184,https://scontent-bos5-1.cdninstagram.com/o1/v/t2/f2/m78/AQNITqOlDSda0ftfLYsxd-yh30sNmX01_QPFmaaxFBl4KihYlsw1OmsNN6vgP52T-uaIedAASaXbFBhXanHe98g3qcP5qNpA3cNUiEc.mp4?_nc_cat=110&_nc_sid=9ca052&_nc_ht=scontent-bos5-1.cdninstagram.com&_nc_ohc=qUrOYmEHLdUQ7kNvwGX-se8&efg=eyJ2ZW5jb2RlX3RhZyI6ImlnLXhwdmRzLmNsaXBzLmlnd3d3LUMzLmRhc2hfbG5faGVhYWNfdmJyM19hdWRpbyIsInZpZGVvX2lkIjpudWxsLCJvaWxfdXJsZ2VuX2FwcF9pZCI6OTM2NjE5NzQzMzkyNDU5LCJjbGllbnRfbmFtZSI6ImlnIiwieHB2X2Fzc2V0X2lkIjoxODE4MzMxODcwMzM2OTE2NCwiYXNzZXRfYWdlX2RheXMiOjE0MSwidmlfdXNlY2FzZV9pZCI6MTAwOTksImR1cmF0aW9uX3MiOjYyLCJiaXRyYXRlIjo1ODc0MywidXJsZ2VuX3NvdXJjZSI6Ind3dyJ9&ccb=17-1&_nc_gid=UfFqFvyM5UHV4_z2ZGbXKg&_nc_ss=7d689&_nc_zt=28&oh=00_AQAshYVgDBAX0OZwQfgCSgJpLJpUnCptDg06f3VDrvNgvg&oe=6A5A83B3,62.833,"{'artist_name': 'e2bconsulting.training', 'song_name': 'Original audio', 'uses_original_audio': True, 'should_mute_audio': False, 'should_mute_audio_reason': '', 'audio_id': '26059041120456213'}",543,"[{'id': '254107068', 'is_verified': False, 'profile_pic_url': 'https://scontent-bos5-1.cdninstagram.com/v/t51.82787-19/721403688_18597972886027069_2985419705159957818_n.jpg?stp=dst-jpg_s150x150_tt6&_nc_cat=111&ccb=7-5&_nc_sid=f7ccc5&efg=eyJ2ZW5jb2RlX3RhZyI6InByb2ZpbGVfcGljLnd3dy4xMDgwLkMzIn0%3D&_nc_ohc=oGNEDOKJp8IQ7kNvwHCv2DS&_nc_oc=Adq-7gUEn1XeDJKrQX3b3f9021oKOdFK2fMn0YTicZr0tnVI0foXnVDn3klGqV7TgN8Pa7uH10XkjjtuNV9mBM86&_nc_zt=24&_nc_ht=scontent-bos5-1.cdninstagram.com&_nc_gid=UfFqFvyM5UHV4_z2ZGbXKg&_nc_ss=7d689&oh=00_AQDUinOxz6BpHJzSuTHlh7CgQh7-5WHk2JxN602Cn2XkPg&oe=6A5E98D7', 'username': 'kaiskhenine', '__typename': 'User', 'is_unpublished': False, 'full_name': 'Kais Khenine', 'fbid': '17841400812043970'}, {'id': '53436166511', 'is_verified': False, 'profile_pic_url': 'https://scontent-bos5-1.cdninstagram.com/v/t51.2885-19/287313877_1203991183750069_4033835555714541967_n.jpg?stp=dst-jpg_s150x150_tt6&_nc_cat=105&ccb=7-5&_nc_sid=f7ccc5&efg=eyJ2ZW5jb2RlX3RhZyI6InByb2ZpbGVfcGljLnd3dy4xMDAwLkMzIn0%3D&_nc_ohc=mZxbz8cQ1c0Q7kNvwF1nf0U&_nc_oc=Adq0E9CHRsa69L3_aH8kgNFYrRPmS4aulCmmZsv2GDF1DuQYqDkfs1CF_Nik-mCH3qzmgb6jGf-d0mNTr6hbRukb&_nc_zt=24&_nc_ht=scontent-bos5-1.cdninstagram.com&_nc_ss=7d689&oh=00_AQDH6rWrnoTX6AO4xWOcjYByEQ4bYwixSyrGWNAxx1GkIA&oe=6A5E87D7', 'username': 'first_masterclass', '__typename': 'User', 'is_unpublished': False, 'full_name': 'First Master Class', 'fbid': '17841453475349520'}]",
2202138257238531618,Image,B6PkRPZAB4i,"🔴#للباعثين_الشبان_ورواد_الاعمال_بتونس🇹🇳👥💱:
✅#فيما_يلي: بطاقة تضم #مؤسسات موجودة بتونس توفر للشباب التونسي الطموح خدمات في:
#المرافقة/#الإحاطة/#التمويل_الغير_بنكي/#شبكات_وبرامج لتبني #أفكار_المشاريع_المجددة وبعث #الشركات_الناشئة(start-ups) بتونس🇹🇳.
🔴#Aux_jeunes_entrepreneurs_et_Startappeurs_en_Tunisie🇹🇳👥💱:
✅#Voici: La carte de l'écosystème d'accompagnement des #startups en #Tunisie🇹🇳: cad les mécanismes d: #Accompagnement/#Incubateurs/#Investisseurs de #financement_hors_banques/#coworking_space/ #internationnalisation des #startups_Tunisiennes🇹🇳
⏬⏬⏬⏬⏬⏬","['للباعثين_الشبان_ورواد_الاعمال_بتونس🇹🇳👥💱:', 'فيما_يلي:', 'مؤسسات', 'المرافقة/', 'الإحاطة/', 'التمويل_الغير_بنكي/', 'شبكات_وبرامج', 'أفكار_المشاريع_المجددة', 'الشركات_الناشئة(start-ups)', 'Aux_jeunes_entrepreneurs_et_Startappeurs_en_Tunisie🇹🇳👥💱:', 'Voici:', 'startups', 'Tunisie🇹🇳:', 'Accompagnement/', 'Incubateurs/', 'Investisseurs', 'financement_hors_banques/', 'coworking_space/', 'internationnalisation', 'startups_Tunisiennes🇹🇳']",[],https://www.instagram.com/p/B6PkRPZAB4i/,0,,[],607,1080,https://scontent-ord5-3.cdninstagram.com/v/t51.82787-15/628099251_18380266627086861_8782126839845204843_n.jpg?stp=dst-jpg_e15_tt6&_nc_ht=scontent-ord5-3.cdninstagram.com&_nc_cat=109&_nc_oc=Q6cZ2gFU1rxy2KGBG_ZJ7qcQiUFSQccq_br9i07aTYscx2d0j-Ni4CDWxwAwstxnRSUEnKo&_nc_ohc=0mGd_iI0fIcQ7kNvwEyxQXU&_nc_gid=y7O3qzrvN7dYhxv12lxmpA&edm=ADp7STQBAAAA&ccb=7-5&oh=00_AQCVBmOL-0jwjOBs0OnQnNN4J9YHDm1GJOp5YGdX5lkWSg&oe=6A5E88B5&_nc_sid=c6f216,[],"Photo by DIGITAL MARKETING TUNISIA on December 18, 2019.",1,2019-12-19T06:02:38.000Z,[],DIGITAL MARKETING TUNISIA,digital_marketing_tunisia,24896180662,False,https://www.instagram.com/digital_marketing_tunisia/,474,843,feed,Béja,228400746,"[{'full_name': 'DIGITAL MARKETING TUNISIA', 'id': '24896180662', 'is_verified': False, 'profile_pic_url': 'https://scontent.cdninstagram.com/v/t51.2885-19/74886253_1801674530134044_5499489851960983552_n.jpg?stp=dst-jpg_s150x150_tt6&_nc_cat=101&ccb=7-5&_nc_sid=f7ccc5&efg=eyJ2ZW5jb2RlX3RhZyI6InByb2ZpbGVfcGljLnd3dy44NTUuQzMifQ%3D%3D&_nc_ohc=m6kpXr-HLV8Q7kNvwHsxmXV&_nc_oc=AdrkdvDsJgCK-9Fx27gAIVtnqzqzX8fZcJRNYMv4AgUco0hEoF8h-SdAt4MAoU4mUGY&_nc_zt=24&_nc_ht=scontent.cdninstagram.com&_nc_ss=72689&oh=00_AQDip1p2yzg1ySkZZVKSvr-ocPtZhsfnLSrVH5qEqlnCsw&oe=6A5E8037', 'username': 'digital_marketing_tunisia'}]",,,,,,,,
3391498606693747128,Image,C8RBgOMNom4,"عيدكم مبروك و كل عام و إنتوما حيّين بألف خير 🎉🔭🌙
#Hagency  #aididha #tunisie🇹🇳","['Hagency', 'aididha', 'tunisie🇹🇳']",[],https://www.instagram.com/p/C8RBgOMNom4/,0,,[],1080,1080,https://scontent-hou1-1.cdninstagram.com/v/t51.82787-15/624233930_18083286265964036_6743909269091389018_n.webp?stp=dst-jpg_e15_fr_s1080x1080_tt6&_nc_ht=scontent-hou1-1.cdninstagram.com&_nc_cat=108&_nc_oc=Q6cZ2gGLZqvvAT1M7PYs2Mq2byvbydDfJjgpsxCFi1jondsKAUvlFCmJMyvP_yn0TVIAUc4&_nc_ohc=l4cEPoYi4FYQ7kNvwGRarub&_nc_gid=8-4zjF4pu6e9kBYIwvCakw&edm=ADp7STQBAAAA&ccb=7-5&oh=00_AQDdjCVI8oPQIKpIMmpHczmbHeErchyjkSnkapZfaUjbvA&oe=6A5E9AB2&_nc_sid=c6f216,[],"Photo by H.agency on June 15, 2024.",1,2024-06-16T06:09:21.000Z,[],H.agency,h.agency.tunisia,53455295369,False,https://www.instagram.com/h.agency.tunisia/,1080,1080,feed,,,,,,,,,,,
3916524128669191707,Video,DZaSfHDks4b,"⁨	زعما شكون تتصوّروا نجيبولُو كريم الغربي؟ 😅
اكتبولنا في الكومنتارات كان طلّعتو 😂👇⁩",[],[],https://www.instagram.com/p/DZaSfHDks4b/,568,,"[{'id': '17958634095140286', 'text': '', 'ownerUsername': '_bejaoui____malek_', 'ownerProfilePicUrl': 'https://scontent-bos5-1.cdninstagram.com/v/t51.82787-19/731902458_17897213010538424_5070309562337523921_n.jpg?stp=dst-jpg_s150x150_tt6&_nc_cat=100&_nc_map=urlgen_bucketless&ccb=7-5&_nc_sid=f7ccc5&efg=eyJ2ZW5jb2RlX3RhZyI6InByb2ZpbGVfcGljLnd3dy4xMDgwLkMzIn0%3D&_nc_ohc=O1y1YDXZC2gQ7kNvwHOl5qP&_nc_oc=AdpA-M4OaQjJ0lLyD3q-WwQGzBmDtHoUpI6hK_j8Q_Yr0QU2yYBf3_CNPQvREgZqQmrTUNMggrYtud5Ct8KPdE7u&_nc_zt=24&_nc_ht=scontent-bos5-1.cdninstagram.com&_nc_gid=a6trlxgBmfID2MAkrguEnQ&_nc_ss=72689&oh=00_AQDNf0LDFyn-sC_zgzXPzbQM8D3Wxghk3NxD-dM434bf2g&oe=6A5E7CB0', 'timestamp': '2026-07-07T15:47:38.000Z', 'repliesCount': None, 'replies': None, 'likesCount': 0, 'owner': {'username': '_bejaoui____malek_', 'profile_pic_url': 'https://scontent-bos5-1.cdninstagram.com/v/t51.82787-19/731902458_17897213010538424_5070309562337523921_n.jpg?stp=dst-jpg_s150x150_tt6&_nc_cat=100&_nc_map=urlgen_bucketless&ccb=7-5&_nc_sid=f7ccc5&efg=eyJ2ZW5jb2RlX3RhZyI6InByb2ZpbGVfcGljLnd3dy4xMDgwLkMzIn0%3D&_nc_ohc=O1y1YDXZC2gQ7kNvwHOl5qP&_nc_oc=AdpA-M4OaQjJ0lLyD3q-WwQGzBmDtHoUpI6hK_j8Q_Yr0QU2yYBf3_CNPQvREgZqQmrTUNMggrYtud5Ct8KPdE7u&_nc_zt=24&_nc_ht=scontent-bos5-1.cdninstagram.com&_nc_gid=a6trlxgBmfID2MAkrguEnQ&_nc_ss=72689&oh=00_AQDNf0LDFyn-sC_zgzXPzbQM8D3Wxghk3NxD-dM434bf2g&oe=6A5E7CB0', 'is_verified': False, 'id': '76106402423', 'full_name': None, 'is_mentionable': None, 'is_private': None, 'profile_pic_id': None, 'latest_reel_media': None}, 'media': {'first_party_cdn_proxied_images': {'fixed_height': {'url': 'https://cdn.fbsbx.com/v/t59.2708-21/617218942_1386838176227441_7771881201297739067_n.gif?_nc_cat=1&ccb=1-7&_nc_sid=9dcd69&_nc_ohc=TsLYnuu1WoAQ7kNvwH0lxOD&_nc_oc=AdpmGv4ZhIPAWvt8-0PhB7Rz-9t_KDaYAVzQpPcCQsmTxhwpaG4n4_6rWwRpf7fzFSilkOkgcuUqv96-PY9l1wLE&_nc_zt=7&_nc_ht=cdn.fbsbx.com&_nc_gid=a6trlxgBmfID2MAkrguEnQ&_nc_ss=72689&oh=03_Q7cD5wGObsgjq1oV-WJgsESyOH0NhNJnUaCE2jhA3AfWGwXhMA&oe=6A5A7CF5'}}, 'images': {'fixed_height': {'url': 'https://static.cdninstagram.com/rsrc.php/v4/yr/r/xg_5YoVlvjp.gif'}}, 'id': '1502214587772067'}}, {'id': '18117372298883277', 'text': 'تيتو😂', 'ownerUsername': '_bejaoui____malek_', 'ownerProfilePicUrl': 'https://scontent-bos5-1.cdninstagram.com/v/t51.82787-19/731902458_17897213010538424_5070309562337523921_n.jpg?stp=dst-jpg_s150x150_tt6&_nc_cat=100&_nc_map=urlgen_bucketless&ccb=7-5&_nc_sid=f7ccc5&efg=eyJ2ZW5jb2RlX3RhZyI6InByb2ZpbGVfcGljLnd3dy4xMDgwLkMzIn0%3D&_nc_ohc=O1y1YDXZC2gQ7kNvwHOl5qP&_nc_oc=AdpA-M4OaQjJ0lLyD3q-WwQGzBmDtHoUpI6hK_j8Q_Yr0QU2yYBf3_CNPQvREgZqQmrTUNMggrYtud5Ct8KPdE7u&_nc_zt=24&_nc_ht=scontent-bos5-1.cdninstagram.com&_nc_gid=a6trlxgBmfID2MAkrguEnQ&_nc_ss=72689&oh=00_AQDNf0LDFyn-sC_zgzXPzbQM8D3Wxghk3NxD-dM434bf2g&oe=6A5E7CB0', 'timestamp': '2026-07-07T15:47:08.000Z', 'repliesCount': None, 'replies': None, 'likesCount': 0, 'owner': {'username': '_bejaoui____malek_', 'profile_pic_url': 'https://scontent-bos5-1.cdninstagram.com/v/t51.82787-19/731902458_17897213010538424_5070309562337523921_n.jpg?stp=dst-jpg_s150x150_tt6&_nc_cat=100&_nc_map=urlgen_bucketless&ccb=7-5&_nc_sid=f7ccc5&efg=eyJ2ZW5jb2RlX3RhZyI6InByb2ZpbGVfcGljLnd3dy4xMDgwLkMzIn0%3D&_nc_ohc=O1y1YDXZC2gQ7kNvwHOl5qP&_nc_oc=AdpA-M4OaQjJ0lLyD3q-WwQGzBmDtHoUpI6hK_j8Q_Yr0QU2yYBf3_CNPQvREgZqQmrTUNMggrYtud5Ct8KPdE7u&_nc_zt=24&_nc_ht=scontent-bos5-1.cdninstagram.com&_nc_gid=a6trlxgBmfID2MAkrguEnQ&_nc_ss=72689&oh=00_AQDNf0LDFyn-sC_zgzXPzbQM8D3Wxghk3NxD-dM434bf2g&oe=6A5E7CB0', 'is_verified': False, 'id': '76106402423', 'full_name': None, 'is_mentionable': None, 'is_private': None, 'profile_pic_id': None, 'latest_reel_media': None}}, {'id': '17854649754692960', 'text': 'Tytooo w bakhanou', 'ownerUsername': 'khalilou_bakhalou', 'ownerProfilePicUrl': 'https://scontent.cdninstagram.com/v/t51.89012-19/573323465_1219825463302212_7278921664109726296_n.jpg?stp=dst-jpg_s150x150_tt6&_nc_cat=1&ccb=7-5&_nc_sid=f7ccc5&efg=eyJ2ZW5jb2RlX3RhZyI6InByb2ZpbGVfcGljLnd3dy5DMyJ9&_nc_ohc=l7ChIGpa0oAQ7kNvwG4EIsT&_nc_oc=AdoZpPbHipJQUSHIgsUPNiUjTI91E-5vnD_0Mx4pFq6fBaNvl152mrdIEHl5ZTQnamz7CKY0V6-HzJRypljfxoKE&_nc_zt=24&_nc_ht=scontent.cdninstagram.com&_nc_gid=a6trlxgBmfID2MAkrguEnQ&_nc_ss=72689&oh=00_AQD0NrlUO5EAIAzYb9TKZ0YHbhqqkjvuxJlv00EULd9wtw&oe=6A5E8D22', 'timestamp': '2026-07-04T10:20:26.000Z', 'repliesCount': None, 'replies': None, 'likesCount': 0, 'owner': {'username': 'khalilou_bakhalou', 'profile_pic_url': 'https://scontent.cdninstagram.com/v/t51.89012-19/573323465_1219825463302212_7278921664109726296_n.jpg?stp=dst-jpg_s150x150_tt6&_nc_cat=1&ccb=7-5&_nc_sid=f7ccc5&efg=eyJ2ZW5jb2RlX3RhZyI6InByb2ZpbGVfcGljLnd3dy5DMyJ9&_nc_ohc=l7ChIGpa0oAQ7kNvwG4EIsT&_nc_oc=AdoZpPbHipJQUSHIgsUPNiUjTI91E-5vnD_0Mx4pFq6fBaNvl152mrdIEHl5ZTQnamz7CKY0V6-HzJRypljfxoKE&_nc_zt=24&_nc_ht=scontent.cdninstagram.com&_nc_gid=a6trlxgBmfID2MAkrguEnQ&_nc_ss=72689&oh=00_AQD0NrlUO5EAIAzYb9TKZ0YHbhqqkjvuxJlv00EULd9wtw&oe=6A5E8D22', 'is_verified': False, 'id': '76032045006', 'full_name': None, 'is_mentionable': None, 'is_private': None, 'profile_pic_id': None, 'latest_reel_media': None}}, {'id': '18108053434974697', 'text': 'جعفر قاسمي', 'ownerUsername': 'omarmabrouk29', 'ownerProfilePicUrl': 'https://scontent-bos5-1.cdninstagram.com/v/t51.82787-19/696647138_17936552040246394_4315418995409521511_n.jpg?stp=dst-jpg_s150x150_tt6&_nc_cat=103&_nc_map=urlgen_bucketless&ccb=7-5&_nc_sid=f7ccc5&efg=eyJ2ZW5jb2RlX3RhZyI6InByb2ZpbGVfcGljLnd3dy4xMDgwLkMzIn0%3D&_nc_ohc=HM7GOsVXnKIQ7kNvwElWbIr&_nc_oc=AdokvTaQxRnj85Runtjs_CBG8IoxCU872c8v1lpsu8k-AM3wYo67exdHR7iZaa7KEPPGW5SikGnITTBSGpi7t_Ar&_nc_zt=24&_nc_ht=scontent-bos5-1.cdninstagram.com&_nc_gid=a6trlxgBmfID2MAkrguEnQ&_nc_ss=72689&oh=00_AQDqHBgEK7iKR4Oo7tIw-yT_wEvENfSpBJF46wdE5JaEEg&oe=6A5E717E', 'timestamp': '2026-07-01T00:14:21.000Z', 'repliesCount': None, 'replies': None, 'likesCount': 0, 'owner': {'username': 'omarmabrouk29', 'profile_pic_url': 'https://scontent-bos5-1.cdninstagram.com/v/t51.82787-19/696647138_17936552040246394_4315418995409521511_n.jpg?stp=dst-jpg_s150x150_tt6&_nc_cat=103&_nc_map=urlgen_bucketless&ccb=7-5&_nc_sid=f7ccc5&efg=eyJ2ZW5jb2RlX3RhZyI6InByb2ZpbGVfcGljLnd3dy4xMDgwLkMzIn0%3D&_nc_ohc=HM7GOsVXnKIQ7kNvwElWbIr&_nc_oc=AdokvTaQxRnj85Runtjs_CBG8IoxCU872c8v1lpsu8k-AM3wYo67exdHR7iZaa7KEPPGW5SikGnITTBSGpi7t_Ar&_nc_zt=24&_nc_ht=scontent-bos5-1.cdninstagram.com&_nc_gid=a6trlxgBmfID2MAkrguEnQ&_nc_ss=72689&oh=00_AQDqHBgEK7iKR4Oo7tIw-yT_wEvENfSpBJF46wdE5JaEEg&oe=6A5E717E', 'is_verified': False, 'id': '67235590393', 'full_name': None, 'is_mentionable': None, 'is_private': None, 'profile_pic_id': None, 'latest_reel_media': None}}, {'id': '18103188641021539', 'text': '😂😂بخنو🙌', 'ownerUsername': 'alaa.khalfoun', 'ownerProfilePicUrl': 'https://scontent-bos5-1.cdninstagram.com/v/t51.82787-19/670119748_17867933565663540_1375443892381536903_n.jpg?stp=dst-jpg_s150x150_tt6&_nc_cat=102&_nc_map=urlgen_bucketless&ccb=7-5&_nc_sid=f7ccc5&efg=eyJ2ZW5jb2RlX3RhZyI6InByb2ZpbGVfcGljLnd3dy4xMDgwLkMzIn0%3D&_nc_ohc=Dbd_AgtnqzkQ7kNvwFtByOe&_nc_oc=AdoPD9acwuuXW2MqVPY9JG8iVF28QYVe5K89dwq91CUkwEL5XKDBEvkIvlDqJE0gY9nf2cLc8KZbmYHcd0Y8ZWo4&_nc_zt=24&_nc_ht=scontent-bos5-1.cdninstagram.com&_nc_gid=a6trlxgBmfID2MAkrguEnQ&_nc_ss=72689&oh=00_AQDOiVE8gyjd5sZLsh4Lt0hbhfeOFmY9yfeYFwji0eINpg&oe=6A5E6FBA', 'timestamp': '2026-06-30T16:44:17.000Z', 'repliesCount': None, 'replies': None, 'likesCount': 0, 'owner': {'username': 'alaa.khalfoun', 'profile_pic_url': 'https://scontent-bos5-1.cdninstagram.com/v/t51.82787-19/670119748_17867933565663540_1375443892381536903_n.jpg?stp=dst-jpg_s150x150_tt6&_nc_cat=102&_nc_map=urlgen_bucketless&ccb=7-5&_nc_sid=f7ccc5&efg=eyJ2ZW5jb2RlX3RhZyI6InByb2ZpbGVfcGljLnd3dy4xMDgwLkMzIn0%3D&_nc_ohc=Dbd_AgtnqzkQ7kNvwFtByOe&_nc_oc=AdoPD9acwuuXW2MqVPY9JG8iVF28QYVe5K89dwq91CUkwEL5XKDBEvkIvlDqJE0gY9nf2cLc8KZbmYHcd0Y8ZWo4&_nc_zt=24&_nc_ht=scontent-bos5-1.cdninstagram.com&_nc_gid=a6trlxgBmfID2MAkrguEnQ&_nc_ss=72689&oh=00_AQDOiVE8gyjd5sZLsh4Lt0hbhfeOFmY9yfeYFwji0eINpg&oe=6A5E6FBA', 'is_verified': False, 'id': '79772599539', 'full_name': None, 'is_mentionable': None, 'is_private': None, 'profile_pic_id': None, 'latest_reel_media': None}}, {'id': '18120572869783414', 'text': '', 'ownerUsername': 'ra.yen7842', 'ownerProfilePicUrl': 'https://scontent-bos5-1.cdninstagram.com/v/t51.82787-19/670935032_17907804726390059_2137967934782705336_n.jpg?stp=dst-jpg_s150x150_tt6&_nc_cat=103&_nc_map=urlgen_bucketless&ccb=7-5&_nc_sid=f7ccc5&efg=eyJ2ZW5jb2RlX3RhZyI6InByb2ZpbGVfcGljLnd3dy4xMDgwLkMzIn0%3D&_nc_ohc=5HxVU1odu9sQ7kNvwEn23KN&_nc_oc=Adp1QdbisY2nW9RhD45uB400xUtE_VlIoly766FZZ7L6z9mVhrf--GK_b6WIvvw4rJqV5w97-Bj9-AlBAXna1dQV&_nc_zt=24&_nc_ht=scontent-bos5-1.cdninstagram.com&_nc_gid=a6trlxgBmfID2MAkrguEnQ&_nc_ss=72689&oh=00_AQBXA3pMV-SEFZCkxIWRqaKc5TYB2HdWFTC0uYgMzVd-IQ&oe=6A5E7DBC', 'timestamp': '2026-06-30T11:17:18.000Z', 'repliesCount': None, 'replies': None, 'likesCount': 0, 'owner': {'username': 'ra.yen7842', 'profile_pic_url': 'https://scontent-bos5-1.cdninstagram.com/v/t51.82787-19/670935032_17907804726390059_2137967934782705336_n.jpg?stp=dst-jpg_s150x150_tt6&_nc_cat=103&_nc_map=urlgen_bucketless&ccb=7-5&_nc_sid=f7ccc5&efg=eyJ2ZW5jb2RlX3RhZyI6InByb2ZpbGVfcGljLnd3dy4xMDgwLkMzIn0%3D&_nc_ohc=5HxVU1odu9sQ7kNvwEn23KN&_nc_oc=Adp1QdbisY2nW9RhD45uB400xUtE_VlIoly766FZZ7L6z9mVhrf--GK_b6WIvvw4rJqV5w97-Bj9-AlBAXna1dQV&_nc_zt=24&_nc_ht=scontent-bos5-1.cdninstagram.com&_nc_gid=a6trlxgBmfID2MAkrguEnQ&_nc_ss=72689&oh=00_AQBXA3pMV-SEFZCkxIWRqaKc5TYB2HdWFTC0uYgMzVd-IQ&oe=6A5E7DBC', 'is_verified': False, 'id': '71630638058', 'full_name': None, 'is_mentionable': None, 'is_private': None, 'profile_pic_id': None, 'latest_reel_media': None}, 'media': {'first_party_cdn_proxied_images': {'fixed_height': {'url': 'https://cdn.fbsbx.com/v/t59.2708-21/592750484_741296702321641_438143766938611932_n.gif?_nc_cat=1&ccb=1-7&_nc_sid=9dcd69&_nc_ohc=5yEr2C78OCoQ7kNvwGKDiW6&_nc_oc=AdqtQJ2-jMsoqUuBGZOJyxgnAYvfUQA0enVxHmhhimFi30RjnE4h6K2tQytiwn2RHBPaLpQJGIuH2ZXE_flzcwZ9&_nc_zt=7&_nc_ht=cdn.fbsbx.com&_nc_gid=a6trlxgBmfID2MAkrguEnQ&_nc_ss=72689&oh=03_Q7cD5wEAU4pElmWFElgVa34NbNN363Ki7e4TOYbnbT_xl6r4RQ&oe=6A5A8627'}}, 'images': {'fixed_height': {'url': 'https://static.cdninstagram.com/rsrc.php/v4/yr/r/xg_5YoVlvjp.gif'}}, 'id': '1515951820006590'}}, {'id': '18170010292386676', 'text': 'Ba5ana 🤣', 'ownerUsername': 'na.50bn', 'ownerProfilePicUrl': 'https://scontent-bos5-1.cdninstagram.com/v/t51.82787-19/728819609_17943833583215379_551926222159535438_n.jpg?stp=dst-jpg_s150x150_tt6&_nc_cat=100&_nc_map=urlgen_bucketless&ccb=7-5&_nc_sid=f7ccc5&efg=eyJ2ZW5jb2RlX3RhZyI6InByb2ZpbGVfcGljLnd3dy4xMDgwLkMzIn0%3D&_nc_ohc=SaklHGS-ZKQQ7kNvwG0P0bs&_nc_oc=AdqFdKhkfSMlxGMCdU6vnjCxE5ROfyiIpLPUn8I4EAQad8uujcChD43kvzFJJ010ParC4xJDSSf6MT-IuvKyB1nD&_nc_zt=24&_nc_ht=scontent-bos5-1.cdninstagram.com&_nc_gid=a6trlxgBmfID2MAkrguEnQ&_nc_ss=72689&oh=00_AQAZ3n6gfPY2V3nQjbZ4bZLWDstNTdorAaZVt_oZUexdiA&oe=6A5E68E7', 'timestamp': '2026-06-29T17:56:38.000Z', 'repliesCount': None, 'replies': None, 'likesCount': 0, 'owner': {'username': 'na.50bn', 'profile_pic_url': 'https://scontent-bos5-1.cdninstagram.com/v/t51.82787-19/728819609_17943833583215379_551926222159535438_n.jpg?stp=dst-jpg_s150x150_tt6&_nc_cat=100&_nc_map=urlgen_bucketless&ccb=7-5&_nc_sid=f7ccc5&efg=eyJ2ZW5jb2RlX3RhZyI6InByb2ZpbGVfcGljLnd3dy4xMDgwLkMzIn0%3D&_nc_ohc=SaklHGS-ZKQQ7kNvwG0P0bs&_nc_oc=AdqFdKhkfSMlxGMCdU6vnjCxE5ROfyiIpLPUn8I4EAQad8uujcChD43kvzFJJ010ParC4xJDSSf6MT-IuvKyB1nD&_nc_zt=24&_nc_ht=scontent-bos5-1.cdninstagram.com&_nc_gid=a6trlxgBmfID2MAkrguEnQ&_nc_ss=72689&oh=00_AQAZ3n6gfPY2V3nQjbZ4bZLWDstNTdorAaZVt_oZUexdiA&oe=6A5E68E7', 'is_verified': False, 'id': '66348567378', 'full_name': None, 'is_mentionable': None, 'is_private': None, 'profile_pic_id': None, 'latest_reel_media': None}}, {'id': '18077678567294022', 'text': 'خميس الفحام🤣🤣😂', 'ownerUsername': 'ayhem_sb_07', 'ownerProfilePicUrl': 'https://scontent-bos5-1.cdninstagram.com/v/t51.82787-19/731695506_17935082337318209_8857356762072680258_n.jpg?stp=dst-jpg_s150x150_tt6&_nc_cat=101&_nc_map=urlgen_bucketless&ccb=7-5&_nc_sid=f7ccc5&efg=eyJ2ZW5jb2RlX3RhZyI6InByb2ZpbGVfcGljLnd3dy42NDguQzMifQ%3D%3D&_nc_ohc=24SXQm-sio8Q7kNvwHe5Y2K&_nc_oc=AdpGbDdIS-RvZnc2oeIR57EmF2fgz175heHK41i_-enSdNqcu3EwxcFVW0eC802QZewM7Vi8uBONxjHczHYFkXPt&_nc_zt=24&_nc_ht=scontent-bos5-1.cdninstagram.com&_nc_gid=a6trlxgBmfID2MAkrguEnQ&_nc_ss=72689&oh=00_AQDLUFxpuWZM4RNuZ479ARkRbv_Xjv7iR8cNZVdbPYjihw&oe=6A5E79E4', 'timestamp': '2026-06-29T11:39:21.000Z', 'repliesCount': None, 'replies': None, 'likesCount': 0, 'owner': {'username': 'ayhem_sb_07', 'profile_pic_url': 'https://scontent-bos5-1.cdninstagram.com/v/t51.82787-19/731695506_17935082337318209_8857356762072680258_n.jpg?stp=dst-jpg_s150x150_tt6&_nc_cat=101&_nc_map=urlgen_bucketless&ccb=7-5&_nc_sid=f7ccc5&efg=eyJ2ZW5jb2RlX3RhZyI6InByb2ZpbGVfcGljLnd3dy42NDguQzMifQ%3D%3D&_nc_ohc=24SXQm-sio8Q7kNvwHe5Y2K&_nc_oc=AdpGbDdIS-RvZnc2oeIR57EmF2fgz175heHK41i_-enSdNqcu3EwxcFVW0eC802QZewM7Vi8uBONxjHczHYFkXPt&_nc_zt=24&_nc_ht=scontent-bos5-1.cdninstagram.com&_nc_gid=a6trlxgBmfID2MAkrguEnQ&_nc_ss=72689&oh=00_AQDLUFxpuWZM4RNuZ479ARkRbv_Xjv7iR8cNZVdbPYjihw&oe=6A5E79E4', 'is_verified': False, 'id': '69459382208', 'full_name': None, 'is_mentionable': None, 'is_private': None, 'profile_pic_id': None, 'latest_reel_media': None}}, {'id': '17924582088141574', 'text': '😂😂', 'ownerUsername': 'jo_______sef', 'ownerProfilePicUrl': 'https://scontent-bos5-1.cdninstagram.com/v/t51.82787-19/731442558_17899846638463891_280506226185700391_n.jpg?stp=dst-jpg_s150x150_tt6&_nc_cat=106&_nc_map=urlgen_bucketless&ccb=7-5&_nc_sid=f7ccc5&efg=eyJ2ZW5jb2RlX3RhZyI6InByb2ZpbGVfcGljLnd3dy4xMDgwLkMzIn0%3D&_nc_ohc=i5ubDUP19wAQ7kNvwFrRHD-&_nc_oc=AdosMN8cjo5s-rC4DByBdNz8hVpsr2K0Cvaj4BsB-J-2WnoQHRt3BuKjrOR7lJTynx0LArHPXwsKvzHMNrzLHDGp&_nc_zt=24&_nc_ht=scontent-bos5-1.cdninstagram.com&_nc_gid=a6trlxgBmfID2MAkrguEnQ&_nc_ss=72689&oh=00_AQCJTHrRAAS2sLiLzSNQXsNtN4uW_eJ23kGE1RU_Fhrjkw&oe=6A5E9377', 'timestamp': '2026-06-29T02:04:24.000Z', 'repliesCount': None, 'replies': None, 'likesCount': 1, 'owner': {'username': 'jo_______sef', 'profile_pic_url': 'https://scontent-bos5-1.cdninstagram.com/v/t51.82787-19/731442558_17899846638463891_280506226185700391_n.jpg?stp=dst-jpg_s150x150_tt6&_nc_cat=106&_nc_map=urlgen_bucketless&ccb=7-5&_nc_sid=f7ccc5&efg=eyJ2ZW5jb2RlX3RhZyI6InByb2ZpbGVfcGljLnd3dy4xMDgwLkMzIn0%3D&_nc_ohc=i5ubDUP19wAQ7kNvwFrRHD-&_nc_oc=AdosMN8cjo5s-rC4DByBdNz8hVpsr2K0Cvaj4BsB-J-2WnoQHRt3BuKjrOR7lJTynx0LArHPXwsKvzHMNrzLHDGp&_nc_zt=24&_nc_ht=scontent-bos5-1.cdninstagram.com&_nc_gid=a6trlxgBmfID2MAkrguEnQ&_nc_ss=72689&oh=00_AQCJTHrRAAS2sLiLzSNQXsNtN4uW_eJ23kGE1RU_Fhrjkw&oe=6A5E9377', 'is_verified': False, 'id': '73834719890', 'full_name': None, 'is_mentionable': None, 'is_private': None, 'profile_pic_id': None, 'latest_reel_media': None}}, {'id': '17937066915269411', 'text': 'هههههه ولينا عيني عينك شي عادي ولا عندهم', 'ownerUsername': 'beshiaosama', 'ownerProfilePicUrl': 'https://scontent-bos5-1.cdninstagram.com/v/t51.82787-19/743294732_18057944603757059_400706452557478798_n.jpg?stp=dst-jpg_s150x150_tt6&_nc_cat=109&_nc_map=urlgen_bucketless&ccb=7-5&_nc_sid=f7ccc5&efg=eyJ2ZW5jb2RlX3RhZyI6InByb2ZpbGVfcGljLnd3dy4xMDgwLkMzIn0%3D&_nc_ohc=f_dyrimk2zQQ7kNvwGdSniF&_nc_oc=Adqiwl__dq100Buc48oh_QDy9HFWQigytAPErKVDp1dSxRVKxpS10gEr-oM8PPJKPOxtdoGlxZPJyqB1qJAQ7jr0&_nc_zt=24&_nc_ht=scontent-bos5-1.cdninstagram.com&_nc_gid=a6trlxgBmfID2MAkrguEnQ&_nc_ss=72689&oh=00_AQDHvvy5gaS1Xa7Ab8IjgeKm76-G6NJuUBeAB0Bw4hgAwg&oe=6A5E68D6', 'timestamp': '2026-06-28T00:42:41.000Z', 'repliesCount': None, 'replies': None, 'likesCount': 0, 'owner': {'username': 'beshiaosama', 'profile_pic_url': 'https://scontent-bos5-1.cdninstagram.com/v/t51.82787-19/743294732_18057944603757059_400706452557478798_n.jpg?stp=dst-jpg_s150x150_tt6&_nc_cat=109&_nc_map=urlgen_bucketless&ccb=7-5&_nc_sid=f7ccc5&efg=eyJ2ZW5jb2RlX3RhZyI6InByb2ZpbGVfcGljLnd3dy4xMDgwLkMzIn0%3D&_nc_ohc=f_dyrimk2zQQ7kNvwGdSniF&_nc_oc=Adqiwl__dq100Buc48oh_QDy9HFWQigytAPErKVDp1dSxRVKxpS10gEr-oM8PPJKPOxtdoGlxZPJyqB1qJAQ7jr0&_nc_zt=24&_nc_ht=scontent-bos5-1.cdninstagram.com&_nc_gid=a6trlxgBmfID2MAkrguEnQ&_nc_ss=72689&oh=00_AQDHvvy5gaS1Xa7Ab8IjgeKm76-G6NJuUBeAB0Bw4hgAwg&oe=6A5E68D6', 'is_verified': False, 'id': '52578205058', 'full_name': None, 'is_mentionable': None, 'is_private': None, 'profile_pic_id': None, 'latest_reel_media': None}}, {'id': '17970071952083954', 'text': '😂😂😂', 'ownerUsername': 'lamia_romdhane_', 'ownerProfilePicUrl': 'https://scontent-bos5-1.cdninstagram.com/v/t51.75761-19/495323358_18165365692341387_4538898811323739478_n.jpg?stp=dst-jpg_s150x150_tt6&_nc_cat=107&_nc_map=urlgen_bucketless&ccb=7-5&_nc_sid=f7ccc5&efg=eyJ2ZW5jb2RlX3RhZyI6InByb2ZpbGVfcGljLnd3dy4xMDgwLkMzIn0%3D&_nc_ohc=fNFFO3MM53UQ7kNvwG4kfiE&_nc_oc=Adquviw7ijn7WMi26x-mNBe5_b43qJVqdV2UOjOEeyZ-lMXxAbbSDIFI8nm1o1i7MTX_Aa41Bg2MBY4BiRGRxhwf&_nc_zt=24&_nc_ht=scontent-bos5-1.cdninstagram.com&_nc_gid=a6trlxgBmfID2MAkrguEnQ&_nc_ss=72689&oh=00_AQCE2SMEPdzkrbP1C1yF5EiGPuXb75IHrOcYY5-QzpRCow&oe=6A5E92AA', 'timestamp': '2026-06-26T19:41:03.000Z', 'repliesCount': None, 'replies': None, 'likesCount': 0, 'owner': {'username': 'lamia_romdhane_', 'profile_pic_url': 'https://scontent-bos5-1.cdninstagram.com/v/t51.75761-19/495323358_18165365692341387_4538898811323739478_n.jpg?stp=dst-jpg_s150x150_tt6&_nc_cat=107&_nc_map=urlgen_bucketless&ccb=7-5&_nc_sid=f7ccc5&efg=eyJ2ZW5jb2RlX3RhZyI6InByb2ZpbGVfcGljLnd3dy4xMDgwLkMzIn0%3D&_nc_ohc=fNFFO3MM53UQ7kNvwG4kfiE&_nc_oc=Adquviw7ijn7WMi26x-mNBe5_b43qJVqdV2UOjOEeyZ-lMXxAbbSDIFI8nm1o1i7MTX_Aa41Bg2MBY4BiRGRxhwf&_nc_zt=24&_nc_ht=scontent-bos5-1.cdninstagram.com&_nc_gid=a6trlxgBmfID2MAkrguEnQ&_nc_ss=72689&oh=00_AQCE2SMEPdzkrbP1C1yF5EiGPuXb75IHrOcYY5-QzpRCow&oe=6A5E92AA', 'is_verified': False, 'id': '10098893386', 'full_name': None, 'is_mentionable': None, 'is_private': None, 'profile_pic_id': None, 'latest_reel_media': None}}, {'id': '18106292570046970', 'text': '@emna_naili_', 'ownerUsername': 'theonlygirl1919', 'ownerProfilePicUrl': 'https://scontent-bos5-1.cdninstagram.com/v/t51.82787-19/589357235_17852388039602698_3370069110588228501_n.jpg?stp=dst-jpg_s150x150_tt6&_nc_cat=102&_nc_map=urlgen_bucketless&ccb=7-5&_nc_sid=f7ccc5&efg=eyJ2ZW5jb2RlX3RhZyI6InByb2ZpbGVfcGljLnd3dy41NDAuQzMifQ%3D%3D&_nc_ohc=lnKvg0LAZHUQ7kNvwEJaP9L&_nc_oc=AdrksWtgL_SzqWVQ6a_s03KHp-Hh6BfIau7oo7U5eh4bEfjzUkBHdid6ljxfDcHu5mL2SyWvD0gVJFpHTb2jCsjO&_nc_zt=24&_nc_ht=scontent-bos5-1.cdninstagram.com&_nc_gid=a6trlxgBmfID2MAkrguEnQ&_nc_ss=72689&oh=00_AQBKOBIPU8qebC2n-6tUNDZOWi81Kazh0CQ0Uus9x63lBA&oe=6A5E9F3E', 'timestamp': '2026-06-25T15:29:13.000Z', 'repliesCount': None, 'replies': None, 'likesCount': 0, 'owner': {'username': 'theonlygirl1919', 'profile_pic_url': 'https://scontent-bos5-1.cdninstagram.com/v/t51.82787-19/589357235_17852388039602698_3370069110588228501_n.jpg?stp=dst-jpg_s150x150_tt6&_nc_cat=102&_nc_map=urlgen_bucketless&ccb=7-5&_nc_sid=f7ccc5&efg=eyJ2ZW5jb2RlX3RhZyI6InByb2ZpbGVfcGljLnd3dy41NDAuQzMifQ%3D%3D&_nc_ohc=lnKvg0LAZHUQ7kNvwEJaP9L&_nc_oc=AdrksWtgL_SzqWVQ6a_s03KHp-Hh6BfIau7oo7U5eh4bEfjzUkBHdid6ljxfDcHu5mL2SyWvD0gVJFpHTb2jCsjO&_nc_zt=24&_nc_ht=scontent-bos5-1.cdninstagram.com&_nc_gid=a6trlxgBmfID2MAkrguEnQ&_nc_ss=72689&oh=00_AQBKOBIPU8qebC2n-6tUNDZOWi81Kazh0CQ0Uus9x63lBA&oe=6A5E9F3E', 'is_verified': False, 'id': '78132482697', 'full_name': None, 'is_mentionable': None, 'is_private': None, 'profile_pic_id': None, 'latest_reel_media': None}}, {'id': '18133008286579068', 'text': '😂😂', 'ownerUsername': 'amazighiya_q', 'ownerProfilePicUrl': 'https://scontent-bos5-1.cdninstagram.com/v/t51.82787-19/730160930_18092921744620795_6516480334572287435_n.jpg?stp=dst-jpg_s150x150_tt6&_nc_cat=104&_nc_map=urlgen_bucketless&ccb=7-5&_nc_sid=f7ccc5&efg=eyJ2ZW5jb2RlX3RhZyI6InByb2ZpbGVfcGljLnd3dy4xMDgwLkMzIn0%3D&_nc_ohc=LkoQOn34dsoQ7kNvwF5ZRtb&_nc_oc=AdpriAH3fzjRyCWvw-f-vLgErHjor9TO80eSPTKxDEH5wEKiDgnULP2d1_9oBKVL66pPKziq6fqIJ5Rmhu9IZrRv&_nc_zt=24&_nc_ht=scontent-bos5-1.cdninstagram.com&_nc_gid=a6trlxgBmfID2MAkrguEnQ&_nc_ss=72689&oh=00_AQBw7xvclb7B8VhCOl9S7m2FNg24NsdTdSxcm1hbLt0qCQ&oe=6A5E9140', 'timestamp': '2026-06-24T15:40:20.000Z', 'repliesCount': None, 'replies': None, 'likesCount': 0, 'owner': {'username': 'amazighiya_q', 'profile_pic_url': 'https://scontent-bos5-1.cdninstagram.com/v/t51.82787-19/730160930_18092921744620795_6516480334572287435_n.jpg?stp=dst-jpg_s150x150_tt6&_nc_cat=104&_nc_map=urlgen_bucketless&ccb=7-5&_nc_sid=f7ccc5&efg=eyJ2ZW5jb2RlX3RhZyI6InByb2ZpbGVfcGljLnd3dy4xMDgwLkMzIn0%3D&_nc_ohc=LkoQOn34dsoQ7kNvwF5ZRtb&_nc_oc=AdpriAH3fzjRyCWvw-f-vLgErHjor9TO80eSPTKxDEH5wEKiDgnULP2d1_9oBKVL66pPKziq6fqIJ5Rmhu9IZrRv&_nc_zt=24&_nc_ht=scontent-bos5-1.cdninstagram.com&_nc_gid=a6trlxgBmfID2MAkrguEnQ&_nc_ss=72689&oh=00_AQBw7xvclb7B8VhCOl9S7m2FNg24NsdTdSxcm1hbLt0qCQ&oe=6A5E9140', 'is_verified': False, 'id': '48565900794', 'full_name': None, 'is_mentionable': None, 'is_private': None, 'profile_pic_id': None, 'latest_reel_media': None}}, {'id': '18009935744872555', 'text': 'Rabi yi7mik', 'ownerUsername': '12.34829978', 'ownerProfilePicUrl': 'https://scontent-bos5-1.cdninstagram.com/v/t51.82787-19/723999693_18105591190858038_5853641514798108337_n.jpg?stp=dst-jpg_s150x150_tt6&_nc_cat=101&_nc_map=urlgen_bucketless&ccb=7-5&_nc_sid=f7ccc5&efg=eyJ2ZW5jb2RlX3RhZyI6InByb2ZpbGVfcGljLnd3dy4xMDgwLkMzIn0%3D&_nc_ohc=L29ZtNEWsjYQ7kNvwHOvH0B&_nc_oc=AdqDOsCevVNGP4cAm_OmjDjwiLSOCRiKqWIjN5LLoaW3IRLnbhiwe9lVRYMS0CTrRzSjViKLKtnyds52C2oQdA-R&_nc_zt=24&_nc_ht=scontent-bos5-1.cdninstagram.com&_nc_gid=a6trlxgBmfID2MAkrguEnQ&_nc_ss=72689&oh=00_AQDa0GYKkQypgzbIasSyCapS46ISzv8fxpsV4lbVYd4w0Q&oe=6A5E6955', 'timestamp': '2026-06-24T01:17:12.000Z', 'repliesCount': None, 'replies': None, 'likesCount': 0, 'owner': {'username': '12.34829978', 'profile_pic_url': 'https://scontent-bos5-1.cdninstagram.com/v/t51.82787-19/723999693_18105591190858038_5853641514798108337_n.jpg?stp=dst-jpg_s150x150_tt6&_nc_cat=101&_nc_map=urlgen_bucketless&ccb=7-5&_nc_sid=f7ccc5&efg=eyJ2ZW5jb2RlX3RhZyI6InByb2ZpbGVfcGljLnd3dy4xMDgwLkMzIn0%3D&_nc_ohc=L29ZtNEWsjYQ7kNvwHOvH0B&_nc_oc=AdqDOsCevVNGP4cAm_OmjDjwiLSOCRiKqWIjN5LLoaW3IRLnbhiwe9lVRYMS0CTrRzSjViKLKtnyds52C2oQdA-R&_nc_zt=24&_nc_ht=scontent-bos5-1.cdninstagram.com&_nc_gid=a6trlxgBmfID2MAkrguEnQ&_nc_ss=72689&oh=00_AQDa0GYKkQypgzbIasSyCapS46ISzv8fxpsV4lbVYd4w0Q&oe=6A5E6955', 'is_verified': False, 'id': '25822338037', 'full_name': None, 'is_mentionable': None, 'is_private': None, 'profile_pic_id': None, 'latest_reel_media': None}}, {'id': '18596605024052245', 'text': '', 'ownerUsername': 'bay_rem_66', 'ownerProfilePicUrl': 'https://scontent-bos5-1.cdninstagram.com/v/t51.82787-19/723999682_18171256804421015_3442838796165481509_n.jpg?stp=dst-jpg_s150x150_tt6&_nc_cat=102&_nc_map=urlgen_bucketless&ccb=7-5&_nc_sid=f7ccc5&efg=eyJ2ZW5jb2RlX3RhZyI6InByb2ZpbGVfcGljLnd3dy45NjAuQzMifQ%3D%3D&_nc_ohc=UVdh34mmT4YQ7kNvwH7d9Jq&_nc_oc=AdrGmyA8DteZiBYtAWdgIWHZMuxWzhar0iAG8VUiTMCzeP5Zyvsb4al44IbBt116WP33IgWOqsVrlB-2hr_MF6JG&_nc_zt=24&_nc_ht=scontent-bos5-1.cdninstagram.com&_nc_gid=a6trlxgBmfID2MAkrguEnQ&_nc_ss=72689&oh=00_AQATHi_x7OerjjYNACptrlzE-AixDv6ksVOPIGxUgp01_Q&oe=6A5E940E', 'timestamp': '2026-06-23T12:17:08.000Z', 'repliesCount': None, 'replies': None, 'likesCount': 0, 'owner': {'username': 'bay_rem_66', 'profile_pic_url': 'https://scontent-bos5-1.cdninstagram.com/v/t51.82787-19/723999682_18171256804421015_3442838796165481509_n.jpg?stp=dst-jpg_s150x150_tt6&_nc_cat=102&_nc_map=urlgen_bucketless&ccb=7-5&_nc_sid=f7ccc5&efg=eyJ2ZW5jb2RlX3RhZyI6InByb2ZpbGVfcGljLnd3dy45NjAuQzMifQ%3D%3D&_nc_ohc=UVdh34mmT4YQ7kNvwH7d9Jq&_nc_oc=AdrGmyA8DteZiBYtAWdgIWHZMuxWzhar0iAG8VUiTMCzeP5Zyvsb4al44IbBt116WP33IgWOqsVrlB-2hr_MF6JG&_nc_zt=24&_nc_ht=scontent-bos5-1.cdninstagram.com&_nc_gid=a6trlxgBmfID2MAkrguEnQ&_nc_ss=72689&oh=00_AQATHi_x7OerjjYNACptrlzE-AixDv6ksVOPIGxUgp01_Q&oe=6A5E940E', 'is_verified': False, 'id': '12652933014', 'full_name': None, 'is_mentionable': None, 'is_private': None, 'profile_pic_id': None, 'latest_reel_media': None}, 'media': {'first_party_cdn_proxied_images': {'fixed_height': {'url': 'https://cdn.fbsbx.com/v/t59.2708-21/611432358_1574487863578584_7936488827223369782_n.gif?_nc_cat=1&ccb=1-7&_nc_sid=9dcd69&_nc_ohc=sbWNCdTjL1cQ7kNvwHfCopG&_nc_oc=AdokaGEyVTOeQYAZNEidNRGIi_SuthSqgAftCGwhg065VZjKE605NyFJihUiNP1xfWcUYdLwqzkshUVFXIkApJQP&_nc_zt=7&_nc_ht=cdn.fbsbx.com&_nc_gid=a6trlxgBmfID2MAkrguEnQ&_nc_ss=72689&oh=03_Q7cD5wFnaIeu2J0kNW8BqtDjBZUl9bNFlPQwzGFRc84naiOjvw&oe=6A5A7C65'}}, 'images': {'fixed_height': {'url': 'https://static.cdninstagram.com/rsrc.php/v4/yr/r/xg_5YoVlvjp.gif'}}, 'id': '2165883023968915'}}]",1080,1920,https://scontent-bos5-1.cdninstagram.com/v/t51.82787-15/722074952_18094937495609535_6358468417454785612_n.jpg?stp=dst-jpg_e15_tt6&_nc_cat=111&_nc_map=urlgen_bucketless&ig_cache_key=MzkxNjUyNDEyODY2OTE5MTcwNzE4MDk0OTM3NDg5NjA5NTM1.3-ccb7-5&ccb=7-5&_nc_sid=58cdad&efg=eyJ2ZW5jb2RlX3RhZyI6IkNMSVBTLnhwaWRzLjE5MjAuc2RyLnZpZGVvX2RlZmF1bHRfY292ZXJfZnJhbWUuQzMifQ%3D%3D&_nc_ohc=vAdkKLCK56YQ7kNvwEn7LOc&_nc_oc=AdrHBkZX1iP_x1ZOd9X-XMJ9V6vz5_XUNgk2sc8tvsGV4fW42c-gSriyZpHaOAiwtnWch49_Djg8oKOwHewZagvh&_nc_zt=23&_nc_ht=scontent-bos5-1.cdninstagram.com&_nc_gid=a6trlxgBmfID2MAkrguEnQ&_nc_ss=72689&oh=00_AQBK78Xk8DwadDEx5AVhFWuchLet6Q1dK274s_Svbf-M6g&oe=6A5E80D5,[],"Video by Biolux Tunisie on June 10, 2026. May be an image of one or more people, beard and text.",28708,2026-06-10T15:41:43.000Z,[],Biolux Tunisie,biolux_tunisie,48301089534,False,https://www.instagram.com/muse_agency/,1080,1920,clips,,,"[{'full_name': 'MUSE', 'id': '408328146', 'is_verified': False, 'profile_pic_url': 'https://scontent-bos5-1.cdninstagram.com/v/t51.2885-19/392926003_263469743353702_2129784441197382414_n.jpg?stp=dst-jpg_s150x150_tt6&_nc_cat=104&_nc_map=urlgen_bucketless&ccb=7-5&_nc_sid=f7ccc5&efg=eyJ2ZW5jb2RlX3RhZyI6InByb2ZpbGVfcGljLnd3dy41MDMuQzMifQ%3D%3D&_nc_ohc=vxWZOZ5EIgUQ7kNvwF_Fwgi&_nc_oc=AdrZx81pn_HyJ0B1Pxg5B4ZDNqgyo3adHml5Hps-eXCG4ejL-sHjqc0VFgVLP9u_Yo6iXHe2ks-6hASElrAg6YRs&_nc_zt=24&_nc_ht=scontent-bos5-1.cdninstagram.com&_nc_ss=72689&oh=00_AQBSvNQw1kie9a1J0YdCguH56CoibGtZzLKeemIINARNEQ&oe=6A5E6AC3', 'username': 'muse_agency'}, {'full_name': 'Karim Gharbii', 'id': '3057541733', 'is_verified': True, 'profile_pic_url': 'https://scontent-bos5-1.cdninstagram.com/v/t51.2885-19/33638667_217107899091748_4472981256488878080_n.jpg?stp=dst-jpg_s150x150_tt6&_nc_cat=104&_nc_map=urlgen_bucketless&ccb=7-5&_nc_sid=f7ccc5&efg=eyJ2ZW5jb2RlX3RhZyI6InByb2ZpbGVfcGljLnd3dy4xMDAyLkMzIn0%3D&_nc_ohc=7R_rkJkiGswQ7kNvwEhQqR1&_nc_oc=AdqblXhJynPzZVdQawja-r92b5cQXfiqtdM7wW0_TRpO4KRSal_W6PE5vujR1645IxlbfM3pHN899y1ntFVyas_3&_nc_zt=24&_nc_ht=scontent-bos5-1.cdninstagram.com&_nc_ss=72689&oh=00_AQDyDX_8vWhUyyZThamq1gvsQyoijHfst0v-uB28Dklj5g&oe=6A5E6F2E', 'username': 'gharbiikarim'}]",https://scontent-bos5-1.cdninstagram.com/o1/v/t2/f2/m86/AQMtBSSC4Wdzb69_IFs0HlPU8Ry1J8qSo8g31cEvtixtFMQmXv41ioklseBuo28Y3AdQwpB5587BbucFeYgI6yL_EcTODrjD-VXxVK4.mp4?_nc_cat=101&_nc_sid=5e9851&_nc_ht=scontent-bos5-1.cdninstagram.com&_nc_ohc=UCeVi1POe-IQ7kNvwGnyjOg&efg=eyJ2ZW5jb2RlX3RhZyI6Inhwdl9wcm9ncmVzc2l2ZS5JTlNUQUdSQU0uQUQuQzMuMTI4MC5kYXNoX2Jhc2VsaW5lXzFfdjEiLCJ4cHZfYXNzZXRfaWQiOjE4MDk0OTM3Mzg0NjA5NTM1LCJhc3NldF9hZ2VfZGF5cyI6MzUsInZpX3VzZWNhc2VfaWQiOjEwMDk5LCJkdXJhdGlvbl9zIjoxOSwidXJsZ2VuX3NvdXJjZSI6Ind3dyJ9&ccb=17-1&vs=a5e545d004b18d61&_nc_vs=HBksFQIYUmlnX3hwdl9yZWVsc19wZXJtYW5lbnRfc3JfcHJvZC85QjRBNTdBQTlBM0U1OTY2NzE1NDNFRDYzNDI2NjZCMF92aWRlb19kYXNoaW5pdC5tcDQVAALIARIAFQIYUWlnX3hwdl9wbGFjZW1lbnRfcGVybWFuZW50X3YyL0RDNDk5RDgwRDRGRUY3Qjk0QUIyRjBERjI4NTQ3Njk5X2F1ZGlvX2Rhc2hpbml0Lm1wNBUCAsgBEgAoABgAGwKIB3VzZV9vaWwBMRJwcm9ncmVzc2l2ZV9yZWNpcGUBMRUAACb-m9ew_c-kQBUCKAJDMywXQDOedsi0OVgYEmRhc2hfYmFzZWxpbmVfMV92MREAdfAHZeadAQA&_nc_gid=a6trlxgBmfID2MAkrguEnQ&_nc_ss=72689&_nc_map=urlgen_bucketless&_nc_zt=28&oh=00_AQBuhepzHcwIYEntzSB1Uoc_3IuLBVRe0WjMy4-TAsbAzg&oe=6A5A8332,409517,https://scontent-bos5-1.cdninstagram.com/o1/v/t2/f2/m78/AQPq3_JMQNopenZsIh-pO2L2xk5p5LruRSaPvOp_Q747o80i0bp5BQrDfaGgKnsjfzjLz_XAA6-3XcMFHvWHohKvseGG0NcbtakQLIM.mp4?_nc_cat=104&_nc_sid=9ca052&_nc_ht=scontent-bos5-1.cdninstagram.com&_nc_ohc=ailynj8Zu2UQ7kNvwEAVoyu&efg=eyJ2ZW5jb2RlX3RhZyI6ImlnLXhwdmRzLmFkLmlnd3d3LUMzLmRhc2hfbG5faGVhYWNfdmJyM19hdWRpbyIsInZpZGVvX2lkIjpudWxsLCJvaWxfdXJsZ2VuX2FwcF9pZCI6OTM2NjE5NzQzMzkyNDU5LCJjbGllbnRfbmFtZSI6ImlnIiwieHB2X2Fzc2V0X2lkIjoxODA5NDkzNzM4NDYwOTUzNSwiYXNzZXRfYWdlX2RheXMiOjM1LCJ2aV91c2VjYXNlX2lkIjoxMDA5OSwiZHVyYXRpb25fcyI6MTksImJpdHJhdGUiOjY2MzAzLCJ1cmxnZW5fc291cmNlIjoid3d3In0%3D&ccb=17-1&_nc_gid=a6trlxgBmfID2MAkrguEnQ&_nc_ss=72689&_nc_map=urlgen_bucketless&_nc_zt=28&oh=00_AQDvePOCsAt25A0jBH82H8OlVsOBM7W2xAWVwijddanGiA&oe=6A5A831D,,,,"[{'id': '408328146', 'is_verified': False, 'profile_pic_url': 'https://scontent-bos5-1.cdninstagram.com/v/t51.2885-19/392926003_263469743353702_2129784441197382414_n.jpg?stp=dst-jpg_s150x150_tt6&_nc_cat=104&_nc_map=urlgen_bucketless&ccb=7-5&_nc_sid=f7ccc5&efg=eyJ2ZW5jb2RlX3RhZyI6InByb2ZpbGVfcGljLnd3dy41MDMuQzMifQ%3D%3D&_nc_ohc=vxWZOZ5EIgUQ7kNvwF_Fwgi&_nc_oc=AdrZx81pn_HyJ0B1Pxg5B4ZDNqgyo3adHml5Hps-eXCG4ejL-sHjqc0VFgVLP9u_Yo6iXHe2ks-6hASElrAg6YRs&_nc_zt=24&_nc_ht=scontent-bos5-1.cdninstagram.com&_nc_ss=72689&oh=00_AQBSvNQw1kie9a1J0YdCguH56CoibGtZzLKeemIINARNEQ&oe=6A5E6AC3', 'username': 'muse_agency', '__typename': 'User', 'is_unpublished': False, 'full_name': 'MUSE', 'fbid': '17841400244386380'}, {'id': '3057541733', 'is_verified': True, 'profile_pic_url': 'https://scontent-bos5-1.cdninstagram.com/v/t51.2885-19/33638667_217107899091748_4472981256488878080_n.jpg?stp=dst-jpg_s150x150_tt6&_nc_cat=104&_nc_map=urlgen_bucketless&ccb=7-5&_nc_sid=f7ccc5&efg=eyJ2ZW5jb2RlX3RhZyI6InByb2ZpbGVfcGljLnd3dy4xMDAyLkMzIn0%3D&_nc_ohc=7R_rkJkiGswQ7kNvwEhQqR1&_nc_oc=AdqblXhJynPzZVdQawja-r92b5cQXfiqtdM7wW0_TRpO4KRSal_W6PE5vujR1645IxlbfM3pHN899y1ntFVyas_3&_nc_zt=24&_nc_ht=scontent-bos5-1.cdninstagram.com&_nc_ss=72689&oh=00_AQDyDX_8vWhUyyZThamq1gvsQyoijHfst0v-uB28Dklj5g&oe=6A5E6F2E', 'username': 'gharbiikarim', '__typename': 'User', 'is_unpublished': False, 'full_name': 'Karim Gharbii', 'fbid': '17841403052012192'}]",True
3376406494275958298,Image,C7bZ9FMo_Ya,"Joyeuse fête des mères à toutes les mamans extraordinaires 💖🌷
#H.agency #fetedesmeres","['H.agency', 'fetedesmeres']",[],https://www.instagram.com/p/C7bZ9FMo_Ya/,0,,[],1080,1080,https://scontent-hou1-1.cdninstagram.com/v/t51.82787-15/621829323_17910427656142460_5986693577460014501_n.jpg?stp=dst-jpg_e15_fr_s1080x1080_tt6&_nc_ht=scontent-hou1-1.cdninstagram.com&_nc_cat=108&_nc_oc=Q6cZ2gGROfqUZn2WaBY6EYktu_cuOR-iRQzj4mngs080b-zyhTKWwUkZ8Z0SK6G-iXU0N-dHXpzcjI8IXxo3Wqqe5Db5&_nc_ohc=gRWopj0IZ5cQ7kNvwFePrr0&_nc_gid=KULOjS-joX--r8UQFAlqIg&edm=ADp7STQBAAAA&ccb=7-5&oh=00_AQCMOOI7xXB0jLYx5NezYLdQNhK4SVE2-QRIEF2Hc9S46Q&oe=6A5E8F8C&_nc_sid=c6f216,[],"Photo by H.agency on May 26, 2024.",1,2024-05-26T10:24:01.000Z,[],H.agency,h.agency.tunisia,53455295369,False,https://www.instagram.com/h.agency.tunisia/,1080,1080,feed,,,,,,,,,,,
3799913158118872861,Image,DS8AOJvAhcd,"Une nouvelle année commence, pleine d’idées à imaginer et d’histoires à raconter. Emmak-prod vous souhaite une année créative, audacieuse et communicante.",[],[],https://www.instagram.com/p/DS8AOJvAhcd/,0,,[],1080,1080,https://scontent-lga3-1.cdninstagram.com/v/t39.30808-6/608517107_860889283195629_478900425239311415_n.jpg?stp=dst-jpg_e35_s1080x1080_sh2.08_tt6&_nc_ht=scontent-lga3-1.cdninstagram.com&_nc_cat=109&_nc_oc=Q6cZ2gE0I6UA9PZfCb9lsu9ToBXGy7t54CDt2TXQ5pgNGPbQy99NL79d6ngFd6TiZ5TlyIA&_nc_ohc=1ANUUnsui3sQ7kNvwEPo9IY&_nc_gid=5ZrPN36SZFj0yuy_N8SsBw&edm=ADp7STQAAAAA&ccb=7-5&oh=00_AQC2ZstMd1MhFe5982TWQ5Ya_29Ld_5z2q1emhuguhY6Ag&oe=6A5E8345&_nc_sid=c6f216,[],"Photo by Emmak Prod on December 31, 2025.",3,2025-12-31T18:16:10.000Z,[],Emmak Prod,emmakprod,51343982422,False,https://www.instagram.com/emmakprod/,1600,1600,feed,,,,,,,,,,,
3833264455774039409,Sidecar,DUyfbaIiu1x,"Fiers d’avoir contribué à la création et au développement de la marque Azima.

De l’identité et l’ADN de la marque au design du packaging, en passant par le choix d’une bouteille sobre et élégante avec une calligraphie sur mesure, chaque détail a été pensé pour refléter son positionnement premium.

Nous avons également accompagné la marque dans le développement de son site web et sa présence au Gulfood à Dubaï.

Azima, une signature forte, prête à rayonner à l’international.

#Branding #Packaging #OliveOil #MuseAgency #Gulfood","['Branding', 'Packaging', 'OliveOil', 'MuseAgency', 'Gulfood']",[],https://www.instagram.com/p/DUyfbaIiu1x/,0,,[],1024,1024,https://scontent-lga3-3.cdninstagram.com/v/t51.82787-15/629806505_18580727662008147_2947954532213546445_n.jpg?stp=dst-jpg_e35_tt6&_nc_cat=106&ig_cache_key=MzgzMzI2NDI5ODc3MjgxMTI1Ng%3D%3D.3-ccb7-5&ccb=7-5&_nc_sid=58cdad&efg=eyJ2ZW5jb2RlX3RhZyI6IkNBUk9VU0VMX0lURU0ueHBpZHMuMTAyNC5zZHIucmVndWxhcl9waG90by5DMyJ9&_nc_ohc=m-LQWBcfw_8Q7kNvwHZMbTl&_nc_oc=AdrN25rwscxDEtmOeNgsBPN8H4AqS3Hm85k9Ep9f7Qah5YkgwNIOWVq4GDce8DQDqCs&_nc_zt=23&_nc_ht=scontent-lga3-3.cdninstagram.com&_nc_gid=UhpJSdXIvZY7bZQfy5q6mw&_nc_ss=72a8c&oh=00_AQB51D5ekkdVRMGwVxXpuIQ79CqdlsQhmhl_5U5E8u8sDQ&oe=6A5E87AF,"['https://scontent-lga3-3.cdninstagram.com/v/t51.82787-15/629806505_18580727662008147_2947954532213546445_n.jpg?stp=dst-jpg_e35_tt6&_nc_cat=106&ig_cache_key=MzgzMzI2NDI5ODc3MjgxMTI1Ng%3D%3D.3-ccb7-5&ccb=7-5&_nc_sid=58cdad&efg=eyJ2ZW5jb2RlX3RhZyI6IkNBUk9VU0VMX0lURU0ueHBpZHMuMTAyNC5zZHIucmVndWxhcl9waG90by5DMyJ9&_nc_ohc=m-LQWBcfw_8Q7kNvwHZMbTl&_nc_oc=AdrN25rwscxDEtmOeNgsBPN8H4AqS3Hm85k9Ep9f7Qah5YkgwNIOWVq4GDce8DQDqCs&_nc_zt=23&_nc_ht=scontent-lga3-3.cdninstagram.com&_nc_gid=UhpJSdXIvZY7bZQfy5q6mw&_nc_ss=72a8c&oh=00_AQB51D5ekkdVRMGwVxXpuIQ79CqdlsQhmhl_5U5E8u8sDQ&oe=6A5E87AF', 'https://scontent-lga3-3.cdninstagram.com/v/t51.82787-15/628521614_18580727668008147_7076716139767183237_n.jpg?stp=dst-jpg_e35_tt6&_nc_cat=104&ig_cache_key=MzgzMzI2NDMwMTc3NTk3NTQ1NQ%3D%3D.3-ccb7-5&ccb=7-5&_nc_sid=58cdad&efg=eyJ2ZW5jb2RlX3RhZyI6IkNBUk9VU0VMX0lURU0ueHBpZHMuMTAyNC5zZHIucmVndWxhcl9waG90by5DMyJ9&_nc_ohc=njEtS8VdUwEQ7kNvwHLDVed&_nc_oc=AdrEVABQE2BxCU2rspw91lCMJJwj28SeAhSa1tRFDp_lgoOLPmC_6-E6cuOw43brIRE&_nc_zt=23&_nc_ht=scontent-lga3-3.cdninstagram.com&_nc_gid=UhpJSdXIvZY7bZQfy5q6mw&_nc_ss=72a8c&oh=00_AQCfsDobLqRR93EHWAW8-XAyd9P7K0nLehgKfB1I6yoU1w&oe=6A5E96D1', 'https://scontent-lga3-2.cdninstagram.com/v/t51.82787-15/632160331_18580727677008147_6950814532108217981_n.jpg?stp=dst-jpg_e35_tt6&_nc_cat=101&ig_cache_key=MzgzMzI2NDMwNDc3MDY2ODEyNw%3D%3D.3-ccb7-5&ccb=7-5&_nc_sid=58cdad&efg=eyJ2ZW5jb2RlX3RhZyI6IkNBUk9VU0VMX0lURU0ueHBpZHMuMTAyNC5zZHIucmVndWxhcl9waG90by5DMyJ9&_nc_ohc=PO0kA6cdx9cQ7kNvwH3QjCm&_nc_oc=Adpp-ROaBt8CWUfLbC1uFXzkojqMbjp7c9ptnRVFKfEVG--ftCls6xAwLGcUwDVAFRo&_nc_zt=23&_nc_ht=scontent-lga3-2.cdninstagram.com&_nc_gid=UhpJSdXIvZY7bZQfy5q6mw&_nc_ss=72a8c&oh=00_AQBcbEvQpODrPVx48kBCH5TpvdLgPbSZb8AdxnrD2yJA3A&oe=6A5E97FA', 'https://scontent-lga3-3.cdninstagram.com/v/t51.82787-15/637071625_18580727659008147_3525861663827398567_n.jpg?stp=dst-jpg_e35_tt6&_nc_cat=102&ig_cache_key=MzgzMzI2NDMwMTg1MTQ2NzgzMQ%3D%3D.3-ccb7-5&ccb=7-5&_nc_sid=58cdad&efg=eyJ2ZW5jb2RlX3RhZyI6IkNBUk9VU0VMX0lURU0ueHBpZHMuMTAyNC5zZHIucmVndWxhcl9waG90by5DMyJ9&_nc_ohc=aiZnXCX3a_4Q7kNvwFo55MH&_nc_oc=AdrjHryZYa1t5Ywg2r6eNPOhAT5yW1i_LE_MBf1BBJQlWcb4lVAKbl4UHPUOsw7kMhQ&_nc_zt=23&_nc_ht=scontent-lga3-3.cdninstagram.com&_nc_gid=UhpJSdXIvZY7bZQfy5q6mw&_nc_ss=72a8c&oh=00_AQBwpYxfWc73hwziEOyuKh4SE-eke0gMjuKmL0Pavt7o3g&oe=6A5E71F6', 'https://scontent-lga3-2.cdninstagram.com/v/t51.82787-15/626299158_18580727665008147_970713499882654778_n.jpg?stp=dst-jpg_e35_tt6&_nc_cat=101&ig_cache_key=MzgzMzI2NDMwMzY0NjYzNzQyNA%3D%3D.3-ccb7-5&ccb=7-5&_nc_sid=58cdad&efg=eyJ2ZW5jb2RlX3RhZyI6IkNBUk9VU0VMX0lURU0ueHBpZHMuMTAyNC5zZHIucmVndWxhcl9waG90by5DMyJ9&_nc_ohc=oliKEL-rboMQ7kNvwGqnYg4&_nc_oc=AdrFmKh7rPszn9d4UPyEiqf3IqvrHOJ_crHpkhJ2MW7hTvFaXkMsArEE6VRhx9LTiP0&_nc_zt=23&_nc_ht=scontent-lga3-2.cdninstagram.com&_nc_gid=UhpJSdXIvZY7bZQfy5q6mw&_nc_ss=72a8c&oh=00_AQBoaeGSulJROTegHudBSIFjoDyjOuYOXfTxsrjdvMdT7w&oe=6A5E9494']","Photo by MUSE on February 15, 2026.",12,2026-02-15T18:39:14.000Z,"[{'id': '3833264298772811256', 'type': 'Image', 'caption': '', 'hashtags': [], 'mentions': [], 'url': 'https://www.instagram.com/p/DUyfZH6ik34/', 'commentsCount': 0, 'firstComment': '', 'latestComments': [], 'dimensionsHeight': 1024, 'dimensionsWidth': 1024, 'displayUrl': 'https://scontent-lga3-3.cdninstagram.com/v/t51.82787-15/629806505_18580727662008147_2947954532213546445_n.jpg?stp=dst-jpg_e35_tt6&_nc_cat=106&ig_cache_key=MzgzMzI2NDI5ODc3MjgxMTI1Ng%3D%3D.3-ccb7-5&ccb=7-5&_nc_sid=58cdad&efg=eyJ2ZW5jb2RlX3RhZyI6IkNBUk9VU0VMX0lURU0ueHBpZHMuMTAyNC5zZHIucmVndWxhcl9waG90by5DMyJ9&_nc_ohc=m-LQWBcfw_8Q7kNvwHZMbTl&_nc_oc=AdrN25rwscxDEtmOeNgsBPN8H4AqS3Hm85k9Ep9f7Qah5YkgwNIOWVq4GDce8DQDqCs&_nc_zt=23&_nc_ht=scontent-lga3-3.cdninstagram.com&_nc_gid=UhpJSdXIvZY7bZQfy5q6mw&_nc_ss=72a8c&oh=00_AQB51D5ekkdVRMGwVxXpuIQ79CqdlsQhmhl_5U5E8u8sDQ&oe=6A5E87AF', 'images': [], 'alt': 'Photo by MUSE on February 15, 2026.', 'likesCount': 0, 'timestamp': '2026-02-15T18:39:11.000Z', 'childPosts': [], 'ownerId': '17841400244386380', 'shortCode': 'DUyfZH6ik34', 'originalHeight': 1024, 'originalWidth': 1024, 'ownerUsername': 'muse_agency'}, {'id': '3833264301775975455', 'type': 'Image', 'caption': '', 'hashtags': [], 'mentions': [], 'url': 'https://www.instagram.com/p/DUyfZKtivQf/', 'commentsCount': 0, 'firstComment': '', 'latestComments': [], 'dimensionsHeight': 1024, 'dimensionsWidth': 1024, 'displayUrl': 'https://scontent-lga3-3.cdninstagram.com/v/t51.82787-15/628521614_18580727668008147_7076716139767183237_n.jpg?stp=dst-jpg_e35_tt6&_nc_cat=104&ig_cache_key=MzgzMzI2NDMwMTc3NTk3NTQ1NQ%3D%3D.3-ccb7-5&ccb=7-5&_nc_sid=58cdad&efg=eyJ2ZW5jb2RlX3RhZyI6IkNBUk9VU0VMX0lURU0ueHBpZHMuMTAyNC5zZHIucmVndWxhcl9waG90by5DMyJ9&_nc_ohc=njEtS8VdUwEQ7kNvwHLDVed&_nc_oc=AdrEVABQE2BxCU2rspw91lCMJJwj28SeAhSa1tRFDp_lgoOLPmC_6-E6cuOw43brIRE&_nc_zt=23&_nc_ht=scontent-lga3-3.cdninstagram.com&_nc_gid=UhpJSdXIvZY7bZQfy5q6mw&_nc_ss=72a8c&oh=00_AQCfsDobLqRR93EHWAW8-XAyd9P7K0nLehgKfB1I6yoU1w&oe=6A5E96D1', 'images': [], 'alt': 'Photo by MUSE on February 15, 2026.', 'likesCount': 0, 'timestamp': '2026-02-15T18:39:11.000Z', 'childPosts': [], 'ownerId': '17841400244386380', 'shortCode': 'DUyfZKtivQf', 'originalHeight': 1024, 'originalWidth': 1024, 'ownerUsername': 'muse_agency'}, {'id': '3833264304770668127', 'type': 'Image', 'caption': '', 'hashtags': [], 'mentions': [], 'url': 'https://www.instagram.com/p/DUyfZNgClZf/', 'commentsCount': 0, 'firstComment': '', 'latestComments': [], 'dimensionsHeight': 1024, 'dimensionsWidth': 1024, 'displayUrl': 'https://scontent-lga3-2.cdninstagram.com/v/t51.82787-15/632160331_18580727677008147_6950814532108217981_n.jpg?stp=dst-jpg_e35_tt6&_nc_cat=101&ig_cache_key=MzgzMzI2NDMwNDc3MDY2ODEyNw%3D%3D.3-ccb7-5&ccb=7-5&_nc_sid=58cdad&efg=eyJ2ZW5jb2RlX3RhZyI6IkNBUk9VU0VMX0lURU0ueHBpZHMuMTAyNC5zZHIucmVndWxhcl9waG90by5DMyJ9&_nc_ohc=PO0kA6cdx9cQ7kNvwH3QjCm&_nc_oc=Adpp-ROaBt8CWUfLbC1uFXzkojqMbjp7c9ptnRVFKfEVG--ftCls6xAwLGcUwDVAFRo&_nc_zt=23&_nc_ht=scontent-lga3-2.cdninstagram.com&_nc_gid=UhpJSdXIvZY7bZQfy5q6mw&_nc_ss=72a8c&oh=00_AQBcbEvQpODrPVx48kBCH5TpvdLgPbSZb8AdxnrD2yJA3A&oe=6A5E97FA', 'images': [], 'alt': 'Photo by MUSE on February 15, 2026.', 'likesCount': 0, 'timestamp': '2026-02-15T18:39:11.000Z', 'childPosts': [], 'ownerId': '17841400244386380', 'shortCode': 'DUyfZNgClZf', 'originalHeight': 1024, 'originalWidth': 1024, 'ownerUsername': 'muse_agency'}, {'id': '3833264301851467831', 'type': 'Image', 'caption': '', 'hashtags': [], 'mentions': [], 'url': 'https://www.instagram.com/p/DUyfZKyCuA3/', 'commentsCount': 0, 'firstComment': '', 'latestComments': [], 'dimensionsHeight': 1024, 'dimensionsWidth': 1024, 'displayUrl': 'https://scontent-lga3-3.cdninstagram.com/v/t51.82787-15/637071625_18580727659008147_3525861663827398567_n.jpg?stp=dst-jpg_e35_tt6&_nc_cat=102&ig_cache_key=MzgzMzI2NDMwMTg1MTQ2NzgzMQ%3D%3D.3-ccb7-5&ccb=7-5&_nc_sid=58cdad&efg=eyJ2ZW5jb2RlX3RhZyI6IkNBUk9VU0VMX0lURU0ueHBpZHMuMTAyNC5zZHIucmVndWxhcl9waG90by5DMyJ9&_nc_ohc=aiZnXCX3a_4Q7kNvwFo55MH&_nc_oc=AdrjHryZYa1t5Ywg2r6eNPOhAT5yW1i_LE_MBf1BBJQlWcb4lVAKbl4UHPUOsw7kMhQ&_nc_zt=23&_nc_ht=scontent-lga3-3.cdninstagram.com&_nc_gid=UhpJSdXIvZY7bZQfy5q6mw&_nc_ss=72a8c&oh=00_AQBwpYxfWc73hwziEOyuKh4SE-eke0gMjuKmL0Pavt7o3g&oe=6A5E71F6', 'images': [], 'alt': 'Photo by MUSE on February 15, 2026.', 'likesCount': 0, 'timestamp': '2026-02-15T18:39:11.000Z', 'childPosts': [], 'ownerId': '17841400244386380', 'shortCode': 'DUyfZKyCuA3', 'originalHeight': 1024, 'originalWidth': 1024, 'ownerUsername': 'muse_agency'}, {'id': '3833264303646637424', 'type': 'Image', 'caption': '', 'hashtags': [], 'mentions': [], 'url': 'https://www.instagram.com/p/DUyfZMdCv1w/', 'commentsCount': 0, 'firstComment': '', 'latestComments': [], 'dimensionsHeight': 1024, 'dimensionsWidth': 1024, 'displayUrl': 'https://scontent-lga3-2.cdninstagram.com/v/t51.82787-15/626299158_18580727665008147_970713499882654778_n.jpg?stp=dst-jpg_e35_tt6&_nc_cat=101&ig_cache_key=MzgzMzI2NDMwMzY0NjYzNzQyNA%3D%3D.3-ccb7-5&ccb=7-5&_nc_sid=58cdad&efg=eyJ2ZW5jb2RlX3RhZyI6IkNBUk9VU0VMX0lURU0ueHBpZHMuMTAyNC5zZHIucmVndWxhcl9waG90by5DMyJ9&_nc_ohc=oliKEL-rboMQ7kNvwGqnYg4&_nc_oc=AdrFmKh7rPszn9d4UPyEiqf3IqvrHOJ_crHpkhJ2MW7hTvFaXkMsArEE6VRhx9LTiP0&_nc_zt=23&_nc_ht=scontent-lga3-2.cdninstagram.com&_nc_gid=UhpJSdXIvZY7bZQfy5q6mw&_nc_ss=72a8c&oh=00_AQBoaeGSulJROTegHudBSIFjoDyjOuYOXfTxsrjdvMdT7w&oe=6A5E9494', 'images': [], 'alt': 'Photo by MUSE on February 15, 2026.', 'likesCount': 0, 'timestamp': '2026-02-15T18:39:11.000Z', 'childPosts': [], 'ownerId': '17841400244386380', 'shortCode': 'DUyfZMdCv1w', 'originalHeight': 1024, 'originalWidth': 1024, 'ownerUsername': 'muse_agency'}]",MUSE,muse_agency,408328146,False,https://www.instagram.com/muse_agency/,1024,1024,carousel_container,,,,,,,,,,,
3786270934706062558,Image,DSLiVrGioTe,"🇹🇳 Fier et honoré de figurer, pour la première fois, parmi les agences de communication sélectionnées par Entreprises Magazine pour leur capacité à innover et faire bouger les lignes en Tunisie. 
Un grand bravo à toute la team MUSE agency et à nos collaborateurs qui font la différence chaque jour. 
#Communication #Innovation #Tunisie #MuseAgency #EntreprisesMagazine","['Communication', 'Innovation', 'Tunisie', 'MuseAgency', 'EntreprisesMagazine']",[],https://www.instagram.com/p/DSLiVrGioTe/,0,,[],1323,1080,https://scontent-iad3-2.cdninstagram.com/v/t51.82787-15/587291683_18565029355008147_6292263410217310996_n.jpg?stp=dst-jpg_e35_p1080x1080_sh2.08_tt6&_nc_ht=scontent-iad3-2.cdninstagram.com&_nc_cat=103&_nc_oc=Q6cZ2gH2n8PgBIu1stKthShWphW2KWh0HfIGfu9-s_fY4b4wULP_IZ8FOYpMxX6QyqYPnG_NKGJY6B5qrXb6a_G4RLl2&_nc_ohc=8I5zR8_i6VkQ7kNvwH4qTws&_nc_gid=JbCxi_1-t2VMrES0CYDZVw&edm=ADp7STQBAAAA&ccb=7-5&oh=00_AQARXXhJIqlUzllpQhwA5lSwykRMWdEDqbv8JAOLnu67xQ&oe=6A5E7144&_nc_sid=c6f216,[],"Photo by MUSE on December 12, 2025.",8,2025-12-12T22:31:29.000Z,[],MUSE,muse_agency,408328146,False,https://www.instagram.com/muse_agency/,1765,1440,feed,,,"[{'full_name': 'Muse Man', 'id': '6701597107', 'is_verified': False, 'profile_pic_url': 'https://scontent-atl3-3.cdninstagram.com/v/t51.82787-19/702209077_18338189362221108_6131811648411985308_n.jpg?stp=dst-jpg_s150x150_tt6&_nc_cat=111&ccb=7-5&_nc_sid=f7ccc5&efg=eyJ2ZW5jb2RlX3RhZyI6InByb2ZpbGVfcGljLnd3dy4xMDgwLkMzIn0%3D&_nc_ohc=NotCXVa04r8Q7kNvwFVU0vV&_nc_oc=AdpEo2I6QED1KwbB0ookRO0tc8e1E78CWXOa3LWssSG632RRXcxkCE7wZHhzOUVTFp8&_nc_zt=24&_nc_ht=scontent-atl3-3.cdninstagram.com&_nc_gid=q3pko-KneXEJxEvwMVE_zw&_nc_ss=7ca8c&oh=00_AQBug5eTCQI7RlrD7-h1KFMeqV2hTYxOROhYbknaPe4uhQ&oe=6A5E94C1', 'username': 'muse_man_'}]",,,,,,,"[{'id': '6701597107', 'is_verified': False, 'profile_pic_url': 'https://scontent-atl3-3.cdninstagram.com/v/t51.82787-19/702209077_18338189362221108_6131811648411985308_n.jpg?stp=dst-jpg_s150x150_tt6&_nc_cat=111&ccb=7-5&_nc_sid=f7ccc5&efg=eyJ2ZW5jb2RlX3RhZyI6InByb2ZpbGVfcGljLnd3dy4xMDgwLkMzIn0%3D&_nc_ohc=NotCXVa04r8Q7kNvwFVU0vV&_nc_oc=AdpEo2I6QED1KwbB0ookRO0tc8e1E78CWXOa3LWssSG632RRXcxkCE7wZHhzOUVTFp8&_nc_zt=24&_nc_ht=scontent-atl3-3.cdninstagram.com&_nc_gid=q3pko-KneXEJxEvwMVE_zw&_nc_ss=7ca8c&oh=00_AQBug5eTCQI7RlrD7-h1KFMeqV2hTYxOROhYbknaPe4uhQ&oe=6A5E94C1', 'username': 'muse_man_', '__typename': 'User', 'is_unpublished': False, 'full_name': 'Muse Man', 'fbid': '17841406633237699'}]",
3374328089322171162,Image,C7UBYTvq6sa,"✨ Saviez-vous que le marketing de site peut convertir des visiteurs anonymes en clients loyaux ? Laissez-nous vous montrer comment. 🌟
Mail: 2021hagency@gmail.com
Infoline: 51 716 001
#Hagency #Tunisie #communication #digital #marketingdigital","['Hagency', 'Tunisie', 'communication', 'digital', 'marketingdigital']",[],https://www.instagram.com/p/C7UBYTvq6sa/,0,,[],1080,1080,https://scontent-hou1-1.cdninstagram.com/v/t51.82787-15/625039209_18089894945023059_773620938023397739_n.jpg?stp=dst-jpg_e15_fr_s1080x1080_tt6&_nc_ht=scontent-hou1-1.cdninstagram.com&_nc_cat=103&_nc_oc=Q6cZ2gH8MTUiig7cny37WmFQToZl33ChncSw9lI5owZAzWi30HtizRAXgjRi0EQnL0oLjhU&_nc_ohc=VD4HqMdYkwgQ7kNvwEYLA2R&_nc_gid=iYFLxjW_-3RiOH6h9iJoYA&edm=ADp7STQBAAAA&ccb=7-5&oh=00_AQAw3mg9gbPxx8j69KGtosVa_Epr-Q1JXx_rgLHAl7lnpA&oe=6A5E9CBB&_nc_sid=c6f216,[],"Photo by H.agency on May 23, 2024.",0,2024-05-23T13:34:35.000Z,[],H.agency,h.agency.tunisia,53455295369,False,https://www.instagram.com/h.agency.tunisia/,1080,1080,feed,,,,,,,,,,,
3817327601908340034,Sidecar,DT53zqXClVC,"Nous sommes ravis de lancer la campagne publicitaire Selimat 🚀

Ce projet a démarré par la modélisation 3D des produits, suivie du développement du site e-commerce, du référencement, de la gestion des réseaux sociaux, de l’achat média et de la création graphique, pour se conclure par une stratégie de marketing d’influence.

Nous remercions chaleureusement Selimat pour sa confiance.

#Selimat #MarketingDigital #Ecommerce #3DModeling #SocialMedia MediaBuying InfluenceMarketing CréationGraphique DigitalCampaign","['Selimat', 'MarketingDigital', 'Ecommerce', '3DModeling', 'SocialMedia']",[],https://www.instagram.com/p/DT53zqXClVC/,0,,[],1440,1440,https://scontent-bos5-1.cdninstagram.com/v/t51.82787-15/621666895_18573440677008147_3278405989350901683_n.jpg?stp=dst-jpegr_e35_tt6&_nc_cat=109&ig_cache_key=MzgxNzMyNzU4MzY5NjY5MjkzNg%3D%3D.3-ccb7-5&ccb=7-5&_nc_sid=58cdad&efg=eyJ2ZW5jb2RlX3RhZyI6IkNBUk9VU0VMX0lURU0ueHBpZHMuMTQ0MC5oZHIucmVndWxhcl9waG90by5DMyJ9&_nc_ohc=oajW01BH7E0Q7kNvwFTSQsO&_nc_oc=AdoShDRkIrTv4SO0QO6q5O391G1vPW3dRpB1bzH1uI1rzyW0EEgeazCzP5De8YFnRHsFs7OgpLUj9SIjNjNa9Opk&_nc_zt=23&_nc_ht=scontent-bos5-1.cdninstagram.com&_nc_gid=ICbapV_GmKSXgnwR3jMHfg&_nc_ss=72a8c&oh=00_AQA-WFf8dVSluiZSTZUMKawxsBTfewwm3wUmuGbtSAZd5Q&oe=6A5E815F,"['https://scontent-bos5-1.cdninstagram.com/v/t51.82787-15/621666895_18573440677008147_3278405989350901683_n.jpg?stp=dst-jpegr_e35_tt6&_nc_cat=109&ig_cache_key=MzgxNzMyNzU4MzY5NjY5MjkzNg%3D%3D.3-ccb7-5&ccb=7-5&_nc_sid=58cdad&efg=eyJ2ZW5jb2RlX3RhZyI6IkNBUk9VU0VMX0lURU0ueHBpZHMuMTQ0MC5oZHIucmVndWxhcl9waG90by5DMyJ9&_nc_ohc=oajW01BH7E0Q7kNvwFTSQsO&_nc_oc=AdoShDRkIrTv4SO0QO6q5O391G1vPW3dRpB1bzH1uI1rzyW0EEgeazCzP5De8YFnRHsFs7OgpLUj9SIjNjNa9Opk&_nc_zt=23&_nc_ht=scontent-bos5-1.cdninstagram.com&_nc_gid=ICbapV_GmKSXgnwR3jMHfg&_nc_ss=72a8c&oh=00_AQA-WFf8dVSluiZSTZUMKawxsBTfewwm3wUmuGbtSAZd5Q&oe=6A5E815F', 'https://scontent-bos5-1.cdninstagram.com/v/t51.82787-15/621897264_18573440698008147_8237922471777750719_n.jpg?stp=dst-jpg_e35_tt6&_nc_cat=100&ig_cache_key=MzgxNzMyNzU4MzcyMTg0NzI1Mw%3D%3D.3-ccb7-5&ccb=7-5&_nc_sid=58cdad&efg=eyJ2ZW5jb2RlX3RhZyI6IkNBUk9VU0VMX0lURU0ueHBpZHMuMTQ0MC5zZHIucmVndWxhcl9waG90by5DMyJ9&_nc_ohc=U91nXwYPU9sQ7kNvwFK0o30&_nc_oc=AdrHAiK3_NPpgvrgXwn95lzbcJxofMXNl6mOhn4BXBu1RMSGCTrOMfJ1FIoo1VCnctduJxZ6Hor7PEofh-LO5h_x&_nc_zt=23&_nc_ht=scontent-bos5-1.cdninstagram.com&_nc_gid=ICbapV_GmKSXgnwR3jMHfg&_nc_ss=72a8c&oh=00_AQCv24PiodAynLAsJIAS_ATSXQZ5apz5Wy-gry5zko3_KA&oe=6A5E6D87', 'https://scontent-bos5-1.cdninstagram.com/v/t51.82787-15/621163157_18573440662008147_7697105112508527129_n.jpg?stp=dst-jpg_e35_tt6&_nc_cat=109&ig_cache_key=MzgxNzMyNzU4MzcwNTA2MDY5Ng%3D%3D.3-ccb7-5&ccb=7-5&_nc_sid=58cdad&efg=eyJ2ZW5jb2RlX3RhZyI6IkNBUk9VU0VMX0lURU0ueHBpZHMuMTQ0MC5zZHIucmVndWxhcl9waG90by5DMyJ9&_nc_ohc=Msc3fBIMmeYQ7kNvwGgyzWg&_nc_oc=AdqTCxZL_Sn3XlTHABypd44SmRVWqfmi0tjotqLw8xrIOMPmzOdv5ZURD4Wlp4i9HU3ZjWYo80QaXfcuzAM0Mfoj&_nc_zt=23&_nc_ht=scontent-bos5-1.cdninstagram.com&_nc_gid=ICbapV_GmKSXgnwR3jMHfg&_nc_ss=72a8c&oh=00_AQDW0-KezncxE3g7DZtz9bLr7bU8fT1MsOsH1ilRdNv5Sw&oe=6A5E98E5', 'https://scontent-bos5-1.cdninstagram.com/v/t51.82787-15/621304025_18573440680008147_6018639237729640713_n.jpg?stp=dst-jpg_e35_tt6&_nc_cat=104&ig_cache_key=MzgxNzMyNzU4MzUxMjEyOTk2Ng%3D%3D.3-ccb7-5&ccb=7-5&_nc_sid=58cdad&efg=eyJ2ZW5jb2RlX3RhZyI6IkNBUk9VU0VMX0lURU0ueHBpZHMuMTQ0MC5zZHIucmVndWxhcl9waG90by5DMyJ9&_nc_ohc=6-XVNY_9oFsQ7kNvwEUU7Ji&_nc_oc=AdqznR8uHy_XcnhZIvJq8WHzewCPJstjzUB9-UYSsunypsBsAiGYv9NB8nRcJ4ZWPnsqg7C3-l2HuxuQc-9UgQpr&_nc_zt=23&_nc_ht=scontent-bos5-1.cdninstagram.com&_nc_gid=ICbapV_GmKSXgnwR3jMHfg&_nc_ss=72a8c&oh=00_AQCC_gz0gi--MgzszdHmG9n1o_B5U21mFj8aJ00pdyHgvQ&oe=6A5E9477', 'https://scontent-bos5-1.cdninstagram.com/v/t51.82787-15/619980582_18573440689008147_7730727892166398981_n.jpg?stp=dst-jpegr_e35_tt6&_nc_cat=104&ig_cache_key=MzgxNzMyNzU4MzcxMzQ0MDYyNg%3D%3D.3-ccb7-5&ccb=7-5&_nc_sid=58cdad&efg=eyJ2ZW5jb2RlX3RhZyI6IkNBUk9VU0VMX0lURU0ueHBpZHMuMTQ0MC5oZHIucmVndWxhcl9waG90by5DMyJ9&_nc_ohc=p1zbveiGYccQ7kNvwEX6imt&_nc_oc=Adpi18Xv_YwgKXAKMvEaeV8rbYtHV7TXBUpYbVFgopbu-4Ct66yDnOUGXRkCDef9tC1tAcg6LboV7OHD9jENyYnu&_nc_zt=23&_nc_ht=scontent-bos5-1.cdninstagram.com&_nc_gid=ICbapV_GmKSXgnwR3jMHfg&_nc_ss=72a8c&oh=00_AQBfoEx4bKrkreclvAcLNu2NxLLAO3NRpkihP_73hNdvjQ&oe=6A5E814F']","Photo by MUSE on January 24, 2026.",16,2026-01-24T18:55:33.000Z,"[{'id': '3817327583696692936', 'type': 'Image', 'caption': '', 'hashtags': [], 'mentions': [], 'url': 'https://www.instagram.com/p/DT53zZZiqbI/', 'commentsCount': 0, 'firstComment': '', 'latestComments': [], 'dimensionsHeight': 1440, 'dimensionsWidth': 1440, 'displayUrl': 'https://scontent-bos5-1.cdninstagram.com/v/t51.82787-15/621666895_18573440677008147_3278405989350901683_n.jpg?stp=dst-jpegr_e35_tt6&_nc_cat=109&ig_cache_key=MzgxNzMyNzU4MzY5NjY5MjkzNg%3D%3D.3-ccb7-5&ccb=7-5&_nc_sid=58cdad&efg=eyJ2ZW5jb2RlX3RhZyI6IkNBUk9VU0VMX0lURU0ueHBpZHMuMTQ0MC5oZHIucmVndWxhcl9waG90by5DMyJ9&_nc_ohc=oajW01BH7E0Q7kNvwFTSQsO&_nc_oc=AdoShDRkIrTv4SO0QO6q5O391G1vPW3dRpB1bzH1uI1rzyW0EEgeazCzP5De8YFnRHsFs7OgpLUj9SIjNjNa9Opk&_nc_zt=23&_nc_ht=scontent-bos5-1.cdninstagram.com&_nc_gid=ICbapV_GmKSXgnwR3jMHfg&_nc_ss=72a8c&oh=00_AQA-WFf8dVSluiZSTZUMKawxsBTfewwm3wUmuGbtSAZd5Q&oe=6A5E815F', 'images': [], 'alt': 'Photo by MUSE on January 24, 2026.', 'likesCount': 0, 'timestamp': '2026-01-24T18:55:30.000Z', 'childPosts': [], 'ownerId': '17841400244386380', 'shortCode': 'DT53zZZiqbI', 'originalHeight': 1440, 'originalWidth': 1440, 'ownerUsername': 'muse_agency'}, {'id': '3817327583721847253', 'type': 'Image', 'caption': '', 'hashtags': [], 'mentions': [], 'url': 'https://www.instagram.com/p/DT53zZbCnnV/', 'commentsCount': 0, 'firstComment': '', 'latestComments': [], 'dimensionsHeight': 1440, 'dimensionsWidth': 1440, 'displayUrl': 'https://scontent-bos5-1.cdninstagram.com/v/t51.82787-15/621897264_18573440698008147_8237922471777750719_n.jpg?stp=dst-jpg_e35_tt6&_nc_cat=100&ig_cache_key=MzgxNzMyNzU4MzcyMTg0NzI1Mw%3D%3D.3-ccb7-5&ccb=7-5&_nc_sid=58cdad&efg=eyJ2ZW5jb2RlX3RhZyI6IkNBUk9VU0VMX0lURU0ueHBpZHMuMTQ0MC5zZHIucmVndWxhcl9waG90by5DMyJ9&_nc_ohc=U91nXwYPU9sQ7kNvwFK0o30&_nc_oc=AdrHAiK3_NPpgvrgXwn95lzbcJxofMXNl6mOhn4BXBu1RMSGCTrOMfJ1FIoo1VCnctduJxZ6Hor7PEofh-LO5h_x&_nc_zt=23&_nc_ht=scontent-bos5-1.cdninstagram.com&_nc_gid=ICbapV_GmKSXgnwR3jMHfg&_nc_ss=72a8c&oh=00_AQCv24PiodAynLAsJIAS_ATSXQZ5apz5Wy-gry5zko3_KA&oe=6A5E6D87', 'images': [], 'alt': 'Photo by MUSE on January 24, 2026.', 'likesCount': 0, 'timestamp': '2026-01-24T18:55:30.000Z', 'childPosts': [], 'ownerId': '17841400244386380', 'shortCode': 'DT53zZbCnnV', 'originalHeight': 1440, 'originalWidth': 1440, 'ownerUsername': 'muse_agency'}, {'id': '3817327583705060696', 'type': 'Image', 'caption': '', 'hashtags': [], 'mentions': [], 'url': 'https://www.instagram.com/p/DT53zZaClVY/', 'commentsCount': 0, 'firstComment': '', 'latestComments': [], 'dimensionsHeight': 1440, 'dimensionsWidth': 1440, 'displayUrl': 'https://scontent-bos5-1.cdninstagram.com/v/t51.82787-15/621163157_18573440662008147_7697105112508527129_n.jpg?stp=dst-jpg_e35_tt6&_nc_cat=109&ig_cache_key=MzgxNzMyNzU4MzcwNTA2MDY5Ng%3D%3D.3-ccb7-5&ccb=7-5&_nc_sid=58cdad&efg=eyJ2ZW5jb2RlX3RhZyI6IkNBUk9VU0VMX0lURU0ueHBpZHMuMTQ0MC5zZHIucmVndWxhcl9waG90by5DMyJ9&_nc_ohc=Msc3fBIMmeYQ7kNvwGgyzWg&_nc_oc=AdqTCxZL_Sn3XlTHABypd44SmRVWqfmi0tjotqLw8xrIOMPmzOdv5ZURD4Wlp4i9HU3ZjWYo80QaXfcuzAM0Mfoj&_nc_zt=23&_nc_ht=scontent-bos5-1.cdninstagram.com&_nc_gid=ICbapV_GmKSXgnwR3jMHfg&_nc_ss=72a8c&oh=00_AQDW0-KezncxE3g7DZtz9bLr7bU8fT1MsOsH1ilRdNv5Sw&oe=6A5E98E5', 'images': [], 'alt': 'Photo by MUSE on January 24, 2026.', 'likesCount': 0, 'timestamp': '2026-01-24T18:55:30.000Z', 'childPosts': [], 'ownerId': '17841400244386380', 'shortCode': 'DT53zZaClVY', 'originalHeight': 1440, 'originalWidth': 1440, 'ownerUsername': 'muse_agency'}, {'id': '3817327583512129966', 'type': 'Image', 'caption': '', 'hashtags': [], 'mentions': [], 'url': 'https://www.instagram.com/p/DT53zZOinGu/', 'commentsCount': 0, 'firstComment': '', 'latestComments': [], 'dimensionsHeight': 1439, 'dimensionsWidth': 1440, 'displayUrl': 'https://scontent-bos5-1.cdninstagram.com/v/t51.82787-15/621304025_18573440680008147_6018639237729640713_n.jpg?stp=dst-jpg_e35_tt6&_nc_cat=104&ig_cache_key=MzgxNzMyNzU4MzUxMjEyOTk2Ng%3D%3D.3-ccb7-5&ccb=7-5&_nc_sid=58cdad&efg=eyJ2ZW5jb2RlX3RhZyI6IkNBUk9VU0VMX0lURU0ueHBpZHMuMTQ0MC5zZHIucmVndWxhcl9waG90by5DMyJ9&_nc_ohc=6-XVNY_9oFsQ7kNvwEUU7Ji&_nc_oc=AdqznR8uHy_XcnhZIvJq8WHzewCPJstjzUB9-UYSsunypsBsAiGYv9NB8nRcJ4ZWPnsqg7C3-l2HuxuQc-9UgQpr&_nc_zt=23&_nc_ht=scontent-bos5-1.cdninstagram.com&_nc_gid=ICbapV_GmKSXgnwR3jMHfg&_nc_ss=72a8c&oh=00_AQCC_gz0gi--MgzszdHmG9n1o_B5U21mFj8aJ00pdyHgvQ&oe=6A5E9477', 'images': [], 'alt': 'Photo by MUSE on January 24, 2026.', 'likesCount': 0, 'timestamp': '2026-01-24T18:55:30.000Z', 'childPosts': [], 'ownerId': '17841400244386380', 'shortCode': 'DT53zZOinGu', 'originalHeight': 1439, 'originalWidth': 1440, 'ownerUsername': 'muse_agency'}, {'id': '3817327583713440626', 'type': 'Image', 'caption': '', 'hashtags': [], 'mentions': [], 'url': 'https://www.instagram.com/p/DT53zZaijNy/', 'commentsCount': 0, 'firstComment': '', 'latestComments': [], 'dimensionsHeight': 1440, 'dimensionsWidth': 1440, 'displayUrl': 'https://scontent-bos5-1.cdninstagram.com/v/t51.82787-15/619980582_18573440689008147_7730727892166398981_n.jpg?stp=dst-jpegr_e35_tt6&_nc_cat=104&ig_cache_key=MzgxNzMyNzU4MzcxMzQ0MDYyNg%3D%3D.3-ccb7-5&ccb=7-5&_nc_sid=58cdad&efg=eyJ2ZW5jb2RlX3RhZyI6IkNBUk9VU0VMX0lURU0ueHBpZHMuMTQ0MC5oZHIucmVndWxhcl9waG90by5DMyJ9&_nc_ohc=p1zbveiGYccQ7kNvwEX6imt&_nc_oc=Adpi18Xv_YwgKXAKMvEaeV8rbYtHV7TXBUpYbVFgopbu-4Ct66yDnOUGXRkCDef9tC1tAcg6LboV7OHD9jENyYnu&_nc_zt=23&_nc_ht=scontent-bos5-1.cdninstagram.com&_nc_gid=ICbapV_GmKSXgnwR3jMHfg&_nc_ss=72a8c&oh=00_AQBfoEx4bKrkreclvAcLNu2NxLLAO3NRpkihP_73hNdvjQ&oe=6A5E814F', 'images': [], 'alt': 'Photo by MUSE on January 24, 2026.', 'likesCount': 0, 'timestamp': '2026-01-24T18:55:30.000Z', 'childPosts': [], 'ownerId': '17841400244386380', 'shortCode': 'DT53zZaijNy', 'originalHeight': 1440, 'originalWidth': 1440, 'ownerUsername': 'muse_agency'}]",MUSE,muse_agency,408328146,False,https://www.instagram.com/muse_agency/,1440,1440,carousel_container,,,,,,,,,,,
3687247008122871642,Video,DMru542SR9a,"Vous vous demandez :
❓ Est-ce que mon #SiteWeb est encore à jour ?
💸 Quel est le vrai  #budget à prévoir ?
📈 Pourquoi mon site ne génère pas de  #clients ?
🧩 Est-ce que je dois tout refaire ou juste l’optimiser ?

Bonne nouvelle : on vous répond en direct !
📅 31 Juillet 2025 à 12h00 
🔴 LIVE | Tout savoir sur les sites web pros en 2025

🎙Posez vos questions en commentaire ou en message privé – on y répondra en live !","['SiteWeb', 'budget', 'clients']",[],https://www.instagram.com/p/DMru542SR9a/,0,,[],1920,1080,https://scontent-hou1-1.cdninstagram.com/v/t51.82787-15/524382251_18409660600129281_1316995477677745273_n.jpg?stp=dst-jpg_e15_fr_p1080x1080_tt6&_nc_ht=scontent-hou1-1.cdninstagram.com&_nc_cat=109&_nc_oc=Q6cZ2gGIx5NQ2KeJcDjayjnAtpSdqi0lAwpMDS00XzM6DKhzrVwIwVQ7KN89P6mxAXjbRv0&_nc_ohc=-RzFmtFej2kQ7kNvwF7Mn46&_nc_gid=bda1LtCvfeN0hSJXLVZvZQ&edm=ADp7STQBAAAA&ccb=7-5&oh=00_AQDlzOp1VgZnMQ1IS_qUnsyMrd3Rtlksl98gEkn09f9RgA&oe=6A5E8188&_nc_sid=c6f216,[],"Video by Pi2r on July 29, 2025.",6,2025-07-29T07:29:10.000Z,[],Pi2r,agence_pi2r,3982105280,False,https://www.instagram.com/agence_pi2r/,1280,720,clips,,,,https://scontent-dfw5-1.cdninstagram.com/o1/v/t2/f2/m367/AQOBFJLuM2cjS0Ki1AJdQBIKed09yuR7cPpozaPsBjaC8FAvUjWXKEchFa9HHv7IxOef4KoDrA2OTPe-Bocgnb__o8zs-KAfr3JlOgA.mp4?_nc_cat=105&_nc_sid=5e9851&_nc_ht=scontent-dfw5-1.cdninstagram.com&_nc_ohc=tr2nx8tssEAQ7kNvwG2TPk7&efg=eyJ2ZW5jb2RlX3RhZyI6Inhwdl9wcm9ncmVzc2l2ZS5JTlNUQUdSQU0uQ0xJUFMuQzMuNzIwLmRhc2hfYmFzZWxpbmVfMV92MSIsInhwdl9hc3NldF9pZCI6MTA4NDc0MDU3MzExNDcwOSwiYXNzZXRfYWdlX2RheXMiOjM1MiwidmlfdXNlY2FzZV9pZCI6MTAwOTksImR1cmF0aW9uX3MiOjMwLCJ1cmxnZW5fc291cmNlIjoid3d3In0%3D&ccb=17-1&vs=574de97be0882ea&_nc_vs=HBksFQIYQGlnX2VwaGVtZXJhbC9DNzRBMERDRTY5QURENkVCRTYyREVGQjBEOUJEREI4Ql92aWRlb19kYXNoaW5pdC5tcDQVAALIARIAFQIYR2lnX3hwdl9yZWVsc19wZXJtYW5lbnRfc3JfcHJvZC8xMDU2ODU3OTczMjgyNzE2XzIzNjY5MTIxMDE4MjI2NjIxMDEubXA0FQICyAESACgAGAAbAogHdXNlX29pbAExEnByb2dyZXNzaXZlX3JlY2lwZQExFQAAJqrFxYibpO0DFQIoAkMzLBdAPt2yLQ5WBBgSZGFzaF9iYXNlbGluZV8xX3YxEQB1_gdl5p0BAA&_nc_gid=_zuFVkRJSLtIjcDn4kkXrw&_nc_ss=7c689&_nc_zt=28&oh=00_AQBB4Uos69Rx6NYb76JFijPdsHrFUk4p5J4ZRrOBQ0_59A&oe=6A5E8732,62,https://scontent-dfw5-2.cdninstagram.com/o1/v/t2/f2/m86/AQPhpTDZ6-pP4Tnz_WFiPDNN7zd_R2jRv3FFBj613qWxW1_NFYZNcR462b1CmKg1kdCPs_wcFogEYKJYqwjSjDLe.mp4?_nc_cat=107&_nc_sid=9ca052&_nc_ht=scontent-dfw5-2.cdninstagram.com&_nc_ohc=aF95X17wN5cQ7kNvwEMxkt_&efg=eyJ2ZW5jb2RlX3RhZyI6ImlnLXhwdmRzLmNsaXBzLmlnd3d3LUMzLmRhc2hfbG5faGVhYWNfdmJyM19hdWRpbyIsInZpZGVvX2lkIjpudWxsLCJvaWxfdXJsZ2VuX2FwcF9pZCI6OTM2NjE5NzQzMzkyNDU5LCJjbGllbnRfbmFtZSI6ImlnIiwieHB2X2Fzc2V0X2lkIjoxMDg0NzQwNTczMTE0NzA5LCJhc3NldF9hZ2VfZGF5cyI6MzUyLCJ2aV91c2VjYXNlX2lkIjoxMDA5OSwiZHVyYXRpb25fcyI6MzAsImJpdHJhdGUiOjg1OTE0LCJ1cmxnZW5fc291cmNlIjoid3d3In0%3D&ccb=17-1&_nc_gid=_zuFVkRJSLtIjcDn4kkXrw&_nc_ss=7c689&_nc_zt=28&oh=00_AQAGF3vweVLfYoZpqYr9l3Hb7rMy3EmbD17Fhc1k4ZHLfg&oe=6A5A924F,30.866,"{'artist_name': 'agence_pi2r', 'song_name': 'Original audio', 'uses_original_audio': True, 'should_mute_audio': False, 'should_mute_audio_reason': '', 'audio_id': '803192815599543'}",331,,
3661904852803841694,Video,DLRsw_gpu6e,"الأستاذة Fatma Ben Mansoure ، إحدى رائدات جمعية الاتحاد الثقافي بسوسة  الثقافي بسوسة وأستاذة لغة فرنسية متقاعدة، انطباعاتها الراقية حول تقديمها لرواية ""اليتيم"" للكاتب عبد الفتاح محمد سالمي.

بأسلوبها الهادئ والعميق، تسلط الضوء على أهمية الرواية ومضامينها الإنسانية",[],[],https://www.instagram.com/p/DLRsw_gpu6e/,0,,[],1920,1080,https://instagram.fcps3-1.fna.fbcdn.net/v/t51.2885-15/503709272_18022686170710423_1268099686441576049_n.jpg?stp=dst-jpg_e15_fr_p1080x1080_tt6&_nc_ht=instagram.fcps3-1.fna.fbcdn.net&_nc_cat=107&_nc_oc=Q6cZ2gG2e1k2Bq-Eg3p_7ihQnwRbIFaphDaNXpOboMwe9ru_Q0blInkoLSa-KO7tK7KlCam3W8qC_eeooGF_OjFYOEZB&_nc_ohc=T4brSq_CU84Q7kNvwGfvGR_&_nc_gid=iuhE8XhAqFuOl6CL-WyeUw&edm=ADp7STQBAAAA&ccb=7-5&oh=00_AQA1zZSKUEKA1eTzjPd_q11Vk2TisEgfPvW4gtR3yvwlgw&oe=6A5E9CB1&_nc_sid=c6f216,[],"Video by Emmak Prod on June 24, 2025.",4,2025-06-24T08:18:55.000Z,[],Emmak Prod,emmakprod,51343982422,False,https://www.instagram.com/emmakprod/,640,360,clips,,,,https://scontent-iad6-1.cdninstagram.com/o1/v/t2/f2/m86/AQMsikqNL6V2Z2p4P5_ds_-nKMWXmRJDjk0d3b__lOQ3Y06TGT0xK33WsRnhPn6wBueiHGILDnuqzo7N1zLpuYjCdOGlF_HAoy5AQOY.mp4?_nc_cat=100&_nc_sid=5e9851&_nc_ht=scontent-iad6-1.cdninstagram.com&_nc_ohc=WnEcXlZlKF8Q7kNvwGe-2VZ&efg=eyJ2ZW5jb2RlX3RhZyI6Inhwdl9wcm9ncmVzc2l2ZS5JTlNUQUdSQU0uQ0xJUFMuQzMuMzYwLmRhc2hfYmFzZWxpbmVfM192MSIsInhwdl9hc3NldF9pZCI6NjM4MDgxNzY1OTcwNjg0LCJhc3NldF9hZ2VfZGF5cyI6Mzg3LCJ2aV91c2VjYXNlX2lkIjoxMDA5OSwiZHVyYXRpb25fcyI6ODQsInVybGdlbl9zb3VyY2UiOiJ3d3cifQ%3D%3D&ccb=17-1&vs=2ce4148748025804&_nc_vs=HBksFQIYUmlnX3hwdl9yZWVsc19wZXJtYW5lbnRfc3JfcHJvZC8xMDRBMDUwQ0M4Qzc4MkNFNzUwNzBBRjZFNUFGNzQ4OV92aWRlb19kYXNoaW5pdC5tcDQVAALIARIAFQIYRmlnX3hwdl9yZWVsc19wZXJtYW5lbnRfc3JfcHJvZC8xMDk3MjE1OTQ5MTMwODY5XzQzNzcwOTMxMzExOTI4NTA5MC5tcDQVAgLIARIAKAAYABsCiAd1c2Vfb2lsATEScHJvZ3Jlc3NpdmVfcmVjaXBlATEVAAAm-Mv8z5-VogIVAigCQzMsF0BVJDlYEGJOGBJkYXNoX2Jhc2VsaW5lXzNfdjERAHX-B2XmnQEA&_nc_gid=5aTgiHxLTFLkJDmOaPmj3Q&_nc_ss=72689&_nc_zt=28&oh=00_AQDv7_BwlCNy48_fP5gLhSaCV2ZYSk06x67cA5DIzcvS_A&oe=6A5AA4D1,27,https://scontent-iad6-1.cdninstagram.com/o1/v/t2/f2/m86/AQO8BXSObST7zKaXSeR8bovzRHoCCXc-y6CbnULzCDtF4YCz-axLrOuzbOAJqYZk8lJLWtCPQJBFPIurKFShuHM.mp4?_nc_cat=106&_nc_sid=9ca052&_nc_ht=scontent-iad6-1.cdninstagram.com&_nc_ohc=eht6k3pTI9MQ7kNvwF16oE5&efg=eyJ2ZW5jb2RlX3RhZyI6ImlnLXhwdmRzLmNsaXBzLmlnd3d3LUMzLmRhc2hfbG5faGVhYWNfdmJyM19hdWRpbyIsInZpZGVvX2lkIjpudWxsLCJvaWxfdXJsZ2VuX2FwcF9pZCI6OTM2NjE5NzQzMzkyNDU5LCJjbGllbnRfbmFtZSI6ImlnIiwieHB2X2Fzc2V0X2lkIjo2MzgwODE3NjU5NzA2ODQsImFzc2V0X2FnZV9kYXlzIjozODcsInZpX3VzZWNhc2VfaWQiOjEwMDk5LCJkdXJhdGlvbl9zIjo4NCwiYml0cmF0ZSI6NTUzNDUsInVybGdlbl9zb3VyY2UiOiJ3d3cifQ%3D%3D&ccb=17-1&_nc_gid=5aTgiHxLTFLkJDmOaPmj3Q&_nc_ss=72689&_nc_zt=28&oh=00_AQBue9kRtETwOHU5K6Vniihx7YRTtAzShaL79uQskMso1w&oe=6A5AA5B2,84.566,"{'artist_name': 'emmakprod', 'song_name': 'Original audio', 'uses_original_audio': True, 'should_mute_audio': False, 'should_mute_audio_reason': '', 'audio_id': '1061526375937365'}",372,,
3385127696171435029,Image,C76Y7RZooQV,"Quote of the day 💡
Mail: 2021hagency@gmail.com
Infoline: 51 716 001
#Hagency #Tunisie #communication #digital #marketingdigital","['Hagency', 'Tunisie', 'communication', 'digital', 'marketingdigital']",[],https://www.instagram.com/p/C76Y7RZooQV/,0,,[],1080,1080,https://scontent-iad6-1.cdninstagram.com/v/t51.82787-15/621738276_18037588922744690_1967693880807667815_n.jpg?stp=dst-jpg_e15_fr_s1080x1080_tt6&_nc_ht=scontent-iad6-1.cdninstagram.com&_nc_cat=102&_nc_oc=Q6cZ2gEVEXHHfp4XamxcROuJSHqNTt5CUC34Smp1Uav0gVx-brqJcsYbCyK6z7UsrXcUFjc&_nc_ohc=Ttw_F2Jy5lkQ7kNvwFFI2SM&_nc_gid=bCNgTcAakhPm3-tDzYpBuA&edm=ADp7STQBAAAA&ccb=7-5&oh=00_AQCMISWjT1bRrjJdM6Xyy7ymCvTCTtb6ZsfhQb26Z93L0g&oe=6A5E94ED&_nc_sid=c6f216,[],"Photo by H.agency on June 07, 2024.",0,2024-06-07T11:11:29.000Z,[],H.agency,h.agency.tunisia,53455295369,False,https://www.instagram.com/h.agency.tunisia/,1080,1080,feed,,,,,,,,,,,
3839064325202049002,Sidecar,DVHGKndivfq,"⚡ Quand l’élégance scandinave rencontre l’innovation électrique.
La nouvelle Volvo ES90 s’affiche en grand avec une campagne outdoor signée pour Universal Motors.

Une vision premium, audacieuse et tournée vers le futur.
Campagne imaginée et réalisée par MUSE.

#VolvoES90 #Volvo #UniversalMotors #MUSEsgency #OutdoorCampaign","['VolvoES90', 'Volvo', 'UniversalMotors', 'MUSEsgency', 'OutdoorCampaign']",[],https://www.instagram.com/p/DVHGKndivfq/,0,,[],1440,1440,https://scontent-dfw6-1.cdninstagram.com/v/t51.82787-15/641727587_18586306672008147_3984961688598241651_n.jpg?stp=dst-jpegr_e35_tt6&_nc_cat=102&ig_cache_key=MzgzOTA2MTYxMDc4MjcxOTE2OA%3D%3D.3-ccb7-5&ccb=7-5&_nc_sid=58cdad&efg=eyJ2ZW5jb2RlX3RhZyI6IkNBUk9VU0VMX0lURU0ueHBpZHMuMTQ0MC5oZHIucmVndWxhcl9waG90by5DMyJ9&_nc_ohc=Jl1MkHpvwJsQ7kNvwHhNbGw&_nc_oc=AdraTtPMD-hXvGdBceeRO2XsReRgDW4EpVNjhwKUNizugMF3wEtrpeaXegGoRQSeX1M&_nc_zt=23&_nc_ht=scontent-dfw6-1.cdninstagram.com&_nc_gid=VtTaNV4FXzlRQlFhTkXANQ&_nc_ss=7c289&oh=00_AQCAEpxoKCRkegyUHn4LutZnl5trcDWhr1cBRsMBIAVo_Q&oe=6A5E8273,"['https://scontent-dfw6-1.cdninstagram.com/v/t51.82787-15/641727587_18586306672008147_3984961688598241651_n.jpg?stp=dst-jpegr_e35_tt6&_nc_cat=102&ig_cache_key=MzgzOTA2MTYxMDc4MjcxOTE2OA%3D%3D.3-ccb7-5&ccb=7-5&_nc_sid=58cdad&efg=eyJ2ZW5jb2RlX3RhZyI6IkNBUk9VU0VMX0lURU0ueHBpZHMuMTQ0MC5oZHIucmVndWxhcl9waG90by5DMyJ9&_nc_ohc=Jl1MkHpvwJsQ7kNvwHhNbGw&_nc_oc=AdraTtPMD-hXvGdBceeRO2XsReRgDW4EpVNjhwKUNizugMF3wEtrpeaXegGoRQSeX1M&_nc_zt=23&_nc_ht=scontent-dfw6-1.cdninstagram.com&_nc_gid=VtTaNV4FXzlRQlFhTkXANQ&_nc_ss=7c289&oh=00_AQCAEpxoKCRkegyUHn4LutZnl5trcDWhr1cBRsMBIAVo_Q&oe=6A5E8273', 'https://scontent-dfw6-1.cdninstagram.com/v/t51.82787-15/626488453_18586306690008147_1065113066483716171_n.jpg?stp=dst-jpegr_e35_tt6&_nc_cat=103&ig_cache_key=MzgzOTA2MTYyMDc3MzUwNjAxNg%3D%3D.3-ccb7-5&ccb=7-5&_nc_sid=58cdad&efg=eyJ2ZW5jb2RlX3RhZyI6IkNBUk9VU0VMX0lURU0ueHBpZHMuMTQ0MC5oZHIucmVndWxhcl9waG90by5DMyJ9&_nc_ohc=nnjHa5FSz40Q7kNvwFRXmxT&_nc_oc=Adql96a7Qmtv3r2LoBxEsN_J5I65QwcuwnkXC7aCB9QIDciNwFuml0J3J1TxQnNPXII&_nc_zt=23&_nc_ht=scontent-dfw6-1.cdninstagram.com&_nc_gid=VtTaNV4FXzlRQlFhTkXANQ&_nc_ss=7c289&oh=00_AQC3XvAdsAp5NP8hXe2mUTF5HTy-ngzeiSnMHfw-ry9fRg&oe=6A5E94DF', 'https://scontent-dfw6-2.cdninstagram.com/v/t51.82787-15/635476805_18586306693008147_2423087016274426134_n.jpg?stp=dst-jpegr_e35_tt6&_nc_cat=110&ig_cache_key=MzgzOTA2MTYyMzM2NTYwNDc0NA%3D%3D.3-ccb7-5&ccb=7-5&_nc_sid=58cdad&efg=eyJ2ZW5jb2RlX3RhZyI6IkNBUk9VU0VMX0lURU0ueHBpZHMuMTQ0MC5oZHIucmVndWxhcl9waG90by5DMyJ9&_nc_ohc=g-S9IrXoX5EQ7kNvwHi7lgj&_nc_oc=Adqk2l3gvzf8Bll2I2JcIIo9ogh5leKdndcDRVWdODe10iAZ5vRdsZKB97cY7D3fnRM&_nc_zt=23&_nc_ht=scontent-dfw6-2.cdninstagram.com&_nc_gid=VtTaNV4FXzlRQlFhTkXANQ&_nc_ss=7c289&oh=00_AQDYz8uGFPNz4oMj-bzIuGJ-5gSuywNpF903RumQpvDH3w&oe=6A5E815A', 'https://scontent-dfw6-2.cdninstagram.com/v/t51.82787-15/637739984_18586306705008147_406083107023915371_n.jpg?stp=dst-jpegr_e35_tt6&_nc_cat=110&ig_cache_key=MzgzOTA2MTYyODYzMzYxNzcyMg%3D%3D.3-ccb7-5&ccb=7-5&_nc_sid=58cdad&efg=eyJ2ZW5jb2RlX3RhZyI6IkNBUk9VU0VMX0lURU0ueHBpZHMuMTQ0MC5oZHIucmVndWxhcl9waG90by5DMyJ9&_nc_ohc=qOUVHdYXWU4Q7kNvwF3Fl3w&_nc_oc=Adqet52ET3Mg5OnIHb_R16Cj4Cn0visf56zO31hN1kiGBY7Hv7Zf_pC9LePq-9zT1AI&_nc_zt=23&_nc_ht=scontent-dfw6-2.cdninstagram.com&_nc_gid=VtTaNV4FXzlRQlFhTkXANQ&_nc_ss=7c289&oh=00_AQDLkANGRb-FIvZo5BS3a3lnqaUeSqIi98WiZPYiLrfjrg&oe=6A5E8B40', 'https://scontent-dfw5-1.cdninstagram.com/v/t51.82787-15/637703008_18586306714008147_1242313663111702062_n.jpg?stp=dst-jpegr_e35_tt6&_nc_cat=105&ig_cache_key=MzgzOTA2MTYzMzU5OTY4ODUxNw%3D%3D.3-ccb7-5&ccb=7-5&_nc_sid=58cdad&efg=eyJ2ZW5jb2RlX3RhZyI6IkNBUk9VU0VMX0lURU0ueHBpZHMuMTQ0MC5oZHIucmVndWxhcl9waG90by5DMyJ9&_nc_ohc=l-FHZNOqvUoQ7kNvwGaoPiV&_nc_oc=AdqgBXtK4nuDqpL9Q7S6LWS-MvWRhocV54VFu5yzbMFM_5757VRb9fVtLp9TPbqyRes&_nc_zt=23&_nc_ht=scontent-dfw5-1.cdninstagram.com&_nc_gid=VtTaNV4FXzlRQlFhTkXANQ&_nc_ss=7c289&oh=00_AQAPqngwaaAEVuKDWZcHMki4munKguRyeP_DnKEBH74KuQ&oe=6A5E90F8', 'https://scontent-dfw6-2.cdninstagram.com/v/t51.82787-15/640330155_18586306723008147_3620625823623372510_n.jpg?stp=dst-jpegr_e35_tt6&_nc_cat=108&ig_cache_key=MzgzOTA2MTYzNTk3MzcwODA2Ng%3D%3D.3-ccb7-5&ccb=7-5&_nc_sid=58cdad&efg=eyJ2ZW5jb2RlX3RhZyI6IkNBUk9VU0VMX0lURU0ueHBpZHMuMTQ0MC5oZHIucmVndWxhcl9waG90by5DMyJ9&_nc_ohc=IQOipzG2bi4Q7kNvwF-vKv4&_nc_oc=Adqqv0RifX0FE19E7OAtQBvIl1pmJaP1YaTg4Q7FwFIC2wmmhDBw_BSCgSMUPFIm_P4&_nc_zt=23&_nc_ht=scontent-dfw6-2.cdninstagram.com&_nc_gid=VtTaNV4FXzlRQlFhTkXANQ&_nc_ss=7c289&oh=00_AQAeRN_EdEa654l4AmVS_W97XjYnOoIxf_yTcnmymUH5kQ&oe=6A5E7E14', 'https://scontent-dfw5-1.cdninstagram.com/v/t51.82787-15/637173218_18586306735008147_4686412955297115272_n.jpg?stp=dst-jpegr_e35_tt6&_nc_cat=106&ig_cache_key=MzgzOTA2MTYzNzA4OTM5MTQyMw%3D%3D.3-ccb7-5&ccb=7-5&_nc_sid=58cdad&efg=eyJ2ZW5jb2RlX3RhZyI6IkNBUk9VU0VMX0lURU0ueHBpZHMuMTQ0MC5oZHIucmVndWxhcl9waG90by5DMyJ9&_nc_ohc=y8DaJxM43dUQ7kNvwGXmhQ-&_nc_oc=AdprI8XNXFl7Buy2HRP5oFnUg1wGa145fleRdkP0yHE8bp4jYuBaUKbziOBGooVkTR4&_nc_zt=23&_nc_ht=scontent-dfw5-1.cdninstagram.com&_nc_gid=VtTaNV4FXzlRQlFhTkXANQ&_nc_ss=7c289&oh=00_AQDvM4dtuQlFYUO6JCWF6SlQvqWMHnO-ZBDwMObtM-AWYw&oe=6A5E9DEB']","Photo by MUSE on February 23, 2026.",5,2026-02-23T18:42:32.000Z,"[{'id': '3839061610782719168', 'type': 'Image', 'caption': '', 'hashtags': [], 'mentions': [], 'url': 'https://www.instagram.com/p/DVHFjHdivzA/', 'commentsCount': 0, 'firstComment': '', 'latestComments': [], 'dimensionsHeight': 1440, 'dimensionsWidth': 1440, 'displayUrl': 'https://scontent-dfw6-1.cdninstagram.com/v/t51.82787-15/641727587_18586306672008147_3984961688598241651_n.jpg?stp=dst-jpegr_e35_tt6&_nc_cat=102&ig_cache_key=MzgzOTA2MTYxMDc4MjcxOTE2OA%3D%3D.3-ccb7-5&ccb=7-5&_nc_sid=58cdad&efg=eyJ2ZW5jb2RlX3RhZyI6IkNBUk9VU0VMX0lURU0ueHBpZHMuMTQ0MC5oZHIucmVndWxhcl9waG90by5DMyJ9&_nc_ohc=Jl1MkHpvwJsQ7kNvwHhNbGw&_nc_oc=AdraTtPMD-hXvGdBceeRO2XsReRgDW4EpVNjhwKUNizugMF3wEtrpeaXegGoRQSeX1M&_nc_zt=23&_nc_ht=scontent-dfw6-1.cdninstagram.com&_nc_gid=VtTaNV4FXzlRQlFhTkXANQ&_nc_ss=7c289&oh=00_AQCAEpxoKCRkegyUHn4LutZnl5trcDWhr1cBRsMBIAVo_Q&oe=6A5E8273', 'images': [], 'alt': 'Photo by MUSE on February 23, 2026.', 'likesCount': 0, 'timestamp': '2026-02-23T18:42:29.000Z', 'childPosts': [], 'ownerId': '17841400244386380', 'shortCode': 'DVHFjHdivzA', 'originalHeight': 1440, 'originalWidth': 1440, 'ownerUsername': 'muse_agency'}, {'id': '3839061620773506016', 'type': 'Image', 'caption': '', 'hashtags': [], 'mentions': [], 'url': 'https://www.instagram.com/p/DVHFjQxCkvg/', 'commentsCount': 0, 'firstComment': '', 'latestComments': [], 'dimensionsHeight': 1440, 'dimensionsWidth': 1440, 'displayUrl': 'https://scontent-dfw6-1.cdninstagram.com/v/t51.82787-15/626488453_18586306690008147_1065113066483716171_n.jpg?stp=dst-jpegr_e35_tt6&_nc_cat=103&ig_cache_key=MzgzOTA2MTYyMDc3MzUwNjAxNg%3D%3D.3-ccb7-5&ccb=7-5&_nc_sid=58cdad&efg=eyJ2ZW5jb2RlX3RhZyI6IkNBUk9VU0VMX0lURU0ueHBpZHMuMTQ0MC5oZHIucmVndWxhcl9waG90by5DMyJ9&_nc_ohc=nnjHa5FSz40Q7kNvwFRXmxT&_nc_oc=Adql96a7Qmtv3r2LoBxEsN_J5I65QwcuwnkXC7aCB9QIDciNwFuml0J3J1TxQnNPXII&_nc_zt=23&_nc_ht=scontent-dfw6-1.cdninstagram.com&_nc_gid=VtTaNV4FXzlRQlFhTkXANQ&_nc_ss=7c289&oh=00_AQC3XvAdsAp5NP8hXe2mUTF5HTy-ngzeiSnMHfw-ry9fRg&oe=6A5E94DF', 'images': [], 'alt': 'Photo by MUSE on February 23, 2026.', 'likesCount': 0, 'timestamp': '2026-02-23T18:42:29.000Z', 'childPosts': [], 'ownerId': '17841400244386380', 'shortCode': 'DVHFjQxCkvg', 'originalHeight': 1440, 'originalWidth': 1440, 'ownerUsername': 'muse_agency'}, {'id': '3839061623365604744', 'type': 'Image', 'caption': '', 'hashtags': [], 'mentions': [], 'url': 'https://www.instagram.com/p/DVHFjTLipWI/', 'commentsCount': 0, 'firstComment': '', 'latestComments': [], 'dimensionsHeight': 1440, 'dimensionsWidth': 1440, 'displayUrl': 'https://scontent-dfw6-2.cdninstagram.com/v/t51.82787-15/635476805_18586306693008147_2423087016274426134_n.jpg?stp=dst-jpegr_e35_tt6&_nc_cat=110&ig_cache_key=MzgzOTA2MTYyMzM2NTYwNDc0NA%3D%3D.3-ccb7-5&ccb=7-5&_nc_sid=58cdad&efg=eyJ2ZW5jb2RlX3RhZyI6IkNBUk9VU0VMX0lURU0ueHBpZHMuMTQ0MC5oZHIucmVndWxhcl9waG90by5DMyJ9&_nc_ohc=g-S9IrXoX5EQ7kNvwHi7lgj&_nc_oc=Adqk2l3gvzf8Bll2I2JcIIo9ogh5leKdndcDRVWdODe10iAZ5vRdsZKB97cY7D3fnRM&_nc_zt=23&_nc_ht=scontent-dfw6-2.cdninstagram.com&_nc_gid=VtTaNV4FXzlRQlFhTkXANQ&_nc_ss=7c289&oh=00_AQDYz8uGFPNz4oMj-bzIuGJ-5gSuywNpF903RumQpvDH3w&oe=6A5E815A', 'images': [], 'alt': 'Photo by MUSE on February 23, 2026.', 'likesCount': 0, 'timestamp': '2026-02-23T18:42:29.000Z', 'childPosts': [], 'ownerId': '17841400244386380', 'shortCode': 'DVHFjTLipWI', 'originalHeight': 1440, 'originalWidth': 1440, 'ownerUsername': 'muse_agency'}, {'id': '3839061628633617722', 'type': 'Image', 'caption': '', 'hashtags': [], 'mentions': [], 'url': 'https://www.instagram.com/p/DVHFjYFihU6/', 'commentsCount': 0, 'firstComment': '', 'latestComments': [], 'dimensionsHeight': 1440, 'dimensionsWidth': 1440, 'displayUrl': 'https://scontent-dfw6-2.cdninstagram.com/v/t51.82787-15/637739984_18586306705008147_406083107023915371_n.jpg?stp=dst-jpegr_e35_tt6&_nc_cat=110&ig_cache_key=MzgzOTA2MTYyODYzMzYxNzcyMg%3D%3D.3-ccb7-5&ccb=7-5&_nc_sid=58cdad&efg=eyJ2ZW5jb2RlX3RhZyI6IkNBUk9VU0VMX0lURU0ueHBpZHMuMTQ0MC5oZHIucmVndWxhcl9waG90by5DMyJ9&_nc_ohc=qOUVHdYXWU4Q7kNvwF3Fl3w&_nc_oc=Adqet52ET3Mg5OnIHb_R16Cj4Cn0visf56zO31hN1kiGBY7Hv7Zf_pC9LePq-9zT1AI&_nc_zt=23&_nc_ht=scontent-dfw6-2.cdninstagram.com&_nc_gid=VtTaNV4FXzlRQlFhTkXANQ&_nc_ss=7c289&oh=00_AQDLkANGRb-FIvZo5BS3a3lnqaUeSqIi98WiZPYiLrfjrg&oe=6A5E8B40', 'images': [], 'alt': 'Photo by MUSE on February 23, 2026.', 'likesCount': 0, 'timestamp': '2026-02-23T18:42:29.000Z', 'childPosts': [], 'ownerId': '17841400244386380', 'shortCode': 'DVHFjYFihU6', 'originalHeight': 1440, 'originalWidth': 1440, 'ownerUsername': 'muse_agency'}, {'id': '3839061633599688517', 'type': 'Image', 'caption': '', 'hashtags': [], 'mentions': [], 'url': 'https://www.instagram.com/p/DVHFjctik9F/', 'commentsCount': 0, 'firstComment': '', 'latestComments': [], 'dimensionsHeight': 1440, 'dimensionsWidth': 1440, 'displayUrl': 'https://scontent-dfw5-1.cdninstagram.com/v/t51.82787-15/637703008_18586306714008147_1242313663111702062_n.jpg?stp=dst-jpegr_e35_tt6&_nc_cat=105&ig_cache_key=MzgzOTA2MTYzMzU5OTY4ODUxNw%3D%3D.3-ccb7-5&ccb=7-5&_nc_sid=58cdad&efg=eyJ2ZW5jb2RlX3RhZyI6IkNBUk9VU0VMX0lURU0ueHBpZHMuMTQ0MC5oZHIucmVndWxhcl9waG90by5DMyJ9&_nc_ohc=l-FHZNOqvUoQ7kNvwGaoPiV&_nc_oc=AdqgBXtK4nuDqpL9Q7S6LWS-MvWRhocV54VFu5yzbMFM_5757VRb9fVtLp9TPbqyRes&_nc_zt=23&_nc_ht=scontent-dfw5-1.cdninstagram.com&_nc_gid=VtTaNV4FXzlRQlFhTkXANQ&_nc_ss=7c289&oh=00_AQAPqngwaaAEVuKDWZcHMki4munKguRyeP_DnKEBH74KuQ&oe=6A5E90F8', 'images': [], 'alt': 'Photo by MUSE on February 23, 2026.', 'likesCount': 0, 'timestamp': '2026-02-23T18:42:29.000Z', 'childPosts': [], 'ownerId': '17841400244386380', 'shortCode': 'DVHFjctik9F', 'originalHeight': 1440, 'originalWidth': 1440, 'ownerUsername': 'muse_agency'}, {'id': '3839061635973708066', 'type': 'Image', 'caption': '', 'hashtags': [], 'mentions': [], 'url': 'https://www.instagram.com/p/DVHFje7Cvki/', 'commentsCount': 0, 'firstComment': '', 'latestComments': [], 'dimensionsHeight': 1440, 'dimensionsWidth': 1440, 'displayUrl': 'https://scontent-dfw6-2.cdninstagram.com/v/t51.82787-15/640330155_18586306723008147_3620625823623372510_n.jpg?stp=dst-jpegr_e35_tt6&_nc_cat=108&ig_cache_key=MzgzOTA2MTYzNTk3MzcwODA2Ng%3D%3D.3-ccb7-5&ccb=7-5&_nc_sid=58cdad&efg=eyJ2ZW5jb2RlX3RhZyI6IkNBUk9VU0VMX0lURU0ueHBpZHMuMTQ0MC5oZHIucmVndWxhcl9waG90by5DMyJ9&_nc_ohc=IQOipzG2bi4Q7kNvwF-vKv4&_nc_oc=Adqqv0RifX0FE19E7OAtQBvIl1pmJaP1YaTg4Q7FwFIC2wmmhDBw_BSCgSMUPFIm_P4&_nc_zt=23&_nc_ht=scontent-dfw6-2.cdninstagram.com&_nc_gid=VtTaNV4FXzlRQlFhTkXANQ&_nc_ss=7c289&oh=00_AQAeRN_EdEa654l4AmVS_W97XjYnOoIxf_yTcnmymUH5kQ&oe=6A5E7E14', 'images': [], 'alt': 'Photo by MUSE on February 23, 2026.', 'likesCount': 0, 'timestamp': '2026-02-23T18:42:29.000Z', 'childPosts': [], 'ownerId': '17841400244386380', 'shortCode': 'DVHFje7Cvki', 'originalHeight': 1440, 'originalWidth': 1440, 'ownerUsername': 'muse_agency'}, {'id': '3839061637089391423', 'type': 'Image', 'caption': '', 'hashtags': [], 'mentions': [], 'url': 'https://www.instagram.com/p/DVHFjf9ivM_/', 'commentsCount': 0, 'firstComment': '', 'latestComments': [], 'dimensionsHeight': 1440, 'dimensionsWidth': 1440, 'displayUrl': 'https://scontent-dfw5-1.cdninstagram.com/v/t51.82787-15/637173218_18586306735008147_4686412955297115272_n.jpg?stp=dst-jpegr_e35_tt6&_nc_cat=106&ig_cache_key=MzgzOTA2MTYzNzA4OTM5MTQyMw%3D%3D.3-ccb7-5&ccb=7-5&_nc_sid=58cdad&efg=eyJ2ZW5jb2RlX3RhZyI6IkNBUk9VU0VMX0lURU0ueHBpZHMuMTQ0MC5oZHIucmVndWxhcl9waG90by5DMyJ9&_nc_ohc=y8DaJxM43dUQ7kNvwGXmhQ-&_nc_oc=AdprI8XNXFl7Buy2HRP5oFnUg1wGa145fleRdkP0yHE8bp4jYuBaUKbziOBGooVkTR4&_nc_zt=23&_nc_ht=scontent-dfw5-1.cdninstagram.com&_nc_gid=VtTaNV4FXzlRQlFhTkXANQ&_nc_ss=7c289&oh=00_AQDvM4dtuQlFYUO6JCWF6SlQvqWMHnO-ZBDwMObtM-AWYw&oe=6A5E9DEB', 'images': [], 'alt': 'Photo by MUSE on February 23, 2026.', 'likesCount': 0, 'timestamp': '2026-02-23T18:42:29.000Z', 'childPosts': [], 'ownerId': '17841400244386380', 'shortCode': 'DVHFjf9ivM_', 'originalHeight': 1440, 'originalWidth': 1440, 'ownerUsername': 'muse_agency'}]",MUSE,muse_agency,408328146,False,https://www.instagram.com/muse_agency/,1440,1440,carousel_container,La Marsa,229022100,,,,,,,,,
3679644997285839099,Image,DMQuaEixAD7,"Pourquoi produire ?

À l’ère du contenu rapide et de la saturation visuelle, la production audiovisuelle est devenue un pilier fondamental pour transmettre des idées, émouvoir, et éveiller les consciences. Mais une question essentielle demeure : Pourquoi produire ?

Nous ne croyons pas à une production qui se limite au divertissement ou à la chasse aux vues. Pour nous, chaque production — qu’il s’agisse d’un court-métrage, d’une publicité ou d’un contenu digital — doit porter un message, servir une cause et créer un impact. Car une création qui ne sème pas une idée, n’éclaire pas un esprit, ou ne touche pas une âme, reste vide, aussi spectaculaire soit-elle.

Nous croyons que l’objectif peut devenir une arme de changement, qu’un scénario peut être un pont vers la conscience, et que chaque image doit être pensée avec sincérité et livrée avec sens.

Nous produisons pour éveiller, sensibiliser et impacter

#emmak_prod #marketingdigital #socialmediamarketing #marketing #contentcreator","['emmak_prod', 'marketingdigital', 'socialmediamarketing', 'marketing', 'contentcreator']",[],https://www.instagram.com/p/DMQuaEixAD7/,0,,[],1080,1080,https://scontent-iad6-1.cdninstagram.com/v/t39.30808-6/519657750_730070326277526_6995221277197318430_n.jpg?stp=dst-jpg_e15_tt6&_nc_ht=scontent-iad6-1.cdninstagram.com&_nc_cat=106&_nc_oc=Q6cZ2gHAdCV7wDMkjXthiXK9dbDGuASbS9Enm2j2U6KEsRqT3gtvggr4IycAL9t2ibU4z2w&_nc_ohc=NFKvcGa4dDQQ7kNvwEYi15m&_nc_gid=F6gI5Zv7BL8NTVASFEyWZA&edm=ADp7STQAAAAA&ccb=7-5&oh=00_AQDjoi61bqB4g2Ml641Q0QlBvqKHR7hNkj1dfNl5oWlIUA&oe=6A5E901A&_nc_sid=c6f216,[],"Photo by Emmak Prod on July 18, 2025.",2,2025-07-18T19:44:48.000Z,[],Emmak Prod,emmakprod,51343982422,False,https://www.instagram.com/emmakprod/,1024,1024,feed,,,,,,,,,,,
3833268070978834936,Sidecar,DUygQBDilH4,"Fiers d’avoir contribué à la création et au développement de la marque Azima.

De l’identité et l’ADN de la marque au design du packaging, en passant par le choix d’une bouteille sobre et élégante avec une calligraphie sur mesure, chaque détail a été pensé pour refléter son positionnement premium.

Nous avons également accompagné la marque dans le développement de son site web et sa présence au Gulfood à Dubaï.

Azima, une signature forte, prête à rayonner à l’international.

#Branding #Packaging #OliveOil #MuseAgency #Gulfood","['Branding', 'Packaging', 'OliveOil', 'MuseAgency', 'Gulfood']",[],https://www.instagram.com/p/DUygQBDilH4/,0,,[],1024,1024,https://scontent-lga3-1.cdninstagram.com/v/t51.82787-15/626298558_18580728772008147_545486126889626972_n.jpg?stp=dst-jpg_e35_tt6&_nc_cat=109&ig_cache_key=MzgzMzI2Nzk4MDA0NjMzMTUyNQ%3D%3D.3-ccb7-5&ccb=7-5&_nc_sid=58cdad&efg=eyJ2ZW5jb2RlX3RhZyI6IkNBUk9VU0VMX0lURU0ueHBpZHMuMTAyNC5zZHIucmVndWxhcl9waG90by5DMyJ9&_nc_ohc=KGx6YFnJmzUQ7kNvwG01svg&_nc_oc=AdqaZa1rztll1bU1cyDnV_84Xo21cX1AtgUfvo96B5kT-2LnTZMxHC_7ilQ5sbE7GfqM94YsfgA7ICWVYO626gdR&_nc_zt=23&_nc_ht=scontent-lga3-1.cdninstagram.com&_nc_gid=LeA8F5q6CKof0I_SLWuAhA&_nc_ss=7d689&oh=00_AQBvTqLqSBgpirhWmRkZIP3ZeKtw9TwiyWzHRZTF8xLBZQ&oe=6A5E6A63,"['https://scontent-lga3-1.cdninstagram.com/v/t51.82787-15/626298558_18580728772008147_545486126889626972_n.jpg?stp=dst-jpg_e35_tt6&_nc_cat=109&ig_cache_key=MzgzMzI2Nzk4MDA0NjMzMTUyNQ%3D%3D.3-ccb7-5&ccb=7-5&_nc_sid=58cdad&efg=eyJ2ZW5jb2RlX3RhZyI6IkNBUk9VU0VMX0lURU0ueHBpZHMuMTAyNC5zZHIucmVndWxhcl9waG90by5DMyJ9&_nc_ohc=KGx6YFnJmzUQ7kNvwG01svg&_nc_oc=AdqaZa1rztll1bU1cyDnV_84Xo21cX1AtgUfvo96B5kT-2LnTZMxHC_7ilQ5sbE7GfqM94YsfgA7ICWVYO626gdR&_nc_zt=23&_nc_ht=scontent-lga3-1.cdninstagram.com&_nc_gid=LeA8F5q6CKof0I_SLWuAhA&_nc_ss=7d689&oh=00_AQBvTqLqSBgpirhWmRkZIP3ZeKtw9TwiyWzHRZTF8xLBZQ&oe=6A5E6A63', 'https://scontent-lga3-3.cdninstagram.com/v/t51.82787-15/632503073_18580728754008147_6304631411704697858_n.jpg?stp=dst-jpg_e35_tt6&_nc_cat=102&ig_cache_key=MzgzMzI2Nzk3NzU1NDkxNjIxNg%3D%3D.3-ccb7-5&ccb=7-5&_nc_sid=58cdad&efg=eyJ2ZW5jb2RlX3RhZyI6IkNBUk9VU0VMX0lURU0ueHBpZHMuMTAyNC5zZHIucmVndWxhcl9waG90by5DMyJ9&_nc_ohc=-Bxq7bb6AjYQ7kNvwHc3mKA&_nc_oc=AdpR3xyoywR7aT6P-YNOz-1fOk8B3h5VLrF6DQ8JAU5l6WdZ8bDQE5_P6j6B74gRGH_0tL2xze6XW9JTvu89L9AT&_nc_zt=23&_nc_ht=scontent-lga3-3.cdninstagram.com&_nc_gid=LeA8F5q6CKof0I_SLWuAhA&_nc_ss=7d689&oh=00_AQACsNd5-SU8T11ehiaTnVgF2bS16JG_iLMNctH-LnzwKQ&oe=6A5E7D2A', 'https://scontent-lga3-3.cdninstagram.com/v/t51.82787-15/630107022_18580728775008147_786208759515296921_n.jpg?stp=dst-jpg_e35_tt6&_nc_cat=102&ig_cache_key=MzgzMzI2Nzk3ODg5NzA4NDMyMA%3D%3D.3-ccb7-5&ccb=7-5&_nc_sid=58cdad&efg=eyJ2ZW5jb2RlX3RhZyI6IkNBUk9VU0VMX0lURU0ueHBpZHMuMTM5MS5zZHIucmVndWxhcl9waG90by5DMyJ9&_nc_ohc=5vPyM2lG2ngQ7kNvwGzA8jD&_nc_oc=AdqKB-OWegvF1RH14UB9SNvKGUo-8MrS86zuanoClTA3T1KimwFqkutV8z7IEJkQnAhuieNNWMXJHGLGeILXPOy8&_nc_zt=23&_nc_ht=scontent-lga3-3.cdninstagram.com&_nc_gid=LeA8F5q6CKof0I_SLWuAhA&_nc_ss=7d689&oh=00_AQDmhv7ggexmtcBbT_fx82qswgoFLVcFxtGjLD7BQIgriA&oe=6A5E68AE']","Photo by MUSE on February 15, 2026.",7,2026-02-15T18:46:25.000Z,"[{'id': '3833267980046331525', 'type': 'Image', 'caption': '', 'hashtags': [], 'mentions': [], 'url': 'https://www.instagram.com/p/DUygOsXim6F/', 'commentsCount': 0, 'firstComment': '', 'latestComments': [], 'dimensionsHeight': 1024, 'dimensionsWidth': 1024, 'displayUrl': 'https://scontent-lga3-1.cdninstagram.com/v/t51.82787-15/626298558_18580728772008147_545486126889626972_n.jpg?stp=dst-jpg_e35_tt6&_nc_cat=109&ig_cache_key=MzgzMzI2Nzk4MDA0NjMzMTUyNQ%3D%3D.3-ccb7-5&ccb=7-5&_nc_sid=58cdad&efg=eyJ2ZW5jb2RlX3RhZyI6IkNBUk9VU0VMX0lURU0ueHBpZHMuMTAyNC5zZHIucmVndWxhcl9waG90by5DMyJ9&_nc_ohc=KGx6YFnJmzUQ7kNvwG01svg&_nc_oc=AdqaZa1rztll1bU1cyDnV_84Xo21cX1AtgUfvo96B5kT-2LnTZMxHC_7ilQ5sbE7GfqM94YsfgA7ICWVYO626gdR&_nc_zt=23&_nc_ht=scontent-lga3-1.cdninstagram.com&_nc_gid=LeA8F5q6CKof0I_SLWuAhA&_nc_ss=7d689&oh=00_AQBvTqLqSBgpirhWmRkZIP3ZeKtw9TwiyWzHRZTF8xLBZQ&oe=6A5E6A63', 'images': [], 'alt': 'Photo by MUSE on February 15, 2026.', 'likesCount': 0, 'timestamp': '2026-02-15T18:46:21.000Z', 'childPosts': [], 'ownerId': '17841400244386380', 'shortCode': 'DUygOsXim6F', 'originalHeight': 1024, 'originalWidth': 1024, 'ownerUsername': 'muse_agency'}, {'id': '3833267977554916216', 'type': 'Image', 'caption': '', 'hashtags': [], 'mentions': [], 'url': 'https://www.instagram.com/p/DUygOqDCnN4/', 'commentsCount': 0, 'firstComment': '', 'latestComments': [], 'dimensionsHeight': 1024, 'dimensionsWidth': 1024, 'displayUrl': 'https://scontent-lga3-3.cdninstagram.com/v/t51.82787-15/632503073_18580728754008147_6304631411704697858_n.jpg?stp=dst-jpg_e35_tt6&_nc_cat=102&ig_cache_key=MzgzMzI2Nzk3NzU1NDkxNjIxNg%3D%3D.3-ccb7-5&ccb=7-5&_nc_sid=58cdad&efg=eyJ2ZW5jb2RlX3RhZyI6IkNBUk9VU0VMX0lURU0ueHBpZHMuMTAyNC5zZHIucmVndWxhcl9waG90by5DMyJ9&_nc_ohc=-Bxq7bb6AjYQ7kNvwHc3mKA&_nc_oc=AdpR3xyoywR7aT6P-YNOz-1fOk8B3h5VLrF6DQ8JAU5l6WdZ8bDQE5_P6j6B74gRGH_0tL2xze6XW9JTvu89L9AT&_nc_zt=23&_nc_ht=scontent-lga3-3.cdninstagram.com&_nc_gid=LeA8F5q6CKof0I_SLWuAhA&_nc_ss=7d689&oh=00_AQACsNd5-SU8T11ehiaTnVgF2bS16JG_iLMNctH-LnzwKQ&oe=6A5E7D2A', 'images': [], 'alt': 'Photo by MUSE on February 15, 2026.', 'likesCount': 0, 'timestamp': '2026-02-15T18:46:21.000Z', 'childPosts': [], 'ownerId': '17841400244386380', 'shortCode': 'DUygOqDCnN4', 'originalHeight': 1024, 'originalWidth': 1024, 'ownerUsername': 'muse_agency'}, {'id': '3833267978897084320', 'type': 'Image', 'caption': '', 'hashtags': [], 'mentions': [], 'url': 'https://www.instagram.com/p/DUygOrTCk-g/', 'commentsCount': 0, 'firstComment': '', 'latestComments': [], 'dimensionsHeight': 1391, 'dimensionsWidth': 1391, 'displayUrl': 'https://scontent-lga3-3.cdninstagram.com/v/t51.82787-15/630107022_18580728775008147_786208759515296921_n.jpg?stp=dst-jpg_e35_tt6&_nc_cat=102&ig_cache_key=MzgzMzI2Nzk3ODg5NzA4NDMyMA%3D%3D.3-ccb7-5&ccb=7-5&_nc_sid=58cdad&efg=eyJ2ZW5jb2RlX3RhZyI6IkNBUk9VU0VMX0lURU0ueHBpZHMuMTM5MS5zZHIucmVndWxhcl9waG90by5DMyJ9&_nc_ohc=5vPyM2lG2ngQ7kNvwGzA8jD&_nc_oc=AdqKB-OWegvF1RH14UB9SNvKGUo-8MrS86zuanoClTA3T1KimwFqkutV8z7IEJkQnAhuieNNWMXJHGLGeILXPOy8&_nc_zt=23&_nc_ht=scontent-lga3-3.cdninstagram.com&_nc_gid=LeA8F5q6CKof0I_SLWuAhA&_nc_ss=7d689&oh=00_AQDmhv7ggexmtcBbT_fx82qswgoFLVcFxtGjLD7BQIgriA&oe=6A5E68AE', 'images': [], 'alt': 'Photo by MUSE on February 15, 2026.', 'likesCount': 0, 'timestamp': '2026-02-15T18:46:21.000Z', 'childPosts': [], 'ownerId': '17841400244386380', 'shortCode': 'DUygOrTCk-g', 'originalHeight': 1391, 'originalWidth': 1391, 'ownerUsername': 'muse_agency'}]",MUSE,muse_agency,408328146,False,https://www.instagram.com/muse_agency/,1024,1024,carousel_container,,,,,,,,,,,
3800329884460588972,Image,DS9e-UYkx-s,"🎉 Bonne année 2026 ! ✨

En ce début d’année, toute l’équipe de Pi 2r tient à vous remercier sincèrement pour votre confiance et le chemin parcouru ensemble.

Que 2026 soit une année pleine d’élan, d’idées à faire grandir, de rencontres inspirantes et de réussites dont vous serez fiers. Nous sommes ravis de poursuivre cette aventure à vos côtés et de continuer à construire, étape après étape, de beaux projets communs.

Ensemble, avançons vers l’avenir 🚀
Le meilleur reste à écrire !

#BonneAnnée2026 #Vœux #Confiance #Partenariat","['BonneAnnée2026', 'Vœux', 'Confiance', 'Partenariat']",[],https://www.instagram.com/p/DS9e-UYkx-s/,0,,[],1350,1080,https://scontent-den2-1.cdninstagram.com/v/t39.30808-6/608515353_1446326770825790_4574004091735274767_n.jpg?stp=dst-jpg_e15_fr_p1080x1080_tt6&_nc_ht=scontent-den2-1.cdninstagram.com&_nc_cat=102&_nc_oc=Q6cZ2gHwzzVYjHUe_yQUWaNHf-xO-i4rYpcnkdqeJpa92bQlBQmJk9c_mYTtLHwB0znxjiU&_nc_ohc=Vl5pDOkcMRAQ7kNvwF4UuC8&_nc_gid=FiqCm2N7vxT1SP_uGzU8-Q&edm=ADp7STQAAAAA&ccb=7-5&oh=00_AQCLXx8tu8dNrVqUu3a5_H-PAjh6MCGll18cB7QqN5CKiw&oe=6A5E6E64&_nc_sid=c6f216,[],"Photo by Pi2r on January 01, 2026.",2,2026-01-01T08:04:07.000Z,[],Pi2r,agence_pi2r,3982105280,False,https://www.instagram.com/agence_pi2r/,1350,1080,feed,,,,,,,,,,,
3664874827795529793,Video,DLcQD0RBgBB,السّيدة نفيسة بن سوسية رئيسة جمعيّة الإتحاد الثقافي بسوسة,[],[],https://www.instagram.com/p/DLcQD0RBgBB/,0,,[],1136,640,https://scontent-lga3-2.cdninstagram.com/v/t51.71878-15/504017075_721796564045377_725411517390105919_n.jpg?stp=dst-jpg_e15_tt6&_nc_ht=scontent-lga3-2.cdninstagram.com&_nc_cat=101&_nc_oc=Q6cZ2gHbcBzJbggFqG7uyVlyVCHsFflSNRmYQTiai6EY0T7GFkpi5O-YwCVdGu_cpCU7PPc&_nc_ohc=NM-FkP4dwIwQ7kNvwH5p2fs&_nc_gid=vTNZVSMzbWj2yp4YaZ8mpw&edm=ADp7STQBAAAA&ccb=7-5&oh=00_AQC8dCRPWQAFvHhDTkEXiWrO_dxabM074-oc4HgUA1-C_w&oe=6A5E94E9&_nc_sid=c6f216,[],"Video by Emmak Prod on June 28, 2025.",3,2025-06-28T10:39:39.000Z,[],Emmak Prod,emmakprod,51343982422,False,https://www.instagram.com/emmakprod/,1280,720,clips,,,,https://scontent-iad6-1.cdninstagram.com/o1/v/t2/f2/m367/AQMT8BoVI39Yhft5ccAxOWAKHjCLYEcAHCy7uV96ofotcP04rP8h7VjQP1Ppd3CQLiLGDFK5-ElcaeW_64HKt70txxLay3KpIOWgbFo.mp4?_nc_cat=107&_nc_sid=5e9851&_nc_ht=scontent-iad6-1.cdninstagram.com&_nc_ohc=-mlnp3BzfNoQ7kNvwEaWQBF&efg=eyJ2ZW5jb2RlX3RhZyI6Inhwdl9wcm9ncmVzc2l2ZS5JTlNUQUdSQU0uQ0xJUFMuQzMuNzIwLmRhc2hfYmFzZWxpbmVfMV92MSIsInhwdl9hc3NldF9pZCI6MTQxMzI2NDA2MzE5OTk1OSwiYXNzZXRfYWdlX2RheXMiOjM4MiwidmlfdXNlY2FzZV9pZCI6MTAwOTksImR1cmF0aW9uX3MiOjczLCJ1cmxnZW5fc291cmNlIjoid3d3In0%3D&ccb=17-1&vs=320e0dcb2001a543&_nc_vs=HBksFQIYQGlnX2VwaGVtZXJhbC9CNzRFREFDNkJBOTI4QjNCNTlEMTdDNkU3NDM0RjE4NV92aWRlb19kYXNoaW5pdC5tcDQVAALIARIAFQIYR2lnX3hwdl9yZWVsc19wZXJtYW5lbnRfc3JfcHJvZC8xMjcwODcwNzc0NTM5NTc2Xzg5ODg3NzQwNDk3NDYzOTgzODAubXA0FQICyAESACgAGAAbAogHdXNlX29pbAExEnByb2dyZXNzaXZlX3JlY2lwZQExFQAAJq7rr-fl1oIFFQIoAkMzLBdAUkiDEm6XjRgSZGFzaF9iYXNlbGluZV8xX3YxEQB1_gdl5p0BAA&_nc_gid=zyL32O15dG9zi8ZvtFhuqw&_nc_ss=7c689&_nc_zt=28&oh=00_AQAuAGgYQ-bhtiBy9CP9R5hscQZp6XWsvykB_y8Eb_SNKw&oe=6A5E6954,56,https://scontent-iad3-1.cdninstagram.com/o1/v/t2/f2/m86/AQOfoOsZZfzi23OZchiZWFiwTYDOxXVY0bK5Fxp6_73zfDvUsNch7dG0iB3zfupge8GG_bfGBkuRLDnBhLYmhiUS.mp4?_nc_cat=104&_nc_sid=9ca052&_nc_ht=scontent-iad3-1.cdninstagram.com&_nc_ohc=ONI70zwX8jkQ7kNvwE4IQfd&efg=eyJ2ZW5jb2RlX3RhZyI6ImlnLXhwdmRzLmNsaXBzLmlnd3d3LUMzLmRhc2hfbG5faGVhYWNfdmJyM19hdWRpbyIsInZpZGVvX2lkIjpudWxsLCJvaWxfdXJsZ2VuX2FwcF9pZCI6OTM2NjE5NzQzMzkyNDU5LCJjbGllbnRfbmFtZSI6ImlnIiwieHB2X2Fzc2V0X2lkIjoxNDEzMjY0MDYzMTk5OTU5LCJhc3NldF9hZ2VfZGF5cyI6MzgyLCJ2aV91c2VjYXNlX2lkIjoxMDA5OSwiZHVyYXRpb25fcyI6NzMsImJpdHJhdGUiOjUxNjg5LCJ1cmxnZW5fc291cmNlIjoid3d3In0%3D&ccb=17-1&_nc_gid=zyL32O15dG9zi8ZvtFhuqw&_nc_ss=7c689&_nc_zt=28&oh=00_AQC4CZjbmH2QqA1zu1-3N0IwDifQ_N5Tc6daLEAApIFi8g&oe=6A5A7F8A,73.133,"{'artist_name': 'emmakprod', 'song_name': 'Original audio', 'uses_original_audio': True, 'should_mute_audio': False, 'should_mute_audio_reason': '', 'audio_id': '3678668079095324'}",357,,
3387309895519948789,Image,C8CJGc6oc_1,"Dans le marketing, l'incertitude n'est pas une option. Optez pour des stratégies solides et une exécution parfaite 🎯
Mail: 2021hagency@gmail.com
Infoline: 51 716 001
#Hagency #Tunisie #communication #digital #marketingdigital","['Hagency', 'Tunisie', 'communication', 'digital', 'marketingdigital']",[],https://www.instagram.com/p/C8CJGc6oc_1/,0,,[],1080,1080,https://scontent-atl3-2.cdninstagram.com/v/t51.82787-15/626505033_18252313339292618_114210498267326810_n.jpg?stp=dst-jpg_e15_fr_s1080x1080_tt6&_nc_ht=scontent-atl3-2.cdninstagram.com&_nc_cat=102&_nc_oc=Q6cZ2gE0J7D1R4Ao1QF6i5sDkbwC39GILo1LJL6a6jGelgViy4nkJ9-w-1KsMgG6pnI5opU&_nc_ohc=S9V6aM1liaUQ7kNvwHc3cj8&_nc_gid=6rXWQGoNdgEUE0fZC43oZQ&edm=ADp7STQBAAAA&ccb=7-5&oh=00_AQAMJX7pmkQ5FV5-sqU1h55rH6l5Txm6gorNz6hHLRKLyw&oe=6A5E6DF3&_nc_sid=c6f216,[],"Photo by H.agency on June 10, 2024.",0,2024-06-10T11:27:07.000Z,[],H.agency,h.agency.tunisia,53455295369,False,https://www.instagram.com/h.agency.tunisia/,1080,1080,feed,,,,,,,,,,,
3364977729511454490,Image,C6yzWqkoXca,"Quote of the day 💡
Mail: 2021hagency@gmail.com
Infoline: 51 716 001
#Hagency #Tunisie #communication #digital #marketingdigital","['Hagency', 'Tunisie', 'communication', 'digital', 'marketingdigital']",[],https://www.instagram.com/p/C6yzWqkoXca/,0,,[],1080,1080,https://instagram.ffsd3-1.fna.fbcdn.net/v/t51.82787-15/625543453_18085258822915603_3563393806233794208_n.jpg?stp=dst-jpg_e15_fr_s1080x1080_tt6&_nc_ht=instagram.ffsd3-1.fna.fbcdn.net&_nc_cat=107&_nc_oc=Q6cZ2gGMFjNWeDy6xo18X9S9MflpprS0W_I4bjjdihq8woDlFiChxdWX_40-zhfqIDMoSFbftyRRQ54jzbzdI40Cgy3n&_nc_ohc=bHT_O_pICN8Q7kNvwHWBdVO&_nc_gid=fyw_yFBpjuxM9VEhwVLAWg&edm=ADp7STQBAAAA&ccb=7-5&oh=00_AQBRLG8x95j6GD08sJHnbmEGe2SVNZktCaKqarVFDpNzqw&oe=6A5E7335&_nc_sid=c6f216,[],"Photo by H.agency on May 10, 2024.",0,2024-05-10T15:57:06.000Z,[],H.agency,h.agency.tunisia,53455295369,False,https://www.instagram.com/h.agency.tunisia/,1080,1080,feed,,,,,,,,,,,
3366942945568864917,Image,C65yMUpo7qV,"🔎 Le SEO : votre passeport pour la visibilité en ligne. 💼 Parlez aux moteurs de recherche pour que votre entreprise soit entendue dans le monde numérique
Mail: 2021hagency@gmail.com
Infoline: 51 716 001
#Hagency #Tunisie #communication #digital #marketingdigital","['Hagency', 'Tunisie', 'communication', 'digital', 'marketingdigital']",[],https://www.instagram.com/p/C65yMUpo7qV/,0,,[],1080,1080,https://scontent-dfw6-1.cdninstagram.com/v/t51.82787-15/627180097_18338291734214126_2068218493697807266_n.jpg?stp=dst-jpg_e15_fr_s1080x1080_tt6&_nc_ht=scontent-dfw6-1.cdninstagram.com&_nc_cat=102&_nc_oc=Q6cZ2gHC4QmL-7z7DU04JqFfD9g9GD7GJKM884qXV7O5VqQH8eF2U5-Ip0g9PWVMpecKIhQ&_nc_ohc=jnBO8L8wj_gQ7kNvwFnUNLz&_nc_gid=fI6Ij3aHEJ5fQvkA2HHb-A&edm=ADp7STQBAAAA&ccb=7-5&oh=00_AQDEGehqnAMgP969gPq9EidbGreamH9JYu7V0mrCPwockw&oe=6A5E878F&_nc_sid=c6f216,[],"Photo by H.agency on May 13, 2024.",0,2024-05-13T09:01:38.000Z,[],H.agency,h.agency.tunisia,53455295369,False,https://www.instagram.com/h.agency.tunisia/,1080,1080,feed,,,,,,,,,,,
3359901985051638026,Image,C6gxQ3LIfkK,"Chaque message compte. Transformez-les en opportunités de succès avec notre méthode éprouvée 💬🚀
Mail: 2021hagency@gmail.com
Infoline: 51 716 001
#Hagency #Tunisie #communication #digital #marketingdigital","['Hagency', 'Tunisie', 'communication', 'digital', 'marketingdigital']",[],https://www.instagram.com/p/C6gxQ3LIfkK/,0,,[],1080,1080,https://scontent-ord5-3.cdninstagram.com/v/t51.82787-15/623931706_18069805700183892_1719160644970823684_n.jpg?stp=dst-jpg_e15_fr_s1080x1080_tt6&_nc_ht=scontent-ord5-3.cdninstagram.com&_nc_cat=100&_nc_oc=Q6cZ2gHplK010ImkYEAeF84um0GlxFu3_Jk5z79mKd02OuTamErex2phIPeGQvyol4fdp5Wb0vgMG4FCktPl4hrn3726&_nc_ohc=F1LTUCIPvT8Q7kNvwHHEELX&_nc_gid=VBWNJio2WmpdgPxv9iF0QQ&edm=ADp7STQBAAAA&ccb=7-5&oh=00_AQDYrVdUqv0iSLOXWlw7lZ-Nl6lItt0Jnre0yH1pT5KP1Q&oe=6A5E7E08&_nc_sid=c6f216,[],"Photo by H.agency on May 03, 2024.",0,2024-05-03T15:52:30.000Z,[],H.agency,h.agency.tunisia,53455295369,False,https://www.instagram.com/h.agency.tunisia/,1080,1080,feed,,,,,,,,,,,
3698236787885531620,Image,DNSxsO1MuHk,"📅 #13Août – Une date clé dans l’histoire de la #Tunisie.
En 1956, le Code du Statut Personnel (CSP), initié par le président Habib Bourguiba, marque une réforme juridique et sociale majeure.
 Considéré comme l’un des textes les plus progressistes du monde arabe en matière de #DroitsDesFemmes, il a :
 ✅ Aboli la polygamie
 ✅ Institué le mariage civil
 ✅ Consacré le droit au divorce
Cette avancée a permis à la femme tunisienne de devenir citoyenne à part entière, avec un accès renforcé à l’éducation, au travail et à la vie publique.
🇹🇳 Un héritage qui continue d’inspirer et de rappeler l’importance de préserver et faire évoluer ces acquis.","['13Août', 'Tunisie.', 'DroitsDesFemmes,']",[],https://www.instagram.com/p/DNSxsO1MuHk/,0,,[],1350,1080,https://scontent-lga3-1.cdninstagram.com/v/t39.30808-6/533035083_1323408986450903_3341186796703035498_n.jpg?stp=dst-jpg_e15_fr_p1080x1080_tt6&_nc_ht=scontent-lga3-1.cdninstagram.com&_nc_cat=111&_nc_oc=Q6cZ2gEmUtrXJj9InWCN0Szc_sXK3AdqNYA0D74rexzmyzgSQldwxR1oSpVpgV54rmGOzAw&_nc_ohc=XYynXc0W8hEQ7kNvwHS5t3O&_nc_gid=LSm5_1UxGPPG-tLRjfpWMw&edm=ADp7STQAAAAA&ccb=7-5&oh=00_AQAuSWqINsINNNs3QaFsYF7s6dj5N4DJ_h39d6ownQfwqw&oe=6A5E9C04&_nc_sid=c6f216,[],"Photo by Pi2r on August 13, 2025.",2,2025-08-13T11:23:22.000Z,[],Pi2r,agence_pi2r,3982105280,False,https://www.instagram.com/agence_pi2r/,1350,1080,feed,,,,,,,,,,,
3369127568688138741,Image,C7Bi6xeocn1,"Votre audience mérite plus que des publicités standard. Optez pour le marketing créatif et laissez votre marque parler 🗣️💡
Mail: 2021hagency@gmail.com
Infoline: 51 716 001
#Hagency #Tunisie #communication #digital #marketingdigital","['Hagency', 'Tunisie', 'communication', 'digital', 'marketingdigital']",[],https://www.instagram.com/p/C7Bi6xeocn1/,0,,[],1080,1080,https://scontent-sea1-1.cdninstagram.com/v/t51.82787-15/625047468_18115257634613478_5212786248548392760_n.jpg?stp=dst-jpg_e15_fr_s1080x1080_tt6&_nc_ht=scontent-sea1-1.cdninstagram.com&_nc_cat=106&_nc_oc=Q6cZ2gE66YgLLxVKzx45qh2GXkb9Z5vq6tXgr1qh4RlfRrE3MTPhbOiGbgwUtaxrgzXscaY&_nc_ohc=riV6azk94LEQ7kNvwFoVMWc&_nc_gid=sUnQP4fpdh5DTEYgM-7Gpw&edm=ADp7STQBAAAA&ccb=7-5&oh=00_AQBY54Z6JtoVDSe-ObgLbNAASjXFvlkH9MHf-gv-aEnKTQ&oe=6A5E6D60&_nc_sid=c6f216,[],"Photo by H.agency on May 16, 2024.",0,2024-05-16T09:22:05.000Z,[],H.agency,h.agency.tunisia,53455295369,False,https://www.instagram.com/h.agency.tunisia/,1080,1080,feed,,,,,,,,,,,
3362070771980780927,Image,C6oeY3Zo0V_,"En marketing, stagnation équivaut à régression. C'est pourquoi nous embrassons l'innovation à chaque étape 🚀
Rejoignez-nous dans cette aventure vers de nouveaux sommets 🌟 
Mail: 2021hagency@gmail.com
Infoline: 51 716 001
#Hagency #Tunisie #communication #digital #marketingdigital","['Hagency', 'Tunisie', 'communication', 'digital', 'marketingdigital']",[],https://www.instagram.com/p/C6oeY3Zo0V_/,0,,[],1080,1080,https://instagram.fagc1-1.fna.fbcdn.net/v/t51.82787-15/631496022_18402390382182326_4722839785422680728_n.jpg?stp=dst-jpg_e15_fr_s1080x1080_tt6&_nc_ht=instagram.fagc1-1.fna.fbcdn.net&_nc_cat=102&_nc_oc=Q6cZ2gHjceXeUiynGAsp9GezRImObx90OoigOM-cbXRdytox5Tg3FcKhbk89Co-iD3E5v9s&_nc_ohc=SCYoYKEwAd0Q7kNvwGD5Lw4&_nc_gid=sry0BuUVoTweBDVa-xkfAA&edm=ADp7STQBAAAA&ccb=7-5&oh=00_AQDv85qPWZzzeZ9OwWdAqHMRzUL4um94cCpRdq4fnoUPVQ&oe=6A5E7516&_nc_sid=c6f216,[],"Photo by H.agency on May 06, 2024.",0,2024-05-06T15:41:29.000Z,[],H.agency,h.agency.tunisia,53455295369,False,https://www.instagram.com/h.agency.tunisia/,1080,1080,feed,,,,,,,,,,,
3679659281046091533,Video,DMQxp7VOLcN,"كل حلقة، حكاية. وكل حكاية، محطّة تستحق أن تُسمع.
الأحد : 21:00 
https://www.youtube.com/Emmak-Prod 

#emmak_prod #podcast","['emmak_prod', 'podcast']",[],https://www.instagram.com/p/DMQxp7VOLcN/,0,,[],607,1080,https://scontent-iad6-1.cdninstagram.com/v/t51.82787-15/521673630_18025490384710423_7020902431310073419_n.jpg?stp=dst-jpg_e15_fr_s1080x1080_tt6&_nc_ht=scontent-iad6-1.cdninstagram.com&_nc_cat=107&_nc_oc=Q6cZ2gGMVfGC5Atqm3RImWWzkFRqQxOBp_-t7rxW71BMybldVgq4Kn9XiuJbelR8RrIJ7yMF4PVzdqLVyS_A_-3Dng9o&_nc_ohc=8dZF4VbHm5UQ7kNvwGHqc_c&_nc_gid=zcs0K-mwgD738pkPw71OOQ&edm=ADp7STQBAAAA&ccb=7-5&oh=00_AQBXecZxAHUU8pvSzWz-wQ53a3RC0kQ0qHUeOpp9qbFXyg&oe=6A5E6B78&_nc_sid=c6f216,[],"Video by Emmak Prod on July 18, 2025.",3,2025-07-18T20:14:11.000Z,[],Emmak Prod,emmakprod,51343982422,False,https://www.instagram.com/emmakprod/,360,640,clips,,,,https://scontent-den2-1.cdninstagram.com/o1/v/t2/f2/m86/AQPAbmUR-UMvVbWIkNps707l3VS5JWCCpol0L_RWua32J0a6MQy_VYgpJ0hQ_nVDO7t5iTC7JMZ_0VJFuHVaYObZ5PiJv-n86Gf413Q.mp4?_nc_cat=108&_nc_sid=5e9851&_nc_ht=scontent-den2-1.cdninstagram.com&_nc_ohc=4YUSmk0v_vwQ7kNvwGwD3rI&efg=eyJ2ZW5jb2RlX3RhZyI6Inhwdl9wcm9ncmVzc2l2ZS5JTlNUQUdSQU0uQ0xJUFMuQzMuNjQwLmRhc2hfYmFzZWxpbmVfM192MSIsInhwdl9hc3NldF9pZCI6MjE4OTI0NjgwMTUxNDI1MywiYXNzZXRfYWdlX2RheXMiOjM2MiwidmlfdXNlY2FzZV9pZCI6MTAwOTksImR1cmF0aW9uX3MiOjE3OSwidXJsZ2VuX3NvdXJjZSI6Ind3dyJ9&ccb=17-1&vs=d40e7d3c5a3960f1&_nc_vs=HBksFQIYUmlnX3hwdl9yZWVsc19wZXJtYW5lbnRfc3JfcHJvZC83NjRBNTgzMEIxQTkzOEY0ODJDODY3ODQ4RERFREJBMV92aWRlb19kYXNoaW5pdC5tcDQVAALIARIAFQIYR2lnX3hwdl9yZWVsc19wZXJtYW5lbnRfc3JfcHJvZC8xMDM1OTU5MTM1MTkzMjUzXzYxMzUzMDAxOTEwMDM5NDUxMjEubXA0FQICyAESACgAGAAbAogHdXNlX29pbAExEnByb2dyZXNzaXZlX3JlY2lwZQExFQAAJpq88N73xuMHFQIoAkMzLBdAZn3bItDlYBgSZGFzaF9iYXNlbGluZV8zX3YxEQB1_gdl5p0BAA&_nc_gid=z9nqLneLctZ4SOBrgH-0TQ&_nc_ss=7ca8c&_nc_zt=28&oh=00_AQCohIsj5tN9kw58YB6PdiAnfsMCgy8yIx9nfDnXvQVoUw&oe=6A5A9BF5,85,https://scontent-den2-1.cdninstagram.com/o1/v/t2/f2/m86/AQPRJGyCzMFT_K3LSvtl1Ie0V1PG57-CS0Pxig4JoXN3htTbb-b4qNv_s9vx3uXVDRsCMRmS2zXcshQKubQttu6m.mp4?_nc_cat=107&_nc_sid=9ca052&_nc_ht=scontent-den2-1.cdninstagram.com&_nc_ohc=dbazec_jSpYQ7kNvwHlTO9d&efg=eyJ2ZW5jb2RlX3RhZyI6ImlnLXhwdmRzLmNsaXBzLmlnd3d3LUMzLmRhc2hfbG5faGVhYWNfdmJyM19hdWRpbyIsInZpZGVvX2lkIjpudWxsLCJvaWxfdXJsZ2VuX2FwcF9pZCI6OTM2NjE5NzQzMzkyNDU5LCJjbGllbnRfbmFtZSI6ImlnIiwieHB2X2Fzc2V0X2lkIjoyMTg5MjQ2ODAxNTE0MjUzLCJhc3NldF9hZ2VfZGF5cyI6MzYyLCJ2aV91c2VjYXNlX2lkIjoxMDA5OSwiZHVyYXRpb25fcyI6MTc5LCJiaXRyYXRlIjo2MzU4MCwidXJsZ2VuX3NvdXJjZSI6Ind3dyJ9&ccb=17-1&_nc_gid=z9nqLneLctZ4SOBrgH-0TQ&_nc_ss=7ca8c&_nc_zt=28&oh=00_AQBEtXSLGAvO3NTZGq9PQQnOS0R4bVaoulwYFOkLbLxB-A&oe=6A5AA2AB,179.933,"{'artist_name': 'emmakprod', 'song_name': 'Original audio', 'uses_original_audio': True, 'should_mute_audio': False, 'should_mute_audio_reason': '', 'audio_id': '755450380362857'}",467,,
3764367534863458232,Video,DQ9uFQXjJ-4,"تحب تعمل محتوى؟ ❤️

‏#gym #gymmotivation #gymrat #gymgirl #gymaddict #gymlifestyle #gymlover #gymjunkie #gymworkout #gymfreak #gymflow #gymlife #gymtips #gymhumor #gymtime #gymtime #gymgoals #goals #motivation #motivationalquotes #motivationalquotes #motivationmonday #nevergiveup #lifestyle #lifegoals❤️","['gym', 'gymmotivation', 'gymrat', 'gymgirl', 'gymaddict', 'gymlifestyle', 'gymlover', 'gymjunkie', 'gymworkout', 'gymfreak', 'gymflow', 'gymlife', 'gymtips', 'gymhumor', 'gymtime', 'gymgoals', 'goals', 'motivation', 'motivationalquotes', 'motivationmonday', 'nevergiveup', 'lifestyle', 'lifegoals❤️']",[],https://www.instagram.com/p/DQ9uFQXjJ-4/,42,مهتم,"[{'id': '18055479596409789', 'text': 'مهتم', 'ownerUsername': 'yossri.brahim.17411', 'ownerProfilePicUrl': 'https://scontent.cdninstagram.com/v/t51.82787-19/626897685_17872520082531403_3179550545617853158_n.jpg?stp=dst-jpg_s150x150_tt6&_nc_cat=104&ccb=7-5&_nc_sid=f7ccc5&efg=eyJ2ZW5jb2RlX3RhZyI6InByb2ZpbGVfcGljLnd3dy4xMDgwLkMyIn0%3D&_nc_ohc=zZYZ64QqIBQQ7kNvwEFFf-e&_nc_oc=AdrXzm4cxHrJrrPBJ3wJdg41kkf_DRVebyXxLVHrnCvKF-4ZLYhVQrz9VJ2m0NytqbaIsuY4FMsjR9D6BWhBM3_4&_nc_zt=24&_nc_ht=scontent.cdninstagram.com&_nc_gid=cyFlpNYXAhhYDKwr0TKZSg&_nc_ss=7ca8c&oh=00_AQCc93EA0MRrj4LQPNT3nY2Hp7-nbcLDuynw7aBa-Y-dug&oe=6A5E7375', 'timestamp': '2026-02-08T06:35:16.000Z', 'repliesCount': None, 'replies': None, 'likesCount': 0, 'owner': {'username': 'yossri.brahim.17411', 'profile_pic_url': 'https://scontent.cdninstagram.com/v/t51.82787-19/626897685_17872520082531403_3179550545617853158_n.jpg?stp=dst-jpg_s150x150_tt6&_nc_cat=104&ccb=7-5&_nc_sid=f7ccc5&efg=eyJ2ZW5jb2RlX3RhZyI6InByb2ZpbGVfcGljLnd3dy4xMDgwLkMyIn0%3D&_nc_ohc=zZYZ64QqIBQQ7kNvwEFFf-e&_nc_oc=AdrXzm4cxHrJrrPBJ3wJdg41kkf_DRVebyXxLVHrnCvKF-4ZLYhVQrz9VJ2m0NytqbaIsuY4FMsjR9D6BWhBM3_4&_nc_zt=24&_nc_ht=scontent.cdninstagram.com&_nc_gid=cyFlpNYXAhhYDKwr0TKZSg&_nc_ss=7ca8c&oh=00_AQCc93EA0MRrj4LQPNT3nY2Hp7-nbcLDuynw7aBa-Y-dug&oe=6A5E7375', 'is_verified': False, 'id': '76043467402', 'full_name': None, 'is_mentionable': None, 'is_private': None, 'profile_pic_id': None, 'latest_reel_media': None}}, {'id': '18006604160839291', 'text': 'Intéressée', 'ownerUsername': '__immobilier_', 'ownerProfilePicUrl': 'https://scontent.cdninstagram.com/v/t51.82787-19/543696218_17917503360173743_6753480352420072943_n.jpg?stp=dst-jpg_s150x150_tt6&_nc_cat=108&ccb=7-5&_nc_sid=f7ccc5&efg=eyJ2ZW5jb2RlX3RhZyI6InByb2ZpbGVfcGljLnd3dy4xMDgwLkMyIn0%3D&_nc_ohc=A7EEeUcQz6cQ7kNvwG9U3JG&_nc_oc=AdpXPP_sP0gqxrba0hCovsswf2JHYV73NEmQkdfMPBQ6Ud_nvuYBZux5-vl0W5tkaKrFULfu0nLTd1UEINNRsfj1&_nc_zt=24&_nc_ht=scontent.cdninstagram.com&_nc_gid=cyFlpNYXAhhYDKwr0TKZSg&_nc_ss=7ca8c&oh=00_AQCnAEp1tllYo7_OKLoBHqo0IQHlIS6u0lJWFd05Ukv0ng&oe=6A5E6D75', 'timestamp': '2026-02-05T14:47:39.000Z', 'repliesCount': None, 'replies': None, 'likesCount': 0, 'owner': {'username': '__immobilier_', 'profile_pic_url': 'https://scontent.cdninstagram.com/v/t51.82787-19/543696218_17917503360173743_6753480352420072943_n.jpg?stp=dst-jpg_s150x150_tt6&_nc_cat=108&ccb=7-5&_nc_sid=f7ccc5&efg=eyJ2ZW5jb2RlX3RhZyI6InByb2ZpbGVfcGljLnd3dy4xMDgwLkMyIn0%3D&_nc_ohc=A7EEeUcQz6cQ7kNvwG9U3JG&_nc_oc=AdpXPP_sP0gqxrba0hCovsswf2JHYV73NEmQkdfMPBQ6Ud_nvuYBZux5-vl0W5tkaKrFULfu0nLTd1UEINNRsfj1&_nc_zt=24&_nc_ht=scontent.cdninstagram.com&_nc_gid=cyFlpNYXAhhYDKwr0TKZSg&_nc_ss=7ca8c&oh=00_AQCnAEp1tllYo7_OKLoBHqo0IQHlIS6u0lJWFd05Ukv0ng&oe=6A5E6D75', 'is_verified': False, 'id': '65098053742', 'full_name': None, 'is_mentionable': None, 'is_private': None, 'profile_pic_id': None, 'latest_reel_media': None}}, {'id': '18068091077442106', 'text': 'Bien 👏🏻❤️❤️', 'ownerUsername': 'mehrzi_oussama_photographer', 'ownerProfilePicUrl': 'https://scontent.cdninstagram.com/v/t51.82787-19/610645101_18389003224194904_3677732009433489043_n.jpg?stp=dst-jpg_s150x150_tt6&_nc_cat=110&ccb=7-5&_nc_sid=f7ccc5&efg=eyJ2ZW5jb2RlX3RhZyI6InByb2ZpbGVfcGljLnd3dy4xMDI0LkMyIn0%3D&_nc_ohc=owYpQIj_U4cQ7kNvwEZnskS&_nc_oc=Adq3g-lzUN2p2NL_CX1MOBcftQZs2FJPQbyDdTbKCXO0dlw5zVMj1-oz2Uf1ahbgyYss94pzG_M2LwwFYsbdDr29&_nc_zt=24&_nc_ht=scontent.cdninstagram.com&_nc_gid=cyFlpNYXAhhYDKwr0TKZSg&_nc_ss=7ca8c&oh=00_AQAV468uAnzV1uZW73XJj5fZwKgOIVj0j4Pr8OoyncVW-Q&oe=6A5E693C', 'timestamp': '2026-01-03T03:50:37.000Z', 'repliesCount': None, 'replies': None, 'likesCount': 0, 'owner': {'username': 'mehrzi_oussama_photographer', 'profile_pic_url': 'https://scontent.cdninstagram.com/v/t51.82787-19/610645101_18389003224194904_3677732009433489043_n.jpg?stp=dst-jpg_s150x150_tt6&_nc_cat=110&ccb=7-5&_nc_sid=f7ccc5&efg=eyJ2ZW5jb2RlX3RhZyI6InByb2ZpbGVfcGljLnd3dy4xMDI0LkMyIn0%3D&_nc_ohc=owYpQIj_U4cQ7kNvwEZnskS&_nc_oc=Adq3g-lzUN2p2NL_CX1MOBcftQZs2FJPQbyDdTbKCXO0dlw5zVMj1-oz2Uf1ahbgyYss94pzG_M2LwwFYsbdDr29&_nc_zt=24&_nc_ht=scontent.cdninstagram.com&_nc_gid=cyFlpNYXAhhYDKwr0TKZSg&_nc_ss=7ca8c&oh=00_AQAV468uAnzV1uZW73XJj5fZwKgOIVj0j4Pr8OoyncVW-Q&oe=6A5E693C', 'is_verified': False, 'id': '5903146903', 'full_name': None, 'is_mentionable': None, 'is_private': None, 'profile_pic_id': None, 'latest_reel_media': None}}, {'id': '18117083188604834', 'text': 'J', 'ownerUsername': 'bjaoui_oumaima', 'ownerProfilePicUrl': 'https://scontent.cdninstagram.com/v/t51.82787-19/657863880_18015480215823904_7421014117628650746_n.jpg?stp=dst-jpg_s150x150_tt6&_nc_cat=103&ccb=7-5&_nc_sid=f7ccc5&efg=eyJ2ZW5jb2RlX3RhZyI6InByb2ZpbGVfcGljLnd3dy4xMDgwLkMyIn0%3D&_nc_ohc=jUJj_p4yKaUQ7kNvwFDP2gB&_nc_oc=AdozVkWpCfA4V39K6S0LWMpAxUzbMYj-v01O7PMWVtMKwoW6XZdvRcqeWN7z_LFvv0FnJCboUsHygb9d2K_uTFFn&_nc_zt=24&_nc_ht=scontent.cdninstagram.com&_nc_gid=cyFlpNYXAhhYDKwr0TKZSg&_nc_ss=7ca8c&oh=00_AQDEap8zJBCHWY8FV82_0Jglux99kqZCioTc_YmMEjeYUQ&oe=6A5E8A87', 'timestamp': '2025-12-30T20:09:42.000Z', 'repliesCount': None, 'replies': None, 'likesCount': 0, 'owner': {'username': 'bjaoui_oumaima', 'profile_pic_url': 'https://scontent.cdninstagram.com/v/t51.82787-19/657863880_18015480215823904_7421014117628650746_n.jpg?stp=dst-jpg_s150x150_tt6&_nc_cat=103&ccb=7-5&_nc_sid=f7ccc5&efg=eyJ2ZW5jb2RlX3RhZyI6InByb2ZpbGVfcGljLnd3dy4xMDgwLkMyIn0%3D&_nc_ohc=jUJj_p4yKaUQ7kNvwFDP2gB&_nc_oc=AdozVkWpCfA4V39K6S0LWMpAxUzbMYj-v01O7PMWVtMKwoW6XZdvRcqeWN7z_LFvv0FnJCboUsHygb9d2K_uTFFn&_nc_zt=24&_nc_ht=scontent.cdninstagram.com&_nc_gid=cyFlpNYXAhhYDKwr0TKZSg&_nc_ss=7ca8c&oh=00_AQDEap8zJBCHWY8FV82_0Jglux99kqZCioTc_YmMEjeYUQ&oe=6A5E8A87', 'is_verified': False, 'id': '54523111903', 'full_name': None, 'is_mentionable': None, 'is_private': None, 'profile_pic_id': None, 'latest_reel_media': None}}, {'id': '18023959400790722', 'text': 'Mii', 'ownerUsername': 'alebensade', 'ownerProfilePicUrl': 'https://scontent.cdninstagram.com/v/t51.82787-19/708733920_17961637188105443_7470323010428993792_n.jpg?stp=dst-jpg_s150x150_tt6&_nc_cat=103&ccb=7-5&_nc_sid=f7ccc5&efg=eyJ2ZW5jb2RlX3RhZyI6InByb2ZpbGVfcGljLnd3dy4xMDgwLkMyIn0%3D&_nc_ohc=RKBStuhKreQQ7kNvwFtqr8q&_nc_oc=AdoCAu_a0EYHsfwmPuUAUhLP44qamAWuOfwy3BVZbzI_a61RJ-f2e5WWpbuEK6i14z0wOohKdeasPSys3lEf3zLr&_nc_zt=24&_nc_ht=scontent.cdninstagram.com&_nc_gid=cyFlpNYXAhhYDKwr0TKZSg&_nc_ss=7ca8c&oh=00_AQAYJEkoqWLkeea7wgExJKx13aKI3yis8EBkjKcq9-KMmg&oe=6A5E6FF3', 'timestamp': '2025-12-26T15:03:12.000Z', 'repliesCount': None, 'replies': None, 'likesCount': 0, 'owner': {'username': 'alebensade', 'profile_pic_url': 'https://scontent.cdninstagram.com/v/t51.82787-19/708733920_17961637188105443_7470323010428993792_n.jpg?stp=dst-jpg_s150x150_tt6&_nc_cat=103&ccb=7-5&_nc_sid=f7ccc5&efg=eyJ2ZW5jb2RlX3RhZyI6InByb2ZpbGVfcGljLnd3dy4xMDgwLkMyIn0%3D&_nc_ohc=RKBStuhKreQQ7kNvwFtqr8q&_nc_oc=AdoCAu_a0EYHsfwmPuUAUhLP44qamAWuOfwy3BVZbzI_a61RJ-f2e5WWpbuEK6i14z0wOohKdeasPSys3lEf3zLr&_nc_zt=24&_nc_ht=scontent.cdninstagram.com&_nc_gid=cyFlpNYXAhhYDKwr0TKZSg&_nc_ss=7ca8c&oh=00_AQAYJEkoqWLkeea7wgExJKx13aKI3yis8EBkjKcq9-KMmg&oe=6A5E6FF3', 'is_verified': False, 'id': '63205049442', 'full_name': None, 'is_mentionable': None, 'is_private': None, 'profile_pic_id': None, 'latest_reel_media': None}}, {'id': '17870502912492193', 'text': '👏👏🙌', 'ownerUsername': 'moa_ta_zz', 'ownerProfilePicUrl': 'https://scontent.cdninstagram.com/v/t51.82787-19/640266647_17882539122459887_6664783038171488954_n.jpg?stp=dst-jpg_s150x150_tt6&_nc_cat=104&ccb=7-5&_nc_sid=f7ccc5&efg=eyJ2ZW5jb2RlX3RhZyI6InByb2ZpbGVfcGljLnd3dy4xMDgwLkMyIn0%3D&_nc_ohc=5HduJ3Fn-HEQ7kNvwF9AwjG&_nc_oc=AdrRuDzi0fwShJlih4_35bfi8qQ3OePGsNgTtOLi38k5stqWsY5UNH_RN_t9NJ894gQsZHcWF84K_3aeUX67200f&_nc_zt=24&_nc_ht=scontent.cdninstagram.com&_nc_gid=cyFlpNYXAhhYDKwr0TKZSg&_nc_ss=7ca8c&oh=00_AQBtmEy1L71hYpBfk_fejC-WC94K6XQM3oXdusipqpu9_g&oe=6A5E8915', 'timestamp': '2025-12-24T10:10:30.000Z', 'repliesCount': None, 'replies': None, 'likesCount': 0, 'owner': {'username': 'moa_ta_zz', 'profile_pic_url': 'https://scontent.cdninstagram.com/v/t51.82787-19/640266647_17882539122459887_6664783038171488954_n.jpg?stp=dst-jpg_s150x150_tt6&_nc_cat=104&ccb=7-5&_nc_sid=f7ccc5&efg=eyJ2ZW5jb2RlX3RhZyI6InByb2ZpbGVfcGljLnd3dy4xMDgwLkMyIn0%3D&_nc_ohc=5HduJ3Fn-HEQ7kNvwF9AwjG&_nc_oc=AdrRuDzi0fwShJlih4_35bfi8qQ3OePGsNgTtOLi38k5stqWsY5UNH_RN_t9NJ894gQsZHcWF84K_3aeUX67200f&_nc_zt=24&_nc_ht=scontent.cdninstagram.com&_nc_gid=cyFlpNYXAhhYDKwr0TKZSg&_nc_ss=7ca8c&oh=00_AQBtmEy1L71hYpBfk_fejC-WC94K6XQM3oXdusipqpu9_g&oe=6A5E8915', 'is_verified': False, 'id': '73854955886', 'full_name': None, 'is_mentionable': None, 'is_private': None, 'profile_pic_id': None, 'latest_reel_media': None}}, {'id': '18080582305929649', 'text': '🔥🔥', 'ownerUsername': 'mouhamed_mnif', 'ownerProfilePicUrl': 'https://scontent.cdninstagram.com/v/t51.82787-19/730992512_17998319612968982_2951860555754036124_n.jpg?stp=dst-jpg_s150x150_tt6&_nc_cat=103&ccb=7-5&_nc_sid=f7ccc5&efg=eyJ2ZW5jb2RlX3RhZyI6InByb2ZpbGVfcGljLnd3dy4xMDgwLkMyIn0%3D&_nc_ohc=Dgr5OgQrWuEQ7kNvwEo4wyx&_nc_oc=AdqRUqrderLJzfpZqYykVM8NEDYIy9jujOnm8MWnsugrgg-UdBOqHyTLEfKtq71gHG3j5JEvR4W3_z-JP1LW-kas&_nc_zt=24&_nc_ht=scontent.cdninstagram.com&_nc_gid=cyFlpNYXAhhYDKwr0TKZSg&_nc_ss=7ca8c&oh=00_AQDN7aPxhe_lb7RLs_f5qil_FUgKjIdxJ3gKu0bDuPZ15g&oe=6A5E7C8D', 'timestamp': '2025-12-15T22:48:12.000Z', 'repliesCount': None, 'replies': None, 'likesCount': 0, 'owner': {'username': 'mouhamed_mnif', 'profile_pic_url': 'https://scontent.cdninstagram.com/v/t51.82787-19/730992512_17998319612968982_2951860555754036124_n.jpg?stp=dst-jpg_s150x150_tt6&_nc_cat=103&ccb=7-5&_nc_sid=f7ccc5&efg=eyJ2ZW5jb2RlX3RhZyI6InByb2ZpbGVfcGljLnd3dy4xMDgwLkMyIn0%3D&_nc_ohc=Dgr5OgQrWuEQ7kNvwEo4wyx&_nc_oc=AdqRUqrderLJzfpZqYykVM8NEDYIy9jujOnm8MWnsugrgg-UdBOqHyTLEfKtq71gHG3j5JEvR4W3_z-JP1LW-kas&_nc_zt=24&_nc_ht=scontent.cdninstagram.com&_nc_gid=cyFlpNYXAhhYDKwr0TKZSg&_nc_ss=7ca8c&oh=00_AQDN7aPxhe_lb7RLs_f5qil_FUgKjIdxJ3gKu0bDuPZ15g&oe=6A5E7C8D', 'is_verified': False, 'id': '59146696981', 'full_name': None, 'is_mentionable': None, 'is_private': None, 'profile_pic_id': None, 'latest_reel_media': None}}, {'id': '18079923284273118', 'text': '❤️❤️', 'ownerUsername': 't_h_a_m_e_r.hamdi', 'ownerProfilePicUrl': 'https://scontent.cdninstagram.com/v/t51.89012-19/573323465_1219825463302212_7278921664109726296_n.jpg?stp=dst-jpg_s150x150_tt6&_nc_cat=1&ccb=7-5&_nc_sid=f7ccc5&efg=eyJ2ZW5jb2RlX3RhZyI6InByb2ZpbGVfcGljLnd3dy5DMiJ9&_nc_ohc=l7ChIGpa0oAQ7kNvwEqmjp1&_nc_oc=AdogAZqebyjwcx8CBbTLFLVkaLIlIn_HwlrgSqrhGRWtKnxVeIgWkNLRXvtk1kG9dgKtEjCQuSq4_iNujfwSByAL&_nc_zt=24&_nc_ht=scontent.cdninstagram.com&_nc_gid=cyFlpNYXAhhYDKwr0TKZSg&_nc_ss=7ca8c&oh=00_AQDhmLJ2_irZ9pY1ndi1P5Ik-hkZwfqTF-eIzWcGeJT5pQ&oe=6A5E8D22', 'timestamp': '2025-11-26T19:41:56.000Z', 'repliesCount': None, 'replies': None, 'likesCount': 0, 'owner': {'username': 't_h_a_m_e_r.hamdi', 'profile_pic_url': 'https://scontent.cdninstagram.com/v/t51.89012-19/573323465_1219825463302212_7278921664109726296_n.jpg?stp=dst-jpg_s150x150_tt6&_nc_cat=1&ccb=7-5&_nc_sid=f7ccc5&efg=eyJ2ZW5jb2RlX3RhZyI6InByb2ZpbGVfcGljLnd3dy5DMiJ9&_nc_ohc=l7ChIGpa0oAQ7kNvwEqmjp1&_nc_oc=AdogAZqebyjwcx8CBbTLFLVkaLIlIn_HwlrgSqrhGRWtKnxVeIgWkNLRXvtk1kG9dgKtEjCQuSq4_iNujfwSByAL&_nc_zt=24&_nc_ht=scontent.cdninstagram.com&_nc_gid=cyFlpNYXAhhYDKwr0TKZSg&_nc_ss=7ca8c&oh=00_AQDhmLJ2_irZ9pY1ndi1P5Ik-hkZwfqTF-eIzWcGeJT5pQ&oe=6A5E8D22', 'is_verified': False, 'id': '69540127623', 'full_name': None, 'is_mentionable': None, 'is_private': None, 'profile_pic_id': None, 'latest_reel_media': None}}, {'id': '17991316781896571', 'text': 'ابعث لي ميساج', 'ownerUsername': 'softt_hibaa', 'ownerProfilePicUrl': 'https://scontent.cdninstagram.com/v/t51.82787-19/654571060_17905779795377557_6486581761419674478_n.jpg?stp=dst-jpg_s150x150_tt6&_nc_cat=110&ccb=7-5&_nc_sid=f7ccc5&efg=eyJ2ZW5jb2RlX3RhZyI6InByb2ZpbGVfcGljLnd3dy4xMDgwLkMyIn0%3D&_nc_ohc=eydepnOaB8IQ7kNvwHPhUhQ&_nc_oc=AdrlOVJsASccVCiq0DWG9e1QhpK7VKz-uQ6eYjpLsTkWy_PMBeMWrfMfpr2Z1-rNXpIm8fovcB6avnE9ajWZ_WNl&_nc_zt=24&_nc_ht=scontent.cdninstagram.com&_nc_gid=cyFlpNYXAhhYDKwr0TKZSg&_nc_ss=7ca8c&oh=00_AQCEfYJ22qWQ2iyY-z3rVZ34bWo8XJUsTiFc3EbgkhLEqg&oe=6A5E6E42', 'timestamp': '2025-11-25T20:30:35.000Z', 'repliesCount': None, 'replies': None, 'likesCount': 0, 'owner': {'username': 'softt_hibaa', 'profile_pic_url': 'https://scontent.cdninstagram.com/v/t51.82787-19/654571060_17905779795377557_6486581761419674478_n.jpg?stp=dst-jpg_s150x150_tt6&_nc_cat=110&ccb=7-5&_nc_sid=f7ccc5&efg=eyJ2ZW5jb2RlX3RhZyI6InByb2ZpbGVfcGljLnd3dy4xMDgwLkMyIn0%3D&_nc_ohc=eydepnOaB8IQ7kNvwHPhUhQ&_nc_oc=AdrlOVJsASccVCiq0DWG9e1QhpK7VKz-uQ6eYjpLsTkWy_PMBeMWrfMfpr2Z1-rNXpIm8fovcB6avnE9ajWZ_WNl&_nc_zt=24&_nc_ht=scontent.cdninstagram.com&_nc_gid=cyFlpNYXAhhYDKwr0TKZSg&_nc_ss=7ca8c&oh=00_AQCEfYJ22qWQ2iyY-z3rVZ34bWo8XJUsTiFc3EbgkhLEqg&oe=6A5E6E42', 'is_verified': False, 'id': '71470377556', 'full_name': None, 'is_mentionable': None, 'is_private': None, 'profile_pic_id': None, 'latest_reel_media': None}}, {'id': '18075715271518489', 'text': 'Aa', 'ownerUsername': 'amenaelleh', 'ownerProfilePicUrl': 'https://scontent.cdninstagram.com/v/t51.82787-19/639696603_17874995610517148_3569893849145226802_n.jpg?stp=dst-jpg_s150x150_tt6&_nc_cat=101&ccb=7-5&_nc_sid=f7ccc5&efg=eyJ2ZW5jb2RlX3RhZyI6InByb2ZpbGVfcGljLnd3dy4xMDgwLkMyIn0%3D&_nc_ohc=rylOridoeiAQ7kNvwHPbHYe&_nc_oc=AdphgMtMQmBnxApIKsp_Jsho8Nhi9zfRPyoMmVGGNhcMXRtmYsVZ4C6dhUiJr96pK8UmL84x31NAJReqIP9fJIim&_nc_zt=24&_nc_ht=scontent.cdninstagram.com&_nc_gid=cyFlpNYXAhhYDKwr0TKZSg&_nc_ss=7ca8c&oh=00_AQBIOdjIAlGz1M5do91VkRyPJMMfpuBtUE8VAOKH7c7rdw&oe=6A5E9675', 'timestamp': '2025-11-20T17:40:31.000Z', 'repliesCount': None, 'replies': None, 'likesCount': 0, 'owner': {'username': 'amenaelleh', 'profile_pic_url': 'https://scontent.cdninstagram.com/v/t51.82787-19/639696603_17874995610517148_3569893849145226802_n.jpg?stp=dst-jpg_s150x150_tt6&_nc_cat=101&ccb=7-5&_nc_sid=f7ccc5&efg=eyJ2ZW5jb2RlX3RhZyI6InByb2ZpbGVfcGljLnd3dy4xMDgwLkMyIn0%3D&_nc_ohc=rylOridoeiAQ7kNvwHPbHYe&_nc_oc=AdphgMtMQmBnxApIKsp_Jsho8Nhi9zfRPyoMmVGGNhcMXRtmYsVZ4C6dhUiJr96pK8UmL84x31NAJReqIP9fJIim&_nc_zt=24&_nc_ht=scontent.cdninstagram.com&_nc_gid=cyFlpNYXAhhYDKwr0TKZSg&_nc_ss=7ca8c&oh=00_AQBIOdjIAlGz1M5do91VkRyPJMMfpuBtUE8VAOKH7c7rdw&oe=6A5E9675', 'is_verified': False, 'id': '75380941147', 'full_name': None, 'is_mentionable': None, 'is_private': None, 'profile_pic_id': None, 'latest_reel_media': None}}, {'id': '17845021023612848', 'text': 'أي', 'ownerUsername': 'yoda__hjri', 'ownerProfilePicUrl': 'https://scontent.cdninstagram.com/v/t51.82787-19/710474355_17994329702958708_2424239312467686763_n.jpg?stp=dst-jpg_s150x150_tt6&_nc_cat=107&ccb=7-5&_nc_sid=f7ccc5&efg=eyJ2ZW5jb2RlX3RhZyI6InByb2ZpbGVfcGljLnd3dy4xMDczLkMyIn0%3D&_nc_ohc=AaqKl5vLqXoQ7kNvwE-KxOW&_nc_oc=AdoZPrpy-gHZzB1ud1-eKbNcLriANKlNnQ8HuVw2XPNA4CGsrPlkGtd4hAHhvWK5LYGFmqdxiaVeQyvUU_qb4TLg&_nc_zt=24&_nc_ht=scontent.cdninstagram.com&_nc_gid=cyFlpNYXAhhYDKwr0TKZSg&_nc_ss=7ca8c&oh=00_AQC8L45YQINx7kSMz3jsJsD0G9Lc-2i4k-xyLh4VZPuLdg&oe=6A5E6E95', 'timestamp': '2025-11-19T20:59:28.000Z', 'repliesCount': None, 'replies': None, 'likesCount': 1, 'owner': {'username': 'yoda__hjri', 'profile_pic_url': 'https://scontent.cdninstagram.com/v/t51.82787-19/710474355_17994329702958708_2424239312467686763_n.jpg?stp=dst-jpg_s150x150_tt6&_nc_cat=107&ccb=7-5&_nc_sid=f7ccc5&efg=eyJ2ZW5jb2RlX3RhZyI6InByb2ZpbGVfcGljLnd3dy4xMDczLkMyIn0%3D&_nc_ohc=AaqKl5vLqXoQ7kNvwE-KxOW&_nc_oc=AdoZPrpy-gHZzB1ud1-eKbNcLriANKlNnQ8HuVw2XPNA4CGsrPlkGtd4hAHhvWK5LYGFmqdxiaVeQyvUU_qb4TLg&_nc_zt=24&_nc_ht=scontent.cdninstagram.com&_nc_gid=cyFlpNYXAhhYDKwr0TKZSg&_nc_ss=7ca8c&oh=00_AQC8L45YQINx7kSMz3jsJsD0G9Lc-2i4k-xyLh4VZPuLdg&oe=6A5E6E95', 'is_verified': False, 'id': '58666150707', 'full_name': None, 'is_mentionable': None, 'is_private': None, 'profile_pic_id': None, 'latest_reel_media': None}}, {'id': '18095760175853350', 'text': 'Ina n7bb', 'ownerUsername': '_onlyhadil_', 'ownerProfilePicUrl': 'https://scontent.cdninstagram.com/v/t51.82787-19/710447370_18054472802736748_6045490414747359044_n.jpg?stp=dst-jpg_s150x150_tt6&_nc_cat=108&ccb=7-5&_nc_sid=f7ccc5&efg=eyJ2ZW5jb2RlX3RhZyI6InByb2ZpbGVfcGljLnd3dy4xMDc3LkMyIn0%3D&_nc_ohc=RjQu6SkMSSQQ7kNvwF2FK92&_nc_oc=AdqfyL0W6PqSW4BsI2SoOV6pHtcWN_AXECLMbcprrdXSIpc4V73xirZ01QEH7JwzzGNvWCG_v4hA8VpXEXqzLdeD&_nc_zt=24&_nc_ht=scontent.cdninstagram.com&_nc_gid=cyFlpNYXAhhYDKwr0TKZSg&_nc_ss=7ca8c&oh=00_AQBH8_TzXhj6DAbUI6oL8fmhW6KqpCvDMIjJDkSOcr-Inw&oe=6A5E918B', 'timestamp': '2025-11-18T18:13:08.000Z', 'repliesCount': None, 'replies': None, 'likesCount': 0, 'owner': {'username': '_onlyhadil_', 'profile_pic_url': 'https://scontent.cdninstagram.com/v/t51.82787-19/710447370_18054472802736748_6045490414747359044_n.jpg?stp=dst-jpg_s150x150_tt6&_nc_cat=108&ccb=7-5&_nc_sid=f7ccc5&efg=eyJ2ZW5jb2RlX3RhZyI6InByb2ZpbGVfcGljLnd3dy4xMDc3LkMyIn0%3D&_nc_ohc=RjQu6SkMSSQQ7kNvwF2FK92&_nc_oc=AdqfyL0W6PqSW4BsI2SoOV6pHtcWN_AXECLMbcprrdXSIpc4V73xirZ01QEH7JwzzGNvWCG_v4hA8VpXEXqzLdeD&_nc_zt=24&_nc_ht=scontent.cdninstagram.com&_nc_gid=cyFlpNYXAhhYDKwr0TKZSg&_nc_ss=7ca8c&oh=00_AQBH8_TzXhj6DAbUI6oL8fmhW6KqpCvDMIjJDkSOcr-Inw&oe=6A5E918B', 'is_verified': False, 'id': '52166384747', 'full_name': None, 'is_mentionable': None, 'is_private': None, 'profile_pic_id': None, 'latest_reel_media': None}}, {'id': '18069834518357768', 'text': '👏🔥❤️ Bravo mon bb', 'ownerUsername': 'feyrouzafeyrouza', 'ownerProfilePicUrl': 'https://scontent.cdninstagram.com/v/t51.2885-19/457592734_1111541840381350_693845122692268875_n.jpg?stp=dst-jpg_s150x150_tt6&_nc_cat=105&ccb=7-5&_nc_sid=f7ccc5&efg=eyJ2ZW5jb2RlX3RhZyI6InByb2ZpbGVfcGljLnd3dy43MTAuQzIifQ%3D%3D&_nc_ohc=mEdg6mcxo0IQ7kNvwEi7uSd&_nc_oc=AdoEg-JpSkGKotk4OTTwgfX7TOgGrhSB5uhq3z0bpLi_VJF43q4IxaEvV71YhOc4v1EnuQfcv4OaUKipUko2PD_n&_nc_zt=24&_nc_ht=scontent.cdninstagram.com&_nc_ss=7ca8c&oh=00_AQAw0o0nsJ_HP91tdcjvr7Cr6mDICn0eg00xKjhouv2bug&oe=6A5E7F61', 'timestamp': '2025-11-13T16:43:54.000Z', 'repliesCount': None, 'replies': None, 'likesCount': 1, 'owner': {'username': 'feyrouzafeyrouza', 'profile_pic_url': 'https://scontent.cdninstagram.com/v/t51.2885-19/457592734_1111541840381350_693845122692268875_n.jpg?stp=dst-jpg_s150x150_tt6&_nc_cat=105&ccb=7-5&_nc_sid=f7ccc5&efg=eyJ2ZW5jb2RlX3RhZyI6InByb2ZpbGVfcGljLnd3dy43MTAuQzIifQ%3D%3D&_nc_ohc=mEdg6mcxo0IQ7kNvwEi7uSd&_nc_oc=AdoEg-JpSkGKotk4OTTwgfX7TOgGrhSB5uhq3z0bpLi_VJF43q4IxaEvV71YhOc4v1EnuQfcv4OaUKipUko2PD_n&_nc_zt=24&_nc_ht=scontent.cdninstagram.com&_nc_ss=7ca8c&oh=00_AQAw0o0nsJ_HP91tdcjvr7Cr6mDICn0eg00xKjhouv2bug&oe=6A5E7F61', 'is_verified': False, 'id': '68975712236', 'full_name': None, 'is_mentionable': None, 'is_private': None, 'profile_pic_id': None, 'latest_reel_media': None}}, {'id': '17975770076791219', 'text': 'Intéressé 🔥', 'ownerUsername': 'itshaithemmansouri', 'ownerProfilePicUrl': 'https://scontent.cdninstagram.com/v/t51.2885-19/275101458_994513744498798_6173263235397757425_n.jpg?stp=dst-jpg_s150x150_tt6&_nc_cat=107&ccb=7-5&_nc_sid=f7ccc5&efg=eyJ2ZW5jb2RlX3RhZyI6InByb2ZpbGVfcGljLnd3dy4xMDgwLkMyIn0%3D&_nc_ohc=yj7iGlbje9YQ7kNvwH9mcCy&_nc_oc=AdrSGMBlMKs18Wn96zB4Psok5JC6XgcWtlxHA39S3yvUQ-oU1UcCMeT0teMcabBNUQZKZprAzgLlY8pc-r9tg01L&_nc_zt=24&_nc_ht=scontent.cdninstagram.com&_nc_ss=7ca8c&oh=00_AQDA81uukr9x6dqrFMRWIOja3s0ozvim3LT6tfgSSPPNAw&oe=6A5E80DF', 'timestamp': '2025-11-12T20:33:24.000Z', 'repliesCount': None, 'replies': None, 'likesCount': 1, 'owner': {'username': 'itshaithemmansouri', 'profile_pic_url': 'https://scontent.cdninstagram.com/v/t51.2885-19/275101458_994513744498798_6173263235397757425_n.jpg?stp=dst-jpg_s150x150_tt6&_nc_cat=107&ccb=7-5&_nc_sid=f7ccc5&efg=eyJ2ZW5jb2RlX3RhZyI6InByb2ZpbGVfcGljLnd3dy4xMDgwLkMyIn0%3D&_nc_ohc=yj7iGlbje9YQ7kNvwH9mcCy&_nc_oc=AdrSGMBlMKs18Wn96zB4Psok5JC6XgcWtlxHA39S3yvUQ-oU1UcCMeT0teMcabBNUQZKZprAzgLlY8pc-r9tg01L&_nc_zt=24&_nc_ht=scontent.cdninstagram.com&_nc_ss=7ca8c&oh=00_AQDA81uukr9x6dqrFMRWIOja3s0ozvim3LT6tfgSSPPNAw&oe=6A5E80DF', 'is_verified': False, 'id': '6840903540', 'full_name': None, 'is_mentionable': None, 'is_private': None, 'profile_pic_id': None, 'latest_reel_media': None}}]",1136,640,https://scontent-msp1-1.cdninstagram.com/v/t51.71878-15/582525280_1498858621320137_5922309383788695870_n.jpg?stp=dst-jpg_e15_tt6&_nc_ht=scontent-msp1-1.cdninstagram.com&_nc_cat=105&_nc_oc=Q6cZ2gEBTK6MPOqcsf4GVC4a2k95Ogb8MNolUZt9GZZcJUB3Bsx567Z4V_oIqWQkeT9Sb94&_nc_ohc=X4-DP5lQPkIQ7kNvwGwXwSk&_nc_gid=9NlG6ZVMIVYRWhvH9M_KQg&edm=ADp7STQBAAAA&ccb=7-5&oh=00_AQBtKsgi6gKuhxccjd98UOW3vNnQeZ9nXZIW4zQQQdK05w&oe=6A5E958D&_nc_sid=c6f216,[],"Video by Thabouti on November 12, 2025.",2296,2025-11-12T17:19:11.000Z,[],Thabouti,rayen_thabouti,63914460353,False,https://www.instagram.com/emmakprod/,1280,720,clips,,,"[{'full_name': 'Emmak Prod', 'id': '51343982422', 'is_verified': False, 'profile_pic_url': 'https://scontent.cdninstagram.com/v/t51.2885-19/471734826_2373192386387248_4582969840416788563_n.jpg?stp=dst-jpg_s150x150_tt6&_nc_cat=106&ccb=7-5&_nc_sid=f7ccc5&efg=eyJ2ZW5jb2RlX3RhZyI6InByb2ZpbGVfcGljLnd3dy4xMDgwLkMyIn0%3D&_nc_ohc=-kWPOYjWX-cQ7kNvwHnhLZ0&_nc_oc=AdrAqZf859_m5VRE9ARqZeV7I6et96Dl5ya34R_Rejiggvx5OmbDEQaQqbswmYlxILq7XBhKSpyjFRB-Yz2RC2mu&_nc_zt=24&_nc_ht=scontent.cdninstagram.com&_nc_ss=7ca8c&oh=00_AQCf3zk8U_SAw1EL6JyKf1m1i1BIWybC-qvsh9EZQViPDQ&oe=6A5E8E4A', 'username': 'emmakprod'}]",https://instagram.fagc1-1.fna.fbcdn.net/o1/v/t2/f2/m86/AQMm2sGt0R1oVrA5LVYIz302LUgZh9lH6zrfkSmrVLClMk_ds3D-82DNLH9tL2viptqhoo8OAz4lQeLH6KNwnNDop26AP739maFYryg.mp4?_nc_cat=106&_nc_oc=AdrLMYn2g5sSboa_j912Zm-Gvu34ehX9ivAN-3byZ0eKQhTN--HFV26z4BlZLwxA9uKJAHMLHMs8ubYSXua00d6S&_nc_sid=5e9851&_nc_ht=instagram.fagc1-1.fna.fbcdn.net&_nc_ohc=GFujUy1DjuUQ7kNvwHNqkHX&efg=eyJ2ZW5jb2RlX3RhZyI6Inhwdl9wcm9ncmVzc2l2ZS5JTlNUQUdSQU0uQ0xJUFMuQzIuNzIwLmRhc2hfYmFzZWxpbmVfMV92MSIsInhwdl9hc3NldF9pZCI6MTUyNDg5NDQwNTQ3NzI0NywiYXNzZXRfYWdlX2RheXMiOjI0NSwidmlfdXNlY2FzZV9pZCI6MTA4MjcsImR1cmF0aW9uX3MiOjMzLCJ1cmxnZW5fc291cmNlIjoid3d3In0%3D&ccb=17-1&vs=ad7134cfab58632c&_nc_vs=HBksFQIYUmlnX3hwdl9yZWVsc19wZXJtYW5lbnRfc3JfcHJvZC9CRTREREVEQTQ2ODIzMEFDMTlENDBBQUFCNDVGRTFCQV92aWRlb19kYXNoaW5pdC5tcDQVAALIARIAFQIYOnBhc3N0aHJvdWdoX2V2ZXJzdG9yZS9HTmQ0c1NLNGx5WkNfalFFQUlKMVAwZkdFbUE0YnN0VEFRQUYVAgLIARIAKAAYABsCiAd1c2Vfb2lsATEScHJvZ3Jlc3NpdmVfcmVjaXBlATEVAAAm_o3e1cS4tQUVAigCQzIsF0BAu6XjU_fPGBJkYXNoX2Jhc2VsaW5lXzFfdjERAHX-B2WWqQEA&_nc_gid=cyFlpNYXAhhYDKwr0TKZSg&_nc_ss=7ca8c&_nc_zt=28&oh=00_AQBk2TR9qgrqYCkZ8Pvw3pRpRvkp3sEiFnteBRO99IDc_w&oe=6A5A9377,20083,https://instagram.fagc1-2.fna.fbcdn.net/o1/v/t16/f2/m69/AQNWHg7m1H93BtxzyRTGEND9F4Kh-lGflbJuYMeMmJwrGAw900ukpQ3qwaLWD1tKb_xmDAHHknvG4yxFgGguxBcK.mp4?strext=1&_nc_cat=100&_nc_oc=Adq49u_krrqMFaPKbMmRdIJgFZwZajKqMPkSNrpszE7tDsHxStqqkjSFAqNEqzmWJQCqGRHf4Lc9gRNbz0tuJs4p&_nc_sid=9ca052&_nc_ht=instagram.fagc1-2.fna.fbcdn.net&_nc_ohc=fFckoCOLUM8Q7kNvwE_RpqU&efg=eyJ2ZW5jb2RlX3RhZyI6ImlnLXhwdmRzLmNsaXBzLmlnd3d3LUMyLmRhc2hfbG5faGVhYWNfdmJyM19hdWRpbyIsInZpZGVvX2lkIjpudWxsLCJvaWxfdXJsZ2VuX2FwcF9pZCI6OTM2NjE5NzQzMzkyNDU5LCJjbGllbnRfbmFtZSI6ImlnIiwieHB2X2Fzc2V0X2lkIjoxNTI0ODk0NDA1NDc3MjQ3LCJhc3NldF9hZ2VfZGF5cyI6MjQ1LCJ2aV91c2VjYXNlX2lkIjoxMDgyNywiZHVyYXRpb25fcyI6MzMsImJpdHJhdGUiOjYwMDYyLCJ1cmxnZW5fc291cmNlIjoid3d3In0%3D&ccb=17-1&_nc_gid=cyFlpNYXAhhYDKwr0TKZSg&_nc_ss=7ca8c&_nc_zt=28&oh=00_AQA7nZYrx3dHc3CTMVEu3jhuMRNl17IF238rROOktiQ1WA&oe=6A5E94EC,33.466,"{'artist_name': 'rayen_thabouti', 'song_name': 'Original audio', 'uses_original_audio': True, 'should_mute_audio': False, 'should_mute_audio_reason': '', 'audio_id': '809173355277202'}",43355,"[{'id': '51343982422', 'is_verified': False, 'profile_pic_url': 'https://scontent.cdninstagram.com/v/t51.2885-19/471734826_2373192386387248_4582969840416788563_n.jpg?stp=dst-jpg_s150x150_tt6&_nc_cat=106&ccb=7-5&_nc_sid=f7ccc5&efg=eyJ2ZW5jb2RlX3RhZyI6InByb2ZpbGVfcGljLnd3dy4xMDgwLkMyIn0%3D&_nc_ohc=-kWPOYjWX-cQ7kNvwHnhLZ0&_nc_oc=AdrAqZf859_m5VRE9ARqZeV7I6et96Dl5ya34R_Rejiggvx5OmbDEQaQqbswmYlxILq7XBhKSpyjFRB-Yz2RC2mu&_nc_zt=24&_nc_ht=scontent.cdninstagram.com&_nc_ss=7ca8c&oh=00_AQCf3zk8U_SAw1EL6JyKf1m1i1BIWybC-qvsh9EZQViPDQ&oe=6A5E8E4A', 'username': 'emmakprod', '__typename': 'User', 'is_unpublished': False, 'full_name': 'Emmak Prod', 'fbid': '17841451312687997'}]",
3835427327031681564,Video,DU6LNU9jKIc,"✅En 2026, le digital marketing ne se “gère” plus, il s’orchestre. 🎼

Oubliez les méthodes traditionnelles. 

Aujourd’hui, les nouvelles armes du marketeur s’appellent :
- IA, 
- Agents autonomes
- Vibe Coding.

🔴Dans cette vidéo, je vous montre comment on crée du contenu optimisé pour le SEO sans écrire une seule ligne de code complexe, simplement en pilotant des agents :

1️⃣ Le Vibe Coding : J’utilise Claude Code pour décrire mon besoin, et l’IA génère l’infrastructure technique de mon workflow n8n. C’est la fin de la barrière technique.

2️⃣Les Agents SEO : Mon système ne se contente pas d’écrire ; il analyse le SERP en temps réel, vérifie les faits via l’API de Google et injecte des données structurées automatiquement.

3️⃣L’Armée de l’Ombre : Ce workflow n8n + OpenAI + Claude fonctionne 24h/24, garantissant un contenu au standard EEAT sans fatigue humaine.

La compétence clé de 2026 ? Savoir piloter ces agents pour qu’ils respectent votre “vibe” et votre stratégie de marque.
C’est tout l’enjeu de ma formation AI SEO Niveau 1. Je ne vous apprends pas à utiliser des outils, je vous apprends à commander une armée numérique.
🚀 Prêt à automatiser votre succès ?

Toutes les infos sur : https://lnkd.in/eNJqRpA4

#VibeCoding #AIAgents #SEO2026 #n8n #ClaudeCode OpenAI DigitalTransformation E2BCamp KaisKhenine","['VibeCoding', 'AIAgents', 'SEO2026', 'n8n', 'ClaudeCode']",[],https://www.instagram.com/p/DU6LNU9jKIc/,0,,[],1136,640,https://instagram.fdtw2-1.fna.fbcdn.net/v/t51.71878-15/639642568_1405395477425567_7846053934134416329_n.jpg?stp=dst-jpg_e15_tt6&_nc_ht=instagram.fdtw2-1.fna.fbcdn.net&_nc_cat=111&_nc_oc=Q6cZ2gG0YtNEZKD1FfcUj0jhe7GgPGE-Mx5fT1AsgrFI2KhZ0mTGD8sZpvNfG7XFYqh4aVk&_nc_ohc=akr_Te1D7cEQ7kNvwFDWT1P&_nc_gid=Tfn-6QoAm9PCjWOJxveG0w&edm=ADp7STQBAAAA&ccb=7-5&oh=00_AQDH0TYtMhSE4BBEk41DT1IGKKf9sYPY8nMIHB1K37amiQ&oe=6A5E77C1&_nc_sid=c6f216,[],"Video by First Master Class on February 18, 2026.",3,2026-02-18T18:42:52.000Z,[],First Master Class,first_masterclass,53436166511,False,https://www.instagram.com/e2bconsulting.training/,640,360,clips,,,"[{'full_name': 'E2bconsulting&training', 'id': '11234617163', 'is_verified': False, 'profile_pic_url': 'https://scontent-bos5-1.cdninstagram.com/v/t51.2885-19/101002711_841643919681756_1486131544241209344_n.jpg?stp=dst-jpg_s150x150_tt6&_nc_cat=103&ccb=7-5&_nc_sid=f7ccc5&efg=eyJ2ZW5jb2RlX3RhZyI6InByb2ZpbGVfcGljLnd3dy4xMDgwLkMzIn0%3D&_nc_ohc=RXgHCHB50NoQ7kNvwFiDg9v&_nc_oc=AdpcC_PvOeD6-Tv-TZF7qa0AqUerQdTLLbLlpy6bird1_SxAQn-4tje4MC3rheXAvdeySa8Js7voE9vUSMPr1qYF&_nc_zt=24&_nc_ht=scontent-bos5-1.cdninstagram.com&_nc_ss=72a8c&oh=00_AQCQYEtl7HelMLwA5vJPh7CpU7cLm1fFE5HG9cAM3GGcbw&oe=6A5E8216', 'username': 'e2bconsulting.training'}]",https://scontent-bos5-1.cdninstagram.com/o1/v/t2/f2/m86/AQO7r19Oryh74uhLF8NKEZAza6N4Euk-clm50d3cJ_F6zrDvuV_nOJCal90JI3eVBVte_gvkzDd3z1fQOQskdRb0.mp4?_nc_cat=101&_nc_sid=5e9851&_nc_ht=scontent-bos5-1.cdninstagram.com&_nc_ohc=YFQq-CMUAMIQ7kNvwGTkHHk&efg=eyJ2ZW5jb2RlX3RhZyI6Inhwdl9wcm9ncmVzc2l2ZS5JTlNUQUdSQU0uQ0xJUFMuQzMuMzYwLmRhc2hfYmFzZWxpbmVfM192MSIsInhwdl9hc3NldF9pZCI6MTc4ODc2NzY5MDc0MzQxOTUsImFzc2V0X2FnZV9kYXlzIjoxNDcsInZpX3VzZWNhc2VfaWQiOjEwMDk5LCJkdXJhdGlvbl9zIjoxMDQsInVybGdlbl9zb3VyY2UiOiJ3d3cifQ%3D%3D&ccb=17-1&vs=730c79396bb27b00&_nc_vs=HBksFQIYR2lnX3hwdl9yZWVsc19wZXJtYW5lbnRfc3JfcHJvZC8xNDIwMTYyMjA5NTk0MTA5XzUxOTU4MjM2NjM5MjMyNzQ0OTMubXA0FQACyAESABUCGFFpZ194cHZfcGxhY2VtZW50X3Blcm1hbmVudF92Mi9CNjQwRkMwOTc1NUFBRjU0RkE1MkY1RjAyNTBCNTBBRl9hdWRpb19kYXNoaW5pdC5tcDQVAgLIARIAKAAYABsCiAd1c2Vfb2lsATEScHJvZ3Jlc3NpdmVfcmVjaXBlATEVAAAmpsPlvuqvxj8VAigCQzMsF0BaDMzMzMzNGBJkYXNoX2Jhc2VsaW5lXzNfdjERAHX-B2XmnQEA&_nc_gid=7cX5S0S5bG8g7GOQi4xT7w&_nc_ss=72a8c&_nc_zt=28&oh=00_AQBr15ozTtX0Kyd5aLC7dyalkWgkQLWkBSoT6UmZpfxAjg&oe=6A5A8D89,76,,104.2,"{'artist_name': 'first_masterclass', 'song_name': 'Original audio', 'uses_original_audio': True, 'should_mute_audio': False, 'should_mute_audio_reason': '', 'audio_id': '33730458183266708'}",383,"[{'id': '11234617163', 'is_verified': False, 'profile_pic_url': 'https://scontent-bos5-1.cdninstagram.com/v/t51.2885-19/101002711_841643919681756_1486131544241209344_n.jpg?stp=dst-jpg_s150x150_tt6&_nc_cat=103&ccb=7-5&_nc_sid=f7ccc5&efg=eyJ2ZW5jb2RlX3RhZyI6InByb2ZpbGVfcGljLnd3dy4xMDgwLkMzIn0%3D&_nc_ohc=RXgHCHB50NoQ7kNvwFiDg9v&_nc_oc=AdpcC_PvOeD6-Tv-TZF7qa0AqUerQdTLLbLlpy6bird1_SxAQn-4tje4MC3rheXAvdeySa8Js7voE9vUSMPr1qYF&_nc_zt=24&_nc_ht=scontent-bos5-1.cdninstagram.com&_nc_ss=72a8c&oh=00_AQCQYEtl7HelMLwA5vJPh7CpU7cLm1fFE5HG9cAM3GGcbw&oe=6A5E8216', 'username': 'e2bconsulting.training', '__typename': 'User', 'is_unpublished': False, 'full_name': 'E2bconsulting&training', 'fbid': '17841411074914327'}]",
3884469545495585160,Image,DXoaHiIFmGI,"Ceresbookshop, première librairie en ligne en Tunisie, continue de rapprocher le livre de ses lecteurs à travers un catalogue riche et accessible 📚

Ceresbookshop est présente chaque année à la Foire du Livre du Kram, elle confirme son engagement pour la promotion de la culture et de la lecture en Tunisie, des centaines de titres à découvrir, à travers des univers variés : littérature, jeunesse et développement personnel et autres ...

📍 Foire du Livre du Kram
📅 Du 23 avril au 3 mai

À cette occasion, une offre spéciale de -20% est proposée sur une large sélection d’ouvrages, disponible sur le stand et en ligne.

👉 Profitez de -20% sur la sélection en ligne et les nouveauté :

https://ceresbookshop.com/fr/3-nouveautes

PI2R agit aux côtés de ses clients en tant que partenaire engagé, impliqué dans le soutien et la valorisation de leurs projets et initiatives
Ceresbookshop",[],[],https://www.instagram.com/p/DXoaHiIFmGI/,0,,[],1080,1080,https://scontent-dfw6-2.cdninstagram.com/v/t39.30808-6/680505094_1545175807607552_6164173713565417468_n.jpg?stp=dst-jpg_e15_fr_s1080x1080_tt6&_nc_ht=scontent-dfw6-2.cdninstagram.com&_nc_cat=108&_nc_oc=Q6cZ2gGxCJuZrRh1aQ7RYf8mn57E4INwWIv0yqhdFHaAAo-I-GJQfaPM7LgBe1r5QOxy_hM&_nc_ohc=Uju7iWm-dTwQ7kNvwEPcLtH&_nc_gid=9pF9M26xqxLUt0g8ggGKVQ&edm=ADp7STQAAAAA&ccb=7-5&oh=00_AQCsBlGM6SW7YcfozxoiTVhFLb9QHyoZf9hco8FmTg0lNg&oe=6A5E9272&_nc_sid=c6f216,[],"Photo by Pi2r on April 27, 2026.",3,2026-04-27T10:14:36.000Z,[],Pi2r,agence_pi2r,3982105280,False,https://www.instagram.com/agence_pi2r/,1080,1080,feed,,,,,,,,,,,
3372244224650246270,Image,C7MnkFiI_h-,"Quote of the day 💡
Mail: 2021hagency@gmail.com
Infoline: 51 716 001
#Hagency #Tunisie #communication #digital #marketingdigital","['Hagency', 'Tunisie', 'communication', 'digital', 'marketingdigital']",[],https://www.instagram.com/p/C7MnkFiI_h-/,0,,[],1080,1080,https://scontent-dfw6-2.cdninstagram.com/v/t51.82787-15/622487427_18095780972477326_449233724002293830_n.jpg?stp=dst-jpg_e15_fr_s1080x1080_tt6&_nc_ht=scontent-dfw6-2.cdninstagram.com&_nc_cat=110&_nc_oc=Q6cZ2gEEvQONrsni1lCqMojo3DbkQZD1nO2dCy5kQhYCpJqBuesEl7mRLn_3_u9eKuwSBN8HXV6w6kGDPdGH_Qex8Dp4&_nc_ohc=YXqblLsmiBgQ7kNvwFuNPWB&_nc_gid=PoyHrHJRLbVzY3StiI2p-Q&edm=ADp7STQBAAAA&ccb=7-5&oh=00_AQDMB2vF0ZYsg66LN3Xtmwp1R7U_XZGz0mslzUaSmzgNjg&oe=6A5E93A8&_nc_sid=c6f216,[],"Photo by H.agency on May 20, 2024.",0,2024-05-20T16:34:19.000Z,[],H.agency,h.agency.tunisia,53455295369,False,https://www.instagram.com/h.agency.tunisia/,1080,1080,feed,,,,,,,,,,,
3342441991273634688,Image,C5ivUg0NtuA,"عاشت تونس حرّة مستقلّة 🇹🇳
و كلّ عام و تونس بخير 🇹🇳",[],[],https://www.instagram.com/p/C5ivUg0NtuA/,0,,[],1080,1080,https://scontent-hou1-1.cdninstagram.com/v/t51.82787-15/627686773_18348460204227365_1098933712787012709_n.webp?stp=dst-jpg_e15_fr_s1080x1080_tt6&_nc_ht=scontent-hou1-1.cdninstagram.com&_nc_cat=105&_nc_oc=Q6cZ2gGm5HLEbdk2JJrGvMhg3_ASmvy9o-OpjShlniTRW1rtwCzPXTznsd0T92sRSxR5j0o&_nc_ohc=86m8HlOlchQQ7kNvwEHALg3&_nc_gid=6WcQ1jlIDxNrFOhDoPQJKg&edm=ADp7STQBAAAA&ccb=7-5&oh=00_AQD4i4WfCkw_oV48q236nM3mFx7tRG2l19g4sMJkDmMrmA&oe=6A5E94C5&_nc_sid=c6f216,[],"Photo by H.agency on April 09, 2024.",0,2024-04-09T13:42:36.000Z,[],H.agency,h.agency.tunisia,53455295369,False,https://www.instagram.com/h.agency.tunisia/,1080,1080,feed,,,,,,,,,,,
3891226976329862603,Image,DYAalGAjw3L,"Your brand is calling… 📞

And we’re here to answer with strategy, creativity, and impact.
From concept to campaign, we design meaningful experiences that connect, engage, and convert.

Because every powerful brand starts with a simple conversation.",[],[],https://www.instagram.com/p/DYAalGAjw3L/,0,,[],937,750,https://instagram.fluk1-1.fna.fbcdn.net/v/t39.30808-6/689491423_848022988339892_3337413707170291135_n.jpg?stp=dst-jpg_e15_tt6&_nc_ht=instagram.fluk1-1.fna.fbcdn.net&_nc_cat=108&_nc_oc=Q6cZ2gGk1xFT0KUoy_ROzj_Kig0nVI9m0sSP8qiMMOjLOn3vTzbVAucUlu8n3HduzoNDcao&_nc_ohc=kOPCoUb4vjAQ7kNvwF2x34d&_nc_gid=_pJCedmpgFfmnwDx5qZOIw&edm=ADp7STQAAAAA&ccb=7-5&oh=00_AQD5OWCpgIAri6NLKTlWZCwznDkiQsY4Ib1DBcIyUiHEZg&oe=6A5E7906&_nc_sid=c6f216,[],"Photo by MYNDS on May 06, 2026. May be a graphic of phone, magazine, poster, banner and telephone.",1,2026-05-06T18:00:25.000Z,[],MYNDS,m.y.n.d.s,60016721646,False,https://www.instagram.com/m.y.n.d.s/,920,736,feed,,,,,,,,,,,
3871360174767120161,Image,DW51ZFOlp8h,"🇹🇳9 Avril 1938 - 9 Avril 2026 : Journée des Martyrs en Tunisie 🇹🇳

chaque année nous honorons avec respect et reconnaissance la mémoire des courageux martyrs tunisiens qui ont sacrifié leur vie et combattu pour l'indépendance du pays.
🕊️ Souvenons-nous, rendons hommage, et transmettons leur héritage de liberté aux générations futures.

🇹🇳Vive la Tunisie💪Gloire à nos martyrs 

#Resistance #FêteDesMartyrs #9Avril1938 #Histoire #tunisie  #webmedia","['Resistance', 'FêteDesMartyrs', '9Avril1938', 'Histoire', 'tunisie', 'webmedia']",[],https://www.instagram.com/p/DW51ZFOlp8h/,0,,[],1620,1080,https://scontent-atl3-3.cdninstagram.com/v/t39.30808-6/666606615_1558708196257543_3653791037719581661_n.jpg?stp=dst-jpg_e15_tt6&_nc_ht=scontent-atl3-3.cdninstagram.com&_nc_cat=107&_nc_oc=Q6cZ2gHVtweOpGIsDYek7Tefg-YsT64dUG0-ED6mnU--pUJQxklzuds4dqjrOH69P4EM5_g&_nc_ohc=eCDQkwufj8QQ7kNvwGcclFX&_nc_gid=AX7MsvKgXLovmSpFyzgcag&edm=ADp7STQAAAAA&ccb=7-5&oh=00_AQB-LP-aWisnqiGeQPXGAqlFcYW27hW_wBf4gaqdfHGOrw&oe=6A5E696B&_nc_sid=c6f216,[],"Photo by Web Media International on April 09, 2026.",8,2026-04-09T08:08:38.000Z,[],Web Media International,webmedia_international,62467280556,False,https://www.instagram.com/webmedia_international/,1536,1024,feed,,,,,,,,,,,
3470147675372250471,Video,DAocOzUteVn,"🔐 Stop au piratage sur META, protégez vos comptes avec la double authentification ! 🔑 

Un mot de passe ne suffit plus. La double authentification (2FA) ajoute une couche de sécurité supplémentaire. Même si quelqu’un a votre mot de passe, il ne pourra pas accéder à vos comptes sans un code envoyé sur votre téléphone. 

📱 C'est simple à activer et ça peut faire toute la différence. Suivez la vidéo et activez-là maintenant !

#Sécurité #DoubleAuthentification #ProtectionDesDonnées #ConseilDigital","['Sécurité', 'DoubleAuthentification', 'ProtectionDesDonnées', 'ConseilDigital']",[],https://www.instagram.com/p/DAocOzUteVn/,0,,[],1350,1080,https://scontent-hou1-1.cdninstagram.com/v/t51.71878-15/503849340_1923905108381428_8368070235530747830_n.jpg?stp=dst-jpg_e15_fr_p1080x1080_tt6&_nc_ht=scontent-hou1-1.cdninstagram.com&_nc_cat=104&_nc_oc=Q6cZ2gFHLbev0RqpE9Dk8gdNCu07Et-wssmELh2TZRZlnoRu45gGF5UYzENReDFXs8hzN1Q&_nc_ohc=LyT46teNwaUQ7kNvwEruh3Q&_nc_gid=Lsf_XyWcw6cIasrhudmfIg&edm=ADp7STQBAAAA&ccb=7-5&oh=00_AQBQvz9Q1OrVROmyLs6mhYmonOkOidP-9h6MaC1_HVpQCw&oe=6A5E8348&_nc_sid=c6f216,[],"Video by Pi2r on October 02, 2024.",8,2024-10-02T18:31:28.000Z,[],Pi2r,agence_pi2r,3982105280,False,https://www.instagram.com/agence_pi2r/,900,720,clips,,,,https://scontent-lga3-3.cdninstagram.com/o1/v/t2/f2/m367/AQOiNQ9gwpsGiZMwby8O8104xYwTS-jZK5hlYb3PpRFA2D6QktTmg9qmnhI-8vQ5slRG0KHxFTbJZa63unJOXkfnkPhAMcQSd1hiCfk.mp4?_nc_cat=104&_nc_sid=9ca052&_nc_ht=scontent-lga3-3.cdninstagram.com&_nc_ohc=x-ZvBTuex4YQ7kNvwG-Re5j&efg=eyJ2ZW5jb2RlX3RhZyI6ImlnLXhwdmRzLmNsaXBzLmlnd3d3LUMzLmRhc2hfYmFzZWxpbmVfMV92MSIsInZpZGVvX2lkIjpudWxsLCJvaWxfdXJsZ2VuX2FwcF9pZCI6OTM2NjE5NzQzMzkyNDU5LCJjbGllbnRfbmFtZSI6ImlnIiwieHB2X2Fzc2V0X2lkIjoxNzQyNzY5ODA5ODI4MjkzLCJhc3NldF9hZ2VfZGF5cyI6NjUxLCJ2aV91c2VjYXNlX2lkIjoxMDA5OSwiZHVyYXRpb25fcyI6NDcsImJpdHJhdGUiOjMyMTcwOCwidXJsZ2VuX3NvdXJjZSI6Ind3dyJ9&ccb=17-1&_nc_gid=3FT89E-Yq0jNLCK1R_QHOw&_nc_ss=72a8c&_nc_zt=28&oh=00_AQBxh_yMtULFawYQFqOcfiz0GLEWy_stGokSJeEOek6hbA&oe=6A5E9A25,83,https://scontent-lga3-2.cdninstagram.com/o1/v/t2/f2/m86/AQNoex01A2VxnteajiAsm220aXlXnCr2gmk7RjIyd9VEm0yRlxSRsAvUJSF9D2I3z396RwNWgU-KMw6Knaz6Dzvg.mp4?_nc_cat=101&_nc_sid=9ca052&_nc_ht=scontent-lga3-2.cdninstagram.com&_nc_ohc=EobQeGTURaMQ7kNvwFgIXgg&efg=eyJ2ZW5jb2RlX3RhZyI6ImlnLXhwdmRzLmNsaXBzLmlnd3d3LUMzLmRhc2hfbG5faGVhYWNfdmJyM19hdWRpbyIsInZpZGVvX2lkIjpudWxsLCJvaWxfdXJsZ2VuX2FwcF9pZCI6OTM2NjE5NzQzMzkyNDU5LCJjbGllbnRfbmFtZSI6ImlnIiwieHB2X2Fzc2V0X2lkIjoxNzQyNzY5ODA5ODI4MjkzLCJhc3NldF9hZ2VfZGF5cyI6NjUxLCJ2aV91c2VjYXNlX2lkIjoxMDA5OSwiZHVyYXRpb25fcyI6NDcsImJpdHJhdGUiOjgyMTUyLCJ1cmxnZW5fc291cmNlIjoid3d3In0%3D&ccb=17-1&_nc_gid=3FT89E-Yq0jNLCK1R_QHOw&_nc_ss=72a8c&_nc_zt=28&oh=00_AQBNrfibINuTPefbY4Fp0qzoOK2tXgrYzb7zq37O6LtA_g&oe=6A5A8879,47.466,"{'artist_name': 'agence_pi2r', 'song_name': 'Original audio', 'uses_original_audio': True, 'should_mute_audio': False, 'should_mute_audio_reason': '', 'audio_id': '1074773830906541'}",269,,
3358313068302178704,Image,C6bH_FItBmQ,"Joyeuse fête du travail 💪
#Hagency #fetedutravail","['Hagency', 'fetedutravail']",[],https://www.instagram.com/p/C6bH_FItBmQ/,0,,[],1080,1080,https://scontent-mia3-3.cdninstagram.com/v/t51.82787-15/619658537_17938664685124053_3168386606620536806_n.webp?stp=dst-jpg_e15_fr_s1080x1080_tt6&_nc_ht=scontent-mia3-3.cdninstagram.com&_nc_cat=109&_nc_oc=Q6cZ2gF3lJ7jQ-wBWrADZPaKd86Z1puI-_Pyqkget9Z2ojDuz0drF8HuLUYwdlbhlf2-UNo&_nc_ohc=3T5JpMcZorUQ7kNvwEGs01U&_nc_gid=u-O6U2k4iKidTxtKK3Xvgw&edm=ADp7STQBAAAA&ccb=7-5&oh=00_AQAK9mbtqgdJOseBDB-WO-tPr2QTX5UHwckVs7j5tbWQ-A&oe=6A5E98B1&_nc_sid=c6f216,[],"Photo by H.agency on May 01, 2024.",0,2024-05-01T11:15:36.000Z,[],H.agency,h.agency.tunisia,53455295369,False,https://www.instagram.com/h.agency.tunisia/,1080,1080,feed,,,,,,,,,,,
3387447428835213188,Image,C8CoX0zCH-E,"⚠️ Attention les utilisateurs Google, de nouvelles conditions d'utilisation sont entrées en vigueur le 22 mai !
Voici l'essentiel à retenir :
✅ Vous garderez les droits sur ce que vous créez avec les nouveaux outils IA de Google.
✅ Google explique mieux ce qui est autorisé ou non sur ses plateformes.
✅ En cas de problème avec Google, les responsabilités sont désormais plus claires.
Avec l'arrivée de l'intelligence artificielle, il est important de bien connaître le cadre posé par Google.
Alors n'oubliez pas de prendre connaissance des nouvelles conditions pour continuer à utiliser Gmail, la recherche Google et les autres services après cette date !",[],[],https://www.instagram.com/p/C8CoX0zCH-E/,0,,[],1080,1080,https://scontent-ord5-2.cdninstagram.com/v/t39.30808-6/490110132_1217072807084522_3375626037728907231_n.jpg?stp=dst-jpg_e15_fr_s1080x1080_tt6&_nc_ht=scontent-ord5-2.cdninstagram.com&_nc_cat=102&_nc_oc=Q6cZ2gFxSmX-r_l2P1VNMvedKVinpVl9Vce8GhR79GQqPGHUsoOetTT5AxJdS6INgb-_bMg&_nc_ohc=9ZaU6pV4pPwQ7kNvwGAq4WT&_nc_gid=xsMyVxCAQX6gmffaSn2NAw&edm=ADp7STQAAAAA&ccb=7-5&oh=00_AQD-aa-n5bi9OXrv4zZ2Xp4nMKqGnIGJXBKL4s9hKOspqA&oe=6A5E68F4&_nc_sid=c6f216,[],"Photo by Pi2r on June 10, 2024.",2,2024-06-10T16:00:24.000Z,[],Pi2r,agence_pi2r,3982105280,False,https://www.instagram.com/agence_pi2r/,1080,1080,feed,,,,,,,,,,,
3346652215944334533,Image,C5xsnWGIszF,"La véritable magie de la communication réside dans l'équilibre entre parler et écouter. C'est dans cette harmonie que se créent des liens solides et durables 💬✨
Mail: 2021hagency@gmail.com
Infoline: 51 716 001
#Hagency #Tunisie #communication #digital #marketingdigital","['Hagency', 'Tunisie', 'communication', 'digital', 'marketingdigital']",[],https://www.instagram.com/p/C5xsnWGIszF/,0,,[],1080,1080,https://instagram.fosu2-1.fna.fbcdn.net/v/t51.82787-15/624077318_18111252208645843_7097803088348010312_n.jpg?stp=dst-jpg_e15_fr_s1080x1080_tt6&_nc_ht=instagram.fosu2-1.fna.fbcdn.net&_nc_cat=107&_nc_oc=Q6cZ2gGK_Jw4rWGUHBOnL6-8DBT5DSlTCnPqO3ZGlD39SalsEHkxq1uL3rBQS94O5_JlYGoBi80w-XcmSQjgmvwbr90f&_nc_ohc=6Cz5yzJ01lkQ7kNvwFrX6-w&_nc_gid=cGqk2UN-AEKk1vwFWIxC6g&edm=ADp7STQBAAAA&ccb=7-5&oh=00_AQChGJkHlvnOPibsrNjDmFIJXsLmA8RRm77Hb0bbfEaG9g&oe=6A5E8ECF&_nc_sid=c6f216,[],"Photo by H.agency on April 15, 2024.",0,2024-04-15T09:07:34.000Z,[],H.agency,h.agency.tunisia,53455295369,False,https://www.instagram.com/h.agency.tunisia/,1080,1080,feed,,,,,,,,,,,
3876731447612834165,Image,DXM6rY4jIF1,"كان عندك مشروع أو حتى فكرة  تحبوا يكبر؟🤔 تحب يكون عندك présence en ligne 🤔 نحنا هنا باش نحوّلوها لواقع رقمي 
❗❗𝐏𝐫𝐨𝐟𝐢𝐭𝐞𝐳 𝐝𝐞 𝐥'𝐨𝐩𝐩𝐨𝐫𝐭𝐮𝐧𝐢𝐭𝐞́ 𝐝𝐞 𝐦𝐞𝐭𝐭𝐫𝐞 𝐯𝐨𝐭𝐫𝐞 𝐛𝐮𝐬𝐢𝐧𝐞𝐬𝐬 𝐞𝐧 𝐥𝐢𝐠𝐧𝐞 𝐚̀ 𝐮𝐧 𝐩𝐫𝐢𝐱 𝐢𝐦𝐛𝐚𝐭𝐭𝐚𝐛𝐥𝐞 𝐜𝐡𝐞𝐳 Web Media-International 
نصممو مواقع sur mesure تجمع بين :
✅ الأداء العالي
✅ الأمان المتقدّم
✅ التصميم العصري 
 👉 Contactez-nous maintenant 
🌐 : www.webmedia-tunisie.com 
📩 : commercial@webmediatunisie.com
📞 : (+216) 25 4 72 5 25 /+216 29 888 079 

#SiteWeb #WebMediaInternational #DigitalTranslation","['SiteWeb', 'WebMediaInternational', 'DigitalTranslation']",[],https://www.instagram.com/p/DXM6rY4jIF1/,0,,[],1350,1080,https://instagram.fagc1-2.fna.fbcdn.net/v/t39.30808-6/672629650_1565086595619703_3957625034509623152_n.jpg?stp=dst-jpg_e15_fr_p1080x1080_tt6&_nc_ht=instagram.fagc1-2.fna.fbcdn.net&_nc_cat=107&_nc_oc=Q6cZ2gHCtuznQQDlajhjA6GEbjN7_ozghuIc55kwOSGcG1ZxVT7ZR9vO8HVqrBYJTXMJeqw&_nc_ohc=AykjRsr1jLcQ7kNvwHhQcPk&_nc_gid=0C2SD45nZ8U133b2MRcpBA&edm=ADp7STQAAAAA&ccb=7-5&oh=00_AQBTHI2wm3J_R2S4hCRwGXpVFjsDwxm3A60sHF0utYA97A&oe=6A5E7F33&_nc_sid=c6f216,[],"Photo by Web Media International on April 16, 2026.",5,2026-04-16T18:00:23.000Z,[],Web Media International,webmedia_international,62467280556,False,https://www.instagram.com/webmedia_international/,1350,1080,feed,,,,,,,,,,,
3462612793129196926,Image,DANq_1ZMF1-,"Que ce soit pour des rencontres professionnelles ou des événements, faites en sorte que votre carte parle pour vous !
#CarteDeVisite #IdentitéVisuelle","['CarteDeVisite', 'IdentitéVisuelle']",[],https://www.instagram.com/p/DANq_1ZMF1-/,0,,[],1080,1080,https://scontent-sjc6-1.cdninstagram.com/v/t39.30808-6/484810339_648171974820818_630796649232999075_n.jpg?stp=dst-jpg_e15_fr_s1080x1080_tt6&_nc_ht=scontent-sjc6-1.cdninstagram.com&_nc_cat=102&_nc_oc=Q6cZ2gFeAPItq7Xa-jQ-LKPhvLZ3KgQx7sg3lTaa98EP3joryUSTjWs4bi56_5jwdowusn0&_nc_ohc=6b7jMMt4mdAQ7kNvwF3yBYZ&_nc_gid=xI8C-a3ppkMUeIuILrYNCg&edm=ADp7STQAAAAA&ccb=7-5&oh=00_AQBuikNc7oPjLxmBuQrxU8wWjEEK8hQlyZIm3A9lmD1U7A&oe=6A5E8B0E&_nc_sid=c6f216,[],"Photo by Ija taw إيجا تو on September 22, 2024.",3,2024-09-22T09:00:33.000Z,[],Ija taw إيجا تو,ija.taw,57951608014,False,https://www.instagram.com/ija.taw/,1080,1080,feed,,,,,,,,,,,
3887472800010026125,Image,DXzE-o2lzyN,Bonne Fête du Travail à celles et ceux qui nous font avancer chaque jour,[],[],https://www.instagram.com/p/DXzE-o2lzyN/,0,,[],1350,1080,https://instagram.fcre1-1.fna.fbcdn.net/v/t39.30808-6/686530338_1578505184277844_4023631126092381028_n.jpg?stp=dst-jpg_e15_fr_p1080x1080_tt6&_nc_ht=instagram.fcre1-1.fna.fbcdn.net&_nc_cat=104&_nc_oc=Q6cZ2gF5f6I5O3tf-7k_TmP9DMtv2oo5jI7rWj1KAIxbZqwUyldhNBfnpFDZI8xz8-5BeoE&_nc_ohc=TMm5gUP4-q0Q7kNvwFl2Mdd&_nc_gid=NLZR9ttZ07snzr-e8MGpEA&edm=ADp7STQAAAAA&ccb=7-5&oh=00_AQDsAYsT5UoiBdbY4GTb3qL9lnr6yoEfByS76KXUdzqYPQ&oe=6A5E6DA2&_nc_sid=c6f216,[],"Photo by Web Media International on May 01, 2026. May be a graphic of magazine, poster and the Atomium.",4,2026-05-01T13:41:33.000Z,[],Web Media International,webmedia_international,62467280556,False,https://www.instagram.com/webmedia_international/,1350,1080,feed,,,,,,,,,,,
3573684609477985353,Image,DGYRzfXN0RJ,"Votre marque, notre inspiration. 🎨 #MYNDS",['MYNDS'],[],https://www.instagram.com/p/DGYRzfXN0RJ/,0,,[],1350,1080,https://instagram.foma1-2.fna.fbcdn.net/v/t39.30808-6/480767583_503275766147951_3262215138438615703_n.jpg?stp=dst-jpg_e15_fr_p1080x1080_tt6&_nc_ht=instagram.foma1-2.fna.fbcdn.net&_nc_cat=111&_nc_oc=Q6cZ2gEBjJoIl6fGK5MvgP5xroKKaUmDE3VEXY1pnxPekfOZkCJAVFEPnRxDCRykJYC3SSI&_nc_ohc=7-derZyViqgQ7kNvwE1YgZR&_nc_gid=Mw4xaEw4r5a-_-RIRwIWlQ&edm=ADp7STQAAAAA&ccb=7-5&oh=00_AQCPFup8UL7JAwnwl3LzlMPZjs2E7HCJS3eXarTXIx1UVQ&oe=6A5E7B2A&_nc_sid=c6f216,[],"Photo by MYNDS on February 22, 2025.",1,2025-02-22T15:00:25.000Z,[],MYNDS,m.y.n.d.s,60016721646,False,https://www.instagram.com/m.y.n.d.s/,1350,1080,feed,,,,,,,,,,,
3388866833152395152,Video,C8HrG4FJseQ,"En diversifiant les formats dans votre stratégie, vous pouvez toucher différents types de public. 
📹 Cependant, accorder une importance particulière au format vidéo est crucial. Pourquoi ? 
Parce que la vidéo stimule plusieurs sens chez l'individu : la vue et l'ouïe. 
Cela permet une expérience plus immersive et mémorable pour votre audience. 
Alors, n'oubliez pas d'intégrer des vidéos dans votre stratégie de contenu pour obtenir un impact maximal ! ✨",[],[],https://www.instagram.com/p/C8HrG4FJseQ/,0,,[],1088,612,https://scontent-lga3-2.cdninstagram.com/v/t51.71878-15/500563853_1213624593762067_5122621877737319307_n.jpg?stp=dst-jpg_e15_tt6&_nc_ht=scontent-lga3-2.cdninstagram.com&_nc_cat=107&_nc_oc=Q6cZ2gGbwjL5wxHbxs28oXHDKvtdiZpatS_pJ2QR7On6bM_UvQQcwbnNFr_Wx3YaXBYf7AY&_nc_ohc=m69o31h3-UEQ7kNvwENX3ss&_nc_gid=AXMVWwSS-Xp3B4wIy8JKOw&edm=ADp7STQBAAAA&ccb=7-5&oh=00_AQBYkPchGOYYRvDgz1H0tOF_rOguTpNAG2yulWr6CgrYvg&oe=6A5E8AAC&_nc_sid=c6f216,[],"Video by Pi2r on June 12, 2024.",2,2024-06-12T15:00:56.000Z,[],Pi2r,agence_pi2r,3982105280,False,https://www.instagram.com/agence_pi2r/,1024,576,clips,,,,https://scontent-sea5-1.cdninstagram.com/o1/v/t2/f2/m82/AQMvZVqXJs8rL31V_HTKCYFx_5pYtH6luxlhlPy2KOovFUbVhn91OjGoxx34nX_D2_n2ojzkiD37yJC4yQb6KI5A3NLUBi9KorCvcx8.mp4?_nc_cat=105&_nc_sid=5e9851&_nc_ht=scontent-sea5-1.cdninstagram.com&_nc_ohc=m5YbqDNoO6MQ7kNvwFm4Y8D&efg=eyJ2ZW5jb2RlX3RhZyI6Inhwdl9wcm9ncmVzc2l2ZS5JTlNUQUdSQU0uQ0xJUFMuQzMuNTc2LmRhc2hfYmFzZWxpbmVfMV92MSIsInhwdl9hc3NldF9pZCI6OTc2MTc1NTMwODQwMzA5LCJhc3NldF9hZ2VfZGF5cyI6NzYzLCJ2aV91c2VjYXNlX2lkIjoxMDA5OSwiZHVyYXRpb25fcyI6NjIsInVybGdlbl9zb3VyY2UiOiJ3d3cifQ%3D%3D&ccb=17-1&vs=32271e14643027e8&_nc_vs=HBksFQIYT2lnX3hwdl9yZWVsc19wZXJtYW5lbnRfcHJvZC80ODQ1QkZCMENGN0I4OTZDNzg4MzQyMjkyN0VFOUI4NV92aWRlb19kYXNoaW5pdC5tcDQVAALIARIAFQIYR2lnX3hwdl9yZWVsc19wZXJtYW5lbnRfc3JfcHJvZC8zMjMwODAxNTAwMzk3NTQ4XzY0NjM5NzIzNzI0ODUyMTI5MTMubXA0FQICyAESACgAGAAbAogHdXNlX29pbAExEnByb2dyZXNzaXZlX3JlY2lwZQExFQAAJurDiLzy9LsDFQIoAkMzLBdAT1wo9cKPXBgSZGFzaF9iYXNlbGluZV8xX3YxEQB1_gdl5p0BAA&_nc_gid=2fzgtBmhi8CRtn7kqBoAPw&_nc_ss=7c689&_nc_zt=28&oh=00_AQD20k-EuwE5iBzYiVpZb3CMYVKcBS3VGFMWC2Fe7BW_Rw&oe=6A5AA54E,115,https://scontent-sea5-1.cdninstagram.com/o1/v/t2/f2/m86/AQPjV4Z8gbNZf2DwP9E8FznTfyiT-zJOCiqa3DIKC0qxDLAeecCZ9KZkuWDdEMNZvGghtZS4XEMLO37-sqvgm8PA.mp4?_nc_cat=109&_nc_sid=9ca052&_nc_ht=scontent-sea5-1.cdninstagram.com&_nc_ohc=luwPoZ5DO4QQ7kNvwG_Vsva&efg=eyJ2ZW5jb2RlX3RhZyI6ImlnLXhwdmRzLmNsaXBzLmlnd3d3LUMzLmRhc2hfbG5faGVhYWNfdmJyM19hdWRpbyIsInZpZGVvX2lkIjpudWxsLCJvaWxfdXJsZ2VuX2FwcF9pZCI6OTM2NjE5NzQzMzkyNDU5LCJjbGllbnRfbmFtZSI6ImlnIiwieHB2X2Fzc2V0X2lkIjo5NzYxNzU1MzA4NDAzMDksImFzc2V0X2FnZV9kYXlzIjo3NjMsInZpX3VzZWNhc2VfaWQiOjEwMDk5LCJkdXJhdGlvbl9zIjo2MiwiYml0cmF0ZSI6NTUyMjIsInVybGdlbl9zb3VyY2UiOiJ3d3cifQ%3D%3D&ccb=17-1&_nc_gid=2fzgtBmhi8CRtn7kqBoAPw&_nc_ss=7c689&_nc_zt=28&oh=00_AQARlZICV2SLLUwJbm-kOKF3NAUt16CvYXAFyV-wGbwDFQ&oe=6A5A7665,62.72,"{'artist_name': 'agence_pi2r', 'song_name': 'Original audio', 'uses_original_audio': True, 'should_mute_audio': False, 'should_mute_audio_reason': '', 'audio_id': '1625310028308801'}",304,,
3135166309040446937,Video,CuCWSWyIN3Z,"حكاية Team we create و العيد الكبير 
🐑🐑
#eidmubarak #aidaladha #team","['eidmubarak', 'aidaladha', 'team']",[],https://www.instagram.com/p/CuCWSWyIN3Z/,1,Hahhaha jouji cousine tekilsh l3aloush lkol 😂,"[{'id': '18013996912990416', 'text': 'Hahhaha jouji cousine tekilsh l3aloush lkol 😂', 'ownerUsername': 'nouraloui8', 'ownerProfilePicUrl': 'https://scontent-sea5-1.cdninstagram.com/v/t51.82787-19/672381005_18068217542665190_5206019070131575811_n.jpg?stp=dst-jpg_s150x150_tt6&_nc_cat=107&ccb=7-5&_nc_sid=f7ccc5&efg=eyJ2ZW5jb2RlX3RhZyI6InByb2ZpbGVfcGljLnd3dy44MTAuQzMifQ%3D%3D&_nc_ohc=wiqSh6Z7ZwsQ7kNvwHVkqAM&_nc_oc=AdrLBFY20QXRrg0axh55srBFWObHBTFR2UiVXaWYIfhKqhYP-EjrIuapoi3F29wirh0&_nc_zt=24&_nc_ht=scontent-sea5-1.cdninstagram.com&_nc_gid=UymB2yi9gYu6AjXOBAqB0Q&_nc_ss=7ca8c&oh=00_AQCboX_rw-AD3Oy3q50XV0ljHngTfSNkWwhvcqYbLOx40g&oe=6A5E7947', 'timestamp': '2023-11-29T20:21:44.000Z', 'repliesCount': None, 'replies': None, 'likesCount': 0, 'owner': {'username': 'nouraloui8', 'profile_pic_url': 'https://scontent-sea5-1.cdninstagram.com/v/t51.82787-19/672381005_18068217542665190_5206019070131575811_n.jpg?stp=dst-jpg_s150x150_tt6&_nc_cat=107&ccb=7-5&_nc_sid=f7ccc5&efg=eyJ2ZW5jb2RlX3RhZyI6InByb2ZpbGVfcGljLnd3dy44MTAuQzMifQ%3D%3D&_nc_ohc=wiqSh6Z7ZwsQ7kNvwHVkqAM&_nc_oc=AdrLBFY20QXRrg0axh55srBFWObHBTFR2UiVXaWYIfhKqhYP-EjrIuapoi3F29wirh0&_nc_zt=24&_nc_ht=scontent-sea5-1.cdninstagram.com&_nc_gid=UymB2yi9gYu6AjXOBAqB0Q&_nc_ss=7ca8c&oh=00_AQCboX_rw-AD3Oy3q50XV0ljHngTfSNkWwhvcqYbLOx40g&oe=6A5E7947', 'is_verified': False, 'id': '50101449189', 'full_name': None, 'is_mentionable': None, 'is_private': None, 'profile_pic_id': None, 'latest_reel_media': None}}]",854,480,https://scontent-lax3-2.cdninstagram.com/v/t51.71878-15/503178188_1226577469218911_3067216131380665769_n.jpg?stp=dst-jpg_e15_tt6&_nc_ht=scontent-lax3-2.cdninstagram.com&_nc_cat=111&_nc_oc=Q6cZ2gFGzYZMTbfqeDLh-e2HJvb9XERin2HiCdT5XPGu4XUOCkh2VLBT7N6M9EmMSqTZVYc&_nc_ohc=D01rK3jrxHoQ7kNvwGbCSmv&_nc_gid=DyQIi9JEyKU2TehNAqpj5Q&edm=ADp7STQBAAAA&ccb=7-5&oh=00_AQAZ3WgIJVhMBq2xkr8_3BblJvm-EN1luBq_b88Ii_XiVg&oe=6A5E9B38&_nc_sid=c6f216,[],"Video by We Create on June 28, 2023.",20,2023-06-28T14:21:35.000Z,[],We Create,we_create_agency,54491378174,False,https://www.instagram.com/we_create_agency/,854,480,clips,,,,https://scontent-sea5-1.cdninstagram.com/o1/v/t2/f2/m82/AQOs26J3yexrRLxz9L4CLkWz083cl31xg8s3lLZ7KpZ9BZ9YomDqixfxw8N8Clb_uzHSXpznGLXXQOtfX0z4uJ2cVPtaY82TilGHV-E.mp4?_nc_cat=108&_nc_sid=5e9851&_nc_ht=scontent-sea5-1.cdninstagram.com&_nc_ohc=8mawCYnWOKoQ7kNvwHIgvkD&efg=eyJ2ZW5jb2RlX3RhZyI6Inhwdl9wcm9ncmVzc2l2ZS5JTlNUQUdSQU0uQ0xJUFMuQzMuNDgwLmRhc2hfYmFzZWxpbmVfMV92MSIsInhwdl9hc3NldF9pZCI6NzY4ODAzNzAxNjYyOTU5LCJhc3NldF9hZ2VfZGF5cyI6MTExMywidmlfdXNlY2FzZV9pZCI6MTAwOTksImR1cmF0aW9uX3MiOjkxLCJ1cmxnZW5fc291cmNlIjoid3d3In0%3D&ccb=17-1&vs=9c0cd5246dcd6611&_nc_vs=HBksFQIYT2lnX3hwdl9yZWVsc19wZXJtYW5lbnRfcHJvZC82NTQyMDFFNDQ1RkFGNTdDNzRFQjBFREU1RjM4Njc5MV92aWRlb19kYXNoaW5pdC5tcDQVAALIARIAFQIYOnBhc3N0aHJvdWdoX2V2ZXJzdG9yZS9HQ29yUmhXb05MeXJiaFlDQUJub2JIc0JoR1ZjYnFfRUFBQUYVAgLIARIAKAAYABsCiAd1c2Vfb2lsATEScHJvZ3Jlc3NpdmVfcmVjaXBlATEVAAAm3pPR-KHO3QIVAigCQzMsF0BWwAAAAAAAGBJkYXNoX2Jhc2VsaW5lXzFfdjERAHX-B2XmnQEA&_nc_gid=UymB2yi9gYu6AjXOBAqB0Q&_nc_ss=7ca8c&_nc_zt=28&oh=00_AQBQPeMcIuv4xclv1gkb24y771NYEjXxclj64ByAEcpsZQ&oe=6A5A9529,341,,91,"{'artist_name': 'we_create_agency', 'song_name': 'Original audio', 'uses_original_audio': True, 'should_mute_audio': False, 'should_mute_audio_reason': '', 'audio_id': '811075223880939'}",748,,
3483980158489492474,Sidecar,DBZlX7HRnv6,"📧 Maîtrisez l’Art de l'Email pour Booster Vos Conversions ? 

Attirer l’attention de vos clients par email peut être un défi, mais il existe des solutions efficaces.

Grâce à des techniques éprouvées comme la personnalisation du contenu et l'optimisation de l'objet, transforment vos emails en de véritables leviers de conversion. 

Il faut maîtriser l’art de rendre vos campagnes captivantes, engageantes et invitent à l’action.
Besoin d'aide ? Appelez-nous : 
☎️ (+216) 29 999 041 📧 sales@pi-2r.com 

#Newsletter #DigitalMarketing #EmailSuccess","['Newsletter', 'DigitalMarketing', 'EmailSuccess']",[],https://www.instagram.com/p/DBZlX7HRnv6/,0,,[],720,720,https://scontent-det1-1.cdninstagram.com/v/t39.30808-6/492108919_1228238585967944_7946550496364834502_n.jpg?stp=dst-jpg_e35_tt6&_nc_cat=108&ig_cache_key=MzQ4Mzk4MDE0MDYzODU2NjAwOA%3D%3D.3-ccb7-5&ccb=7-5&_nc_sid=58cdad&efg=eyJ2ZW5jb2RlX3RhZyI6IkNBUk9VU0VMX0lURU0ueHBpZHMuNzIwLnNkci5yZWd1bGFyX3Bob3RvLkMzIn0%3D&_nc_ohc=PktfhrdVicYQ7kNvwHj2En0&_nc_oc=AdqzJb6XOjAdYucfPhagp_n4DLjnMNLML1S2nZpI2w5lwoY1haEAQYDkTgVxMGsX5Vc&_nc_zt=23&_nc_ht=scontent-det1-1.cdninstagram.com&_nc_gid=qxaG2oZIcoAO3Z79RnwbJQ&_nc_ss=72a8c&oh=00_AQDSv2hHY-h4H5PY5z4PuQzbuyfJ4YM0-CgUjatfJbR0IA&oe=6A5E763A,"['https://scontent-det1-1.cdninstagram.com/v/t39.30808-6/492108919_1228238585967944_7946550496364834502_n.jpg?stp=dst-jpg_e35_tt6&_nc_cat=108&ig_cache_key=MzQ4Mzk4MDE0MDYzODU2NjAwOA%3D%3D.3-ccb7-5&ccb=7-5&_nc_sid=58cdad&efg=eyJ2ZW5jb2RlX3RhZyI6IkNBUk9VU0VMX0lURU0ueHBpZHMuNzIwLnNkci5yZWd1bGFyX3Bob3RvLkMzIn0%3D&_nc_ohc=PktfhrdVicYQ7kNvwHj2En0&_nc_oc=AdqzJb6XOjAdYucfPhagp_n4DLjnMNLML1S2nZpI2w5lwoY1haEAQYDkTgVxMGsX5Vc&_nc_zt=23&_nc_ht=scontent-det1-1.cdninstagram.com&_nc_gid=qxaG2oZIcoAO3Z79RnwbJQ&_nc_ss=72a8c&oh=00_AQDSv2hHY-h4H5PY5z4PuQzbuyfJ4YM0-CgUjatfJbR0IA&oe=6A5E763A', 'https://scontent-det1-1.cdninstagram.com/v/t39.30808-6/492508311_1228238535967949_6426387879800989026_n.jpg?stp=dst-jpg_e35_tt6&_nc_cat=105&ig_cache_key=MzQ4Mzk4MDE0MDI5NDY1ODcwMg%3D%3D.3-ccb7-5&ccb=7-5&_nc_sid=58cdad&efg=eyJ2ZW5jb2RlX3RhZyI6IkNBUk9VU0VMX0lURU0ueHBpZHMuNzIwLnNkci5yZWd1bGFyX3Bob3RvLkMzIn0%3D&_nc_ohc=H-KLeGscxGAQ7kNvwHZ2j9O&_nc_oc=Adozs4BSE5iDHgOI1lVw_-9oDjF9k3Ey2GNw1VwoCfYbsKkbf7noBcJipq6UuAXp1fM&_nc_zt=23&_nc_ht=scontent-det1-1.cdninstagram.com&_nc_gid=qxaG2oZIcoAO3Z79RnwbJQ&_nc_ss=72a8c&oh=00_AQDRTlj-YXXgpyJlaj4NKQ1Ygn9oCndSEn1OeRgQNFS8rQ&oe=6A5E942F', 'https://scontent-det1-1.cdninstagram.com/v/t39.30808-6/492539619_1228238505967952_5479322493367196553_n.jpg?stp=dst-jpg_e35_tt6&_nc_cat=107&ig_cache_key=MzQ4Mzk4MDE0MDI5NDQ3NjQzNQ%3D%3D.3-ccb7-5&ccb=7-5&_nc_sid=58cdad&efg=eyJ2ZW5jb2RlX3RhZyI6IkNBUk9VU0VMX0lURU0ueHBpZHMuNzIwLnNkci5yZWd1bGFyX3Bob3RvLkMzIn0%3D&_nc_ohc=FW9KzYfw5qgQ7kNvwH-BSms&_nc_oc=AdqktE6N1R6z611abQoGYiBhctTHU0abDP67DZZujBJe9LzKvljbatvShpqYYwmh5VU&_nc_zt=23&_nc_ht=scontent-det1-1.cdninstagram.com&_nc_gid=qxaG2oZIcoAO3Z79RnwbJQ&_nc_ss=72a8c&oh=00_AQDP_2OIsbMcKiBCKM9y9PQ_pGRS6atQvyPixmWYvi4iAg&oe=6A5E701D', 'https://scontent-det1-1.cdninstagram.com/v/t39.30808-6/492126692_1228238285967974_7739180925077806505_n.jpg?stp=dst-jpg_e35_tt6&_nc_cat=106&ig_cache_key=MzQ4Mzk4MDE0MTMxODA4NjI4MA%3D%3D.3-ccb7-5&ccb=7-5&_nc_sid=58cdad&efg=eyJ2ZW5jb2RlX3RhZyI6IkNBUk9VU0VMX0lURU0ueHBpZHMuNzIwLnNkci5yZWd1bGFyX3Bob3RvLkMzIn0%3D&_nc_ohc=mjXm09W523kQ7kNvwHyYBa-&_nc_oc=AdpYelbiU2qoHxb7wRPnY102w2q4d5MSUyxGffR76J4CDf-2fiee_S4ng19mY3we7wQ&_nc_zt=23&_nc_ht=scontent-det1-1.cdninstagram.com&_nc_gid=qxaG2oZIcoAO3Z79RnwbJQ&_nc_ss=72a8c&oh=00_AQDDj_ehsQOtN8zarEzimCnO5HjGapryU0JyTuTQZ6Sr1Q&oe=6A5E75FD', 'https://scontent-det1-1.cdninstagram.com/v/t39.30808-6/491960310_1228238459301290_8903978748280547142_n.jpg?stp=dst-jpg_e35_tt6&_nc_cat=105&ig_cache_key=MzQ4Mzk4MDE0MTA5MTUwMDM4MQ%3D%3D.3-ccb7-5&ccb=7-5&_nc_sid=58cdad&efg=eyJ2ZW5jb2RlX3RhZyI6IkNBUk9VU0VMX0lURU0ueHBpZHMuNzIwLnNkci5yZWd1bGFyX3Bob3RvLkMzIn0%3D&_nc_ohc=2vrjW4A6JG4Q7kNvwEwXHNW&_nc_oc=AdoWMzKsYTSv5qhKbPK5n1V5TBNZxA4dLVIzY9sLejGZ8LAz_OufC0w7EE_th_mocpg&_nc_zt=23&_nc_ht=scontent-det1-1.cdninstagram.com&_nc_gid=qxaG2oZIcoAO3Z79RnwbJQ&_nc_ss=72a8c&oh=00_AQCWCTTbvULMTXkC0sIz1ABE7KqS1snV_HpOq95LSQoiAQ&oe=6A5E84B3', 'https://scontent-det1-1.cdninstagram.com/v/t39.30808-6/492493093_1228238275967975_4100449542965326193_n.jpg?stp=dst-jpg_e35_tt6&_nc_cat=104&ig_cache_key=MzQ4Mzk4MDE0MDcwNTcwNjcyMg%3D%3D.3-ccb7-5&ccb=7-5&_nc_sid=58cdad&efg=eyJ2ZW5jb2RlX3RhZyI6IkNBUk9VU0VMX0lURU0ueHBpZHMuNzIwLnNkci5yZWd1bGFyX3Bob3RvLkMzIn0%3D&_nc_ohc=ZlG85OYgNR8Q7kNvwFL-oLk&_nc_oc=Adq_mudGydmCfvkHqyaoqxJXRRQ4JC_7lX8jAnonyEiXM2SICJ7eRv11rqg6CH08aH8&_nc_zt=23&_nc_ht=scontent-det1-1.cdninstagram.com&_nc_gid=qxaG2oZIcoAO3Z79RnwbJQ&_nc_ss=72a8c&oh=00_AQBYbpi9uuAPvp_Y5icoIACQeK3nRFDgK9mbAHqDXIYVQQ&oe=6A5E9535']","Photo by Pi2r on October 21, 2024.",4,2024-10-21T20:33:41.000Z,"[{'id': '3483980140638566008', 'type': 'Image', 'caption': '', 'hashtags': [], 'mentions': [], 'url': 'https://www.instagram.com/p/DBZlXqfRvZ4/', 'commentsCount': 0, 'firstComment': '', 'latestComments': [], 'dimensionsHeight': 720, 'dimensionsWidth': 720, 'displayUrl': 'https://scontent-det1-1.cdninstagram.com/v/t39.30808-6/492108919_1228238585967944_7946550496364834502_n.jpg?stp=dst-jpg_e35_tt6&_nc_cat=108&ig_cache_key=MzQ4Mzk4MDE0MDYzODU2NjAwOA%3D%3D.3-ccb7-5&ccb=7-5&_nc_sid=58cdad&efg=eyJ2ZW5jb2RlX3RhZyI6IkNBUk9VU0VMX0lURU0ueHBpZHMuNzIwLnNkci5yZWd1bGFyX3Bob3RvLkMzIn0%3D&_nc_ohc=PktfhrdVicYQ7kNvwHj2En0&_nc_oc=AdqzJb6XOjAdYucfPhagp_n4DLjnMNLML1S2nZpI2w5lwoY1haEAQYDkTgVxMGsX5Vc&_nc_zt=23&_nc_ht=scontent-det1-1.cdninstagram.com&_nc_gid=qxaG2oZIcoAO3Z79RnwbJQ&_nc_ss=72a8c&oh=00_AQDSv2hHY-h4H5PY5z4PuQzbuyfJ4YM0-CgUjatfJbR0IA&oe=6A5E763A', 'images': [], 'alt': 'Photo by Pi2r on October 21, 2024.', 'likesCount': 0, 'timestamp': '2024-10-21T20:33:40.000Z', 'childPosts': [], 'ownerId': '17841403878417763', 'shortCode': 'DBZlXqfRvZ4', 'originalHeight': 720, 'originalWidth': 720, 'ownerUsername': 'agence_pi2r'}, {'id': '3483980140294658702', 'type': 'Image', 'caption': '', 'hashtags': [], 'mentions': [], 'url': 'https://www.instagram.com/p/DBZlXqKx1qO/', 'commentsCount': 0, 'firstComment': '', 'latestComments': [], 'dimensionsHeight': 720, 'dimensionsWidth': 720, 'displayUrl': 'https://scontent-det1-1.cdninstagram.com/v/t39.30808-6/492508311_1228238535967949_6426387879800989026_n.jpg?stp=dst-jpg_e35_tt6&_nc_cat=105&ig_cache_key=MzQ4Mzk4MDE0MDI5NDY1ODcwMg%3D%3D.3-ccb7-5&ccb=7-5&_nc_sid=58cdad&efg=eyJ2ZW5jb2RlX3RhZyI6IkNBUk9VU0VMX0lURU0ueHBpZHMuNzIwLnNkci5yZWd1bGFyX3Bob3RvLkMzIn0%3D&_nc_ohc=H-KLeGscxGAQ7kNvwHZ2j9O&_nc_oc=Adozs4BSE5iDHgOI1lVw_-9oDjF9k3Ey2GNw1VwoCfYbsKkbf7noBcJipq6UuAXp1fM&_nc_zt=23&_nc_ht=scontent-det1-1.cdninstagram.com&_nc_gid=qxaG2oZIcoAO3Z79RnwbJQ&_nc_ss=72a8c&oh=00_AQDRTlj-YXXgpyJlaj4NKQ1Ygn9oCndSEn1OeRgQNFS8rQ&oe=6A5E942F', 'images': [], 'alt': 'Photo by Pi2r on October 21, 2024.', 'likesCount': 0, 'timestamp': '2024-10-21T20:33:40.000Z', 'childPosts': [], 'ownerId': '17841403878417763', 'shortCode': 'DBZlXqKx1qO', 'originalHeight': 720, 'originalWidth': 720, 'ownerUsername': 'agence_pi2r'}, {'id': '3483980140294476435', 'type': 'Image', 'caption': '', 'hashtags': [], 'mentions': [], 'url': 'https://www.instagram.com/p/DBZlXqKxJKT/', 'commentsCount': 0, 'firstComment': '', 'latestComments': [], 'dimensionsHeight': 720, 'dimensionsWidth': 720, 'displayUrl': 'https://scontent-det1-1.cdninstagram.com/v/t39.30808-6/492539619_1228238505967952_5479322493367196553_n.jpg?stp=dst-jpg_e35_tt6&_nc_cat=107&ig_cache_key=MzQ4Mzk4MDE0MDI5NDQ3NjQzNQ%3D%3D.3-ccb7-5&ccb=7-5&_nc_sid=58cdad&efg=eyJ2ZW5jb2RlX3RhZyI6IkNBUk9VU0VMX0lURU0ueHBpZHMuNzIwLnNkci5yZWd1bGFyX3Bob3RvLkMzIn0%3D&_nc_ohc=FW9KzYfw5qgQ7kNvwH-BSms&_nc_oc=AdqktE6N1R6z611abQoGYiBhctTHU0abDP67DZZujBJe9LzKvljbatvShpqYYwmh5VU&_nc_zt=23&_nc_ht=scontent-det1-1.cdninstagram.com&_nc_gid=qxaG2oZIcoAO3Z79RnwbJQ&_nc_ss=72a8c&oh=00_AQDP_2OIsbMcKiBCKM9y9PQ_pGRS6atQvyPixmWYvi4iAg&oe=6A5E701D', 'images': [], 'alt': 'Photo by Pi2r on October 21, 2024.', 'likesCount': 0, 'timestamp': '2024-10-21T20:33:40.000Z', 'childPosts': [], 'ownerId': '17841403878417763', 'shortCode': 'DBZlXqKxJKT', 'originalHeight': 720, 'originalWidth': 720, 'ownerUsername': 'agence_pi2r'}, {'id': '3483980141318086280', 'type': 'Image', 'caption': '', 'hashtags': [], 'mentions': [], 'url': 'https://www.instagram.com/p/DBZlXrHx56I/', 'commentsCount': 0, 'firstComment': '', 'latestComments': [], 'dimensionsHeight': 720, 'dimensionsWidth': 720, 'displayUrl': 'https://scontent-det1-1.cdninstagram.com/v/t39.30808-6/492126692_1228238285967974_7739180925077806505_n.jpg?stp=dst-jpg_e35_tt6&_nc_cat=106&ig_cache_key=MzQ4Mzk4MDE0MTMxODA4NjI4MA%3D%3D.3-ccb7-5&ccb=7-5&_nc_sid=58cdad&efg=eyJ2ZW5jb2RlX3RhZyI6IkNBUk9VU0VMX0lURU0ueHBpZHMuNzIwLnNkci5yZWd1bGFyX3Bob3RvLkMzIn0%3D&_nc_ohc=mjXm09W523kQ7kNvwHyYBa-&_nc_oc=AdpYelbiU2qoHxb7wRPnY102w2q4d5MSUyxGffR76J4CDf-2fiee_S4ng19mY3we7wQ&_nc_zt=23&_nc_ht=scontent-det1-1.cdninstagram.com&_nc_gid=qxaG2oZIcoAO3Z79RnwbJQ&_nc_ss=72a8c&oh=00_AQDDj_ehsQOtN8zarEzimCnO5HjGapryU0JyTuTQZ6Sr1Q&oe=6A5E75FD', 'images': [], 'alt': 'Photo by Pi2r on October 21, 2024.', 'likesCount': 0, 'timestamp': '2024-10-21T20:33:40.000Z', 'childPosts': [], 'ownerId': '17841403878417763', 'shortCode': 'DBZlXrHx56I', 'originalHeight': 720, 'originalWidth': 720, 'ownerUsername': 'agence_pi2r'}, {'id': '3483980141091500381', 'type': 'Image', 'caption': '', 'hashtags': [], 'mentions': [], 'url': 'https://www.instagram.com/p/DBZlXq6RjFd/', 'commentsCount': 0, 'firstComment': '', 'latestComments': [], 'dimensionsHeight': 720, 'dimensionsWidth': 720, 'displayUrl': 'https://scontent-det1-1.cdninstagram.com/v/t39.30808-6/491960310_1228238459301290_8903978748280547142_n.jpg?stp=dst-jpg_e35_tt6&_nc_cat=105&ig_cache_key=MzQ4Mzk4MDE0MTA5MTUwMDM4MQ%3D%3D.3-ccb7-5&ccb=7-5&_nc_sid=58cdad&efg=eyJ2ZW5jb2RlX3RhZyI6IkNBUk9VU0VMX0lURU0ueHBpZHMuNzIwLnNkci5yZWd1bGFyX3Bob3RvLkMzIn0%3D&_nc_ohc=2vrjW4A6JG4Q7kNvwEwXHNW&_nc_oc=AdoWMzKsYTSv5qhKbPK5n1V5TBNZxA4dLVIzY9sLejGZ8LAz_OufC0w7EE_th_mocpg&_nc_zt=23&_nc_ht=scontent-det1-1.cdninstagram.com&_nc_gid=qxaG2oZIcoAO3Z79RnwbJQ&_nc_ss=72a8c&oh=00_AQCWCTTbvULMTXkC0sIz1ABE7KqS1snV_HpOq95LSQoiAQ&oe=6A5E84B3', 'images': [], 'alt': 'Photo by Pi2r on October 21, 2024.', 'likesCount': 0, 'timestamp': '2024-10-21T20:33:40.000Z', 'childPosts': [], 'ownerId': '17841403878417763', 'shortCode': 'DBZlXq6RjFd', 'originalHeight': 720, 'originalWidth': 720, 'ownerUsername': 'agence_pi2r'}, {'id': '3483980140705706722', 'type': 'Image', 'caption': '', 'hashtags': [], 'mentions': [], 'url': 'https://www.instagram.com/p/DBZlXqjR3Li/', 'commentsCount': 0, 'firstComment': '', 'latestComments': [], 'dimensionsHeight': 720, 'dimensionsWidth': 720, 'displayUrl': 'https://scontent-det1-1.cdninstagram.com/v/t39.30808-6/492493093_1228238275967975_4100449542965326193_n.jpg?stp=dst-jpg_e35_tt6&_nc_cat=104&ig_cache_key=MzQ4Mzk4MDE0MDcwNTcwNjcyMg%3D%3D.3-ccb7-5&ccb=7-5&_nc_sid=58cdad&efg=eyJ2ZW5jb2RlX3RhZyI6IkNBUk9VU0VMX0lURU0ueHBpZHMuNzIwLnNkci5yZWd1bGFyX3Bob3RvLkMzIn0%3D&_nc_ohc=ZlG85OYgNR8Q7kNvwFL-oLk&_nc_oc=Adq_mudGydmCfvkHqyaoqxJXRRQ4JC_7lX8jAnonyEiXM2SICJ7eRv11rqg6CH08aH8&_nc_zt=23&_nc_ht=scontent-det1-1.cdninstagram.com&_nc_gid=qxaG2oZIcoAO3Z79RnwbJQ&_nc_ss=72a8c&oh=00_AQBYbpi9uuAPvp_Y5icoIACQeK3nRFDgK9mbAHqDXIYVQQ&oe=6A5E9535', 'images': [], 'alt': 'Photo by Pi2r on October 21, 2024.', 'likesCount': 0, 'timestamp': '2024-10-21T20:33:40.000Z', 'childPosts': [], 'ownerId': '17841403878417763', 'shortCode': 'DBZlXqjR3Li', 'originalHeight': 720, 'originalWidth': 720, 'ownerUsername': 'agence_pi2r'}]",Pi2r,agence_pi2r,3982105280,False,https://www.instagram.com/agence_pi2r/,720,720,carousel_container,,,,,,,,,,,
3525012893089764167,Image,DDrXIzJSZNH,"Today, we reflect on the resilience of our nation and hope for a brighter, stronger Tunisia. Together, let’s continue building a future rooted in unity and progress. 

#Tunisia #Revolutionday","['Tunisia', 'Revolutionday']",[],https://www.instagram.com/p/DDrXIzJSZNH/,0,,[],1080,1080,https://scontent-bos5-1.cdninstagram.com/v/t39.30808-6/485712393_649922267979122_1861289619495306286_n.jpg?stp=dst-jpg_e15_fr_s1080x1080_tt6&_nc_ht=scontent-bos5-1.cdninstagram.com&_nc_cat=102&_nc_oc=Q6cZ2gF_3Cmqit-IdHGFXDvrRILR8ETgo8GxgY4cLcvLxn3CXwOjxDLNSHsan8_mS8mxJT8&_nc_ohc=6cwANvAvQs0Q7kNvwE1uFlg&_nc_gid=PE2N-tP6XNfSnkWXTj4FBA&edm=ADp7STQAAAAA&ccb=7-5&oh=00_AQBt-bdCB73US42c9mjo3lhseVaen6hh0b-0PFVKSNXFFg&oe=6A5E69DF&_nc_sid=c6f216,[],"Photo by Ija taw إيجا تو on December 17, 2024.",2,2024-12-17T11:18:24.000Z,[],Ija taw إيجا تو,ija.taw,57951608014,False,https://www.instagram.com/ija.taw/,1080,1080,feed,,,,,,,,,,,
3343062809234108961,Image,C5k8emmN_Ih,"عيدكم مبروك و سنين دايمة ❤️❤️❤️
#Hagency #Tunisie","['Hagency', 'Tunisie']",[],https://www.instagram.com/p/C5k8emmN_Ih/,0,,[],1080,1080,https://scontent-mia3-3.cdninstagram.com/v/t51.82787-15/620847693_17958704670023876_8167035194617001356_n.webp?stp=dst-jpg_e15_fr_s1080x1080_tt6&_nc_ht=scontent-mia3-3.cdninstagram.com&_nc_cat=108&_nc_oc=Q6cZ2gFGGAUErQKtj2M3G-7-61MZqL9YwVcZkD19432QP-Ng5fiv2JVoQBZKn98kWPovREU&_nc_ohc=P5oYbho0RYwQ7kNvwHMavEk&_nc_gid=cjlt0aUOUur0oWsWIg_nDg&edm=ADp7STQBAAAA&ccb=7-5&oh=00_AQBqeQFppu1Zc_QTEFrhPwOMfzeNe9AVoz9JDNjEhcmQCg&oe=6A5E8DF9&_nc_sid=c6f216,[],"Photo by H.agency on April 10, 2024.",0,2024-04-10T10:16:04.000Z,[],H.agency,h.agency.tunisia,53455295369,False,https://www.instagram.com/h.agency.tunisia/,1080,1080,feed,,,,,,,,,,,
3506371162618265883,Image,DCpIf6uiQEb,"📣 Semaine de l’Entrepreneuriat : Ensemble, transformons vos idées en succès ! 🚀

📢 Chez Pi2r, nous célébrons les visionnaires et les bâtisseurs de demain. Cette semaine, mettons en lumière ces entrepreneurs qui transforment leurs rêves en réalité et réinventent le monde. 🌟

💡 Inspirons-nous :
L'entrepreneuriat, c'est plus qu'un métier, c'est un état d'esprit :
• Prendre des risques calculés.
• Transformer les échecs en apprentissages.
• Innover pour répondre aux besoins de demain.

🌍 Saviez-vous que 50 % des startups qui réussissent aujourd'hui sont nées d'une simple idée discutée autour d'un café ? 
🤔 Une simple conversation peut changer un destin !

Partagez avec nous votre plus grande leçon en tant qu'entrepreneur !

#Pi2r #SemaineDeLEntreprenariat #InnoverEnsemble #Entrepreneurs #Marketing #Digital","['Pi2r', 'SemaineDeLEntreprenariat', 'InnoverEnsemble', 'Entrepreneurs', 'Marketing', 'Digital']",[],https://www.instagram.com/p/DCpIf6uiQEb/,0,,[],1080,1080,https://scontent-sjc3-1.cdninstagram.com/v/t39.30808-6/493289076_1229162575875545_8033245309240230137_n.jpg?stp=dst-jpg_e15_fr_s1080x1080_tt6&_nc_ht=scontent-sjc3-1.cdninstagram.com&_nc_cat=105&_nc_oc=Q6cZ2gHV8B06cn6VP79QrifwbxJ02TQ1FzHveGakX-9bQwoSsSRp61GIhpvd1xy0lki_T3g&_nc_ohc=Y0QDLCIsfSIQ7kNvwGAhwBe&_nc_gid=45xFnSTHU7yAlNGorK2MjQ&edm=ADp7STQAAAAA&ccb=7-5&oh=00_AQCqNKv4ylBVuSUgk4-KS5B7WDPnuJiLQKjAwB1_pqB1YQ&oe=6A5E692B&_nc_sid=c6f216,[],"Photo by Pi2r on November 21, 2024.",5,2024-11-21T18:00:37.000Z,[],Pi2r,agence_pi2r,3982105280,False,https://www.instagram.com/agence_pi2r/,1080,1080,feed,,,,,,,,,,,
3582925644239238975,Image,DG5G-PphHc_,,[],[],https://www.instagram.com/p/DG5G-PphHc_/,0,,[],1350,1080,https://scontent-atl3-3.cdninstagram.com/v/t39.30808-6/480556184_503282926147235_531407363278558745_n.jpg?stp=dst-jpg_e15_fr_p1080x1080_tt6&_nc_ht=scontent-atl3-3.cdninstagram.com&_nc_cat=111&_nc_oc=Q6cZ2gHBCBBX5xA2ezQJ1segHZjShuABYNQxs0vgXXIvFRT9SZR35s3iMtB7I1irBnkNSH4&_nc_ohc=LD6PmylGKgsQ7kNvwHSt5Nr&_nc_gid=wl7cbbQ5wYBbV4GsSo6L7w&edm=ADp7STQAAAAA&ccb=7-5&oh=00_AQCwpV9s69Ya4kwQowpvXwj9Km7MJXvA0sN7LKxM0f2xYQ&oe=6A5E99CE&_nc_sid=c6f216,[],"Photo by MYNDS on March 07, 2025.",1,2025-03-07T09:00:42.000Z,[],MYNDS,m.y.n.d.s,60016721646,False,https://www.instagram.com/m.y.n.d.s/,1350,1080,feed,,,,,,,,,,,
3578093544065631656,Image,DGn8R7rJoWo,#agencedecommunication #creationdecontenu #entreprendreaufeminin #entrepreneur #entrepreneusescreatives,"['agencedecommunication', 'creationdecontenu', 'entreprendreaufeminin', 'entrepreneur', 'entrepreneusescreatives']",[],https://www.instagram.com/p/DGn8R7rJoWo/,0,,[],1350,1080,https://scontent-iad6-1.cdninstagram.com/v/t39.30808-6/480439943_503281536147374_8528059835342069894_n.jpg?stp=dst-jpg_e15_fr_p1080x1080_tt6&_nc_ht=scontent-iad6-1.cdninstagram.com&_nc_cat=102&_nc_oc=Q6cZ2gEGH9Wl53VArIzNlxTWf_nourAvcoFf4T0kfGHzVVDbV0XpUiA6dYLbLhvIwpR-Y_4&_nc_ohc=MVULCi-Oq0EQ7kNvwGctV7I&_nc_gid=3TM0tQSKJMdzxAOXttZutA&edm=ADp7STQAAAAA&ccb=7-5&oh=00_AQCaZqdxgUC1gKkS-4_Oal26aserkK3SnSlyzXVaoUyPdg&oe=6A5E984F&_nc_sid=c6f216,[],"Photo by MYNDS on February 28, 2025.",5,2025-02-28T17:00:11.000Z,[],MYNDS,m.y.n.d.s,60016721646,False,https://www.instagram.com/m.y.n.d.s/,1350,1080,feed,,,,,,,,,,,
3887383288939868207,Image,DXywoFLDPAv,"Derrière chaque réussite, il y a du travail, de la vision et de la persévérance.

MYNDS rend hommage à tous ceux qui construisent, innovent et inspirent chaque jour.

Joyeuse fête du travail 💼",[],[],https://www.instagram.com/p/DXywoFLDPAv/,0,,[],1350,1080,https://scontent-dfw5-1.cdninstagram.com/v/t39.30808-6/684098754_843919832083541_5165848777543803756_n.jpg?stp=dst-jpg_e15_fr_p1080x1080_tt6&_nc_ht=scontent-dfw5-1.cdninstagram.com&_nc_cat=105&_nc_oc=Q6cZ2gFr-ivVesgXOZlLkVLXM7WevBy9-Unas4yia8vU0bZ5uIta0rWbyIYBh4kIjY0vQU0&_nc_ohc=-Q8aFlj2134Q7kNvwFytvo_&_nc_gid=Avxz4zOice22gUakqxSprw&edm=ADp7STQAAAAA&ccb=7-5&oh=00_AQA7w9levnTp1rHBzvBHauA4Gx1PkgKMsBZtwV96eBuEnA&oe=6A5E6B2A&_nc_sid=c6f216,[],"Photo by MYNDS on May 01, 2026. May be an image of magazine and poster.",0,2026-05-01T10:43:42.000Z,[],MYNDS,m.y.n.d.s,60016721646,False,https://www.instagram.com/m.y.n.d.s/,1350,1080,feed,,,,,,,,,,,
3799905147997188848,Image,DS7-ZlujPLw,"🔴Sous le signe de la passion et de l'excellence, 🥇 #E2bConsulting & Training vous présente ses vœux les plus chaleureux. Que chaque instant de cette #année #2026 vous apporte santé, bonheur et prospérité. 
Bonne et heureuse année à tous.❤️❤️","['E2bConsulting', 'année', '2026']",[],https://www.instagram.com/p/DS7-ZlujPLw/,0,,[],1080,1080,https://instagram.fcre1-1.fna.fbcdn.net/v/t39.30808-6/608159442_1313283240823371_8805243031640599978_n.jpg?stp=dst-jpg_e35_s1080x1080_sh2.08_tt6&_nc_ht=instagram.fcre1-1.fna.fbcdn.net&_nc_cat=103&_nc_oc=Q6cZ2gHay-k4yiOKzoxKBURks04z2xUKiglE3_sd5AONkF8aD3u1q8_M91elKzsf1VDSDqY&_nc_ohc=wsxTlMbxiLcQ7kNvwFjY9Jp&_nc_gid=Wsr9UN6_42by5G9A0RCLww&edm=ADp7STQAAAAA&ccb=7-5&oh=00_AQAuee4rwB4VOk0Fca5jITV4ixx3OneGjPHRkAhteYQTOA&oe=6A5E7068&_nc_sid=c6f216,[],"Photo by E2bconsulting&training on December 31, 2025.",1,2025-12-31T18:00:15.000Z,[],E2bconsulting&training,e2bconsulting.training,11234617163,False,https://www.instagram.com/e2bconsulting.training/,1600,1600,feed,,,,,,,,,,,
3757320571827288275,Image,DQkrycnCHjT,"True creativity has values behind it.

At Mynds Team, we ensure every message, every campaign, and every story is built with respect, responsibility, and care for children’s rights. 👧👦

#MyndsTeam #EthicalAdvertising #WeGrowTogether #ChildSafetyInMedia","['MyndsTeam', 'EthicalAdvertising', 'WeGrowTogether', 'ChildSafetyInMedia']",[],https://www.instagram.com/p/DQkrycnCHjT/,0,,[],1080,1080,https://scontent-mia3-2.cdninstagram.com/v/t51.82787-15/573854657_17955533892001647_6091401101313254275_n.jpg?stp=dst-jpg_e15_fr_s1080x1080_tt6&_nc_ht=scontent-mia3-2.cdninstagram.com&_nc_cat=103&_nc_oc=Q6cZ2gGdAtGbmXmRbN6tT5JPSn3OpXFDGRYVNz5UUOTGx8sVbZD8HqEgAtMpBwpXapGrICQ&_nc_ohc=ZDVuyZuYgnIQ7kNvwHTmxiX&_nc_gid=YrgD4j4eQ-QT6cxbQzT0YA&edm=ADp7STQBAAAA&ccb=7-5&oh=00_AQDqdI_cUKXK1CL_ohRXrhR3Yi3KiA35NTHB8449RUKuZA&oe=6A5E7DF8&_nc_sid=c6f216,[],"Photo by MYNDS on November 02, 2025.",3,2025-11-02T23:52:17.000Z,[],MYNDS,m.y.n.d.s,60016721646,False,https://www.instagram.com/m.y.n.d.s/,1080,1080,feed,,,,,,,,,,,
3128537263972042865,Video,CtqzBDdoEhx,"Random and spontaneous moments 
We Create Value 💎.

#wecreate #agencemarketing #digitalmarketing #digitaleagency","['wecreate', 'agencemarketing', 'digitalmarketing', 'digitaleagency']",[],https://www.instagram.com/p/CtqzBDdoEhx/,0,,[],1333,750,https://scontent-sjc6-1.cdninstagram.com/v/t51.71878-15/503951348_1425919905506044_4782166393480255739_n.jpg?stp=dst-jpg_e15_tt6&_nc_ht=scontent-sjc6-1.cdninstagram.com&_nc_cat=104&_nc_oc=Q6cZ2gEzGQU8_JkRUjis0ItmUTQtA_iqRL8jKgYSY9Fzwr6vuegkc7jnMvz_VUlijLixnz0&_nc_ohc=dwA0Kq2HvkgQ7kNvwECLDId&_nc_gid=gCLpzb9MSwyu6sEjWPWdqA&edm=ADp7STQBAAAA&ccb=7-5&oh=00_AQAkMxAd9mtd79kPa-fTAMrfwfNslFdMnayLmwgIIUUAVA&oe=6A5E7B48&_nc_sid=c6f216,[],"Video by We Create on June 19, 2023.",24,2023-06-19T10:34:46.000Z,[],We Create,we_create_agency,54491378174,False,https://www.instagram.com/we_create_agency/,1280,720,clips,,,,https://scontent-atl3-1.cdninstagram.com/o1/v/t2/f2/m82/AQPFz2i8c3dMRl53CalM8EnXJG5VaWAjaE8k8TGgOBWEwEqBilP7EgsOH-PaM9NBTQrnNU4PQs3ADnup75XOUdG24DzadM7-rU7XPQ8.mp4?_nc_cat=106&_nc_sid=5e9851&_nc_ht=scontent-atl3-1.cdninstagram.com&_nc_ohc=5celDTPS6vIQ7kNvwE88Mk6&efg=eyJ2ZW5jb2RlX3RhZyI6Inhwdl9wcm9ncmVzc2l2ZS5JTlNUQUdSQU0uQ0xJUFMuQzMuNzIwLmRhc2hfYmFzZWxpbmVfMV92MSIsInhwdl9hc3NldF9pZCI6OTgyMzU5NjQ5ODYyMDc0LCJhc3NldF9hZ2VfZGF5cyI6MTEyMiwidmlfdXNlY2FzZV9pZCI6MTAwOTksImR1cmF0aW9uX3MiOjksInVybGdlbl9zb3VyY2UiOiJ3d3cifQ%3D%3D&ccb=17-1&vs=3def59339a31eede&_nc_vs=HBkcFQIYT2lnX3hwdl9yZWVsc19wZXJtYW5lbnRfcHJvZC8wOTRFMkYxQzU0QUIwNDA5MEQ4RDVBNjgwRTA5MjJBMl92aWRlb19kYXNoaW5pdC5tcDQVAALIARIAKAAYABsCiAd1c2Vfb2lsATEScHJvZ3Jlc3NpdmVfcmVjaXBlATEVAAAm9IbG3-3cvgMVAigCQzMsF0AiEOVgQYk3GBJkYXNoX2Jhc2VsaW5lXzFfdjERAHX-B2XmnQEA&_nc_gid=0w1-zt0atASMjgp6F3vgQQ&_nc_ss=72689&_nc_zt=28&oh=00_AQCCm384mSWV3qHKad-FCKt-TxX_hmbYXAipzUlTcuIroQ&oe=6A5A7FDF,350,,9.033,"{'artist_name': '', 'song_name': '', 'uses_original_audio': False, 'should_mute_audio': True, 'should_mute_audio_reason': 'This song is currently unavailable.', 'audio_id': '0'}",1136,,
3875063474255491827,Image,DXG_bLpFvLz,"𝐕𝐨𝐭𝐫𝐞 𝐬𝐢𝐭𝐞 𝐞𝐬𝐭 𝐥𝐞𝐧𝐭 𝐨𝐮 𝐛𝐮𝐠𝐮𝐞́ ? 𝐕𝐨𝐬 𝐜𝐥𝐢𝐞𝐧𝐭𝐬 𝐩𝐚𝐫𝐭𝐞𝐧𝐭.
Web Media-International , Agence web avec présence en France 🇫🇷 et en Tunisie 🇹🇳s'occupe de tout. 
Nous assurons la maintenance complète de votre site :
✅ Correction des bugs
✅ Mise à jour du contenu et des plugins
✅ Optimisation des performances
✅ Sécurité & protection Anti-hack
✅ Référencement SEO sur Google
✅ Sauvegardes régulières
✅ Relooking graphique
𝐍𝐞 𝐥𝐚𝐢𝐬𝐬𝐞𝐳 𝐩𝐥𝐮𝐬 𝐯𝐨𝐭𝐫𝐞 𝐬𝐢𝐭𝐞 𝐯𝐨𝐮𝐬 𝐟𝐫𝐞𝐢𝐧𝐞𝐫. 𝐂𝐨𝐧𝐭𝐚𝐜𝐭𝐞𝐳-𝐍𝐨𝐮𝐬 𝐞𝐭 𝐨𝐛𝐭𝐞𝐧𝐞𝐳 𝐥𝐚 𝐩𝐫𝐞𝐦𝐢𝐞̀𝐫𝐞 𝐜𝐨𝐧𝐬𝐮𝐥𝐭𝐚𝐭𝐢𝐨𝐧 𝐆𝐑𝐀𝐓𝐔𝐈𝐓𝐄 !

📞 +𝟑𝟑 𝟔 𝟕𝟗 𝟔𝟒 𝟐𝟏 𝟖𝟔
📧 commercial@webmediatunisie.com
📧commercial@4wlh.fr

#WebMedia #4Webleshalles #MaintenanceWeb #SiteInternet #WordPress #AgenceWeb #SecurityWeb","['WebMedia', '4Webleshalles', 'MaintenanceWeb', 'SiteInternet', 'WordPress', 'AgenceWeb', 'SecurityWeb']",[],https://www.instagram.com/p/DXG_bLpFvLz/,0,,[],1350,1080,https://scontent-sjc3-1.cdninstagram.com/v/t39.30808-6/671587473_1563024045825958_950419737047244045_n.jpg?stp=dst-jpg_e15_tt6&_nc_ht=scontent-sjc3-1.cdninstagram.com&_nc_cat=110&_nc_oc=Q6cZ2gF8Yu23aZ8eWjcvAjBBjWorit5Juc1ft-W7jYWwQ1I01SRCf0ICilDlAYvOZ9VZdoE&_nc_ohc=Z-ZQUDV7ACAQ7kNvwEtx0y_&_nc_gid=9MXMkYhWEkcgz4QEKmKHqw&edm=ADp7STQAAAAA&ccb=7-5&oh=00_AQCjtr0vutbOugdHZrIuFfRQPo45FDzUrBB_n3XkB23c2w&oe=6A5E7FA6&_nc_sid=c6f216,[],"Photo by Web Media International on April 14, 2026.",5,2026-04-14T10:46:26.000Z,[],Web Media International,webmedia_international,62467280556,False,https://www.instagram.com/webmedia_international/,1280,1024,feed,,,,,,,,,,,
3461314312436393234,Image,DAJDwdAvyUS,"Un funnel de vente bien structuré est la clé pour convertir vos prospects en clients fidèles🎯
#FunnelDeVente #StratégieDeVente #MarketingAutomation #TunnelDeConversion #AcquisitionClient #StratégieMarketing","['FunnelDeVente', 'StratégieDeVente', 'MarketingAutomation', 'TunnelDeConversion', 'AcquisitionClient', 'StratégieMarketing']",[],https://www.instagram.com/p/DAJDwdAvyUS/,0,,[],1080,1080,https://scontent-hou1-1.cdninstagram.com/v/t39.30808-6/485149053_648171644820851_6498327753003687829_n.jpg?stp=dst-jpg_e15_fr_s1080x1080_tt6&_nc_ht=scontent-hou1-1.cdninstagram.com&_nc_cat=111&_nc_oc=Q6cZ2gFaQNuOGhB8oLEe1hIvRMn3zSAEZ6MDx0rNK1s7BbWkznUpR0LqVQQJ4hPbl32XP-U&_nc_ohc=80q4MOkaejAQ7kNvwH3ntBe&_nc_gid=hJyGhZzQrgXDfWcZf_vNjA&edm=ADp7STQAAAAA&ccb=7-5&oh=00_AQBdadtCV7n-F03FCuaxDxlwWN4rfwGsC8qkvuxtYqiEHQ&oe=6A5E8701&_nc_sid=c6f216,[],"Photo by Ija taw إيجا تو on September 20, 2024.",1,2024-09-20T14:00:42.000Z,[],Ija taw إيجا تو,ija.taw,57951608014,False,https://www.instagram.com/ija.taw/,1080,1080,feed,,,,,,,,,,,
3479554850692999166,Image,DBJ3LOECyf-,"Mansour Meddah, âgé d’une dizaine d’années, se souvient : « Nous avions compris que la bataille allait commencer quand nous avons vu arriver des milliers de Tunisiens volontaires, habillés en bleu de travail avec pour seule arme des bâtons. » 

Ce moment symbolise l’unité et la détermination du peuple tunisien face à l’occupation étrangère. 🇹🇳 

Ce 15 octobre, nous célébrons la 61ème Journée de l'Évacuation en Tunisie, un moment clé de notre histoire nationale. 

#JournéeDeLÉvacuation #Tunisie #FiertéNationale","['JournéeDeLÉvacuation', 'Tunisie', 'FiertéNationale']",[],https://www.instagram.com/p/DBJ3LOECyf-/,0,,[],1080,1080,https://scontent-iad6-1.cdninstagram.com/v/t39.30808-6/492087646_1223686846423118_4849346602246912105_n.jpg?stp=dst-jpg_e15_fr_s1080x1080_tt6&_nc_ht=scontent-iad6-1.cdninstagram.com&_nc_cat=102&_nc_oc=Q6cZ2gEqd96DTllwkWSw_JD4u44HG8m4zCDO_Z-GCbRh-_CwGyJ_FZpgZu6QLT1H_pLXlE0&_nc_ohc=DqsOLq9V5fwQ7kNvwGr7-Sh&_nc_gid=mZvhCLKy7TO1eeQ62uQdhw&edm=ADp7STQAAAAA&ccb=7-5&oh=00_AQAnmw4BTtuaHNzTJ-jebKLWJjLqajN1JIOTjrE_KqmyFA&oe=6A5E9B33&_nc_sid=c6f216,[],"Photo by Pi2r on October 15, 2024.",6,2024-10-15T18:01:24.000Z,[],Pi2r,agence_pi2r,3982105280,False,https://www.instagram.com/agence_pi2r/,1080,1080,feed,,,,,,,,,,,
3847045908915856078,Image,DVjc98jjKLO,"🚨 𝗔𝗨𝗗𝗜𝗧𝗘𝗨𝗥𝗦 & 𝗖𝗢𝗡𝗧𝗥𝗢𝗟𝗘𝗨𝗥𝗦 𝗜𝗡𝗧𝗘𝗥𝗡𝗘𝗦, 𝗥𝗜𝗦𝗞 𝗠𝗔𝗡𝗔𝗚𝗘𝗥𝗦, 𝗘𝗧 𝗖𝗢𝗠𝗣𝗟𝗜𝗔𝗡𝗖𝗘 𝗢𝗙𝗙𝗜𝗖𝗘𝗥𝗦 𝗘𝗡 𝟮𝟬𝟮𝟲 : 𝗩𝗢𝗨𝗦 𝗘𝗧𝗘𝗦 𝗣𝗥𝗘𝗧𝗦 ?
Du 𝟲 𝗮𝘂 𝟵 𝗮𝘃𝗿𝗶𝗹 𝟮𝟬𝟮𝟲 à 𝗧𝘂𝗻𝗶𝘀, nous lançons une formation inédite en #Tunisie:

🔥 𝗜𝗔 𝗚𝗲𝗻𝗲𝗿𝗮𝘁𝗶𝘃𝗲 𝗽𝗼𝘂𝗿 𝗹’𝗔𝘂𝗱𝗶𝘁 & 𝗹𝗲 𝗖𝗼𝗻𝘁𝗿𝗼𝗹𝗲 𝗜𝗻𝘁𝗲𝗿𝗻𝗲
Une immersion intensive de 4 jours pour devenir un professionnel augmenté par l’IA.
Animée par deux 𝗲𝘅𝗽𝗲𝗿𝘁𝘀 𝗶𝗻𝘁𝗲𝗿𝗻𝗮𝘁𝗶𝗼𝗻𝗮𝘂𝘅 :

@kaiskhenine 
@nadia.yaich 

Aujourd’hui, les meilleurs auditeurs ne travaillent plus seuls.
Ils travaillent avec l’IA.
𝗜𝗺𝗮𝗴𝗶𝗻𝗲𝘇 𝗽𝗼𝘂𝘃𝗼𝗶𝗿 :
✔️ Analyser des 𝗰𝗲𝗻𝘁𝗮𝗶𝗻𝗲𝘀 𝗱𝗲 𝗽𝗮𝗴𝗲𝘀 réglementaires e𝗻 𝗺𝗶𝗻𝘂𝘁𝗲𝘀
✔️ Automatiser vos tests d’audit
✔️ 𝗗𝗲𝘁𝗲𝗰𝘁𝗲𝗿 les fraudes plus 𝗿𝗮𝗽𝗶𝗱𝗲𝗺𝗲𝗻𝘁
✔️ Générer des 𝗱𝗮𝘀𝗵𝗯𝗼𝗮𝗿𝗱𝘀 𝗶𝗻𝘁𝗲𝗿𝗮𝗰𝘁𝗶𝗳𝘀
✔️ Créer 𝘃𝗼𝘁𝗿𝗲 𝗽𝗿𝗼𝗽𝗿𝗲 𝗮𝗴𝗲𝗻𝘁 𝗜𝗔 𝘀𝗽𝗲𝗰𝗶𝗮𝗹𝗶𝘀𝗲 en audit
✔️ Réduire de 𝟱𝟬% 𝗮 𝟳𝟬% 𝘃𝗼𝘁𝗿𝗲 𝘁𝗲𝗺𝗽𝘀 𝗿𝗲𝗱𝗮𝗰𝘁𝗶𝗼𝗻𝗻𝗲𝗹
Ce n’est pas le futur. C’est maintenant.

🎯 Cette formation est conçue pour :
* 𝗔𝘂𝗱𝗶𝘁𝗲𝘂𝗿𝘀 𝗶𝗻𝘁𝗲𝗿𝗻𝗲𝘀
* 𝗖𝗼𝗻𝘁𝗿𝗼𝗹𝗲𝘂𝗿𝘀 𝗶𝗻𝘁𝗲𝗿𝗻𝗲𝘀
* 𝗥𝗶𝘀𝗸 𝗺𝗮𝗻𝗮𝗴𝗲𝗿𝘀
* 𝗖𝗼𝗺𝗽𝗹𝗶𝗮𝗻𝗰𝗲 𝗼𝗳𝗳𝗶𝗰𝗲𝗿𝘀

💡 𝗢𝗯𝗷𝗲𝗰𝘁𝗶𝗳 : faire de vous un expert stratégique capable de piloter les risques avec agilité, précision et impact visuel.

C’est la *𝗽𝗿𝗲𝗺𝗶𝗲𝗿𝗲 𝗳𝗼𝗿𝗺𝗮𝘁𝗶𝗼𝗻 𝗱𝗲 𝗰𝗲 𝘁𝘆𝗽𝗲 𝗲𝗻 𝗧𝘂𝗻𝗶𝘀𝗶𝗲*.
𝙇𝙚𝙨 𝙥𝙡𝙖𝙘𝙚𝙨 𝙨𝙤𝙣𝙩 𝙡𝙞𝙢𝙞𝙩𝙚𝙚𝙨.

📩 Envie d’en faire partie ?

𝗥𝗲𝗺𝗽𝗹𝗶𝘀𝘀𝗲𝘇 𝗹𝗲 𝗳𝗼𝗿𝗺𝘂𝗹𝗮𝗶𝗿𝗲 𝗱𝗲𝘀 𝗺𝗮𝗶𝗻𝘁𝗲𝗻𝗮𝗻𝘁:  https://shorturl.at/Razmd

Un membre de notre équipe vous contactera rapidement par 𝗪𝗵𝗮𝘁𝘀𝗔𝗽𝗽 𝗼𝘂 𝘁𝗲𝗹𝗲𝗽𝗵𝗼𝗻𝗲 pour vous donner tous les détails et confirmer votre inscription.

Ne laissez pas l’IA redéfinir votre métier sans vous.
📍 Tunis
📅 6 – 9 Avril 2026

#Audit #ContrôleInterne #IA #RiskManagement #Compliance #TransformationDigitale","['Tunisie:', 'Audit', 'ContrôleInterne', 'IA', 'RiskManagement', 'Compliance', 'TransformationDigitale']","['kaiskhenine', 'nadia.yaich']",https://www.instagram.com/p/DVjc98jjKLO/,0,,[],1080,1080,https://scontent-ord5-1.cdninstagram.com/v/t39.30808-6/648451385_1366844925467202_3303586065619908646_n.jpg?stp=dst-jpg_e15_fr_s1080x1080_tt6&_nc_ht=scontent-ord5-1.cdninstagram.com&_nc_cat=106&_nc_oc=Q6cZ2gHsFuGV1qDCCL6WidRUNgEbKCxqGJ6MyUMHDLtKDv_U9ICnyrLlP3TWrxVp9dT4-0M&_nc_ohc=6Q7XcxBLqGAQ7kNvwHzDcpY&_nc_gid=tx4IL1Wr_AX3ywF0RZhDyw&edm=ADp7STQAAAAA&ccb=7-5&oh=00_AQDRdvbBL1P4V0AqLd5eySYCIsBh6tbQ8VzdNt6WVo7a_w&oe=6A5E6925&_nc_sid=c6f216,[],"Photo by E2bconsulting&training on March 06, 2026.",2,2026-03-06T19:00:32.000Z,[],E2bconsulting&training,e2bconsulting.training,11234617163,False,https://www.instagram.com/e2bconsulting.training/,1080,1080,feed,,,,,,,,,,,
3174423761774680816,Video,CwN0ZevI5rw,"💡We create tips :
↪ Voici des conseils sur la manière d'utiliser les plateformes de médias sociaux 📱💻 afin d'augmenter la notoriété de votre marque et votre engagement. 👇👇 
1️⃣ Déterminez vos objectifs spécifiques pour les médias sociaux 
2️⃣ Identifiez les plateformes sociales les plus pertinentes
3️⃣ Répondez aux commentaires, aux messages privés et aux mentions de votre marque. 
4️⃣ Utilisez les hashtags
5️⃣ Utilisez les stories
6️⃣ Utilisez les outils d'analyse des médias sociaux pour évaluer vos efforts.

N'hésitez pas à nous poser toutes vos interrogations dans les commentaires 💬. 
#tips #wecreate #conseildujour","['tips', 'wecreate', 'conseildujour']",[],https://www.instagram.com/p/CwN0ZevI5rw/,1,,[],1080,1080,https://scontent-mia3-1.cdninstagram.com/v/t51.71878-15/503031027_1281648313298946_4463057244041819746_n.jpg?stp=dst-jpg_e15_fr_s1080x1080_tt6&_nc_ht=scontent-mia3-1.cdninstagram.com&_nc_cat=106&_nc_oc=Q6cZ2gEoqwOnErdld_XD4rWZ3vAX8hEWVdGbPVYTb4dGdK6nQl1r27jxil-j3Xy27ieXjYA&_nc_ohc=vsu7UtshUvEQ7kNvwGyThk1&_nc_gid=mQzW8QMJLes6zcNghiKxBA&edm=ADp7STQBAAAA&ccb=7-5&oh=00_AQAPN4iJMRiHbO96-WEU1VMfmPf8Nd-WWROQcHY7htPuHA&oe=6A5E67A5&_nc_sid=c6f216,[],"Video by We Create on August 21, 2023.",2,2023-08-21T18:00:30.000Z,[],We Create,we_create_agency,54491378174,False,https://www.instagram.com/we_create_agency/,720,720,clips,,,,https://scontent-lax3-2.cdninstagram.com/o1/v/t2/f2/m82/AQMHbOaF7XqmGUxhEd7pBEKdsfaG2wBMmQgtMVukK0r1leIGcUaVmeuz6xhBsP9YXxKCljATZDzagBcueXiZhgIzIf5yqmMkoazUqWU.mp4?_nc_cat=107&_nc_sid=5e9851&_nc_ht=scontent-lax3-2.cdninstagram.com&_nc_ohc=Kiyccs4b-3sQ7kNvwGQL8Kc&efg=eyJ2ZW5jb2RlX3RhZyI6Inhwdl9wcm9ncmVzc2l2ZS5JTlNUQUdSQU0uQ0xJUFMuQzMuNzIwLmRhc2hfYmFzZWxpbmVfMV92MSIsInhwdl9hc3NldF9pZCI6ODU4OTI1NDY1NTcxMjM1LCJhc3NldF9hZ2VfZGF5cyI6MTA1OSwidmlfdXNlY2FzZV9pZCI6MTAwOTksImR1cmF0aW9uX3MiOjIyLCJ1cmxnZW5fc291cmNlIjoid3d3In0%3D&ccb=17-1&vs=6d4be5a0ce47c4a5&_nc_vs=HBksFQIYT2lnX3hwdl9yZWVsc19wZXJtYW5lbnRfcHJvZC80NjRBMjhBQjExNTRDRTQzMzdGNThBMEZFQUNGNDRBOV92aWRlb19kYXNoaW5pdC5tcDQVAALIARIAFQIYOnBhc3N0aHJvdWdoX2V2ZXJzdG9yZS9HSnJ6Q0JhMU5OLWVlSndBQUx6Y3dRN3pYRG9jYnFfRUFBQUYVAgLIARIAKAAYABsCiAd1c2Vfb2lsATEScHJvZ3Jlc3NpdmVfcmVjaXBlATEVAAAmxr6ctIXMhgMVAigCQzMsF0A2GZmZmZmaGBJkYXNoX2Jhc2VsaW5lXzFfdjERAHX-B2XmnQEA&_nc_gid=cd4TTGlY6OTRDasyu-69Yg&_nc_ss=72689&_nc_zt=28&oh=00_AQB9bldl6wUcDp21hlUEe0tw0VU74eyuNl6K5NFCoM4_og&oe=6A5A7450,124,https://scontent-lax7-1.cdninstagram.com/o1/v/t16/f2/m69/AQM1kQDddZ6KOIuIeY5RoFgh91GDWscJNMSu6o4_nqZQTNls60bDJYBWzlt9HV_BmWaE0-KhcNiFO75Y6xzE4LUb.mp4?strext=1&_nc_cat=101&_nc_sid=9ca052&_nc_ht=scontent-lax7-1.cdninstagram.com&_nc_ohc=sraW9-1zehsQ7kNvwGcxe7z&efg=eyJ2ZW5jb2RlX3RhZyI6ImlnLXhwdmRzLmNsaXBzLmlnd3d3LUMzLmRhc2hfYmFzZWxpbmVfYXVkaW9fdjEiLCJ2aWRlb19pZCI6bnVsbCwib2lsX3VybGdlbl9hcHBfaWQiOjkzNjYxOTc0MzM5MjQ1OSwiY2xpZW50X25hbWUiOiJpZyIsInhwdl9hc3NldF9pZCI6ODU4OTI1NDY1NTcxMjM1LCJhc3NldF9hZ2VfZGF5cyI6MTA1OSwidmlfdXNlY2FzZV9pZCI6MTAwOTksImR1cmF0aW9uX3MiOjIyLCJiaXRyYXRlIjo4OTY0MCwidXJsZ2VuX3NvdXJjZSI6Ind3dyJ9&ccb=17-1&_nc_gid=cd4TTGlY6OTRDasyu-69Yg&_nc_ss=72689&_nc_zt=28&oh=00_AQADcGpfEZepClNyrmz8oADItrbUvuwBY0KcUtOCvbMzqQ&oe=6A5E8713,22.1,"{'artist_name': 'ABBA', 'song_name': 'Gimme! Gimme! Gimme! (A Man After Midnight)', 'uses_original_audio': False, 'should_mute_audio': False, 'should_mute_audio_reason': '', 'audio_id': '591068641275473'}",357,,
3351349373591995210,Image,C6CYn_DLcNK,"Quote of the day 💡
Mail: 2021hagency@gmail.com
Infoline: 51 716 001
#Hagency #Tunisie #communication #digital #marketingdigital","['Hagency', 'Tunisie', 'communication', 'digital', 'marketingdigital']",[],https://www.instagram.com/p/C6CYn_DLcNK/,0,,[],1080,1080,https://scontent-mia3-3.cdninstagram.com/v/t51.82787-15/622840875_18058799876339350_3082613760479864746_n.jpg?stp=dst-jpg_e15_fr_s1080x1080_tt6&_nc_ht=scontent-mia3-3.cdninstagram.com&_nc_cat=110&_nc_oc=Q6cZ2gHVLZGdSIHUUDbkP-7FDcbZ2EwyUapBrH6hOrVvXxqrb_pSnIOxhJilCqBwzoX93ps&_nc_ohc=bla71t1xFVIQ7kNvwFLpPku&_nc_gid=SWhp5nWuDDEUneQMg0mViw&edm=ADp7STQBAAAA&ccb=7-5&oh=00_AQDyNWoaTbeGtRXwyAzUMkdJvSCW_R3vkAHYMIR6uotu0w&oe=6A5E9B25&_nc_sid=c6f216,[],"Photo by H.agency on April 21, 2024.",1,2024-04-21T20:39:59.000Z,[],H.agency,h.agency.tunisia,53455295369,False,https://www.instagram.com/h.agency.tunisia/,1080,1080,feed,,,,,,,,,,,
3905639792055249525,Image,DYznrKqFWp1,"✨ تتمنى لكم𝐖𝐞𝐛 𝐌𝐞𝐝𝐢𝐚 𝐓𝐮𝐧𝐢𝐬𝐢𝐞 عيد أضحى مبارك 🌙🐑
عيد مليان فرحة، نجاح و لحظات جميلة مع العائلة والأحباب 🤍

وإن شاء الله نرجعولكم بعد العيد بطاقة جديدة و أفكار أقوى لمرافقتكم في كل مشاريعكم الرقمية 🚀✨
#عيد_الأضحى  #عيد_مبارك  #WebMediaTunisie","['عيد_الأضحى', 'عيد_مبارك', 'WebMediaTunisie']",[],https://www.instagram.com/p/DYznrKqFWp1/,0,,[],1350,1080,https://scontent-phl2-1.cdninstagram.com/v/t39.30808-6/708142914_1601723031956059_3425639721989106781_n.jpg?stp=dst-jpg_e15_tt6&_nc_ht=scontent-phl2-1.cdninstagram.com&_nc_cat=107&_nc_oc=Q6cZ2gG4bU2FPRPze99Yd0ihCM68gchK_sNFQh0Wl5ohZRAshsmdo-9R4CYRcibv5NxbbBc&_nc_ohc=k6XfXTQfCmUQ7kNvwE_bXob&_nc_gid=c2Du7Qf5n9ahOV2czJ1Q4g&edm=ADp7STQAAAAA&ccb=7-5&oh=00_AQDM625pF2w_wQjg7sv5l1a4ODOQTmbPOdWfBZl8Xu0JaA&oe=6A5E8E83&_nc_sid=c6f216,[],"Photo by Web Media International on May 26, 2026. May be an image of ‎sheep, poster, tablet, card and ‎text that says '‎EIDULADHA ADHA TIDI ONHA HAPPY EID مبارك إضحى عيد (+216) 16)29595564 29 (+216) (+216)29888079 WEB WEBMEDIA MEDIA international Web Media WebMediaInternational International f‎'‎‎.",5,2026-05-26T15:16:07.000Z,[],Web Media International,webmedia_international,62467280556,False,https://www.instagram.com/webmedia_international/,1280,1024,feed,,,,,,,,,,,
3863697784331822363,Video,DWenKoCj-Ub,"الدكتورة أحلام قصابي أخصائية و معالجة النفسية.
الفرق بين المرض النفسي و العلاج النفسي.
من الشجاعة الإلتجاء لمختص نفسي.
#emmakprod #content #psychologie","['emmakprod', 'content', 'psychologie']",[],https://www.instagram.com/p/DWenKoCj-Ub/,0,,[],1920,1080,https://scontent-mia3-2.cdninstagram.com/v/t51.82787-15/657616099_18055106366710423_8166167905654307673_n.jpg?stp=dst-jpg_e15_fr_p1080x1080_tt6&_nc_ht=scontent-mia3-2.cdninstagram.com&_nc_cat=107&_nc_oc=Q6cZ2gHHuCr4bz_IbGqce1QqS0w83P-24ELlAV0tQjlev38jMxC884zmPa6ld6xlHEdQTU0&_nc_ohc=f9rMykBVyP8Q7kNvwEc9VSO&_nc_gid=ZR8V5viu15EbFCiSDlI0Jw&edm=ADp7STQBAAAA&ccb=7-5&oh=00_AQAa2DzVcOsJXyWBZ-tbBqdqIwjwlFgdG6gIAS_Aiq2Y0w&oe=6A5E80EA&_nc_sid=c6f216,[],"Video by Emmak Prod on March 29, 2026.",6,2026-03-29T18:25:44.000Z,[],Emmak Prod,emmakprod,51343982422,False,https://www.instagram.com/emmakprod/,1280,720,clips,,,,https://scontent-sjc6-1.cdninstagram.com/o1/v/t2/f2/m86/AQOL1S1lrzQidzDigS5DXk0Pfus9EwhA4Dn_vaBl216oRhzMhov9sk7b5WGMI8FRFISplm6ZwdT3bBp3mEAlW4G6sDNXKr7W0mGmzgA.mp4?_nc_cat=108&_nc_sid=5e9851&_nc_ht=scontent-sjc6-1.cdninstagram.com&_nc_ohc=b_w44n8jVgIQ7kNvwGbA5eG&efg=eyJ2ZW5jb2RlX3RhZyI6Inhwdl9wcm9ncmVzc2l2ZS5JTlNUQUdSQU0uQ0xJUFMuQzMuNzIwLmRhc2hfYmFzZWxpbmVfMV92MSIsInhwdl9hc3NldF9pZCI6MTc5NDIwNDM5MDYxNzA4NDIsImFzc2V0X2FnZV9kYXlzIjoxMDgsInZpX3VzZWNhc2VfaWQiOjEwMDk5LCJkdXJhdGlvbl9zIjoxMzMsInVybGdlbl9zb3VyY2UiOiJ3d3cifQ%3D%3D&ccb=17-1&vs=6a2e3f8a38efaeb4&_nc_vs=HBksFQIYUmlnX3hwdl9yZWVsc19wZXJtYW5lbnRfc3JfcHJvZC82RjRFMURFMUIwNTNDOUE2RkNGODM4QzBFQkU0NTBCRF92aWRlb19kYXNoaW5pdC5tcDQVAALIARIAFQIYUWlnX3hwdl9wbGFjZW1lbnRfcGVybWFuZW50X3YyLzIyNDg1Mzc1RkI2N0NEQ0NCRjEzNzc5QTBDMjU3MUJEX2F1ZGlvX2Rhc2hpbml0Lm1wNBUCAsgBEgAoABgAGwKIB3VzZV9vaWwBMRJwcm9ncmVzc2l2ZV9yZWNpcGUBMRUAACa0_5KZtIzfPxUCKAJDMywXQGC92yLQ5WAYEmRhc2hfYmFzZWxpbmVfMV92MREAdf4HZeadAQA&_nc_gid=uhY4HnAOuKsKVfCJ043zhQ&_nc_ss=7ca8c&_nc_zt=28&oh=00_AQC6LuczHyVMPya3mPy6EHUbiPVNtympjD4laKVSQFdl0Q&oe=6A5A9DBD,112,https://scontent-sjc6-1.cdninstagram.com/o1/v/t2/f2/m78/AQNgEASe5mcIDjd2HG3rdZIAJMUhEqwtSQfBoGglm7JQKLFdJjTqPsEXXyGhb8ADcU1vhXEIemuInpshtI10620Q1ia5rNQ9r50MSq8.mp4?_nc_cat=102&_nc_sid=9ca052&_nc_ht=scontent-sjc6-1.cdninstagram.com&_nc_ohc=zvBXo3skw0gQ7kNvwHB-PHf&efg=eyJ2ZW5jb2RlX3RhZyI6ImlnLXhwdmRzLmNsaXBzLmlnd3d3LUMzLmRhc2hfbG5faGVhYWNfdmJyM19hdWRpbyIsInZpZGVvX2lkIjpudWxsLCJvaWxfdXJsZ2VuX2FwcF9pZCI6OTM2NjE5NzQzMzkyNDU5LCJjbGllbnRfbmFtZSI6ImlnIiwieHB2X2Fzc2V0X2lkIjoxNzk0MjA0MzkwNjE3MDg0MiwiYXNzZXRfYWdlX2RheXMiOjEwOCwidmlfdXNlY2FzZV9pZCI6MTAwOTksImR1cmF0aW9uX3MiOjEzMywiYml0cmF0ZSI6NzUxNzMsInVybGdlbl9zb3VyY2UiOiJ3d3cifQ%3D%3D&ccb=17-1&_nc_gid=uhY4HnAOuKsKVfCJ043zhQ&_nc_ss=7ca8c&_nc_zt=28&oh=00_AQD_nSCMoRPDlO0CDXRDYc0CvP4FcSQhOUYCWGvFh7noLA&oe=6A5AAB13,133.933,"{'artist_name': 'emmakprod', 'song_name': 'Original audio', 'uses_original_audio': True, 'should_mute_audio': False, 'should_mute_audio_reason': '', 'audio_id': '26502084759480769'}",450,,
2202138888892409197,Image,B6PkabqgWVt,"🔴#هااام_جدااا:#للباعثين_الشبان_ورواد_الأعمال
#بتونس🇹🇳💱:
✅#فيما_يلي: منصة رقمية تونسية تأسست في مارس 2017 وتدعى:
https://tsindex.org/
تمثل أكبر #بنك_معطيات_ثري_جدااا حول #الشركات_الناشئة_بتونس:(les start-ups en Tunisie)💻💱🇹🇳 في مجال:
ريادة الأعمال بتونس/ مؤسسي الشركات الناشئة التونسية/ حجم الٱستثمارات/ رقم المعاملات ع الانترنات/ مسيرات الأعمال وحاضنات المشاريع/ المستثمرين وبرامج الدعم المالي والتقني والفني للشركات الناشئة بتونس/ فرص الإستثمار والشراكة وخدمات أخرى متطورة.
The #TSIndex, launched in March 2017, is a crowd-sourced online interactive platform that measures the impact of the Tunisian Startups on the local economy and tracks the startups’ entrepreneurial ecosystem evolution. It brings more transparency and insignts in the new rising pillar of the Tunisian economy. It gathers input data about the startups business activities, like mainly: Turnovers, Number of Employees, Export, Online transactions etc. and it aggregates the data in Numbers and Charts. It is also a tool that ables the startups to assess the business environment. 
The project is led by TunisianStartups and co-financed by The Friedrich Naumann Stiftung Für die Freiheit - Tunisia.","['هااام_جدااا:', 'للباعثين_الشبان_ورواد_الأعمال', 'بتونس🇹🇳💱:', 'فيما_يلي:', 'بنك_معطيات_ثري_جدااا', 'الشركات_الناشئة_بتونس:(les', 'TSIndex,']",[],https://www.instagram.com/p/B6PkabqgWVt/,0,,[],565,1080,https://instagram.flas1-2.fna.fbcdn.net/v/t51.82787-15/619088476_18104879077689936_3100489642067042728_n.jpg?stp=dst-jpg_e15_tt6&_nc_ht=instagram.flas1-2.fna.fbcdn.net&_nc_cat=100&_nc_oc=Q6cZ2gG5WGWoEt0TUlYvYcH2FmmFwM4xWt6Dk1-ps2QsUUQkpHJ61B2GL8To2LMEEqE1GHQ&_nc_ohc=6lqSNfQXx9EQ7kNvwHACMeW&_nc_gid=egFkwEk-7lrwpHHRPHTgnQ&edm=ADp7STQBAAAA&ccb=7-5&oh=00_AQA4ZugKt6iFA2_ebiyfTDyEuzZ86khJVM5iVudTP-uo3g&oe=6A5E938E&_nc_sid=c6f216,[],"Photo by DIGITAL MARKETING TUNISIA on December 18, 2019.",0,2019-12-19T06:03:54.000Z,[],DIGITAL MARKETING TUNISIA,digital_marketing_tunisia,24896180662,False,https://www.instagram.com/digital_marketing_tunisia/,395,755,feed,Béja,228400746,,,,,,,,,
3461857875032591267,Image,DAK_WVINMuj,"🎯 Rejoignez notre formation présentielle de 15 heures en marketing digital !
Découvrez les stratégies digitales essentielles pour optimiser votre présence en ligne, augmenter votre visibilité et booster vos ventes. 💼

Détails de la formation :
📍 Lieu : "" Ija Taw"" Sahloul - Sousse
⏳ Durée : 15 heures réparties sur plusieurs sessions

⚠️ Places très limitées ! Inscrivez-vous dès maintenant pour garantir votre place et démarrez votre transformation digitale.

#MarketingDigital #FormationProfessionnelle #IjaTaw #Sousse #FormationPrésentielle #StratégieDigitale","['MarketingDigital', 'FormationProfessionnelle', 'IjaTaw', 'Sousse', 'FormationPrésentielle', 'StratégieDigitale']",[],https://www.instagram.com/p/DAK_WVINMuj/,0,,[],1080,1080,https://scontent-phl2-1.cdninstagram.com/v/t39.30808-6/484071614_648171958154153_806098306366871468_n.jpg?stp=dst-jpg_e35_s1080x1080_sh2.08_tt6&_nc_ht=scontent-phl2-1.cdninstagram.com&_nc_cat=105&_nc_oc=Q6cZ2gElQqWqFvqZTeGORiZ7nSdsXaiWh2RTHyp_W5RLaBdAYNPaEwjESTMo6q3OvA47HcE&_nc_ohc=AtgGH7Jd-ssQ7kNvwHuN9mp&_nc_gid=crcir7SUdNDh6UVRzGEDmw&edm=ADp7STQAAAAA&ccb=7-5&oh=00_AQBPtVYxge95wLWPJRMAcgYOdpxEnU9BzcsgUG-UDneAeA&oe=6A5E76B2&_nc_sid=c6f216,[],"Photo by Ija taw إيجا تو on September 21, 2024.",3,2024-09-21T08:00:39.000Z,[],Ija taw إيجا تو,ija.taw,57951608014,False,https://www.instagram.com/ija.taw/,1200,1200,feed,,,,,,,,,,,
3269822600220206276,Video,C1gvlSkq2TE,"🎉✨ ACM Marketing vous souhaite une année 2024 pleine de succès, d'innovation et de prospérité numérique ! 

Que cette nouvelle année vous apporte de nouvelles opportunités et des réalisations exceptionnelles. 🎉✨

Merci de faire partie de notre aventure digitale ! 🚀🌐 

📞 73 367 402
💻 www.acm-marketing.tn
✉️ contact@acm-marketing.com
📌 Avenue yasser arafet sahloul, Sousse, Tunisia

#acmmarketing #bonneannée #RéussiteEnLigne #InnovationDigitale #Design #Visibilité #CroissanceDesAffaires #CréationDeSiteWeb #SiteWeb #PrésenceEnLigne #marketing #marketingtips #marketingtips #marketingagency #marketingonline #marketingdigital #marketingdigital #marketingstrategy #marketingstrategy #marketingstrategies #MarketingSuccess #marketingstrategies #marketingdigitalbrasil #digital #digital #digitalart #digitalartist","['acmmarketing', 'bonneannée', 'RéussiteEnLigne', 'InnovationDigitale', 'Design', 'Visibilité', 'CroissanceDesAffaires', 'CréationDeSiteWeb', 'SiteWeb', 'PrésenceEnLigne', 'marketing', 'marketingtips', 'marketingagency', 'marketingonline', 'marketingdigital', 'marketingstrategy', 'marketingstrategies', 'MarketingSuccess', 'marketingdigitalbrasil', 'digital', 'digitalart', 'digitalartist']",[],https://www.instagram.com/p/C1gvlSkq2TE/,0,,[],1080,1080,https://instagram.ffyv1-1.fna.fbcdn.net/v/t51.71878-15/503646123_909295137994461_2765809256986117627_n.jpg?stp=dst-jpg_e15_fr_s1080x1080_tt6&_nc_ht=instagram.ffyv1-1.fna.fbcdn.net&_nc_cat=109&_nc_oc=Q6cZ2gGKQFYqib9QK5vwpvq6NtUwW-gUAh2ya8sc3z0nfA-9Ww7hXzYqHmgdAa_Sc7j9SGE&_nc_ohc=biEosHHsWIIQ7kNvwGSBtZn&_nc_gid=OUQX25ZCI19CG7lTtzw5Dw&edm=ADp7STQBAAAA&ccb=7-5&oh=00_AQBIWP208cOnY0b_JyoLJhZQQGOcDt3qRrcryzZhvadgfA&oe=6A5E7351&_nc_sid=c6f216,[],"Video by ACM Marketing Tunisie on December 31, 2023.",1,2023-12-31T09:00:57.000Z,[],ACM Marketing Tunisie,acm.marketing.tn,4451580919,False,https://www.instagram.com/acm.marketing.tn/,720,720,clips,,,,https://scontent-hou1-1.cdninstagram.com/o1/v/t2/f2/m82/AQNFTBdEQ0jNjuT1RVBBzVZZSfdPOgfYAGxELNvIqyyB9cpYHNzJD8YVtrOnQfYHGOz5DiyeQrwbRvxHg_tkJLfH-n3tZS2_wkWmFqU.mp4?_nc_cat=110&_nc_sid=5e9851&_nc_ht=scontent-hou1-1.cdninstagram.com&_nc_ohc=Jij-Rz04iIsQ7kNvwFxtNvC&efg=eyJ2ZW5jb2RlX3RhZyI6Inhwdl9wcm9ncmVzc2l2ZS5JTlNUQUdSQU0uQ0xJUFMuQzMuNzIwLmRhc2hfYmFzZWxpbmVfMV92MSIsInhwdl9hc3NldF9pZCI6NjAzNDQ1NTkxOTEyNzUyLCJhc3NldF9hZ2VfZGF5cyI6OTI4LCJ2aV91c2VjYXNlX2lkIjoxMDA5OSwiZHVyYXRpb25fcyI6MSwidXJsZ2VuX3NvdXJjZSI6Ind3dyJ9&ccb=17-1&vs=aae26bd7452b0754&_nc_vs=HBkcFQIYT2lnX3hwdl9yZWVsc19wZXJtYW5lbnRfcHJvZC9EODQ2ODVGODQwRDA0MzY3RTg1MEVEQUU0RjM5RkRBMl92aWRlb19kYXNoaW5pdC5tcDQVAALIARIAKAAYABsCiAd1c2Vfb2lsATEScHJvZ3Jlc3NpdmVfcmVjaXBlATEVAAAm4MStgpS1kgIVAigCQzMsFz_4AAAAAAAAGBJkYXNoX2Jhc2VsaW5lXzFfdjERAHX-B2XmnQEA&_nc_gid=yMOF_DlJG59WM2DTaQc1Fw&_nc_ss=72a8c&_nc_zt=28&oh=00_AQCaHDA_9Hjv_7HS0CmOzkMB13n0nQwoNmvXlgXxRCxOkw&oe=6A5A9DC7,19,,1.5,,87,,
3757306911566656810,Image,DQkorqgDPUq,"💡 We grow together.
At Mynds Team, creativity meets strategy to help brands shine brighter every day. ✨
From social media to design and digital campaigns , we turn ideas into impact. 🚀

📍 Le Belvédère, Tunis
📞 +216 29 543 202
✉️ contact@mynds-team.com

🌐 www.mynds-team.com

#MyndsTeam #CommunicationAgency #WeGrowTogether #DigitalMarketing #BrandStrategy #CreativeAgency #Tunis","['MyndsTeam', 'CommunicationAgency', 'WeGrowTogether', 'DigitalMarketing', 'BrandStrategy', 'CreativeAgency', 'Tunis']",[],https://www.instagram.com/p/DQkorqgDPUq/,0,,[],1080,1080,https://scontent-den2-1.cdninstagram.com/v/t51.82787-15/572640248_17955532167001647_8428371545690545631_n.jpg?stp=dst-jpg_e15_fr_s1080x1080_tt6&_nc_ht=scontent-den2-1.cdninstagram.com&_nc_cat=103&_nc_oc=Q6cZ2gFV8NgP-9A7d4n0DLFQ-BQ1NKXClZCrYwlkuweq5c5nV0kMpkzVq2kqTNUBOr59JXg&_nc_ohc=zQ-o80pOBiMQ7kNvwEoWwAK&_nc_gid=DI5qRSdHj_8dSZLbx3SolA&edm=ADp7STQBAAAA&ccb=7-5&oh=00_AQCKBxuNFP7lft1gdSq3ZyuhLPwbxO-yEZp_5335cTnerQ&oe=6A5E990A&_nc_sid=c6f216,[],"Photo by MYNDS on November 02, 2025.",4,2025-11-02T23:25:09.000Z,[],MYNDS,m.y.n.d.s,60016721646,False,https://www.instagram.com/m.y.n.d.s/,1080,1080,feed,,,,,,,,,,,
3817321799726318016,Sidecar,DT52fOqCsHA,"Nous sommes ravis de lancer la campagne publicitaire Selimat 🚀

Ce projet a démarré par la modélisation 3D des produits, suivie du développement du site e-commerce, du référencement, de la gestion des réseaux sociaux, de l’achat média et de la création graphique, pour se conclure par une stratégie de marketing d’influence.

Nous remercions chaleureusement Selimat pour sa confiance.

#Selimat #MarketingDigital #Ecommerce #3DModeling #SocialMedia MediaBuying InfluenceMarketing CréationGraphique DigitalCampaign","['Selimat', 'MarketingDigital', 'Ecommerce', '3DModeling', 'SocialMedia']",[],https://www.instagram.com/p/DT52fOqCsHA/,0,,[],1435,1440,https://scontent-sjc3-1.cdninstagram.com/v/t51.82787-15/621543288_18573438769008147_7352915443881090568_n.jpg?stp=dst-jpg_e35_tt6&_nc_cat=106&ig_cache_key=MzgxNzMyMTc3OTEwNzA3OTkyNg%3D%3D.3-ccb7-5&ccb=7-5&_nc_sid=58cdad&efg=eyJ2ZW5jb2RlX3RhZyI6IkNBUk9VU0VMX0lURU0ueHBpZHMuMTQ0MC5zZHIucmVndWxhcl9waG90by5DMyJ9&_nc_ohc=vWTt_5vLFwkQ7kNvwH8VYnE&_nc_oc=Adq4C2kuEjJ8wQ-c6pcFhtO3iggvZDH9cJv3eAoMBl2ZtWPUdjmchzOACyMIa3dzuqU&_nc_zt=23&_nc_ht=scontent-sjc3-1.cdninstagram.com&_nc_gid=QPf1QEaC3efAZlSGYlBVrA&_nc_ss=7c289&oh=00_AQCqhCcOQfm7p1YKdgW_Pnm_Q5niqNoePpixCz6rfa-p_g&oe=6A5E83E2,"['https://scontent-sjc3-1.cdninstagram.com/v/t51.82787-15/621543288_18573438769008147_7352915443881090568_n.jpg?stp=dst-jpg_e35_tt6&_nc_cat=106&ig_cache_key=MzgxNzMyMTc3OTEwNzA3OTkyNg%3D%3D.3-ccb7-5&ccb=7-5&_nc_sid=58cdad&efg=eyJ2ZW5jb2RlX3RhZyI6IkNBUk9VU0VMX0lURU0ueHBpZHMuMTQ0MC5zZHIucmVndWxhcl9waG90by5DMyJ9&_nc_ohc=vWTt_5vLFwkQ7kNvwH8VYnE&_nc_oc=Adq4C2kuEjJ8wQ-c6pcFhtO3iggvZDH9cJv3eAoMBl2ZtWPUdjmchzOACyMIa3dzuqU&_nc_zt=23&_nc_ht=scontent-sjc3-1.cdninstagram.com&_nc_gid=QPf1QEaC3efAZlSGYlBVrA&_nc_ss=7c289&oh=00_AQCqhCcOQfm7p1YKdgW_Pnm_Q5niqNoePpixCz6rfa-p_g&oe=6A5E83E2', 'https://scontent-sjc6-1.cdninstagram.com/v/t51.82787-15/621169226_18573438790008147_3880494863166696260_n.jpg?stp=dst-jpg_e35_tt6&_nc_cat=101&ig_cache_key=MzgxNzMyMTc3OTEwNzA5MjMxMA%3D%3D.3-ccb7-5&ccb=7-5&_nc_sid=58cdad&efg=eyJ2ZW5jb2RlX3RhZyI6IkNBUk9VU0VMX0lURU0ueHBpZHMuODAwLnNkci5yZWd1bGFyX3Bob3RvLkMzIn0%3D&_nc_ohc=BDZtDmf7GikQ7kNvwEMMNRs&_nc_oc=AdrRYO573Tf2BZdbryttF4XhbWbjkhZyPgKtiU7S08BxU45ICHPrBwYwDIMRnOcQvoI&_nc_zt=23&_nc_ht=scontent-sjc6-1.cdninstagram.com&_nc_gid=QPf1QEaC3efAZlSGYlBVrA&_nc_ss=7c289&oh=00_AQBwxX82yl4L-k_vNOGUl9NxYnjP-j71abSCEX1NMOLvfA&oe=6A5E9D77', 'https://scontent-sjc6-1.cdninstagram.com/v/t51.82787-15/621397300_18573438793008147_1253007781216486673_n.jpg?stp=dst-jpg_e35_tt6&_nc_cat=100&ig_cache_key=MzgxNzMyMTc3OTEyMzkwMjQ3Ng%3D%3D.3-ccb7-5&ccb=7-5&_nc_sid=58cdad&efg=eyJ2ZW5jb2RlX3RhZyI6IkNBUk9VU0VMX0lURU0ueHBpZHMuODAwLnNkci5yZWd1bGFyX3Bob3RvLkMzIn0%3D&_nc_ohc=abQhHdCVzJsQ7kNvwEARgVX&_nc_oc=AdozSvigTtxruiNG1_c-wahqSa15F-P9oOQDrjwjSniHOpbEEGBZasAiiSfyntwrDC4&_nc_zt=23&_nc_ht=scontent-sjc6-1.cdninstagram.com&_nc_gid=QPf1QEaC3efAZlSGYlBVrA&_nc_ss=7c289&oh=00_AQA71FJffj-iWbZfyYrJHx24ok8qULI_NYwABv9AclStSw&oe=6A5E6A3B', 'https://scontent-sjc6-1.cdninstagram.com/v/t51.82787-15/620927511_18573438796008147_8695499677326942461_n.jpg?stp=dst-jpg_e35_tt6&_nc_cat=102&ig_cache_key=MzgxNzMyMTc3OTEwNzA5MzE5Mw%3D%3D.3-ccb7-5&ccb=7-5&_nc_sid=58cdad&efg=eyJ2ZW5jb2RlX3RhZyI6IkNBUk9VU0VMX0lURU0ueHBpZHMuODAwLnNkci5yZWd1bGFyX3Bob3RvLkMzIn0%3D&_nc_ohc=aXwRaF3yMREQ7kNvwHIo2Cx&_nc_oc=AdoIe3XqOmOaFJJ9U6g0iPJ1kiT-9i8xim9AV0lH8e3MLzOdqOU_Gopki9vWAJWPCDs&_nc_zt=23&_nc_ht=scontent-sjc6-1.cdninstagram.com&_nc_gid=QPf1QEaC3efAZlSGYlBVrA&_nc_ss=7c289&oh=00_AQD2mkLNYWRi5xx4cR96Pa3WndLkHZwaX6Ri4qTGe47tuw&oe=6A5E73DB', 'https://scontent-sjc6-1.cdninstagram.com/v/t51.82787-15/620323661_18573438799008147_4524573491865018494_n.jpg?stp=dst-jpg_e35_tt6&_nc_cat=101&ig_cache_key=MzgxNzMyMTc3OTEwNzEyODAxMQ%3D%3D.3-ccb7-5&ccb=7-5&_nc_sid=58cdad&efg=eyJ2ZW5jb2RlX3RhZyI6IkNBUk9VU0VMX0lURU0ueHBpZHMuODAwLnNkci5yZWd1bGFyX3Bob3RvLkMzIn0%3D&_nc_ohc=QO8rrn0Y7JcQ7kNvwE4ok0O&_nc_oc=AdoZSieb6PVf-UfnG2FocjA_kcD1zy5ZWNstmOWsPQRPtQ2ki1iS0_A8tBz9bG47TsI&_nc_zt=23&_nc_ht=scontent-sjc6-1.cdninstagram.com&_nc_gid=QPf1QEaC3efAZlSGYlBVrA&_nc_ss=7c289&oh=00_AQA7YB6DhuDumSDQux0TKBr3Tjup0zxBiR1D7qsW525dXA&oe=6A5E9AAA', 'https://scontent-sjc6-1.cdninstagram.com/v/t51.82787-15/621595252_18573438760008147_100699570650372509_n.jpg?stp=dst-jpg_e35_tt6&_nc_cat=101&ig_cache_key=MzgxNzMyMTc3ODkyMjU3ODEyMA%3D%3D.3-ccb7-5&ccb=7-5&_nc_sid=58cdad&efg=eyJ2ZW5jb2RlX3RhZyI6IkNBUk9VU0VMX0lURU0ueHBpZHMuODAwLnNkci5yZWd1bGFyX3Bob3RvLkMzIn0%3D&_nc_ohc=HS5tAmbsR-4Q7kNvwHvDEbk&_nc_oc=AdptcqS5YqyNAfSKGH_3MAZe0mpD0m0CUoELMDB_VmFCkioreV9TPIvcKOaUhXOA940&_nc_zt=23&_nc_ht=scontent-sjc6-1.cdninstagram.com&_nc_gid=QPf1QEaC3efAZlSGYlBVrA&_nc_ss=7c289&oh=00_AQBN46P_X9Gmfeh2aKJA8cPbEBNEQNxZzeVd8WeFzotsuw&oe=6A5E9855']","Photo by MUSE on January 24, 2026.",7,2026-01-24T18:44:01.000Z,"[{'id': '3817321779107079926', 'type': 'Image', 'caption': '', 'hashtags': [], 'mentions': [], 'url': 'https://www.instagram.com/p/DT52e7dCib2/', 'commentsCount': 0, 'firstComment': '', 'latestComments': [], 'dimensionsHeight': 1435, 'dimensionsWidth': 1440, 'displayUrl': 'https://scontent-sjc3-1.cdninstagram.com/v/t51.82787-15/621543288_18573438769008147_7352915443881090568_n.jpg?stp=dst-jpg_e35_tt6&_nc_cat=106&ig_cache_key=MzgxNzMyMTc3OTEwNzA3OTkyNg%3D%3D.3-ccb7-5&ccb=7-5&_nc_sid=58cdad&efg=eyJ2ZW5jb2RlX3RhZyI6IkNBUk9VU0VMX0lURU0ueHBpZHMuMTQ0MC5zZHIucmVndWxhcl9waG90by5DMyJ9&_nc_ohc=vWTt_5vLFwkQ7kNvwH8VYnE&_nc_oc=Adq4C2kuEjJ8wQ-c6pcFhtO3iggvZDH9cJv3eAoMBl2ZtWPUdjmchzOACyMIa3dzuqU&_nc_zt=23&_nc_ht=scontent-sjc3-1.cdninstagram.com&_nc_gid=QPf1QEaC3efAZlSGYlBVrA&_nc_ss=7c289&oh=00_AQCqhCcOQfm7p1YKdgW_Pnm_Q5niqNoePpixCz6rfa-p_g&oe=6A5E83E2', 'images': [], 'alt': 'Photo by MUSE on January 24, 2026.', 'likesCount': 0, 'timestamp': '2026-01-24T18:43:59.000Z', 'childPosts': [], 'ownerId': '17841400244386380', 'shortCode': 'DT52e7dCib2', 'originalHeight': 1435, 'originalWidth': 1440, 'ownerUsername': 'muse_agency'}, {'id': '3817321779107092310', 'type': 'Image', 'caption': '', 'hashtags': [], 'mentions': [], 'url': 'https://www.instagram.com/p/DT52e7dCldW/', 'commentsCount': 0, 'firstComment': '', 'latestComments': [], 'dimensionsHeight': 800, 'dimensionsWidth': 800, 'displayUrl': 'https://scontent-sjc6-1.cdninstagram.com/v/t51.82787-15/621169226_18573438790008147_3880494863166696260_n.jpg?stp=dst-jpg_e35_tt6&_nc_cat=101&ig_cache_key=MzgxNzMyMTc3OTEwNzA5MjMxMA%3D%3D.3-ccb7-5&ccb=7-5&_nc_sid=58cdad&efg=eyJ2ZW5jb2RlX3RhZyI6IkNBUk9VU0VMX0lURU0ueHBpZHMuODAwLnNkci5yZWd1bGFyX3Bob3RvLkMzIn0%3D&_nc_ohc=BDZtDmf7GikQ7kNvwEMMNRs&_nc_oc=AdrRYO573Tf2BZdbryttF4XhbWbjkhZyPgKtiU7S08BxU45ICHPrBwYwDIMRnOcQvoI&_nc_zt=23&_nc_ht=scontent-sjc6-1.cdninstagram.com&_nc_gid=QPf1QEaC3efAZlSGYlBVrA&_nc_ss=7c289&oh=00_AQBwxX82yl4L-k_vNOGUl9NxYnjP-j71abSCEX1NMOLvfA&oe=6A5E9D77', 'images': [], 'alt': 'Photo by MUSE on January 24, 2026.', 'likesCount': 0, 'timestamp': '2026-01-24T18:43:59.000Z', 'childPosts': [], 'ownerId': '17841400244386380', 'shortCode': 'DT52e7dCldW', 'originalHeight': 800, 'originalWidth': 800, 'ownerUsername': 'muse_agency'}, {'id': '3817321779123902476', 'type': 'Image', 'caption': '', 'hashtags': [], 'mentions': [], 'url': 'https://www.instagram.com/p/DT52e7eCtgM/', 'commentsCount': 0, 'firstComment': '', 'latestComments': [], 'dimensionsHeight': 800, 'dimensionsWidth': 800, 'displayUrl': 'https://scontent-sjc6-1.cdninstagram.com/v/t51.82787-15/621397300_18573438793008147_1253007781216486673_n.jpg?stp=dst-jpg_e35_tt6&_nc_cat=100&ig_cache_key=MzgxNzMyMTc3OTEyMzkwMjQ3Ng%3D%3D.3-ccb7-5&ccb=7-5&_nc_sid=58cdad&efg=eyJ2ZW5jb2RlX3RhZyI6IkNBUk9VU0VMX0lURU0ueHBpZHMuODAwLnNkci5yZWd1bGFyX3Bob3RvLkMzIn0%3D&_nc_ohc=abQhHdCVzJsQ7kNvwEARgVX&_nc_oc=AdozSvigTtxruiNG1_c-wahqSa15F-P9oOQDrjwjSniHOpbEEGBZasAiiSfyntwrDC4&_nc_zt=23&_nc_ht=scontent-sjc6-1.cdninstagram.com&_nc_gid=QPf1QEaC3efAZlSGYlBVrA&_nc_ss=7c289&oh=00_AQA71FJffj-iWbZfyYrJHx24ok8qULI_NYwABv9AclStSw&oe=6A5E6A3B', 'images': [], 'alt': 'Photo by MUSE on January 24, 2026.', 'likesCount': 0, 'timestamp': '2026-01-24T18:43:59.000Z', 'childPosts': [], 'ownerId': '17841400244386380', 'shortCode': 'DT52e7eCtgM', 'originalHeight': 800, 'originalWidth': 800, 'ownerUsername': 'muse_agency'}, {'id': '3817321779107093193', 'type': 'Image', 'caption': '', 'hashtags': [], 'mentions': [], 'url': 'https://www.instagram.com/p/DT52e7dClrJ/', 'commentsCount': 0, 'firstComment': '', 'latestComments': [], 'dimensionsHeight': 800, 'dimensionsWidth': 800, 'displayUrl': 'https://scontent-sjc6-1.cdninstagram.com/v/t51.82787-15/620927511_18573438796008147_8695499677326942461_n.jpg?stp=dst-jpg_e35_tt6&_nc_cat=102&ig_cache_key=MzgxNzMyMTc3OTEwNzA5MzE5Mw%3D%3D.3-ccb7-5&ccb=7-5&_nc_sid=58cdad&efg=eyJ2ZW5jb2RlX3RhZyI6IkNBUk9VU0VMX0lURU0ueHBpZHMuODAwLnNkci5yZWd1bGFyX3Bob3RvLkMzIn0%3D&_nc_ohc=aXwRaF3yMREQ7kNvwHIo2Cx&_nc_oc=AdoIe3XqOmOaFJJ9U6g0iPJ1kiT-9i8xim9AV0lH8e3MLzOdqOU_Gopki9vWAJWPCDs&_nc_zt=23&_nc_ht=scontent-sjc6-1.cdninstagram.com&_nc_gid=QPf1QEaC3efAZlSGYlBVrA&_nc_ss=7c289&oh=00_AQD2mkLNYWRi5xx4cR96Pa3WndLkHZwaX6Ri4qTGe47tuw&oe=6A5E73DB', 'images': [], 'alt': 'Photo by MUSE on January 24, 2026.', 'likesCount': 0, 'timestamp': '2026-01-24T18:43:59.000Z', 'childPosts': [], 'ownerId': '17841400244386380', 'shortCode': 'DT52e7dClrJ', 'originalHeight': 800, 'originalWidth': 800, 'ownerUsername': 'muse_agency'}, {'id': '3817321779107128011', 'type': 'Image', 'caption': '', 'hashtags': [], 'mentions': [], 'url': 'https://www.instagram.com/p/DT52e7dCuLL/', 'commentsCount': 0, 'firstComment': '', 'latestComments': [], 'dimensionsHeight': 800, 'dimensionsWidth': 800, 'displayUrl': 'https://scontent-sjc6-1.cdninstagram.com/v/t51.82787-15/620323661_18573438799008147_4524573491865018494_n.jpg?stp=dst-jpg_e35_tt6&_nc_cat=101&ig_cache_key=MzgxNzMyMTc3OTEwNzEyODAxMQ%3D%3D.3-ccb7-5&ccb=7-5&_nc_sid=58cdad&efg=eyJ2ZW5jb2RlX3RhZyI6IkNBUk9VU0VMX0lURU0ueHBpZHMuODAwLnNkci5yZWd1bGFyX3Bob3RvLkMzIn0%3D&_nc_ohc=QO8rrn0Y7JcQ7kNvwE4ok0O&_nc_oc=AdoZSieb6PVf-UfnG2FocjA_kcD1zy5ZWNstmOWsPQRPtQ2ki1iS0_A8tBz9bG47TsI&_nc_zt=23&_nc_ht=scontent-sjc6-1.cdninstagram.com&_nc_gid=QPf1QEaC3efAZlSGYlBVrA&_nc_ss=7c289&oh=00_AQA7YB6DhuDumSDQux0TKBr3Tjup0zxBiR1D7qsW525dXA&oe=6A5E9AAA', 'images': [], 'alt': 'Photo by MUSE on January 24, 2026.', 'likesCount': 0, 'timestamp': '2026-01-24T18:43:59.000Z', 'childPosts': [], 'ownerId': '17841400244386380', 'shortCode': 'DT52e7dCuLL', 'originalHeight': 800, 'originalWidth': 800, 'ownerUsername': 'muse_agency'}, {'id': '3817321778922578120', 'type': 'Image', 'caption': '', 'hashtags': [], 'mentions': [], 'url': 'https://www.instagram.com/p/DT52e7SCuDI/', 'commentsCount': 0, 'firstComment': '', 'latestComments': [], 'dimensionsHeight': 800, 'dimensionsWidth': 800, 'displayUrl': 'https://scontent-sjc6-1.cdninstagram.com/v/t51.82787-15/621595252_18573438760008147_100699570650372509_n.jpg?stp=dst-jpg_e35_tt6&_nc_cat=101&ig_cache_key=MzgxNzMyMTc3ODkyMjU3ODEyMA%3D%3D.3-ccb7-5&ccb=7-5&_nc_sid=58cdad&efg=eyJ2ZW5jb2RlX3RhZyI6IkNBUk9VU0VMX0lURU0ueHBpZHMuODAwLnNkci5yZWd1bGFyX3Bob3RvLkMzIn0%3D&_nc_ohc=HS5tAmbsR-4Q7kNvwHvDEbk&_nc_oc=AdptcqS5YqyNAfSKGH_3MAZe0mpD0m0CUoELMDB_VmFCkioreV9TPIvcKOaUhXOA940&_nc_zt=23&_nc_ht=scontent-sjc6-1.cdninstagram.com&_nc_gid=QPf1QEaC3efAZlSGYlBVrA&_nc_ss=7c289&oh=00_AQBN46P_X9Gmfeh2aKJA8cPbEBNEQNxZzeVd8WeFzotsuw&oe=6A5E9855', 'images': [], 'alt': 'Photo by MUSE on January 24, 2026.', 'likesCount': 0, 'timestamp': '2026-01-24T18:43:59.000Z', 'childPosts': [], 'ownerId': '17841400244386380', 'shortCode': 'DT52e7SCuDI', 'originalHeight': 800, 'originalWidth': 800, 'ownerUsername': 'muse_agency'}]",MUSE,muse_agency,408328146,False,https://www.instagram.com/muse_agency/,1435,1440,carousel_container,,,,,,,,,,,
3483238683473024736,Sidecar,DBW8yCsTxbg,"Découvrez les services que nous offrons chez Ija Taw ! 🎯 

⏭ Abonnez-vous maintenant pour suivre notre actualité
📞 Contactez-nous sur : +216 99 709 052
📍 Résidence Moussa, Rue de la Turquie, 1ᵉʳ étage, Sousse 4054, Tunisie
🌐 https://www.ijataw.com/

 #IjaTaw #AgenceDeMarketing #MarketingDigital #Services","['IjaTaw', 'AgenceDeMarketing', 'MarketingDigital', 'Services']",[],https://www.instagram.com/p/DBW8yCsTxbg/,0,,[],1080,1080,https://scontent-sjc6-1.cdninstagram.com/v/t51.75761-15/464178943_17933813087928015_6351472882210997960_n.webp?_nc_cat=101&ig_cache_key=MzQ4MzIzODY2NjU2OTg4NjM5Mg%3D%3D.3-ccb7-5&ccb=7-5&_nc_sid=58cdad&efg=eyJ2ZW5jb2RlX3RhZyI6IkNBUk9VU0VMX0lURU0ueHBpZHMuMTA4MC5zZHIucmVndWxhcl9waG90by5DMyJ9&_nc_ohc=a8fFp3libisQ7kNvwEOc9UC&_nc_oc=AdrzOR8JaLr6D79acvfYmyGzh1bu0z_NB2CidUhuvEzlFiFJmXFN88q0M3ggzXHB7Vo&_nc_zt=23&_nc_ht=scontent-sjc6-1.cdninstagram.com&_nc_gid=IzI_w6JtJCkzY7fsV6-xPg&_nc_ss=7ca8c&oh=00_AQCE_nzqc3efGfCmFjTpnWzAVW1JL32qxrou4JOaAYrwEQ&oe=6A5E9072,"['https://scontent-sjc6-1.cdninstagram.com/v/t51.75761-15/464178943_17933813087928015_6351472882210997960_n.webp?_nc_cat=101&ig_cache_key=MzQ4MzIzODY2NjU2OTg4NjM5Mg%3D%3D.3-ccb7-5&ccb=7-5&_nc_sid=58cdad&efg=eyJ2ZW5jb2RlX3RhZyI6IkNBUk9VU0VMX0lURU0ueHBpZHMuMTA4MC5zZHIucmVndWxhcl9waG90by5DMyJ9&_nc_ohc=a8fFp3libisQ7kNvwEOc9UC&_nc_oc=AdrzOR8JaLr6D79acvfYmyGzh1bu0z_NB2CidUhuvEzlFiFJmXFN88q0M3ggzXHB7Vo&_nc_zt=23&_nc_ht=scontent-sjc6-1.cdninstagram.com&_nc_gid=IzI_w6JtJCkzY7fsV6-xPg&_nc_ss=7ca8c&oh=00_AQCE_nzqc3efGfCmFjTpnWzAVW1JL32qxrou4JOaAYrwEQ&oe=6A5E9072', 'https://scontent-sjc6-1.cdninstagram.com/v/t51.75761-15/464046690_17933813096928015_6434517495464970953_n.webp?_nc_cat=111&ig_cache_key=MzQ4MzIzODY2NjQ2MDg2MDUxOA%3D%3D.3-ccb7-5&ccb=7-5&_nc_sid=58cdad&efg=eyJ2ZW5jb2RlX3RhZyI6IkNBUk9VU0VMX0lURU0ueHBpZHMuMTA4MC5zZHIucmVndWxhcl9waG90by5DMyJ9&_nc_ohc=d_TcWMNtZN4Q7kNvwHNuDkR&_nc_oc=AdoijQcTPDRl5Y3nTaWrx5IBaW_WIqC9pPDFLQomLiseD52omkOSnDP20BaTmHopK6A&_nc_zt=23&_nc_ht=scontent-sjc6-1.cdninstagram.com&_nc_gid=IzI_w6JtJCkzY7fsV6-xPg&_nc_ss=7ca8c&oh=00_AQDh9b6WKApVhbFW7bwgZ3_doEhbfU-xol5lpGRIefY-5w&oe=6A5E7B98', 'https://scontent-sjc6-1.cdninstagram.com/v/t51.75761-15/464044978_17933813105928015_264602387210186707_n.webp?_nc_cat=100&ig_cache_key=MzQ4MzIzODY2NjU4Njc2NTg2MQ%3D%3D.3-ccb7-5&ccb=7-5&_nc_sid=58cdad&efg=eyJ2ZW5jb2RlX3RhZyI6IkNBUk9VU0VMX0lURU0ueHBpZHMuMTA4MC5zZHIucmVndWxhcl9waG90by5DMyJ9&_nc_ohc=9skzyYt-qykQ7kNvwHLxJ0C&_nc_oc=Adr-MXEZGi6LCDo51hTVlG-DPDwvODxRi8hvuZXHVFSlfHqcgJY1Kd4D-X3d5M0Qp8A&_nc_zt=23&_nc_ht=scontent-sjc6-1.cdninstagram.com&_nc_gid=IzI_w6JtJCkzY7fsV6-xPg&_nc_ss=7ca8c&oh=00_AQA3_yl3YM6AFeF7Go-Rtn6zQPkAJIg7ssL_VdvC4Y12Cg&oe=6A5E9C2E', 'https://scontent-sjc6-1.cdninstagram.com/v/t51.75761-15/464014138_17933813114928015_970092356293918087_n.webp?_nc_cat=100&ig_cache_key=MzQ4MzIzODY2NjQ2OTM3NTM5NQ%3D%3D.3-ccb7-5&ccb=7-5&_nc_sid=58cdad&efg=eyJ2ZW5jb2RlX3RhZyI6IkNBUk9VU0VMX0lURU0ueHBpZHMuMTA4MC5zZHIucmVndWxhcl9waG90by5DMyJ9&_nc_ohc=kQqP9750m0kQ7kNvwFpGjUe&_nc_oc=AdqnHQbXxHX1wsmEUcvn3WkKkpGV9_HEt5B-8DPxDRqej-Tm8tothHOdn4oJaQtMlHQ&_nc_zt=23&_nc_ht=scontent-sjc6-1.cdninstagram.com&_nc_gid=IzI_w6JtJCkzY7fsV6-xPg&_nc_ss=7ca8c&oh=00_AQAT82rLkrA-0dx1EHt-ytufu1hUgQ347NTh8UHAqncDBg&oe=6A5E8D45', 'https://scontent-sjc6-1.cdninstagram.com/v/t51.75761-15/464187028_17933813123928015_1810384917284008534_n.webp?_nc_cat=108&ig_cache_key=MzQ4MzIzODY2NjQ2MDg0MjMxMw%3D%3D.3-ccb7-5&ccb=7-5&_nc_sid=58cdad&efg=eyJ2ZW5jb2RlX3RhZyI6IkNBUk9VU0VMX0lURU0ueHBpZHMuMTA4MC5zZHIucmVndWxhcl9waG90by5DMyJ9&_nc_ohc=1kT4QgdLjEgQ7kNvwGHJYDh&_nc_oc=AdoiL-4U5e2OTUJiVGz_Ks5EReyngfok4Als5CJBeHi4reB5t3d-PRCkl__Tx_hGdIY&_nc_zt=23&_nc_ht=scontent-sjc6-1.cdninstagram.com&_nc_gid=IzI_w6JtJCkzY7fsV6-xPg&_nc_ss=7ca8c&oh=00_AQDOPO47jGU-xJ29sS6edSycJCpZ34ZAHGYzSUuwxXYTlg&oe=6A5E8CE1', 'https://scontent-sjc6-1.cdninstagram.com/v/t51.75761-15/463952464_17933813132928015_8061984289269075505_n.webp?_nc_cat=100&ig_cache_key=MzQ4MzIzODY2NjQ2OTExODY3Nw%3D%3D.3-ccb7-5&ccb=7-5&_nc_sid=58cdad&efg=eyJ2ZW5jb2RlX3RhZyI6IkNBUk9VU0VMX0lURU0ueHBpZHMuMTA4MC5zZHIucmVndWxhcl9waG90by5DMyJ9&_nc_ohc=yb5yQ5RQoHsQ7kNvwGYHqIM&_nc_oc=Adqtt1DbT0OcYd35h85VXIojPwTmKVMuWPMA3uF-c3kha5ETpD4DIarZpqKHsN902PQ&_nc_zt=23&_nc_ht=scontent-sjc6-1.cdninstagram.com&_nc_gid=IzI_w6JtJCkzY7fsV6-xPg&_nc_ss=7ca8c&oh=00_AQBerE-LHtTDPXLBQK-5lkQ4YxdCdnuLigc_4DNtGpE9qA&oe=6A5E8EA3', 'https://scontent-sjc3-1.cdninstagram.com/v/t51.75761-15/464161194_17933813141928015_4485954941020829745_n.webp?_nc_cat=106&ig_cache_key=MzQ4MzIzODY2Njk2NDEyMzkwMg%3D%3D.3-ccb7-5&ccb=7-5&_nc_sid=58cdad&efg=eyJ2ZW5jb2RlX3RhZyI6IkNBUk9VU0VMX0lURU0ueHBpZHMuMTA4MC5zZHIucmVndWxhcl9waG90by5DMyJ9&_nc_ohc=Cn-FNzNm5boQ7kNvwG_NlLs&_nc_oc=Adrq-aa_aHUmtKEI9FPxz554gJT6RMpK8iAtLiTInL8F-Cnk3t6YwUxsM5f4MgQpXjU&_nc_zt=23&_nc_ht=scontent-sjc3-1.cdninstagram.com&_nc_gid=IzI_w6JtJCkzY7fsV6-xPg&_nc_ss=7ca8c&oh=00_AQAjmFiryPT9R3pPlQsI3qYUdcYI-qztotwXzAOeQ4JkHQ&oe=6A5E93E3', 'https://scontent-sjc3-1.cdninstagram.com/v/t51.75761-15/463970437_17933813150928015_1487249379028865156_n.webp?_nc_cat=110&ig_cache_key=MzQ4MzIzODY2NjQ2MDgwNTY0NQ%3D%3D.3-ccb7-5&ccb=7-5&_nc_sid=58cdad&efg=eyJ2ZW5jb2RlX3RhZyI6IkNBUk9VU0VMX0lURU0ueHBpZHMuMTA4MC5zZHIucmVndWxhcl9waG90by5DMyJ9&_nc_ohc=lzj4M2KArgUQ7kNvwGyoQpS&_nc_oc=AdpKRK6qg4NSRf0z5u6VwaeXODwFgveWvT9L_UMp7YhIt-tGBAudRQ5dJiSDZWngT7Y&_nc_zt=23&_nc_ht=scontent-sjc3-1.cdninstagram.com&_nc_gid=IzI_w6JtJCkzY7fsV6-xPg&_nc_ss=7ca8c&oh=00_AQDHL0bASst6lr8NaI8p1rRdSBHTfvNR5qWh40zZypVLrA&oe=6A5E904B', 'https://scontent-sjc6-1.cdninstagram.com/v/t51.75761-15/464074796_17933813162928015_989620276921063294_n.webp?_nc_cat=104&ig_cache_key=MzQ4MzIzODY2NjcwNDIzNDY1MA%3D%3D.3-ccb7-5&ccb=7-5&_nc_sid=58cdad&efg=eyJ2ZW5jb2RlX3RhZyI6IkNBUk9VU0VMX0lURU0ueHBpZHMuMTA4MC5zZHIucmVndWxhcl9waG90by5DMyJ9&_nc_ohc=MwQ3C7wPdP4Q7kNvwEpokIH&_nc_oc=AdqBq0PgA2bzqRVTIF3-_kV1iru-q8yCMVBQDNWuhY9XtctAeanP6jlQJigOQbaUkmY&_nc_zt=23&_nc_ht=scontent-sjc6-1.cdninstagram.com&_nc_gid=IzI_w6JtJCkzY7fsV6-xPg&_nc_ss=7ca8c&oh=00_AQCz77zfmDemBXzNkYciX3R-jeC3_kGHqN1jyj474_uYaw&oe=6A5E6A04', 'https://scontent-sjc3-1.cdninstagram.com/v/t51.75761-15/464049833_17933813174928015_7851281985179745898_n.webp?_nc_cat=110&ig_cache_key=MzQ4MzIzODY2NjUzNjIzNTk1MQ%3D%3D.3-ccb7-5&ccb=7-5&_nc_sid=58cdad&efg=eyJ2ZW5jb2RlX3RhZyI6IkNBUk9VU0VMX0lURU0ueHBpZHMuMTA4MC5zZHIucmVndWxhcl9waG90by5DMyJ9&_nc_ohc=p-ad_K4uAVAQ7kNvwFObKpH&_nc_oc=Adohn-eyNZTMiPtOsR1buJWt87U_atQfXLfUwwvH_K-t1VDG042_zsjPu42XYL3iqLg&_nc_zt=23&_nc_ht=scontent-sjc3-1.cdninstagram.com&_nc_gid=IzI_w6JtJCkzY7fsV6-xPg&_nc_ss=7ca8c&oh=00_AQALZTn3FojVkou6ul-Jof5u-FilUGoxzVr5pD1xQR63XA&oe=6A5E7176', 'https://scontent-sjc3-1.cdninstagram.com/v/t51.75761-15/464196599_17933813183928015_4146434397367705668_n.webp?_nc_cat=103&ig_cache_key=MzQ4MzIzODY2NjY5NTczODAwNQ%3D%3D.3-ccb7-5&ccb=7-5&_nc_sid=58cdad&efg=eyJ2ZW5jb2RlX3RhZyI6IkNBUk9VU0VMX0lURU0ueHBpZHMuMTA4MC5zZHIucmVndWxhcl9waG90by5DMyJ9&_nc_ohc=la02XjDB290Q7kNvwEqvVAG&_nc_oc=AdomQyF3IBbnFDvg-Yh9qfYUsZETZn1rmOu4cQfbN0h8tKehTsTNRGOjMO63ky6fb6M&_nc_zt=23&_nc_ht=scontent-sjc3-1.cdninstagram.com&_nc_gid=IzI_w6JtJCkzY7fsV6-xPg&_nc_ss=7ca8c&oh=00_AQAPWprdg1tLWjJf3hYheJdcD_KlkFsVTaP5ba-44h6O-g&oe=6A5E7051']","Photo by Ija taw إيجا تو on October 20, 2024.",1,2024-10-20T20:00:30.000Z,"[{'id': '3483238666569886392', 'type': 'Image', 'caption': '', 'hashtags': [], 'mentions': [], 'url': 'https://www.instagram.com/p/DBW8xy8zaq4/', 'commentsCount': 0, 'firstComment': '', 'latestComments': [], 'dimensionsHeight': 1080, 'dimensionsWidth': 1080, 'displayUrl': 'https://scontent-sjc6-1.cdninstagram.com/v/t51.75761-15/464178943_17933813087928015_6351472882210997960_n.webp?_nc_cat=101&ig_cache_key=MzQ4MzIzODY2NjU2OTg4NjM5Mg%3D%3D.3-ccb7-5&ccb=7-5&_nc_sid=58cdad&efg=eyJ2ZW5jb2RlX3RhZyI6IkNBUk9VU0VMX0lURU0ueHBpZHMuMTA4MC5zZHIucmVndWxhcl9waG90by5DMyJ9&_nc_ohc=a8fFp3libisQ7kNvwEOc9UC&_nc_oc=AdrzOR8JaLr6D79acvfYmyGzh1bu0z_NB2CidUhuvEzlFiFJmXFN88q0M3ggzXHB7Vo&_nc_zt=23&_nc_ht=scontent-sjc6-1.cdninstagram.com&_nc_gid=IzI_w6JtJCkzY7fsV6-xPg&_nc_ss=7ca8c&oh=00_AQCE_nzqc3efGfCmFjTpnWzAVW1JL32qxrou4JOaAYrwEQ&oe=6A5E9072', 'images': [], 'alt': 'Photo by Ija taw إيجا تو on October 20, 2024.', 'likesCount': 0, 'timestamp': '2024-10-20T20:00:28.000Z', 'childPosts': [], 'ownerId': '17841457840433951', 'shortCode': 'DBW8xy8zaq4', 'originalHeight': 1080, 'originalWidth': 1080, 'ownerUsername': 'ija.taw'}, {'id': '3483238666460860518', 'type': 'Image', 'caption': '', 'hashtags': [], 'mentions': [], 'url': 'https://www.instagram.com/p/DBW8xy2ThBm/', 'commentsCount': 0, 'firstComment': '', 'latestComments': [], 'dimensionsHeight': 1080, 'dimensionsWidth': 1080, 'displayUrl': 'https://scontent-sjc6-1.cdninstagram.com/v/t51.75761-15/464046690_17933813096928015_6434517495464970953_n.webp?_nc_cat=111&ig_cache_key=MzQ4MzIzODY2NjQ2MDg2MDUxOA%3D%3D.3-ccb7-5&ccb=7-5&_nc_sid=58cdad&efg=eyJ2ZW5jb2RlX3RhZyI6IkNBUk9VU0VMX0lURU0ueHBpZHMuMTA4MC5zZHIucmVndWxhcl9waG90by5DMyJ9&_nc_ohc=d_TcWMNtZN4Q7kNvwHNuDkR&_nc_oc=AdoijQcTPDRl5Y3nTaWrx5IBaW_WIqC9pPDFLQomLiseD52omkOSnDP20BaTmHopK6A&_nc_zt=23&_nc_ht=scontent-sjc6-1.cdninstagram.com&_nc_gid=IzI_w6JtJCkzY7fsV6-xPg&_nc_ss=7ca8c&oh=00_AQDh9b6WKApVhbFW7bwgZ3_doEhbfU-xol5lpGRIefY-5w&oe=6A5E7B98', 'images': [], 'alt': 'Photo by Ija taw إيجا تو on October 20, 2024.', 'likesCount': 0, 'timestamp': '2024-10-20T20:00:28.000Z', 'childPosts': [], 'ownerId': '17841457840433951', 'shortCode': 'DBW8xy2ThBm', 'originalHeight': 1080, 'originalWidth': 1080, 'ownerUsername': 'ija.taw'}, {'id': '3483238666586765861', 'type': 'Image', 'caption': '', 'hashtags': [], 'mentions': [], 'url': 'https://www.instagram.com/p/DBW8xy9zzol/', 'commentsCount': 0, 'firstComment': '', 'latestComments': [], 'dimensionsHeight': 1080, 'dimensionsWidth': 1080, 'displayUrl': 'https://scontent-sjc6-1.cdninstagram.com/v/t51.75761-15/464044978_17933813105928015_264602387210186707_n.webp?_nc_cat=100&ig_cache_key=MzQ4MzIzODY2NjU4Njc2NTg2MQ%3D%3D.3-ccb7-5&ccb=7-5&_nc_sid=58cdad&efg=eyJ2ZW5jb2RlX3RhZyI6IkNBUk9VU0VMX0lURU0ueHBpZHMuMTA4MC5zZHIucmVndWxhcl9waG90by5DMyJ9&_nc_ohc=9skzyYt-qykQ7kNvwHLxJ0C&_nc_oc=Adr-MXEZGi6LCDo51hTVlG-DPDwvODxRi8hvuZXHVFSlfHqcgJY1Kd4D-X3d5M0Qp8A&_nc_zt=23&_nc_ht=scontent-sjc6-1.cdninstagram.com&_nc_gid=IzI_w6JtJCkzY7fsV6-xPg&_nc_ss=7ca8c&oh=00_AQA3_yl3YM6AFeF7Go-Rtn6zQPkAJIg7ssL_VdvC4Y12Cg&oe=6A5E9C2E', 'images': [], 'alt': 'Photo by Ija taw إيجا تو on October 20, 2024.', 'likesCount': 0, 'timestamp': '2024-10-20T20:00:28.000Z', 'childPosts': [], 'ownerId': '17841457840433951', 'shortCode': 'DBW8xy9zzol', 'originalHeight': 1080, 'originalWidth': 1080, 'ownerUsername': 'ija.taw'}, {'id': '3483238666469375395', 'type': 'Image', 'caption': '', 'hashtags': [], 'mentions': [], 'url': 'https://www.instagram.com/p/DBW8xy2z_2j/', 'commentsCount': 0, 'firstComment': '', 'latestComments': [], 'dimensionsHeight': 1080, 'dimensionsWidth': 1080, 'displayUrl': 'https://scontent-sjc6-1.cdninstagram.com/v/t51.75761-15/464014138_17933813114928015_970092356293918087_n.webp?_nc_cat=100&ig_cache_key=MzQ4MzIzODY2NjQ2OTM3NTM5NQ%3D%3D.3-ccb7-5&ccb=7-5&_nc_sid=58cdad&efg=eyJ2ZW5jb2RlX3RhZyI6IkNBUk9VU0VMX0lURU0ueHBpZHMuMTA4MC5zZHIucmVndWxhcl9waG90by5DMyJ9&_nc_ohc=kQqP9750m0kQ7kNvwFpGjUe&_nc_oc=AdqnHQbXxHX1wsmEUcvn3WkKkpGV9_HEt5B-8DPxDRqej-Tm8tothHOdn4oJaQtMlHQ&_nc_zt=23&_nc_ht=scontent-sjc6-1.cdninstagram.com&_nc_gid=IzI_w6JtJCkzY7fsV6-xPg&_nc_ss=7ca8c&oh=00_AQAT82rLkrA-0dx1EHt-ytufu1hUgQ347NTh8UHAqncDBg&oe=6A5E8D45', 'images': [], 'alt': 'Photo by Ija taw إيجا تو on October 20, 2024.', 'likesCount': 0, 'timestamp': '2024-10-20T20:00:28.000Z', 'childPosts': [], 'ownerId': '17841457840433951', 'shortCode': 'DBW8xy2z_2j', 'originalHeight': 1080, 'originalWidth': 1080, 'ownerUsername': 'ija.taw'}, {'id': '3483238666460842313', 'type': 'Image', 'caption': '', 'hashtags': [], 'mentions': [], 'url': 'https://www.instagram.com/p/DBW8xy2TclJ/', 'commentsCount': 0, 'firstComment': '', 'latestComments': [], 'dimensionsHeight': 1080, 'dimensionsWidth': 1080, 'displayUrl': 'https://scontent-sjc6-1.cdninstagram.com/v/t51.75761-15/464187028_17933813123928015_1810384917284008534_n.webp?_nc_cat=108&ig_cache_key=MzQ4MzIzODY2NjQ2MDg0MjMxMw%3D%3D.3-ccb7-5&ccb=7-5&_nc_sid=58cdad&efg=eyJ2ZW5jb2RlX3RhZyI6IkNBUk9VU0VMX0lURU0ueHBpZHMuMTA4MC5zZHIucmVndWxhcl9waG90by5DMyJ9&_nc_ohc=1kT4QgdLjEgQ7kNvwGHJYDh&_nc_oc=AdoiL-4U5e2OTUJiVGz_Ks5EReyngfok4Als5CJBeHi4reB5t3d-PRCkl__Tx_hGdIY&_nc_zt=23&_nc_ht=scontent-sjc6-1.cdninstagram.com&_nc_gid=IzI_w6JtJCkzY7fsV6-xPg&_nc_ss=7ca8c&oh=00_AQDOPO47jGU-xJ29sS6edSycJCpZ34ZAHGYzSUuwxXYTlg&oe=6A5E8CE1', 'images': [], 'alt': 'Photo by Ija taw إيجا تو on October 20, 2024.', 'likesCount': 0, 'timestamp': '2024-10-20T20:00:28.000Z', 'childPosts': [], 'ownerId': '17841457840433951', 'shortCode': 'DBW8xy2TclJ', 'originalHeight': 1080, 'originalWidth': 1080, 'ownerUsername': 'ija.taw'}, {'id': '3483238666469118677', 'type': 'Image', 'caption': '', 'hashtags': [], 'mentions': [], 'url': 'https://www.instagram.com/p/DBW8xy2zBLV/', 'commentsCount': 0, 'firstComment': '', 'latestComments': [], 'dimensionsHeight': 1080, 'dimensionsWidth': 1080, 'displayUrl': 'https://scontent-sjc6-1.cdninstagram.com/v/t51.75761-15/463952464_17933813132928015_8061984289269075505_n.webp?_nc_cat=100&ig_cache_key=MzQ4MzIzODY2NjQ2OTExODY3Nw%3D%3D.3-ccb7-5&ccb=7-5&_nc_sid=58cdad&efg=eyJ2ZW5jb2RlX3RhZyI6IkNBUk9VU0VMX0lURU0ueHBpZHMuMTA4MC5zZHIucmVndWxhcl9waG90by5DMyJ9&_nc_ohc=yb5yQ5RQoHsQ7kNvwGYHqIM&_nc_oc=Adqtt1DbT0OcYd35h85VXIojPwTmKVMuWPMA3uF-c3kha5ETpD4DIarZpqKHsN902PQ&_nc_zt=23&_nc_ht=scontent-sjc6-1.cdninstagram.com&_nc_gid=IzI_w6JtJCkzY7fsV6-xPg&_nc_ss=7ca8c&oh=00_AQBerE-LHtTDPXLBQK-5lkQ4YxdCdnuLigc_4DNtGpE9qA&oe=6A5E8EA3', 'images': [], 'alt': 'Photo by Ija taw إيجا تو on October 20, 2024.', 'likesCount': 0, 'timestamp': '2024-10-20T20:00:28.000Z', 'childPosts': [], 'ownerId': '17841457840433951', 'shortCode': 'DBW8xy2zBLV', 'originalHeight': 1080, 'originalWidth': 1080, 'ownerUsername': 'ija.taw'}, {'id': '3483238666964123902', 'type': 'Image', 'caption': '', 'hashtags': [], 'mentions': [], 'url': 'https://www.instagram.com/p/DBW8xzUTUD-/', 'commentsCount': 0, 'firstComment': '', 'latestComments': [], 'dimensionsHeight': 1080, 'dimensionsWidth': 1080, 'displayUrl': 'https://scontent-sjc3-1.cdninstagram.com/v/t51.75761-15/464161194_17933813141928015_4485954941020829745_n.webp?_nc_cat=106&ig_cache_key=MzQ4MzIzODY2Njk2NDEyMzkwMg%3D%3D.3-ccb7-5&ccb=7-5&_nc_sid=58cdad&efg=eyJ2ZW5jb2RlX3RhZyI6IkNBUk9VU0VMX0lURU0ueHBpZHMuMTA4MC5zZHIucmVndWxhcl9waG90by5DMyJ9&_nc_ohc=Cn-FNzNm5boQ7kNvwG_NlLs&_nc_oc=Adrq-aa_aHUmtKEI9FPxz554gJT6RMpK8iAtLiTInL8F-Cnk3t6YwUxsM5f4MgQpXjU&_nc_zt=23&_nc_ht=scontent-sjc3-1.cdninstagram.com&_nc_gid=IzI_w6JtJCkzY7fsV6-xPg&_nc_ss=7ca8c&oh=00_AQAjmFiryPT9R3pPlQsI3qYUdcYI-qztotwXzAOeQ4JkHQ&oe=6A5E93E3', 'images': [], 'alt': 'Photo by Ija taw إيجا تو on October 20, 2024.', 'likesCount': 0, 'timestamp': '2024-10-20T20:00:28.000Z', 'childPosts': [], 'ownerId': '17841457840433951', 'shortCode': 'DBW8xzUTUD-', 'originalHeight': 1080, 'originalWidth': 1080, 'ownerUsername': 'ija.taw'}, {'id': '3483238666460805645', 'type': 'Image', 'caption': '', 'hashtags': [], 'mentions': [], 'url': 'https://www.instagram.com/p/DBW8xy2TToN/', 'commentsCount': 0, 'firstComment': '', 'latestComments': [], 'dimensionsHeight': 1080, 'dimensionsWidth': 1080, 'displayUrl': 'https://scontent-sjc3-1.cdninstagram.com/v/t51.75761-15/463970437_17933813150928015_1487249379028865156_n.webp?_nc_cat=110&ig_cache_key=MzQ4MzIzODY2NjQ2MDgwNTY0NQ%3D%3D.3-ccb7-5&ccb=7-5&_nc_sid=58cdad&efg=eyJ2ZW5jb2RlX3RhZyI6IkNBUk9VU0VMX0lURU0ueHBpZHMuMTA4MC5zZHIucmVndWxhcl9waG90by5DMyJ9&_nc_ohc=lzj4M2KArgUQ7kNvwGyoQpS&_nc_oc=AdpKRK6qg4NSRf0z5u6VwaeXODwFgveWvT9L_UMp7YhIt-tGBAudRQ5dJiSDZWngT7Y&_nc_zt=23&_nc_ht=scontent-sjc3-1.cdninstagram.com&_nc_gid=IzI_w6JtJCkzY7fsV6-xPg&_nc_ss=7ca8c&oh=00_AQDHL0bASst6lr8NaI8p1rRdSBHTfvNR5qWh40zZypVLrA&oe=6A5E904B', 'images': [], 'alt': 'Photo by Ija taw إيجا تو on October 20, 2024.', 'likesCount': 0, 'timestamp': '2024-10-20T20:00:28.000Z', 'childPosts': [], 'ownerId': '17841457840433951', 'shortCode': 'DBW8xy2TToN', 'originalHeight': 1080, 'originalWidth': 1080, 'ownerUsername': 'ija.taw'}, {'id': '3483238666704234650', 'type': 'Image', 'caption': '', 'hashtags': [], 'mentions': [], 'url': 'https://www.instagram.com/p/DBW8xzEz6ia/', 'commentsCount': 0, 'firstComment': '', 'latestComments': [], 'dimensionsHeight': 1080, 'dimensionsWidth': 1080, 'displayUrl': 'https://scontent-sjc6-1.cdninstagram.com/v/t51.75761-15/464074796_17933813162928015_989620276921063294_n.webp?_nc_cat=104&ig_cache_key=MzQ4MzIzODY2NjcwNDIzNDY1MA%3D%3D.3-ccb7-5&ccb=7-5&_nc_sid=58cdad&efg=eyJ2ZW5jb2RlX3RhZyI6IkNBUk9VU0VMX0lURU0ueHBpZHMuMTA4MC5zZHIucmVndWxhcl9waG90by5DMyJ9&_nc_ohc=MwQ3C7wPdP4Q7kNvwEpokIH&_nc_oc=AdqBq0PgA2bzqRVTIF3-_kV1iru-q8yCMVBQDNWuhY9XtctAeanP6jlQJigOQbaUkmY&_nc_zt=23&_nc_ht=scontent-sjc6-1.cdninstagram.com&_nc_gid=IzI_w6JtJCkzY7fsV6-xPg&_nc_ss=7ca8c&oh=00_AQCz77zfmDemBXzNkYciX3R-jeC3_kGHqN1jyj474_uYaw&oe=6A5E6A04', 'images': [], 'alt': 'Photo by Ija taw إيجا تو on October 20, 2024.', 'likesCount': 0, 'timestamp': '2024-10-20T20:00:28.000Z', 'childPosts': [], 'ownerId': '17841457840433951', 'shortCode': 'DBW8xzEz6ia', 'originalHeight': 1080, 'originalWidth': 1080, 'ownerUsername': 'ija.taw'}, {'id': '3483238666536235951', 'type': 'Image', 'caption': '', 'hashtags': [], 'mentions': [], 'url': 'https://www.instagram.com/p/DBW8xy6zDOv/', 'commentsCount': 0, 'firstComment': '', 'latestComments': [], 'dimensionsHeight': 1080, 'dimensionsWidth': 1080, 'displayUrl': 'https://scontent-sjc3-1.cdninstagram.com/v/t51.75761-15/464049833_17933813174928015_7851281985179745898_n.webp?_nc_cat=110&ig_cache_key=MzQ4MzIzODY2NjUzNjIzNTk1MQ%3D%3D.3-ccb7-5&ccb=7-5&_nc_sid=58cdad&efg=eyJ2ZW5jb2RlX3RhZyI6IkNBUk9VU0VMX0lURU0ueHBpZHMuMTA4MC5zZHIucmVndWxhcl9waG90by5DMyJ9&_nc_ohc=p-ad_K4uAVAQ7kNvwFObKpH&_nc_oc=Adohn-eyNZTMiPtOsR1buJWt87U_atQfXLfUwwvH_K-t1VDG042_zsjPu42XYL3iqLg&_nc_zt=23&_nc_ht=scontent-sjc3-1.cdninstagram.com&_nc_gid=IzI_w6JtJCkzY7fsV6-xPg&_nc_ss=7ca8c&oh=00_AQALZTn3FojVkou6ul-Jof5u-FilUGoxzVr5pD1xQR63XA&oe=6A5E7176', 'images': [], 'alt': 'Photo by Ija taw إيجا تو on October 20, 2024.', 'likesCount': 0, 'timestamp': '2024-10-20T20:00:28.000Z', 'childPosts': [], 'ownerId': '17841457840433951', 'shortCode': 'DBW8xy6zDOv', 'originalHeight': 1080, 'originalWidth': 1080, 'ownerUsername': 'ija.taw'}, {'id': '3483238666695738005', 'type': 'Image', 'caption': '', 'hashtags': [], 'mentions': [], 'url': 'https://www.instagram.com/p/DBW8xzETgKV/', 'commentsCount': 0, 'firstComment': '', 'latestComments': [], 'dimensionsHeight': 1080, 'dimensionsWidth': 1080, 'displayUrl': 'https://scontent-sjc3-1.cdninstagram.com/v/t51.75761-15/464196599_17933813183928015_4146434397367705668_n.webp?_nc_cat=103&ig_cache_key=MzQ4MzIzODY2NjY5NTczODAwNQ%3D%3D.3-ccb7-5&ccb=7-5&_nc_sid=58cdad&efg=eyJ2ZW5jb2RlX3RhZyI6IkNBUk9VU0VMX0lURU0ueHBpZHMuMTA4MC5zZHIucmVndWxhcl9waG90by5DMyJ9&_nc_ohc=la02XjDB290Q7kNvwEqvVAG&_nc_oc=AdomQyF3IBbnFDvg-Yh9qfYUsZETZn1rmOu4cQfbN0h8tKehTsTNRGOjMO63ky6fb6M&_nc_zt=23&_nc_ht=scontent-sjc3-1.cdninstagram.com&_nc_gid=IzI_w6JtJCkzY7fsV6-xPg&_nc_ss=7ca8c&oh=00_AQAPWprdg1tLWjJf3hYheJdcD_KlkFsVTaP5ba-44h6O-g&oe=6A5E7051', 'images': [], 'alt': 'Photo by Ija taw إيجا تو on October 20, 2024.', 'likesCount': 0, 'timestamp': '2024-10-20T20:00:28.000Z', 'childPosts': [], 'ownerId': '17841457840433951', 'shortCode': 'DBW8xzETgKV', 'originalHeight': 1080, 'originalWidth': 1080, 'ownerUsername': 'ija.taw'}]",Ija taw إيجا تو,ija.taw,57951608014,False,https://www.instagram.com/ija.taw/,1080,1080,carousel_container,,,,,,,,,,,
3882448946229325584,Image,DXhOr8alq8Q,"Dans un monde digital en constante évolution une bonne stratégie fait toujours la différence.
Chez Web Media-International nous transformons votre présence digitale en véritable levier de croissance 
✅ 𝐒𝐭𝐫𝐚𝐭𝐞́𝐠𝐢𝐞 𝐝𝐢𝐠𝐢𝐭𝐚𝐥𝐞 𝐬𝐮𝐫-𝐦𝐞𝐬𝐮𝐫𝐞
✅ 𝐂𝐨𝐧𝐭𝐞𝐧𝐮𝐬 𝐜𝐫𝐞́𝐚𝐭𝐢𝐟𝐬 𝐞𝐭 𝐩𝐞𝐫𝐟𝐨𝐫𝐦𝐚𝐧𝐭𝐬
✅ 𝐂𝐚𝐦𝐩𝐚𝐠𝐧𝐞𝐬 𝐜𝐢𝐛𝐥𝐞́𝐞𝐬 𝐚̀ 𝐟𝐨𝐫𝐭 𝐑𝐎𝐈
✅ 𝐀𝐜𝐜𝐨𝐦𝐩𝐚𝐠𝐧𝐞𝐦𝐞𝐧𝐭 𝟑𝟔𝟎°
💡 Votre succès digital commence par une décision
𝐏𝐫𝐞𝐧𝐞𝐳-𝐥𝐚 𝐚𝐮𝐣𝐨𝐮𝐫𝐝'𝐡𝐮𝐢
🌐 : www.webmedia-tunisie.com 
📩 : commercial@webmediatunisie.com
📞 : (+216) 25 4 72 5 25 /+216 29 888 079 

#stratégiedigitale #MarketingDigital #perfomance #croissance #webmediainternational","['stratégiedigitale', 'MarketingDigital', 'perfomance', 'croissance', 'webmediainternational']",[],https://www.instagram.com/p/DXhOr8alq8Q/,0,,[],1350,1080,https://scontent-phl2-1.cdninstagram.com/v/t39.30808-6/679677448_1572051601589869_1711331281388670421_n.jpg?stp=dst-jpg_e15_fr_p1080x1080_tt6&_nc_ht=scontent-phl2-1.cdninstagram.com&_nc_cat=101&_nc_oc=Q6cZ2gEi0ulW6L9_EJLttbGytmpd0eqqctY40U1w4GFADQWzYfv7CF8EL9wmmxKG8yOQ68U&_nc_ohc=VUuaJnTthlgQ7kNvwEcZkHh&_nc_gid=RLgmsDfSWbFBYoJFlHwaSg&edm=ADp7STQAAAAA&ccb=7-5&oh=00_AQDOJK5h2lxOg1fJ_HMmHEbDnFskoMiZUxnVPn2BmaCajw&oe=6A5E6D2B&_nc_sid=c6f216,[],"Photo by Web Media International on April 24, 2026. May be a cartoon of magazine and poster.",3,2026-04-24T15:20:02.000Z,[],Web Media International,webmedia_international,62467280556,False,https://www.instagram.com/webmedia_international/,1350,1080,feed,,,,,,,,,,,
3844734384125663272,Video,DVbPY1Vilgo,,[],[],https://www.instagram.com/p/DVbPY1Vilgo/,0,,[],854,480,https://scontent-dfw5-2.cdninstagram.com/v/t51.82787-15/638336526_18051416324710423_707494434141185731_n.jpg?stp=dst-jpg_e15_tt6&_nc_ht=scontent-dfw5-2.cdninstagram.com&_nc_cat=107&_nc_oc=Q6cZ2gH_beOJFYtmgFgnGP9irRBqvAquCak3e4xqGVZIMitTB6VdzctYUtwY9IOy8ZUPKRA&_nc_ohc=_9Mfx4VYW4AQ7kNvwG7e92h&_nc_gid=JtcdthiHw-TdQHhs5dDvzQ&edm=ADp7STQBAAAA&ccb=7-5&oh=00_AQD9z0KePKvKlSlWz7gy36QS1YyhNA9DaBXoX89lju38nQ&oe=6A5E7D42&_nc_sid=c6f216,[],"Video by Emmak Prod on March 03, 2026.",19,2026-03-03T14:43:06.000Z,[],Emmak Prod,emmakprod,51343982422,False,https://www.instagram.com/emmakprod/,640,360,clips,Sousse,215104794,,https://scontent-mia3-1.cdninstagram.com/o1/v/t2/f2/m86/AQMJju5jUvtk-ERUhdWmomgdJQMrMLu7f2rLJB1Uputb_GctA8xK2LD-tk4f1K3Vs-z13vcsqPyibLuT-n5TggxD.mp4?_nc_cat=111&_nc_sid=5e9851&_nc_ht=scontent-mia3-1.cdninstagram.com&_nc_ohc=0WY3ukvColUQ7kNvwERoVdp&efg=eyJ2ZW5jb2RlX3RhZyI6Inhwdl9wcm9ncmVzc2l2ZS5JTlNUQUdSQU0uQ0xJUFMuQzMuMzYwLmRhc2hfYmFzZWxpbmVfM192MSIsInhwdl9hc3NldF9pZCI6MTc5Mzc5MzUzNjcxNzA4NDIsImFzc2V0X2FnZV9kYXlzIjoxMzQsInZpX3VzZWNhc2VfaWQiOjEwMDk5LCJkdXJhdGlvbl9zIjozNywidXJsZ2VuX3NvdXJjZSI6Ind3dyJ9&ccb=17-1&vs=7157b406a444862c&_nc_vs=HBksFQIYR2lnX3hwdl9yZWVsc19wZXJtYW5lbnRfc3JfcHJvZC8xOTQ0ODE1MTE5NDU4ODE2XzU2NTkyNzYxMDE1NDAzNTUzNzQubXA0FQACyAESABUCGFFpZ194cHZfcGxhY2VtZW50X3Blcm1hbmVudF92Mi80QjQ2REMwNzlGMTM3MzRERDNCMUM5NjlCMTBEREJCNF9hdWRpb19kYXNoaW5pdC5tcDQVAgLIARIAKAAYABsCiAd1c2Vfb2lsATEScHJvZ3Jlc3NpdmVfcmVjaXBlATEVAAAmtKyDmaGd3T8VAigCQzMsF0BCt2yLQ5WBGBJkYXNoX2Jhc2VsaW5lXzNfdjERAHX-B2XmnQEA&_nc_gid=5c5YDx-EIPLl9lXb_uBb1g&_nc_ss=7b689&_nc_zt=28&oh=00_AQBbyITOMUWWD-mk8CvBVBHG6kkYumca2BdxEscUCYCNsw&oe=6A5A9443,165,,37.433,"{'artist_name': 'emmakprod', 'song_name': 'Original audio', 'uses_original_audio': True, 'should_mute_audio': False, 'should_mute_audio_reason': '', 'audio_id': '26635229589402297'}",479,,
3559780795739121904,Image,DFm4cXwSajw,"🚀 We Are Hiring! Join IJA TAW - Marketing Agency 🎯💡
IJA TAW is expanding and we’re looking for talented professionals to join our team in Sousse, Tunisia! If you're ready to take your career to the next level, we want to hear from you. Available Positions & Responsibilities:

📌 Business Development Manager
Identify and acquire new clients.
Lead negotiations, client onboarding, and relationship management.
Drive business growth with innovative client acquisition strategies.
Build and maintain long-term client relationships.

📌 Digital Marketing Specialist (SEO, Content Creation & Ads)
Create engaging content for social media and ads.
Manage and optimize paid ad campaigns (Google Ads, Facebook Ads).
Improve SEO to increase online visibility and traffic.

📌 Project Manager
Manage client accounts and oversee projects from start to finish.
Coordinate with the business development and marketing teams to ensure seamless project execution.
Ensure projects are delivered on time and meet client expectations.
Maintain high client satisfaction and successful project outcomes.

📌 Graphic Designer
Design captivating visual content for social media, branding, and marketing materials.
Create logos, brochures, and promotional materials.
Ensure consistency across all visual designs and uphold brand identity.

🔹 Full-time positions
🔹 Competitive salary
🔹 CVP contract

📩 Send your CV & Portfolio to: contact@ijataw.com
📲 Contact us on WhatsApp: +216 99 709 052
Be part of a dynamic, growing team, and help us shape the future of marketing! 🌟",[],[],https://www.instagram.com/p/DFm4cXwSajw/,0,,[],1080,1080,https://scontent-phl2-1.cdninstagram.com/v/t39.30808-6/485353802_651506031154079_7398717818737508144_n.jpg?stp=dst-jpg_e35_s1080x1080_sh2.08_tt6&_nc_ht=scontent-phl2-1.cdninstagram.com&_nc_cat=111&_nc_oc=Q6cZ2gGZYjAAJAB0ZVbB56X199HDFspevWtbBE_rWeSPJN9yQs7zZvVRMQlf1MGVw7Z-5xM&_nc_ohc=B6qyi0BhMrwQ7kNvwEcslI5&_nc_gid=O84a-adt8JceCWXt3YJ5EQ&edm=ADp7STQAAAAA&ccb=7-5&oh=00_AQBQYE0fh4OCeCBV7m2QQ_ptuVqUMN8KpQLbg0EJf2zTcA&oe=6A5E93DC&_nc_sid=c6f216,[],"Photo by Ija taw إيجا تو on February 03, 2025.",1,2025-02-03T10:36:01.000Z,[],Ija taw إيجا تو,ija.taw,57951608014,False,https://www.instagram.com/ija.taw/,1200,1200,feed,,,,,,,,,,,
3575224673598378514,Image,DGdv-X2CxIS,"L’art du digital, signé MYNDS. ✨",[],[],https://www.instagram.com/p/DGdv-X2CxIS/,0,,[],1350,1080,https://scontent-atl3-3.cdninstagram.com/v/t39.30808-6/480361913_503276476147880_2568262428667054480_n.jpg?stp=dst-jpg_e15_fr_p1080x1080_tt6&_nc_ht=scontent-atl3-3.cdninstagram.com&_nc_cat=108&_nc_oc=Q6cZ2gGimu_5feyfBygwRljKaaXt3B3cSp-k4h9ithcMmymgfRLrlvOLyQPKkOUKmbAtOPs&_nc_ohc=fYm1LEA-D0UQ7kNvwGBNN1N&_nc_gid=Fsiw-EINlcF8PEsORmXwEw&edm=ADp7STQAAAAA&ccb=7-5&oh=00_AQDmK315aKZ41msV27Tm4pOP7v7ZiR5dRu9YPP2FIhjP6Q&oe=6A5E815E&_nc_sid=c6f216,[],"Photo by MYNDS on February 24, 2025.",1,2025-02-24T18:00:16.000Z,[],MYNDS,m.y.n.d.s,60016721646,False,https://www.instagram.com/m.y.n.d.s/,1350,1080,feed,,,,,,,,,,,
3461888049794790236,Image,DALGNbkMDNc,"⭐️⭐️ Notre réalisation ⭐️⭐️ :
Carte de visite pour notre client 🎖 ORTHO-Services 🎖
Veuillez consulter nos projets réalisés sur notre site web:
🌐 www.24-7digital.com.tn
24-7 Digital Design est votre meilleur partenaire pour réaliser votre:
✅ Site Web.
✅ Application Web & Mobile
✅ Branding , logo et Charte graphique.
✅ Conception de vos supports de communication.
✅ Gestion de vos réseaux sociaux.
✅ Modélisation 3D et rendu réaliste de vos produits.
✅ Packaging design.
Pour toute étude personnalisée, veuillez contacter nos experts au :
Mobile + whatsapp : +216 96 357 457
Facebook : www.facebook.com/24.7.digital.design.tunisie
instagram : www.instagram.com/247digitaldesign/
Linkedin : www.linkedin.com/company/11547031/
#Webdesign #siteweb #logo #chartegraphique #graphicdesign #smo #conception3d #packaging #branding #sitevitrine #ecommerce Voir moin","['Webdesign', 'siteweb', 'logo', 'chartegraphique', 'graphicdesign', 'smo', 'conception3d', 'packaging', 'branding', 'sitevitrine', 'ecommerce']",[],https://www.instagram.com/p/DALGNbkMDNc/,0,,[],810,1080,https://instagram.fagc1-1.fna.fbcdn.net/v/t39.30808-6/491405310_1224953919636342_6860312845047240040_n.jpg?stp=dst-jpg_e35_s1080x1080_sh2.08_tt6&_nc_ht=instagram.fagc1-1.fna.fbcdn.net&_nc_cat=106&_nc_oc=Q6cZ2gGGgbh6WFY6A6PqxLwmxxNVrds9l9EZLjUCkj1u9ZXiN0kLjZzAetMTya-3PShWybQ&_nc_ohc=cte4s94yrLAQ7kNvwFUKa9q&_nc_gid=WyCMDagFepHqtxSSRh_VAw&edm=ADp7STQAAAAA&ccb=7-5&oh=00_AQBotvyLZwGQXHsjv6eqJAFYLpiqKhzhYkUJQOkaxwD7Nw&oe=6A5E91B4&_nc_sid=c6f216,[],"Photo by 24-7digital design on September 21, 2024.",0,2024-09-21T09:00:36.000Z,[],24-7digital design,247digitaldesign,9774715009,False,https://www.instagram.com/247digitaldesign/,1536,2048,feed,,,,,,,,,,,
3931599272618504211,Image,DaP2LU7nDAT,"At MYNDS Creative Agency, we don't just create content—we build strategies that grow brands.

✨ What we bring to the table:
📱 Social Media Management
🎥 Content Creation
📊 Digital Strategy
🎯 Paid Media & Ads
🎨 Branding & Design

Every post, every campaign, every creative idea is designed with one goal: delivering real business impact.

📩 Ready to tell your brand story?
📧 contact@mynds-team.com
🌐 www.mynds-team.com
📞 +216 29 543 202

#MYNDS #CreativeAgency #DigitalMarketing #SocialMediaMarketing #BrandStrategy #ContentCreation #PaidAds #Branding #MarketingAgency #BusinessGrowth #CreativeMarketing #YourStoryNeedsMarketing","['MYNDS', 'CreativeAgency', 'DigitalMarketing', 'SocialMediaMarketing', 'BrandStrategy', 'ContentCreation', 'PaidAds', 'Branding', 'MarketingAgency', 'BusinessGrowth', 'CreativeMarketing', 'YourStoryNeedsMarketing']",[],https://www.instagram.com/p/DaP2LU7nDAT/,0,,[],1440,1080,https://scontent-iad3-2.cdninstagram.com/v/t39.30808-6/734384541_895440180264839_5362085398690402667_n.jpg?stp=dst-jpg_e35_p1080x1080_sh2.08_tt6&_nc_ht=scontent-iad3-2.cdninstagram.com&_nc_cat=111&_nc_oc=Q6cZ2gGOn8CGTdqUuRoKFpCOuOzajRS9tbgbblm5XUdfemLDwz3QwahtsFuKuKiNlS9QvYw&_nc_ohc=E3g93HP2DbsQ7kNvwGCUeTu&_nc_gid=rvTBDmG5KKZi018kx2wpXw&edm=ADp7STQAAAAA&ccb=7-5&oh=00_AQDDXjWUa-FiAuzb8dj7NwqIBVgcnIHn5bdmpGOzOXvA_Q&oe=6A5E94E5&_nc_sid=c6f216,[],"Photo by MYNDS on July 01, 2026. May be a graphic of ‎magazine, poster, banner and ‎text that says '‎M Creative Agency MARKETING THAT GETS PEOPLE TALKING CREATINEMNTS REAL REALIMPACT YOURBRAND. YOUR BRAND DURM MISSION THE MARKETING TIMES MYNDS CREATIVE AGENCY CANERA Data-Driven Strategies Creative Execution Real Business Results LET'S BUILD YOUR BRAND STORY SOCIAL MEDIA MANAGEMENT CONTENT CREATION DIGITAL STRATEGY PAID MEDIA ADS contact@mynds-team.com BRANDING &DESIGN www.mynds-team.com +216 +21629543202 29 543 202 ם 29050574‎'‎‎.",0,2026-07-01T10:52:58.000Z,[],MYNDS,m.y.n.d.s,60016721646,False,https://www.instagram.com/m.y.n.d.s/,1448,1086,feed,,,,,,,,,,,
3881065920077421785,Sidecar,DXcUOQ8FtzZ,"⭐⭐⭐⭐⭐Bonna Tunisie, GFB, Landor, Atoll Assurances… ils ont fait le choix de l'excellence.
Et vous ?
𝐍𝐨𝐭𝐫𝐞 𝐞́𝐪𝐮𝐢𝐩𝐞 𝐞𝐬𝐭 𝐩𝐫𝐞̂𝐭𝐞 𝐚̀ 𝐝𝐨𝐧𝐧𝐞𝐫 𝐯𝐢𝐞 𝐚̀ 𝐯𝐨𝐭𝐫𝐞 𝐩𝐫𝐨𝐣𝐞𝐭.
- 𝐒𝐢𝐭𝐞 𝐰𝐞𝐛 
- 𝐌𝐚𝐫𝐤𝐞𝐭𝐢𝐧𝐠 𝐝𝐢𝐠𝐢𝐭𝐚𝐥
- 𝐒𝐄𝐎 
- 𝐃𝐞𝐬𝐢𝐠𝐧 𝐠𝐫𝐚𝐩𝐡𝐢𝐪𝐮𝐞

👉 Demandez votre devis gratuit maintenant !
🌐 : www.webmedia-tunisie.com 
📩 : commercial@webmediatunisie.com
📞 : (+216) 25 4 72 5 25 /+216 29 888 079",[],[],https://www.instagram.com/p/DXcUOQ8FtzZ/,0,,[],1350,1080,https://instagram.fpit1-1.fna.fbcdn.net/v/t39.30808-6/677213669_1570275718434124_6015298617410168120_n.jpg?stp=dst-jpg_e35_tt6&_nc_cat=100&ig_cache_key=Mzg4MTA2NTkwMTMyMDQ5NjM5OA%3D%3D.3-ccb7-5&ccb=7-5&_nc_sid=58cdad&efg=eyJ2ZW5jb2RlX3RhZyI6IkNBUk9VU0VMX0lURU0ueHBpZHMuMTA4MC5zZHIucmVndWxhcl9waG90by5DMyJ9&_nc_ohc=4UU-yKFBxSgQ7kNvwHxvzH-&_nc_oc=AdrxADzSH9_fAM9QiPrxbr4ZefsuEjbFo-fXI18TpclfJtgSFqyEqMQZdnywWtk9iJw&_nc_zt=23&_nc_ht=instagram.fpit1-1.fna&_nc_gid=6XO9Q5FqvqT4Naa9GeGXyQ&_nc_ss=72289&oh=00_AQCAiDDAnt5tJY411q1si5F6syhP0vOKH3zYvUTrkbhCCg&oe=6A5E914B,"['https://instagram.fpit1-1.fna.fbcdn.net/v/t39.30808-6/677213669_1570275718434124_6015298617410168120_n.jpg?stp=dst-jpg_e35_tt6&_nc_cat=100&ig_cache_key=Mzg4MTA2NTkwMTMyMDQ5NjM5OA%3D%3D.3-ccb7-5&ccb=7-5&_nc_sid=58cdad&efg=eyJ2ZW5jb2RlX3RhZyI6IkNBUk9VU0VMX0lURU0ueHBpZHMuMTA4MC5zZHIucmVndWxhcl9waG90by5DMyJ9&_nc_ohc=4UU-yKFBxSgQ7kNvwHxvzH-&_nc_oc=AdrxADzSH9_fAM9QiPrxbr4ZefsuEjbFo-fXI18TpclfJtgSFqyEqMQZdnywWtk9iJw&_nc_zt=23&_nc_ht=instagram.fpit1-1.fna&_nc_gid=6XO9Q5FqvqT4Naa9GeGXyQ&_nc_ss=72289&oh=00_AQCAiDDAnt5tJY411q1si5F6syhP0vOKH3zYvUTrkbhCCg&oe=6A5E914B', 'https://instagram.fpit1-1.fna.fbcdn.net/v/t39.30808-6/677305579_1570275678434128_6477600104987196521_n.jpg?stp=dst-jpg_e35_tt6&_nc_cat=103&ig_cache_key=Mzg4MTA2NTkwMjY3MTAwODM3Mg%3D%3D.3-ccb7-5&ccb=7-5&_nc_sid=58cdad&efg=eyJ2ZW5jb2RlX3RhZyI6IkNBUk9VU0VMX0lURU0ueHBpZHMuMTA4MC5zZHIucmVndWxhcl9waG90by5DMyJ9&_nc_ohc=IzWTaVsLIW8Q7kNvwGxDlgv&_nc_oc=AdpYnoT50bRE2Uze6biGD3oeI6701gIe2nq4OuvOm37hAf1OS5uMM5ZDFK0yfzzzYdE&_nc_zt=23&_nc_ht=instagram.fpit1-1.fna&_nc_gid=6XO9Q5FqvqT4Naa9GeGXyQ&_nc_ss=72289&oh=00_AQDvlarfgav18KhwbI3U6WrUwiEFQpK0_gb1RMDm8JtfNQ&oe=6A5E7EB4', 'https://instagram.fpit1-1.fna.fbcdn.net/v/t39.30808-6/677305579_1570275661767463_6227505115639078759_n.jpg?stp=dst-jpg_e35_tt6&_nc_cat=109&ig_cache_key=Mzg4MTA2NTkwMjkxNDMwMDI5MA%3D%3D.3-ccb7-5&ccb=7-5&_nc_sid=58cdad&efg=eyJ2ZW5jb2RlX3RhZyI6IkNBUk9VU0VMX0lURU0ueHBpZHMuMTA4MC5zZHIucmVndWxhcl9waG90by5DMyJ9&_nc_ohc=he2uB09PUzoQ7kNvwGa1SpS&_nc_oc=AdohgMBvHqjr-LjTJDFg_qnSneazKqFq276bq3laCBSp7_sFJvyljN5MQrmkiH0YcMk&_nc_zt=23&_nc_ht=instagram.fpit1-1.fna&_nc_gid=6XO9Q5FqvqT4Naa9GeGXyQ&_nc_ss=72289&oh=00_AQCugxvE7yKIIdU_78XmcjLQOMSYGThJBKqDalXytKB7Vg&oe=6A5E766C', 'https://instagram.fpit1-1.fna.fbcdn.net/v/t39.30808-6/679568309_1570275648434131_7273658411629524819_n.jpg?stp=dst-jpg_e35_tt6&_nc_cat=107&ig_cache_key=Mzg4MTA2NTkwMTE5NDY1NzYwNA%3D%3D.3-ccb7-5&ccb=7-5&_nc_sid=58cdad&efg=eyJ2ZW5jb2RlX3RhZyI6IkNBUk9VU0VMX0lURU0ueHBpZHMuMTA4MC5zZHIucmVndWxhcl9waG90by5DMyJ9&_nc_ohc=RNTJfkw4w0AQ7kNvwGHT1cJ&_nc_oc=Adp_N_wtYHydNpY2jkFvK8RZSWmDdLpzo4Qx0kF_kkYTVt_delmHnUkZzbBcrYL_dtA&_nc_zt=23&_nc_ht=instagram.fpit1-1.fna&_nc_gid=6XO9Q5FqvqT4Naa9GeGXyQ&_nc_ss=72289&oh=00_AQC2Dcz-ENBf2zTxVAUWmiUS3o17hC0HeIAtGKHdDFgKOg&oe=6A5E6B78']","Photo by Web Media International on April 22, 2026.",8,2026-04-22T17:32:12.000Z,"[{'id': '3881065901320496398', 'type': 'Image', 'caption': '', 'hashtags': [], 'mentions': [], 'url': 'https://www.instagram.com/p/DXcUN_eFuUO/', 'commentsCount': 0, 'firstComment': '', 'latestComments': [], 'dimensionsHeight': 1350, 'dimensionsWidth': 1080, 'displayUrl': 'https://instagram.fpit1-1.fna.fbcdn.net/v/t39.30808-6/677213669_1570275718434124_6015298617410168120_n.jpg?stp=dst-jpg_e35_tt6&_nc_cat=100&ig_cache_key=Mzg4MTA2NTkwMTMyMDQ5NjM5OA%3D%3D.3-ccb7-5&ccb=7-5&_nc_sid=58cdad&efg=eyJ2ZW5jb2RlX3RhZyI6IkNBUk9VU0VMX0lURU0ueHBpZHMuMTA4MC5zZHIucmVndWxhcl9waG90by5DMyJ9&_nc_ohc=4UU-yKFBxSgQ7kNvwHxvzH-&_nc_oc=AdrxADzSH9_fAM9QiPrxbr4ZefsuEjbFo-fXI18TpclfJtgSFqyEqMQZdnywWtk9iJw&_nc_zt=23&_nc_ht=instagram.fpit1-1.fna&_nc_gid=6XO9Q5FqvqT4Naa9GeGXyQ&_nc_ss=72289&oh=00_AQCAiDDAnt5tJY411q1si5F6syhP0vOKH3zYvUTrkbhCCg&oe=6A5E914B', 'images': [], 'alt': 'Photo by Web Media International on April 22, 2026. May be an image of magazine and poster.', 'likesCount': 0, 'timestamp': '2026-04-22T17:32:11.000Z', 'childPosts': [], 'ownerId': '17841462416688410', 'shortCode': 'DXcUN_eFuUO', 'originalHeight': 1350, 'originalWidth': 1080, 'ownerUsername': 'webmedia_international'}, {'id': '3881065902671008372', 'type': 'Image', 'caption': '', 'hashtags': [], 'mentions': [], 'url': 'https://www.instagram.com/p/DXcUOAulhJ0/', 'commentsCount': 0, 'firstComment': '', 'latestComments': [], 'dimensionsHeight': 1350, 'dimensionsWidth': 1080, 'displayUrl': 'https://instagram.fpit1-1.fna.fbcdn.net/v/t39.30808-6/677305579_1570275678434128_6477600104987196521_n.jpg?stp=dst-jpg_e35_tt6&_nc_cat=103&ig_cache_key=Mzg4MTA2NTkwMjY3MTAwODM3Mg%3D%3D.3-ccb7-5&ccb=7-5&_nc_sid=58cdad&efg=eyJ2ZW5jb2RlX3RhZyI6IkNBUk9VU0VMX0lURU0ueHBpZHMuMTA4MC5zZHIucmVndWxhcl9waG90by5DMyJ9&_nc_ohc=IzWTaVsLIW8Q7kNvwGxDlgv&_nc_oc=AdpYnoT50bRE2Uze6biGD3oeI6701gIe2nq4OuvOm37hAf1OS5uMM5ZDFK0yfzzzYdE&_nc_zt=23&_nc_ht=instagram.fpit1-1.fna&_nc_gid=6XO9Q5FqvqT4Naa9GeGXyQ&_nc_ss=72289&oh=00_AQDvlarfgav18KhwbI3U6WrUwiEFQpK0_gb1RMDm8JtfNQ&oe=6A5E7EB4', 'images': [], 'alt': 'Photo by Web Media International on April 22, 2026. May be an image of magazine, screen, tablet and poster.', 'likesCount': 0, 'timestamp': '2026-04-22T17:32:11.000Z', 'childPosts': [], 'ownerId': '17841462416688410', 'shortCode': 'DXcUOAulhJ0', 'originalHeight': 1350, 'originalWidth': 1080, 'ownerUsername': 'webmedia_international'}, {'id': '3881065902914300290', 'type': 'Image', 'caption': '', 'hashtags': [], 'mentions': [], 'url': 'https://www.instagram.com/p/DXcUOA9FmmC/', 'commentsCount': 0, 'firstComment': '', 'latestComments': [], 'dimensionsHeight': 1350, 'dimensionsWidth': 1080, 'displayUrl': 'https://instagram.fpit1-1.fna.fbcdn.net/v/t39.30808-6/677305579_1570275661767463_6227505115639078759_n.jpg?stp=dst-jpg_e35_tt6&_nc_cat=109&ig_cache_key=Mzg4MTA2NTkwMjkxNDMwMDI5MA%3D%3D.3-ccb7-5&ccb=7-5&_nc_sid=58cdad&efg=eyJ2ZW5jb2RlX3RhZyI6IkNBUk9VU0VMX0lURU0ueHBpZHMuMTA4MC5zZHIucmVndWxhcl9waG90by5DMyJ9&_nc_ohc=he2uB09PUzoQ7kNvwGa1SpS&_nc_oc=AdohgMBvHqjr-LjTJDFg_qnSneazKqFq276bq3laCBSp7_sFJvyljN5MQrmkiH0YcMk&_nc_zt=23&_nc_ht=instagram.fpit1-1.fna&_nc_gid=6XO9Q5FqvqT4Naa9GeGXyQ&_nc_ss=72289&oh=00_AQCugxvE7yKIIdU_78XmcjLQOMSYGThJBKqDalXytKB7Vg&oe=6A5E766C', 'images': [], 'alt': 'Photo by Web Media International on April 22, 2026. May be an image of magazine, screen and poster.', 'likesCount': 0, 'timestamp': '2026-04-22T17:32:11.000Z', 'childPosts': [], 'ownerId': '17841462416688410', 'shortCode': 'DXcUOA9FmmC', 'originalHeight': 1350, 'originalWidth': 1080, 'ownerUsername': 'webmedia_international'}, {'id': '3881065901194657604', 'type': 'Image', 'caption': '', 'hashtags': [], 'mentions': [], 'url': 'https://www.instagram.com/p/DXcUN_Wlr9E/', 'commentsCount': 0, 'firstComment': '', 'latestComments': [], 'dimensionsHeight': 1350, 'dimensionsWidth': 1080, 'displayUrl': 'https://instagram.fpit1-1.fna.fbcdn.net/v/t39.30808-6/679568309_1570275648434131_7273658411629524819_n.jpg?stp=dst-jpg_e35_tt6&_nc_cat=107&ig_cache_key=Mzg4MTA2NTkwMTE5NDY1NzYwNA%3D%3D.3-ccb7-5&ccb=7-5&_nc_sid=58cdad&efg=eyJ2ZW5jb2RlX3RhZyI6IkNBUk9VU0VMX0lURU0ueHBpZHMuMTA4MC5zZHIucmVndWxhcl9waG90by5DMyJ9&_nc_ohc=RNTJfkw4w0AQ7kNvwGHT1cJ&_nc_oc=Adp_N_wtYHydNpY2jkFvK8RZSWmDdLpzo4Qx0kF_kkYTVt_delmHnUkZzbBcrYL_dtA&_nc_zt=23&_nc_ht=instagram.fpit1-1.fna&_nc_gid=6XO9Q5FqvqT4Naa9GeGXyQ&_nc_ss=72289&oh=00_AQC2Dcz-ENBf2zTxVAUWmiUS3o17hC0HeIAtGKHdDFgKOg&oe=6A5E6B78', 'images': [], 'alt': 'Photo by Web Media International on April 22, 2026. May be a Twitter screenshot of card, poster and magazine.', 'likesCount': 0, 'timestamp': '2026-04-22T17:32:11.000Z', 'childPosts': [], 'ownerId': '17841462416688410', 'shortCode': 'DXcUN_Wlr9E', 'originalHeight': 1350, 'originalWidth': 1080, 'ownerUsername': 'webmedia_international'}]",Web Media International,webmedia_international,62467280556,False,https://www.instagram.com/webmedia_international/,1350,1080,carousel_container,,,,,,,,,,,
3867174628658083638,Image,DWq9tXpkXc2,"Votre marque mérite un contenu cohérent, impactant et efficace ...
Un contenu à sa hauteur !
👉 Parlons-en, Demandez votre audit !",[],[],https://www.instagram.com/p/DWq9tXpkXc2/,0,,[],1350,1080,https://scontent-atl3-3.cdninstagram.com/v/t39.30808-6/661183246_1542746954520166_4951502952655783628_n.jpg?stp=dst-jpg_e15_fr_p1080x1080_tt6&_nc_ht=scontent-atl3-3.cdninstagram.com&_nc_cat=110&_nc_oc=Q6cZ2gHSeG7INwke-TkyKJsd6ylQlTQV2DRi9pJxUKy2u4Tpv1a3IInGuuBC0mSVCZb8ucg&_nc_ohc=so7l9c0QeQoQ7kNvwHIo-08&_nc_gid=2twHF3GdETrpkAfrz0p8zw&edm=ADp7STQAAAAA&ccb=7-5&oh=00_AQA8JawE8fSl8Ypy7beK6j4QBVt3soojYJWaJmBW1t15vA&oe=6A5E9C7D&_nc_sid=c6f216,[],"Photo by Kyubi.digital on April 03, 2026.",7,2026-04-03T13:32:42.000Z,[],Kyubi.digital,kyubi.digital,5331673638,False,https://www.instagram.com/kyubi.digital/,1350,1080,feed,,,,,,,,,,,
3472759608285645704,Image,DAxuHbaMMuI,"Préparez-vous à conquérir la semaine à venir 🚀
#DimancheInspiration #MarketingDigital #PlanificationStratégique #Productivité #DigitalSuccess","['DimancheInspiration', 'MarketingDigital', 'PlanificationStratégique', 'Productivité', 'DigitalSuccess']",[],https://www.instagram.com/p/DAxuHbaMMuI/,0,,[],1080,1080,https://scontent-atl3-3.cdninstagram.com/v/t39.30808-6/485073708_648170581487624_6554918992051434095_n.jpg?stp=dst-jpg_e15_fr_s1080x1080_tt6&_nc_ht=scontent-atl3-3.cdninstagram.com&_nc_cat=108&_nc_oc=Q6cZ2gGNHNmnMNNjVJgVxLemLqULyaIEKumORzRJCjt8O9xi2XE4hGt3Q0SYy5Q9AaaIxD4&_nc_ohc=7p2hYqrLyiUQ7kNvwGGXBLT&_nc_gid=LV6pt-02p85PqJF_OtJi2w&edm=ADp7STQAAAAA&ccb=7-5&oh=00_AQBzTGabQkR6Wu9WEw9tDpsTKgJY6o7sipCZJJyN_wC7GQ&oe=6A5E9AE0&_nc_sid=c6f216,[],"Photo by Ija taw إيجا تو on October 06, 2024.",0,2024-10-06T09:00:27.000Z,[],Ija taw إيجا تو,ija.taw,57951608014,False,https://www.instagram.com/ija.taw/,1080,1080,feed,,,,,,,,,,,
3870963921728911445,Sidecar,DW4bS11AThV,"votre site perd des positions sur Google sans raison apparente ?
Dans 90% des cas ce ne sont pas les algorithmes le problème ce sont des erreurs évitables que beaucoup d'entreprises commettent sans s'en rendre compte.
Chez Web Media-International  nous auditons des dizaines de sites chaque mois et nous retrouvons toujours les mêmes freins 
❌ Une recherche de mots-clés inexistante ou mal ciblée
❌ Un contenu dupliqué ou sans réelle valeur ajoutée
❌ Des problèmes techniques invisibles qui bloquent Google
❌ Une stratégie de backlinks inexistante ou toxique
❌ Un maillage interne négligé
❌ Un SEO local complètement oublié
❌ Aucun suivi des performances via Search Console
Chaque erreur non corrigée est une opportunité offerte à vos concurrents.
👉 Ce carrousel vous donne une vision claire des erreurs les plus fréquentes et leurs solutions concrètes
pour obtenir un diagnostic précis de votre site notre équipe est disponible pour un audit SEO gratuit
📞 (+216) 29 5 95 64 / 29 8 88 0 79",[],[],https://www.instagram.com/p/DW4bS11AThV/,0,,[],1350,1080,https://scontent-ord5-1.cdninstagram.com/v/t39.30808-6/666619903_1558273532967676_4756204708945714549_n.jpg?stp=dst-jpg_e35_tt6&_nc_cat=101&ig_cache_key=Mzg3MDk2Mzg5Nzc3MTA4MzA3MA%3D%3D.3-ccb7-5&ccb=7-5&_nc_sid=58cdad&efg=eyJ2ZW5jb2RlX3RhZyI6IkNBUk9VU0VMX0lURU0ueHBpZHMuMTA4MC5zZHIucmVndWxhcl9waG90by5DMyJ9&_nc_ohc=j6Qi-d3NGUcQ7kNvwHWU2jg&_nc_oc=Adqsr6D-p9HlUbsEdGf8UR5DOLbyLHKQGToAR4FrN_LZMl23pFqrkGoPzv4hOLRgl3A&_nc_zt=23&_nc_ht=scontent-ord5-1.cdninstagram.com&_nc_gid=4zGyvOWcGjEwoQhn3T1rFA&_nc_ss=7c289&oh=00_AQA4U1J1IxxnQ4--4zjBTifCayi9L-S4vlLwrgWLXrg7JA&oe=6A5E8C9B,"['https://scontent-ord5-1.cdninstagram.com/v/t39.30808-6/666619903_1558273532967676_4756204708945714549_n.jpg?stp=dst-jpg_e35_tt6&_nc_cat=101&ig_cache_key=Mzg3MDk2Mzg5Nzc3MTA4MzA3MA%3D%3D.3-ccb7-5&ccb=7-5&_nc_sid=58cdad&efg=eyJ2ZW5jb2RlX3RhZyI6IkNBUk9VU0VMX0lURU0ueHBpZHMuMTA4MC5zZHIucmVndWxhcl9waG90by5DMyJ9&_nc_ohc=j6Qi-d3NGUcQ7kNvwHWU2jg&_nc_oc=Adqsr6D-p9HlUbsEdGf8UR5DOLbyLHKQGToAR4FrN_LZMl23pFqrkGoPzv4hOLRgl3A&_nc_zt=23&_nc_ht=scontent-ord5-1.cdninstagram.com&_nc_gid=4zGyvOWcGjEwoQhn3T1rFA&_nc_ss=7c289&oh=00_AQA4U1J1IxxnQ4--4zjBTifCayi9L-S4vlLwrgWLXrg7JA&oe=6A5E8C9B', 'https://scontent-ord5-1.cdninstagram.com/v/t39.30808-6/668555261_1558273536301009_6575175435963012561_n.jpg?stp=dst-jpg_e35_tt6&_nc_cat=106&ig_cache_key=Mzg3MDk2Mzg5NjYzODU5Nzk1Mg%3D%3D.3-ccb7-5&ccb=7-5&_nc_sid=58cdad&efg=eyJ2ZW5jb2RlX3RhZyI6IkNBUk9VU0VMX0lURU0ueHBpZHMuMTA4MC5zZHIucmVndWxhcl9waG90by5DMyJ9&_nc_ohc=xug0eFGJnOIQ7kNvwEM3ogC&_nc_oc=AdpYyL43QrSITcjaAFCwr2nSgay3pvbEnZdKlUDWYf0mc9WDY3B1wmz7KL1H0JQqoQg&_nc_zt=23&_nc_ht=scontent-ord5-1.cdninstagram.com&_nc_gid=4zGyvOWcGjEwoQhn3T1rFA&_nc_ss=7c289&oh=00_AQBH54XKDuziC5cPnSg2UNvxKA4WXEhn2xRdBkBCO3MG-Q&oe=6A5E78DA', 'https://scontent-ord5-3.cdninstagram.com/v/t39.30808-6/668123819_1558273539634342_5703997332731533632_n.jpg?stp=dst-jpg_e35_tt6&_nc_cat=110&ig_cache_key=Mzg3MDk2Mzg5NzIxNzQzNjQxMw%3D%3D.3-ccb7-5&ccb=7-5&_nc_sid=58cdad&efg=eyJ2ZW5jb2RlX3RhZyI6IkNBUk9VU0VMX0lURU0ueHBpZHMuMTA4MC5zZHIucmVndWxhcl9waG90by5DMyJ9&_nc_ohc=32FAMfVkdkgQ7kNvwFivD4J&_nc_oc=AdqMXKyk1wMBvgXmaMgKWJQxc8T63pNo7J58Fx7hVmVHru2-rDQ2r9Yg5P6nf5-6zmk&_nc_zt=23&_nc_ht=scontent-ord5-3.cdninstagram.com&_nc_gid=4zGyvOWcGjEwoQhn3T1rFA&_nc_ss=7c289&oh=00_AQDOYVjjdQ5fpJ6pMmUvJiyOyFfm36xfsyMEUG7mprUwZw&oe=6A5E89A0', 'https://scontent-ord5-1.cdninstagram.com/v/t39.30808-6/668517908_1558273619634334_7905582330893176105_n.jpg?stp=dst-jpg_e35_tt6&_nc_cat=106&ig_cache_key=Mzg3MDk2Mzg5NzYzNjgzNzk3NA%3D%3D.3-ccb7-5&ccb=7-5&_nc_sid=58cdad&efg=eyJ2ZW5jb2RlX3RhZyI6IkNBUk9VU0VMX0lURU0ueHBpZHMuMTA4MC5zZHIucmVndWxhcl9waG90by5DMyJ9&_nc_ohc=o8dtWEzpH7UQ7kNvwEGiLrQ&_nc_oc=Adr8yc2_AIWQGhTfn48d3SS-ZH8VNBX6ZHBYUmbokForDHdPDin-SnEUR9Y5w1hRMpM&_nc_zt=23&_nc_ht=scontent-ord5-1.cdninstagram.com&_nc_gid=4zGyvOWcGjEwoQhn3T1rFA&_nc_ss=7c289&oh=00_AQD-Yflkkk4OMvi5W1l584zY5GrDHVEBRmcFvOLaFX8Qig&oe=6A5E7E8D', 'https://scontent-ord5-3.cdninstagram.com/v/t39.30808-6/668389437_1558273506301012_4551732586417145291_n.jpg?stp=dst-jpg_e35_tt6&_nc_cat=100&ig_cache_key=Mzg3MDk2Mzg5Nzc1NDMxOTUwMA%3D%3D.3-ccb7-5&ccb=7-5&_nc_sid=58cdad&efg=eyJ2ZW5jb2RlX3RhZyI6IkNBUk9VU0VMX0lURU0ueHBpZHMuMTA4MC5zZHIucmVndWxhcl9waG90by5DMyJ9&_nc_ohc=CjicAfsgtU0Q7kNvwHlYrj5&_nc_oc=Adp4R59vNK6Vx4LcCsZDw4f0kxY2ekEvxmtO2Jf0uUy8SXPscXDlGS5jedb7s-FOkug&_nc_zt=23&_nc_ht=scontent-ord5-3.cdninstagram.com&_nc_gid=4zGyvOWcGjEwoQhn3T1rFA&_nc_ss=7c289&oh=00_AQCGXqHAAWS5mHQ7-TOl3Hjz3VjPHsH6Ef6qP0VWRZQobg&oe=6A5E9398', 'https://scontent-ord5-3.cdninstagram.com/v/t39.30808-6/668775783_1558273566301006_1560401267017348500_n.jpg?stp=dst-jpg_e35_tt6&_nc_cat=100&ig_cache_key=Mzg3MDk2Mzg5NjUwNDM3MDI2Mw%3D%3D.3-ccb7-5&ccb=7-5&_nc_sid=58cdad&efg=eyJ2ZW5jb2RlX3RhZyI6IkNBUk9VU0VMX0lURU0ueHBpZHMuMTA4MC5zZHIucmVndWxhcl9waG90by5DMyJ9&_nc_ohc=XpZPM_3aTdAQ7kNvwGWeI4C&_nc_oc=AdoZy33qt1O2ELw4fpzcJNg94iQcM5jhEqytqCoBHe1_H7-AvSaRsV3iA-MzB2HS81w&_nc_zt=23&_nc_ht=scontent-ord5-3.cdninstagram.com&_nc_gid=4zGyvOWcGjEwoQhn3T1rFA&_nc_ss=7c289&oh=00_AQBtHEzQaGBn3-tR4CzbWAxP6xCk2junCvPwT9xOzBzlpQ&oe=6A5E8441']","Photo by Web Media International on April 08, 2026.",7,2026-04-08T19:01:20.000Z,"[{'id': '3870963897771083070', 'type': 'Image', 'caption': '', 'hashtags': [], 'mentions': [], 'url': 'https://www.instagram.com/p/DW4bSfhAcU-/', 'commentsCount': 0, 'firstComment': '', 'latestComments': [], 'dimensionsHeight': 1350, 'dimensionsWidth': 1080, 'displayUrl': 'https://scontent-ord5-1.cdninstagram.com/v/t39.30808-6/666619903_1558273532967676_4756204708945714549_n.jpg?stp=dst-jpg_e35_tt6&_nc_cat=101&ig_cache_key=Mzg3MDk2Mzg5Nzc3MTA4MzA3MA%3D%3D.3-ccb7-5&ccb=7-5&_nc_sid=58cdad&efg=eyJ2ZW5jb2RlX3RhZyI6IkNBUk9VU0VMX0lURU0ueHBpZHMuMTA4MC5zZHIucmVndWxhcl9waG90by5DMyJ9&_nc_ohc=j6Qi-d3NGUcQ7kNvwHWU2jg&_nc_oc=Adqsr6D-p9HlUbsEdGf8UR5DOLbyLHKQGToAR4FrN_LZMl23pFqrkGoPzv4hOLRgl3A&_nc_zt=23&_nc_ht=scontent-ord5-1.cdninstagram.com&_nc_gid=4zGyvOWcGjEwoQhn3T1rFA&_nc_ss=7c289&oh=00_AQA4U1J1IxxnQ4--4zjBTifCayi9L-S4vlLwrgWLXrg7JA&oe=6A5E8C9B', 'images': [], 'alt': 'Photo by Web Media International on April 08, 2026.', 'likesCount': 0, 'timestamp': '2026-04-08T19:01:19.000Z', 'childPosts': [], 'ownerId': '17841462416688410', 'shortCode': 'DW4bSfhAcU-', 'originalHeight': 1350, 'originalWidth': 1080, 'ownerUsername': 'webmedia_international'}, {'id': '3870963896638597952', 'type': 'Image', 'caption': '', 'hashtags': [], 'mentions': [], 'url': 'https://www.instagram.com/p/DW4bSedgWtA/', 'commentsCount': 0, 'firstComment': '', 'latestComments': [], 'dimensionsHeight': 1350, 'dimensionsWidth': 1080, 'displayUrl': 'https://scontent-ord5-1.cdninstagram.com/v/t39.30808-6/668555261_1558273536301009_6575175435963012561_n.jpg?stp=dst-jpg_e35_tt6&_nc_cat=106&ig_cache_key=Mzg3MDk2Mzg5NjYzODU5Nzk1Mg%3D%3D.3-ccb7-5&ccb=7-5&_nc_sid=58cdad&efg=eyJ2ZW5jb2RlX3RhZyI6IkNBUk9VU0VMX0lURU0ueHBpZHMuMTA4MC5zZHIucmVndWxhcl9waG90by5DMyJ9&_nc_ohc=xug0eFGJnOIQ7kNvwEM3ogC&_nc_oc=AdpYyL43QrSITcjaAFCwr2nSgay3pvbEnZdKlUDWYf0mc9WDY3B1wmz7KL1H0JQqoQg&_nc_zt=23&_nc_ht=scontent-ord5-1.cdninstagram.com&_nc_gid=4zGyvOWcGjEwoQhn3T1rFA&_nc_ss=7c289&oh=00_AQBH54XKDuziC5cPnSg2UNvxKA4WXEhn2xRdBkBCO3MG-Q&oe=6A5E78DA', 'images': [], 'alt': 'Photo by Web Media International on April 08, 2026.', 'likesCount': 0, 'timestamp': '2026-04-08T19:01:19.000Z', 'childPosts': [], 'ownerId': '17841462416688410', 'shortCode': 'DW4bSedgWtA', 'originalHeight': 1350, 'originalWidth': 1080, 'ownerUsername': 'webmedia_international'}, {'id': '3870963897217436413', 'type': 'Image', 'caption': '', 'hashtags': [], 'mentions': [], 'url': 'https://www.instagram.com/p/DW4bSfAAcr9/', 'commentsCount': 0, 'firstComment': '', 'latestComments': [], 'dimensionsHeight': 1350, 'dimensionsWidth': 1080, 'displayUrl': 'https://scontent-ord5-3.cdninstagram.com/v/t39.30808-6/668123819_1558273539634342_5703997332731533632_n.jpg?stp=dst-jpg_e35_tt6&_nc_cat=110&ig_cache_key=Mzg3MDk2Mzg5NzIxNzQzNjQxMw%3D%3D.3-ccb7-5&ccb=7-5&_nc_sid=58cdad&efg=eyJ2ZW5jb2RlX3RhZyI6IkNBUk9VU0VMX0lURU0ueHBpZHMuMTA4MC5zZHIucmVndWxhcl9waG90by5DMyJ9&_nc_ohc=32FAMfVkdkgQ7kNvwFivD4J&_nc_oc=AdqMXKyk1wMBvgXmaMgKWJQxc8T63pNo7J58Fx7hVmVHru2-rDQ2r9Yg5P6nf5-6zmk&_nc_zt=23&_nc_ht=scontent-ord5-3.cdninstagram.com&_nc_gid=4zGyvOWcGjEwoQhn3T1rFA&_nc_ss=7c289&oh=00_AQDOYVjjdQ5fpJ6pMmUvJiyOyFfm36xfsyMEUG7mprUwZw&oe=6A5E89A0', 'images': [], 'alt': 'Photo by Web Media International on April 08, 2026.', 'likesCount': 0, 'timestamp': '2026-04-08T19:01:19.000Z', 'childPosts': [], 'ownerId': '17841462416688410', 'shortCode': 'DW4bSfAAcr9', 'originalHeight': 1350, 'originalWidth': 1080, 'ownerUsername': 'webmedia_international'}, {'id': '3870963897636837974', 'type': 'Image', 'caption': '', 'hashtags': [], 'mentions': [], 'url': 'https://www.instagram.com/p/DW4bSfZAVpW/', 'commentsCount': 0, 'firstComment': '', 'latestComments': [], 'dimensionsHeight': 1350, 'dimensionsWidth': 1080, 'displayUrl': 'https://scontent-ord5-1.cdninstagram.com/v/t39.30808-6/668517908_1558273619634334_7905582330893176105_n.jpg?stp=dst-jpg_e35_tt6&_nc_cat=106&ig_cache_key=Mzg3MDk2Mzg5NzYzNjgzNzk3NA%3D%3D.3-ccb7-5&ccb=7-5&_nc_sid=58cdad&efg=eyJ2ZW5jb2RlX3RhZyI6IkNBUk9VU0VMX0lURU0ueHBpZHMuMTA4MC5zZHIucmVndWxhcl9waG90by5DMyJ9&_nc_ohc=o8dtWEzpH7UQ7kNvwEGiLrQ&_nc_oc=Adr8yc2_AIWQGhTfn48d3SS-ZH8VNBX6ZHBYUmbokForDHdPDin-SnEUR9Y5w1hRMpM&_nc_zt=23&_nc_ht=scontent-ord5-1.cdninstagram.com&_nc_gid=4zGyvOWcGjEwoQhn3T1rFA&_nc_ss=7c289&oh=00_AQD-Yflkkk4OMvi5W1l584zY5GrDHVEBRmcFvOLaFX8Qig&oe=6A5E7E8D', 'images': [], 'alt': 'Photo by Web Media International on April 08, 2026.', 'likesCount': 0, 'timestamp': '2026-04-08T19:01:19.000Z', 'childPosts': [], 'ownerId': '17841462416688410', 'shortCode': 'DW4bSfZAVpW', 'originalHeight': 1350, 'originalWidth': 1080, 'ownerUsername': 'webmedia_international'}, {'id': '3870963897754319500', 'type': 'Image', 'caption': '', 'hashtags': [], 'mentions': [], 'url': 'https://www.instagram.com/p/DW4bSfgAfqM/', 'commentsCount': 0, 'firstComment': '', 'latestComments': [], 'dimensionsHeight': 1350, 'dimensionsWidth': 1080, 'displayUrl': 'https://scontent-ord5-3.cdninstagram.com/v/t39.30808-6/668389437_1558273506301012_4551732586417145291_n.jpg?stp=dst-jpg_e35_tt6&_nc_cat=100&ig_cache_key=Mzg3MDk2Mzg5Nzc1NDMxOTUwMA%3D%3D.3-ccb7-5&ccb=7-5&_nc_sid=58cdad&efg=eyJ2ZW5jb2RlX3RhZyI6IkNBUk9VU0VMX0lURU0ueHBpZHMuMTA4MC5zZHIucmVndWxhcl9waG90by5DMyJ9&_nc_ohc=CjicAfsgtU0Q7kNvwHlYrj5&_nc_oc=Adp4R59vNK6Vx4LcCsZDw4f0kxY2ekEvxmtO2Jf0uUy8SXPscXDlGS5jedb7s-FOkug&_nc_zt=23&_nc_ht=scontent-ord5-3.cdninstagram.com&_nc_gid=4zGyvOWcGjEwoQhn3T1rFA&_nc_ss=7c289&oh=00_AQCGXqHAAWS5mHQ7-TOl3Hjz3VjPHsH6Ef6qP0VWRZQobg&oe=6A5E9398', 'images': [], 'alt': 'Photo by Web Media International on April 08, 2026.', 'likesCount': 0, 'timestamp': '2026-04-08T19:01:19.000Z', 'childPosts': [], 'ownerId': '17841462416688410', 'shortCode': 'DW4bSfgAfqM', 'originalHeight': 1350, 'originalWidth': 1080, 'ownerUsername': 'webmedia_international'}, {'id': '3870963896504370263', 'type': 'Image', 'caption': '', 'hashtags': [], 'mentions': [], 'url': 'https://www.instagram.com/p/DW4bSeVgURX/', 'commentsCount': 0, 'firstComment': '', 'latestComments': [], 'dimensionsHeight': 1350, 'dimensionsWidth': 1080, 'displayUrl': 'https://scontent-ord5-3.cdninstagram.com/v/t39.30808-6/668775783_1558273566301006_1560401267017348500_n.jpg?stp=dst-jpg_e35_tt6&_nc_cat=100&ig_cache_key=Mzg3MDk2Mzg5NjUwNDM3MDI2Mw%3D%3D.3-ccb7-5&ccb=7-5&_nc_sid=58cdad&efg=eyJ2ZW5jb2RlX3RhZyI6IkNBUk9VU0VMX0lURU0ueHBpZHMuMTA4MC5zZHIucmVndWxhcl9waG90by5DMyJ9&_nc_ohc=XpZPM_3aTdAQ7kNvwGWeI4C&_nc_oc=AdoZy33qt1O2ELw4fpzcJNg94iQcM5jhEqytqCoBHe1_H7-AvSaRsV3iA-MzB2HS81w&_nc_zt=23&_nc_ht=scontent-ord5-3.cdninstagram.com&_nc_gid=4zGyvOWcGjEwoQhn3T1rFA&_nc_ss=7c289&oh=00_AQBtHEzQaGBn3-tR4CzbWAxP6xCk2junCvPwT9xOzBzlpQ&oe=6A5E8441', 'images': [], 'alt': 'Photo by Web Media International on April 08, 2026.', 'likesCount': 0, 'timestamp': '2026-04-08T19:01:19.000Z', 'childPosts': [], 'ownerId': '17841462416688410', 'shortCode': 'DW4bSeVgURX', 'originalHeight': 1350, 'originalWidth': 1080, 'ownerUsername': 'webmedia_international'}]",Web Media International,webmedia_international,62467280556,False,https://www.instagram.com/webmedia_international/,1350,1080,carousel_container,,,,,,,,,,,
3438695111177928137,Image,C-4svwQof3J,"⭐️⭐️ Notre réalisation ⭐️⭐️ :
Bloc Notes pour notre client 🎖 SOFNORD 🎖
Veuillez consulter nos projets réalisés sur notre site web: 
🌐 www.24-7digital.com.tn
24-7 Digital Design est votre meilleur partenaire pour réaliser votre: 
✅ Site Web. 
✅ Application Web & Mobile
✅ Branding , logo et Charte graphique. 
✅ Conception de vos supports de communication. 
✅ Gestion de vos réseaux sociaux. 
✅ Modélisation 3D et rendu réaliste de vos produits. 
✅ Packaging design.
Pour toute étude personnalisée, veuillez contacter nos experts au : 
Mobile + whatsapp : +216 96 357 457 
Facebook : www.facebook.com/24.7.digital.design.tunisie 
instagram : www.instagram.com/247digitaldesign/ 
Linkedin : www.linkedin.com/company/11547031/
#Webdesign #siteweb #logo #chartegraphique #graphicdesign #smo #conception3d #packaging #branding #sitevitrine #ecommerce","['Webdesign', 'siteweb', 'logo', 'chartegraphique', 'graphicdesign', 'smo', 'conception3d', 'packaging', 'branding', 'sitevitrine', 'ecommerce']",[],https://www.instagram.com/p/C-4svwQof3J/,0,,[],607,1080,https://scontent-bos5-1.cdninstagram.com/v/t39.30808-6/490968225_1224773749654359_1390778814608407455_n.jpg?stp=dst-jpg_e35_s1080x1080_sh2.08_tt6&_nc_ht=scontent-bos5-1.cdninstagram.com&_nc_cat=103&_nc_oc=Q6cZ2gEX8zd-IdxdqxJA_wGZxqx5EPNLRgxu8gk07_D3IY-Z4oxFTCC1C1-5E0V7TspFpec&_nc_ohc=7wdg0HTK5LQQ7kNvwGC2tPX&_nc_gid=Mbtfgfl4G8UMDdX5nXveEQ&edm=ADp7STQAAAAA&ccb=7-5&oh=00_AQAQ62Soz5QT6dRR9WVRmBwXGl36wnOOt9AV95d3Ui3xIA&oe=6A5E6FE1&_nc_sid=c6f216,[],"Photo by 24-7digital design on August 20, 2024.",0,2024-08-20T09:00:23.000Z,[],24-7digital design,247digitaldesign,9774715009,False,https://www.instagram.com/247digitaldesign/,1152,2048,feed,,,,,,,,,,,
3468350625257946506,Video,DAiDoR_AP2K,Boostez votre business avec des stratégies de marketing digital efficaces ! 🚀 #MarketingDigital #Stratégie #VisibilitéEnLigne #Entrepreneur,"['MarketingDigital', 'Stratégie', 'VisibilitéEnLigne', 'Entrepreneur']",[],https://www.instagram.com/p/DAiDoR_AP2K/,0,,[],640,640,https://scontent-sea5-1.cdninstagram.com/v/t51.71878-15/503155661_1478233066490275_1353457223368598932_n.jpg?stp=dst-jpg_e15_tt6&_nc_ht=scontent-sea5-1.cdninstagram.com&_nc_cat=107&_nc_oc=Q6cZ2gHrNh6KIzjxzTYpMgmJvIadAj3K-huWwgxB3v7_yo0DKoR-pFMK-l41CMIDIs4tEC4&_nc_ohc=m0CpaLnMmGUQ7kNvwH15uIC&_nc_gid=zBL38Y_yM_MnQ9r0s6-r0g&edm=ADp7STQBAAAA&ccb=7-5&oh=00_AQDfwFusemu24Dq0wtTGPChAfH--5mpPY69F16iI-Voxug&oe=6A5E768E&_nc_sid=c6f216,[],"Video by Ija taw إيجا تو on September 30, 2024.",0,2024-09-30T07:00:40.000Z,[],Ija taw إيجا تو,ija.taw,57951608014,False,https://www.instagram.com/ija.taw/,360,360,clips,,,,https://scontent-phl2-1.cdninstagram.com/o1/v/t2/f2/m86/AQM2fF5az_lW19TgJqrrLyt3T3fDWfkehLLy0sIOfSK2ugY0zdpMfk7sO6tUvFZ-M75orZqZDCup0qLXpwtaHezZsNDYeVu-eC8knos.mp4?_nc_cat=100&_nc_sid=5e9851&_nc_ht=scontent-phl2-1.cdninstagram.com&_nc_ohc=fLq144NFSHsQ7kNvwFtCZUJ&efg=eyJ2ZW5jb2RlX3RhZyI6Inhwdl9wcm9ncmVzc2l2ZS5JTlNUQUdSQU0uQ0xJUFMuQzMuMzYwLmRhc2hfYmFzZWxpbmVfM192MSIsInhwdl9hc3NldF9pZCI6MTMwNDgxNDAyMzgzMjE4MSwiYXNzZXRfYWdlX2RheXMiOjY1NCwidmlfdXNlY2FzZV9pZCI6MTAwOTksImR1cmF0aW9uX3MiOjUsInVybGdlbl9zb3VyY2UiOiJ3d3cifQ%3D%3D&ccb=17-1&vs=d989f796edd55785&_nc_vs=HBkcFQIYUmlnX3hwdl9yZWVsc19wZXJtYW5lbnRfc3JfcHJvZC8zODQ0Q0U2NDRDNUVFQUNGOTkwOTc4RkI0MEI3NDg5Rl92aWRlb19kYXNoaW5pdC5tcDQVAALIARIAKAAYABsCiAd1c2Vfb2lsATEScHJvZ3Jlc3NpdmVfcmVjaXBlATEVAAAm6smbhpau0QQVAigCQzMsF0AUAAAAAAAAGBJkYXNoX2Jhc2VsaW5lXzNfdjERAHX-B2XmnQEA&_nc_gid=KOIzaLpOJk5Rgr0DPU26lg&_nc_ss=7ca8c&_nc_zt=28&oh=00_AQBECnjjiv4iwCRje1IZuF3vXIuOo3DyQ2veD6niQKilng&oe=6A5A923D,13,,5,,87,,
3353398649313925955,Image,C6Jqk3yoZtD,"Comprenez votre public pour mieux prospérer💡 L'examen minutieux de votre groupe cible vous permet de cibler vos efforts marketing là où ils auront le plus d'impact.
Mail: 2021hagency@gmail.com
Infoline: 51 716 001
#Hagency #Tunisie #communication #digital #marketingdigital","['Hagency', 'Tunisie', 'communication', 'digital', 'marketingdigital']",[],https://www.instagram.com/p/C6Jqk3yoZtD/,0,,[],1080,1080,https://scontent-dfw6-1.cdninstagram.com/v/t51.82787-15/625010663_18021589310737981_3250554906275977915_n.jpg?stp=dst-jpg_e15_fr_s1080x1080_tt6&_nc_ht=scontent-dfw6-1.cdninstagram.com&_nc_cat=101&_nc_oc=Q6cZ2gGgsOamTReqPm8WwQyzUSE0VFLBbvQlMvQeOy9smBQFsHlb4HspDOI2jPnZRwSwN4Y&_nc_ohc=ZRvgaXshr8kQ7kNvwH1CGx3&_nc_gid=HMU_wLb3Jymt1_ieSbwSJw&edm=ADp7STQBAAAA&ccb=7-5&oh=00_AQCXCMTZkBraRG5i4OZT9jZJncAgoal40LzuMLOilB9Mnw&oe=6A5E95E9&_nc_sid=c6f216,[],"Photo by H.agency on April 24, 2024.",0,2024-04-24T16:31:32.000Z,[],H.agency,h.agency.tunisia,53455295369,False,https://www.instagram.com/h.agency.tunisia/,1080,1080,feed,,,,,,,,,,,
3907737589340517270,Image,DY7EqIoFTOW,"🚀 تحب موقعك يطلع في𝟏è𝐫𝐞 𝐩𝐨𝐬𝐢𝐭𝐢𝐨𝐧 𝐬𝐮𝐫 𝐆𝐨𝐨𝐠𝐥𝐞 ؟

مع خدمات 𝐫é𝐟é𝐫𝐞𝐧𝐜𝐞𝐦𝐞𝐧𝐭 𝐧𝐚𝐭𝐮𝐫𝐞𝐥 (𝐒𝐄𝐎) من 𝐖𝐞𝐛 𝐌𝐞𝐝𝐢𝐚، موقعك يولي أكثر 𝐯𝐢𝐬𝐢𝐛𝐢𝐥𝐢𝐭é ويجيبلك 𝐜𝐥𝐢𝐞𝐧𝐭𝐬 𝐪𝐮𝐚𝐥𝐢𝐟𝐢é𝐬 كل يوم 🔥

✔️ Optimisation SEO complète
✔️ Meilleur classement sur Google
✔️ Plus de trafic = plus de clients
✔️ Stratégie digitale efficace et durable

خلي 𝐛𝐮𝐬𝐢𝐧𝐞𝐬𝐬 متاعك يبان قبل المنافسين ✨
ومع 𝐖𝐞𝐛 𝐌𝐞𝐝𝐢𝐚… النجاح الرقمي يبدأ من 𝐆𝐨𝐨𝐠𝐥𝐞 👌

📩 ابعثولنا 𝐦𝐞𝐬𝐬𝐚𝐠𝐞 وخلّي فريقنا يطوّر 𝐩𝐫é𝐬𝐞𝐧𝐜𝐞 𝐝𝐢𝐠𝐢𝐭𝐚𝐥𝐞 متاعك.

#SEO #ReferencementNaturel #Google #WebMedia #MarketingDigital #AgenceWeb #Tunisie #DigitalMarketing","['SEO', 'ReferencementNaturel', 'Google', 'WebMedia', 'MarketingDigital', 'AgenceWeb', 'Tunisie', 'DigitalMarketing']",[],https://www.instagram.com/p/DY7EqIoFTOW/,0,,[],1350,1080,https://scontent-bos5-1.cdninstagram.com/v/t39.30808-6/708335107_1604519715009724_5059675916444592654_n.jpg?stp=dst-jpg_e15_fr_p1080x1080_tt6&_nc_ht=scontent-bos5-1.cdninstagram.com&_nc_cat=104&_nc_oc=Q6cZ2gFHyoycrEHaohZ-UlV7R9d47VNprVrGlfDe5KP2iY8cXTv336bM_z3DTXNrNIl61Ls&_nc_ohc=3IEBopADJOkQ7kNvwFM882v&_nc_gid=r3wuKBu6JcmNCNCobhGwlg&edm=ADp7STQAAAAA&ccb=7-5&oh=00_AQCoq8HWOMsXc_C65JdjaW4B395iH030kubmi6_oX6v-lg&oe=6A5E97C6&_nc_sid=c6f216,[],"Photo by Web Media International on May 29, 2026. May be a graphic of map, magazine, poster and text that says 'WEB WEBMEDIA MEDIA international GAGNER la 1er position sur google Top1Google Top Google UX optimisée Google My Business Google Keyword Trafic qualifié GEO GEO+IA + IA YourSusiness RaneuCteree Catepory 0ses24hou คยลว 1040090000 30.000000 Oe-c3rcT- Phone one 3HcB Conversion leads วิต ppem H (+216)29595564/29888079 (+216) 29 WWW.WEBMEDIA-TUNISIE.COM WebMediaInternational Web Media International'.",3,2026-05-29T12:44:04.000Z,[],Web Media International,webmedia_international,62467280556,False,https://www.instagram.com/webmedia_international/,1350,1080,feed,,,,,,,,,,,
3865848139953906002,Image,DWmQGaxjqFS,"Dans un marché de plus en plus compétitif votre présence sur les 𝗿𝗲́𝘀𝗲𝗮𝘂𝘅 𝘀𝗼𝗰𝗶𝗮𝘂𝘅 reflète la valeur de votre entreprise 
Chez Web Media-International  nous accompagnons les entreprises dans la construction d'une image digitale forte et performante
𝗨𝗻𝗲 𝘀𝘁𝗿𝗮𝘁𝗲́𝗴𝗶𝗲 𝗱𝗲 𝗰𝗼𝗻𝘁𝗲𝗻𝘂 𝘀𝘂𝗿-𝗺𝗲𝘀𝘂𝗿𝗲
𝗨𝗻𝗲 𝗴𝗲𝘀𝘁𝗶𝗼𝗻 𝗽𝗿𝗼𝗳𝗲𝘀𝘀𝗶𝗼𝗻𝗻𝗲𝗹𝗹𝗲 𝗱𝗲 𝘃𝗼𝘀 𝗽𝗮𝗴𝗲𝘀
𝗗𝗲𝘀 𝗿𝗲́𝘀𝘂𝗹𝘁𝗮𝘁𝘀 𝗰𝗼𝗻𝗰𝗿𝗲𝘁𝘀 𝗲𝘁 𝗺𝗲𝘀𝘂𝗿𝗮𝗯𝗹𝗲𝘀
Vous voulez booster vos réseaux sociaux et attirer plus de clients ? On s'en charge pour vous 
📞 (+216) 29 5 95 64 / 29 8 88 0 79
🌐 www.webmedia-tunisie.com

#marketingdigital #WebMediaInternational #Tunisie #CommunityManagement #réseauxsociaux #TransformationDigitale","['marketingdigital', 'WebMediaInternational', 'Tunisie', 'CommunityManagement', 'réseauxsociaux', 'TransformationDigitale']",[],https://www.instagram.com/p/DWmQGaxjqFS/,0,,[],1350,1080,https://scontent-phl2-1.cdninstagram.com/v/t39.30808-6/660534526_1552156396912723_7153852380987051328_n.jpg?stp=dst-jpg_e15_fr_p1080x1080_tt6&_nc_ht=scontent-phl2-1.cdninstagram.com&_nc_cat=107&_nc_oc=Q6cZ2gG2PowSSraYMG1qwD3h5nNF2BOucPix6wJ1PkBLt1XbrdvZ5m7MUHgXFFluPIc3Uo4&_nc_ohc=voewLfQIgO8Q7kNvwFQYAr7&_nc_gid=k_j7_5caN1eOxR2svXAj7w&edm=ADp7STQAAAAA&ccb=7-5&oh=00_AQDmpLwX1NjjClhFXETIEycp164Fwmr0wL1Cu499o8RZzQ&oe=6A5E8B3F&_nc_sid=c6f216,[],"Photo by Web Media International on April 01, 2026.",9,2026-04-01T17:37:12.000Z,[],Web Media International,webmedia_international,62467280556,False,https://www.instagram.com/webmedia_international/,1350,1080,feed,"Tunis, Tunisia",234469391,,,,,,,,,
3463307465343213295,Image,DAQI8pTvZ7v,"Que cette nouvelle semaine vous apporte réussite, inspiration et énergie pour atteindre vos objectifs 💪✨ 
#BonDébutDeSemaine #Motivation #Objectifs #Productivité #Réussite","['BonDébutDeSemaine', 'Motivation', 'Objectifs', 'Productivité', 'Réussite']",[],https://www.instagram.com/p/DAQI8pTvZ7v/,0,,[],1080,1080,https://scontent-ord5-2.cdninstagram.com/v/t39.30808-6/485151630_648171598154189_3159680645148118202_n.jpg?stp=dst-jpg_e15_fr_s1080x1080_tt6&_nc_ht=scontent-ord5-2.cdninstagram.com&_nc_cat=105&_nc_oc=Q6cZ2gF8ZAhUBBfnEVDVpoLKfomWqj3HFbG0yUrnj8uBSKZvZ8SbAWm4b6pcP6uDiocCP8s&_nc_ohc=3-hFjZjy2DAQ7kNvwGPs9vT&_nc_gid=6KtnAAD-lO0qoTbBDYT5Vg&edm=ADp7STQAAAAA&ccb=7-5&oh=00_AQB4TytweEPbSapVRwMkz3reVziv9PufbIzXrTXoErZ3PA&oe=6A5E6784&_nc_sid=c6f216,[],"Photo by Ija taw إيجا تو on September 23, 2024.",2,2024-09-23T08:00:44.000Z,[],Ija taw إيجا تو,ija.taw,57951608014,False,https://www.instagram.com/ija.taw/,1080,1080,feed,,,,,,,,,,,
3356143166249054852,Image,C6Tam2XoTKE,"🚀💬 Pour réussir en marketing digital, il faut être stratégique. Ne tirez pas dans le vide, visez juste chaque fois 💥
Mail: 2021hagency@gmail.com
Infoline: 51 716 001
#Hagency #Tunisie #communication #digital #marketingdigital","['Hagency', 'Tunisie', 'communication', 'digital', 'marketingdigital']",[],https://www.instagram.com/p/C6Tam2XoTKE/,0,,[],1080,1080,https://scontent-ord5-1.cdninstagram.com/v/t51.82787-15/624261906_18052484780441816_5343359990909523823_n.jpg?stp=dst-jpg_e15_fr_s1080x1080_tt6&_nc_ht=scontent-ord5-1.cdninstagram.com&_nc_cat=108&_nc_oc=Q6cZ2gFlSDnobz7pd-iTpIvtbTB6K1nRD84H09iZCdTbsfnGYWepxjW2wby5o7uemNE6gbQ&_nc_ohc=V9JBHRtOxpgQ7kNvwGPdJhi&_nc_gid=1fJNIhWQvrim-8a6hpyvtQ&edm=ADp7STQBAAAA&ccb=7-5&oh=00_AQB6VKHybGaX_bEeHSv9GfqdanKiojJQUAW3vJV-2_5a0Q&oe=6A5E7DA1&_nc_sid=c6f216,[],"Photo by H.agency on April 28, 2024.",0,2024-04-28T11:24:24.000Z,[],H.agency,h.agency.tunisia,53455295369,False,https://www.instagram.com/h.agency.tunisia/,1080,1080,feed,,,,,,,,,,,
3192597243667608043,Video,CxOYkcrsvHr,"🎨Une touche de créativité qui transforme des idées en réalité 😍 ! Voici l'une de nos dernières œuvres d'art design, conçue avec passion et dévouement.✨ #Design #Créativité #Réalisations #agencemarketing #transformation","['Design', 'Créativité', 'Réalisations', 'agencemarketing', 'transformation']",[],https://www.instagram.com/p/CxOYkcrsvHr/,0,,[],1137,640,https://scontent-lga3-3.cdninstagram.com/v/t51.71878-15/503077818_3852091118421872_6337273893292448677_n.jpg?stp=dst-jpg_e15_tt6&_nc_ht=scontent-lga3-3.cdninstagram.com&_nc_cat=108&_nc_oc=Q6cZ2gGtZRhC_8XuLAkb_pGZgG7UrvY9ScIIxwiJd_HVCFPcLQRvTxbgYHofPpPLs6umP7A&_nc_ohc=SY0As2BmKqkQ7kNvwHu83KG&_nc_gid=LCO3Yp-0sFxbuQyNkupEGg&edm=ADp7STQBAAAA&ccb=7-5&oh=00_AQBASau5jTj7H5M3PVrEwkBIdXEukg_TlB6nLHyOfC3PlA&oe=6A5E7BF4&_nc_sid=c6f216,[],"Video by We Create on September 15, 2023.",4,2023-09-15T19:48:08.000Z,[],We Create,we_create_agency,54491378174,False,https://www.instagram.com/we_create_agency/,720,720,clips,,,,https://instagram.ftol1-1.fna.fbcdn.net/o1/v/t2/f2/m82/AQMYdJMpsm2mK6J9WYBnxmak-fsaAzc9ISWsnfyI0TeIysTgS_0GzSPs6Quo7tkAr_cx3bhjaLbo4Ckq5RV5HKFKDzRJB86cXgEKDtg.mp4?_nc_cat=100&_nc_oc=AdrCt7-3nfIH3zXwzBekrdM9K0P41S1hpEFUdl1b_eCYL27HBB_Ut4GxGZoCOT4ORRg&_nc_sid=5e9851&_nc_ht=instagram.ftol1-1.fna.fbcdn.net&_nc_ohc=4ezKEbsI7hkQ7kNvwGQf1SZ&efg=eyJ2ZW5jb2RlX3RhZyI6Inhwdl9wcm9ncmVzc2l2ZS5JTlNUQUdSQU0uQ0xJUFMuQzMuNzIwLmRhc2hfYmFzZWxpbmVfMV92MSIsInhwdl9hc3NldF9pZCI6MzM4NjYxMzg3MTYzNjI2OCwiYXNzZXRfYWdlX2RheXMiOjEwMzQsInZpX3VzZWNhc2VfaWQiOjEwMDk5LCJkdXJhdGlvbl9zIjoyNiwidXJsZ2VuX3NvdXJjZSI6Ind3dyJ9&ccb=17-1&vs=174f1d87ca72e607&_nc_vs=HBksFQIYT2lnX3hwdl9yZWVsc19wZXJtYW5lbnRfcHJvZC84RjQwMDAyRDQwNDRFMjAwODA2MDA2OTEwRTUzREU5RV92aWRlb19kYXNoaW5pdC5tcDQVAALIARIAFQIYOnBhc3N0aHJvdWdoX2V2ZXJzdG9yZS9HSk5UZlJZMlZlZ29USVlEQUJ3ZmhtaFpGdzQ5YnFfRUFBQUYVAgLIARIAKAAYABsCiAd1c2Vfb2lsATEScHJvZ3Jlc3NpdmVfcmVjaXBlATEVAAAm2Lz7zO-GhAwVAigCQzMsF0A61T987ZFoGBJkYXNoX2Jhc2VsaW5lXzFfdjERAHX-B2XmnQEA&_nc_gid=p_oOMqrhcJCVZkYrsj9n_Q&_nc_ss=72a8c&_nc_zt=28&oh=00_AQBVBenQcNKgSfgEXUsn1-xSDEA-n2okqDJF1EhPknqeJQ&oe=6A5A8C25,113,https://instagram.ftol1-1.fna.fbcdn.net/o1/v/t16/f2/m69/AQMrXvEo_rgFT1zUmJnnA8wg7BAaL9_c9k-3Dr7SJVwjXhiE978p8hCzStLrbZg62ov2wlO7NO8N5EL55X57RgHD.mp4?strext=1&_nc_cat=105&_nc_oc=AdrH-UuRs5Hb4eCynpKL9vS04SyNEtd2BWh32qPg_uVqhQgaFvjqdfoSP2y5nXVW_6g&_nc_sid=9ca052&_nc_ht=instagram.ftol1-1.fna.fbcdn.net&_nc_ohc=rsUBKQIe-zwQ7kNvwE2Qsbx&efg=eyJ2ZW5jb2RlX3RhZyI6ImlnLXhwdmRzLmNsaXBzLmlnd3d3LUMzLmRhc2hfYmFzZWxpbmVfYXVkaW9fdjEiLCJ2aWRlb19pZCI6bnVsbCwib2lsX3VybGdlbl9hcHBfaWQiOjkzNjYxOTc0MzM5MjQ1OSwiY2xpZW50X25hbWUiOiJpZyIsInhwdl9hc3NldF9pZCI6MzM4NjYxMzg3MTYzNjI2OCwiYXNzZXRfYWdlX2RheXMiOjEwMzQsInZpX3VzZWNhc2VfaWQiOjEwMDk5LCJkdXJhdGlvbl9zIjoyNiwiYml0cmF0ZSI6NTE0MiwidXJsZ2VuX3NvdXJjZSI6Ind3dyJ9&ccb=17-1&_nc_gid=p_oOMqrhcJCVZkYrsj9n_Q&_nc_ss=72a8c&_nc_zt=28&oh=00_AQCkUtYQk-hb-UBJH50rZjGQOdzZG1AGGATaIpfrLKJshQ&oe=6A5E79BF,26.833,"{'artist_name': 'we_create_agency', 'song_name': 'Original audio', 'uses_original_audio': True, 'should_mute_audio': False, 'should_mute_audio_reason': '', 'audio_id': '1019650552402336'}",464,,
3661534381709255585,Video,DLQYh7aqOOh,"نتشرّف في Emmak Prod بتوثيق أمسية تقديم رواية ""اليتيم"" للكاتب عبد الفتاح محمد سالمي، والتي احتضنها مقر جمعية اتحاد الثقافة بسوسة.

وفي سياق شغفنا العميق بالثقافة وإيماننا بدور الفكر المبدع في إضاءة المجتمعات، آمنّا بأن رقمنة الإبداع ليست ترفًا، بل رسالة نُخلص في أدائها: نُحيل الكلمة من الورق إلى الصورة، ونُلبس النصّ صوتًا وضوءًا، ليبلغ القلوب حيث كانت.

وقد كانت هذه المبادرة امتدادًا لهذا الإيمان، وجاءت تغطيتنا لهذه الأمسية بكل المحبة والتقدير، لنُفاجأ نحن أنفسنا بدفء الاستقبال وصدق الترحاب من القائمين على الجمعية، وفي مقدّمتهم الأستاذة نفيسة، تلك السيّدة النبيلة الخلوقة، التي شكّلت بحضورها لمسة إنسانية رفيعة، تليق بالمكان وروحه الثقافية.",[],[],https://www.instagram.com/p/DLQYh7aqOOh/,0,,[],1920,1080,https://scontent-sea5-1.cdninstagram.com/v/t51.2885-15/509816634_18022633511710423_354921356303863365_n.jpg?stp=dst-jpg_e15_fr_p1080x1080_tt6&_nc_ht=scontent-sea5-1.cdninstagram.com&_nc_cat=107&_nc_oc=Q6cZ2gHxfeaOIhu1hsVrlS2wGhqtoDgq-1ktbBXpgPoyaJ2lPn5TQJytszSeMgNajZrW9FY&_nc_ohc=a1r8EZE3E-gQ7kNvwF1cg3z&_nc_gid=wPrqlDONMVFno4v6uTQIAQ&edm=ADp7STQBAAAA&ccb=7-5&oh=00_AQASEpYjF0M-sqzEb0uqEfJ94fkjig-woG0cMumwDOJQZw&oe=6A5E8341&_nc_sid=c6f216,[],"Video by Emmak Prod on June 23, 2025.",2,2025-06-23T20:02:53.000Z,[],Emmak Prod,emmakprod,51343982422,False,https://www.instagram.com/emmakprod/,1280,720,clips,,,,https://scontent-den2-1.cdninstagram.com/o1/v/t2/f2/m367/AQMf-KHFLCtWuRmdKt8FkwFNaTAx6pKeu-rnJWwFP_SdV49b6E8p-H3WUv-NuML0Q7IEB2yixWnbPEKsje1-yw0DIXA415wi8csdPcU.mp4?_nc_cat=102&_nc_sid=5e9851&_nc_ht=scontent-den2-1.cdninstagram.com&_nc_ohc=FEA-74KjzNIQ7kNvwF2yxiB&efg=eyJ2ZW5jb2RlX3RhZyI6Inhwdl9wcm9ncmVzc2l2ZS5JTlNUQUdSQU0uQ0xJUFMuQzMuNzIwLmRhc2hfYmFzZWxpbmVfMV92MSIsInhwdl9hc3NldF9pZCI6MjQyMjc4MTk0MTQyMjk4OSwiYXNzZXRfYWdlX2RheXMiOjM4NywidmlfdXNlY2FzZV9pZCI6MTAwOTksImR1cmF0aW9uX3MiOjg1LCJ1cmxnZW5fc291cmNlIjoid3d3In0%3D&ccb=17-1&vs=49e959d10076f21b&_nc_vs=HBksFQIYQGlnX2VwaGVtZXJhbC9FNzRCQzExNUE0NUFDODlCRjFFM0MxMENCNzhEQThCRl92aWRlb19kYXNoaW5pdC5tcDQVAALIARIAFQIYRmlnX3hwdl9yZWVsc19wZXJtYW5lbnRfc3JfcHJvZC8xMzY4NjQ5OTAwOTE3MTgxXzgzMDcxNTIxNzIxNDg4Mzc4MS5tcDQVAgLIARIAKAAYABsCiAd1c2Vfb2lsATEScHJvZ3Jlc3NpdmVfcmVjaXBlATEVAAAmmu7kj7zgzQgVAigCQzMsF0BVRDlYEGJOGBJkYXNoX2Jhc2VsaW5lXzFfdjERAHX-B2XmnQEA&_nc_gid=nR0MLYZWCcMglrBiM4MMkw&_nc_ss=7c689&_nc_zt=28&oh=00_AQBi1kmscYci7SD8KohZqyjW-Efp08aJRc0q8vxeS1xAeA&oe=6A5E7177,31,https://scontent-den2-1.cdninstagram.com/o1/v/t2/f2/m86/AQNP5_Z-Z29XCznKNUGhGcec3zhfk2r8Ei5JK4OokJt53EV87szobRHOyoNM2JR8X2InEyBAeEwtbYS9tU95dmA.mp4?_nc_cat=104&_nc_sid=9ca052&_nc_ht=scontent-den2-1.cdninstagram.com&_nc_ohc=ubNdZiOHZtsQ7kNvwGWHRTF&efg=eyJ2ZW5jb2RlX3RhZyI6ImlnLXhwdmRzLmNsaXBzLmlnd3d3LUMzLmRhc2hfbG5faGVhYWNfdmJyM19hdWRpbyIsInZpZGVvX2lkIjpudWxsLCJvaWxfdXJsZ2VuX2FwcF9pZCI6OTM2NjE5NzQzMzkyNDU5LCJjbGllbnRfbmFtZSI6ImlnIiwieHB2X2Fzc2V0X2lkIjoyNDIyNzgxOTQxNDIyOTg5LCJhc3NldF9hZ2VfZGF5cyI6Mzg3LCJ2aV91c2VjYXNlX2lkIjoxMDA5OSwiZHVyYXRpb25fcyI6ODUsImJpdHJhdGUiOjcxNzEzLCJ1cmxnZW5fc291cmNlIjoid3d3In0%3D&ccb=17-1&_nc_gid=nR0MLYZWCcMglrBiM4MMkw&_nc_ss=7c689&_nc_zt=28&oh=00_AQCE-skQpVTBCm3zfvSJ_AkP7rskod1EJ4-bx_n0J0UlwQ&oe=6A5AA23C,85.066,"{'artist_name': 'emmakprod', 'song_name': 'Original audio', 'uses_original_audio': True, 'should_mute_audio': False, 'should_mute_audio_reason': '', 'audio_id': '1399051001428037'}",312,,
3662283865911542722,Video,DLTC8W-TUPC,"عبد الفتاح محمد سالمي نافذة على عمله الروائي ""اليتيم – جيل ما بعد الطوفان",[],[],https://www.instagram.com/p/DLTC8W-TUPC/,0,,[],1920,1080,https://scontent-hou1-1.cdninstagram.com/v/t51.2885-15/510977627_18022752644710423_2271563224208612455_n.jpg?stp=dst-jpg_e15_fr_p1080x1080_tt6&_nc_ht=scontent-hou1-1.cdninstagram.com&_nc_cat=107&_nc_oc=Q6cZ2gG-2LXso-c62Jyif-nWeg169cd5tY9ThzcFroCoJKDNXy3RxhB-zAIWtyVHDCo9zEE&_nc_ohc=3T2jnhTrHzYQ7kNvwHaZBHr&_nc_gid=SmH5-Ec1mZBY_ZoF0iyoUg&edm=ADp7STQBAAAA&ccb=7-5&oh=00_AQDcqnaQFk6cW70cplbmACT4dO7Tc3i0UJbIXIL2XFqM7w&oe=6A5E91E7&_nc_sid=c6f216,[],"Video by Emmak Prod on June 24, 2025.",3,2025-06-24T20:51:48.000Z,[],Emmak Prod,emmakprod,51343982422,False,https://www.instagram.com/emmakprod/,1280,720,clips,,,,https://scontent-det1-1.cdninstagram.com/o1/v/t2/f2/m367/AQOEn4iIDNYx3Jyszi13ehFycNdHYSXCMMysQ1MyyxM4WIOxnOh8po08hQxdK_jwB4shXcRMoVqEDSjYgAGCGr4bRhsK5_Fj7FLL3qM.mp4?_nc_cat=109&_nc_sid=5e9851&_nc_ht=scontent-det1-1.cdninstagram.com&_nc_ohc=10zuKSUvhBwQ7kNvwG8IbeF&efg=eyJ2ZW5jb2RlX3RhZyI6Inhwdl9wcm9ncmVzc2l2ZS5JTlNUQUdSQU0uQ0xJUFMuQzMuNzIwLmRhc2hfYmFzZWxpbmVfMV92MSIsInhwdl9hc3NldF9pZCI6MTg0NTU3MTQ4OTM1MTk0NywiYXNzZXRfYWdlX2RheXMiOjM4NiwidmlfdXNlY2FzZV9pZCI6MTAwOTksImR1cmF0aW9uX3MiOjY4LCJ1cmxnZW5fc291cmNlIjoid3d3In0%3D&ccb=17-1&vs=c9db2275d1c6282d&_nc_vs=HBksFQIYQGlnX2VwaGVtZXJhbC8yNTRCMEE4RTIxM0NEMkYzRDNDMzk0REVEMDg0NzhBMV92aWRlb19kYXNoaW5pdC5tcDQVAALIARIAFQIYR2lnX3hwdl9yZWVsc19wZXJtYW5lbnRfc3JfcHJvZC8xMDUwODUzODEzODE1OTM4Xzg3NTYwMTU4NTUwMDA2NzA0OTAubXA0FQICyAESACgAGAAbAogHdXNlX29pbAExEnByb2dyZXNzaXZlX3JlY2lwZQExFQAAJpakvpCzoscGFQIoAkMzLBdAUQQ5WBBiThgSZGFzaF9iYXNlbGluZV8xX3YxEQB1_gdl5p0BAA&_nc_gid=7FfCE0Y20r30VMiy_lJ3Vw&_nc_ss=72689&_nc_zt=28&oh=00_AQBY-kDNI_bOdfSXvpIojuoucc7xHjAXzQlNAx2NDxGmmA&oe=6A5E72EA,37,https://scontent-det1-1.cdninstagram.com/o1/v/t2/f2/m86/AQPIOAYrMCnsVKjvDTk1CPYoEBqlTXmB1fZXc34i5cJI13YfV6BWv24nEX-eHG38sBNSYlzHYq6jnyAxhqSa6mSg.mp4?_nc_cat=111&_nc_sid=9ca052&_nc_ht=scontent-det1-1.cdninstagram.com&_nc_ohc=x-1Y9tgwumwQ7kNvwHOJtQI&efg=eyJ2ZW5jb2RlX3RhZyI6ImlnLXhwdmRzLmNsaXBzLmlnd3d3LUMzLmRhc2hfbG5faGVhYWNfdmJyM19hdWRpbyIsInZpZGVvX2lkIjpudWxsLCJvaWxfdXJsZ2VuX2FwcF9pZCI6OTM2NjE5NzQzMzkyNDU5LCJjbGllbnRfbmFtZSI6ImlnIiwieHB2X2Fzc2V0X2lkIjoxODQ1NTcxNDg5MzUxOTQ3LCJhc3NldF9hZ2VfZGF5cyI6Mzg2LCJ2aV91c2VjYXNlX2lkIjoxMDA5OSwiZHVyYXRpb25fcyI6NjgsImJpdHJhdGUiOjQ4NzQyLCJ1cmxnZW5fc291cmNlIjoid3d3In0%3D&ccb=17-1&_nc_gid=7FfCE0Y20r30VMiy_lJ3Vw&_nc_ss=72689&_nc_zt=28&oh=00_AQCTaJvVIVmmdHV0FvTBqbCJFDFREN29dYnysoQO06gotw&oe=6A5A77F3,68.066,"{'artist_name': 'emmakprod', 'song_name': 'Original audio', 'uses_original_audio': True, 'should_mute_audio': False, 'should_mute_audio_reason': '', 'audio_id': '1558258298465308'}",316,,
3167158801532987291,Video,Cv0AiZQoCeb,"les différentes personnalités 😎 au sein de notre équipe 🏢💼

#digital #work #instamoment","['digital', 'work', 'instamoment']",[],https://www.instagram.com/p/Cv0AiZQoCeb/,0,,[],854,480,https://scontent-dfw6-2.cdninstagram.com/v/t51.71878-15/502990580_9881390645310514_120642566396669889_n.jpg?stp=dst-jpg_e15_tt6&_nc_ht=scontent-dfw6-2.cdninstagram.com&_nc_cat=110&_nc_oc=Q6cZ2gFW5jHj6HBFzjzY_tuij39lXKRCbn37PLEHLHTIJlJV9mN6E-WULTSPba6kdHAEDBs&_nc_ohc=fouLS1UEDZYQ7kNvwEhmcHf&_nc_gid=gscNBC5A7sv1WGJkT_UkeQ&edm=ADp7STQBAAAA&ccb=7-5&oh=00_AQDjBvfRbl5cn3cFxrKc1cVzWoFc9cQJmYSzfeY9oFPqBA&oe=6A5E6894&_nc_sid=c6f216,[],"Video by We Create on August 11, 2023.",37,2023-08-11T17:28:18.000Z,[],We Create,we_create_agency,54491378174,False,https://www.instagram.com/we_create_agency/,1280,720,clips,We create agency,102656425857241,,https://scontent-phl2-1.cdninstagram.com/o1/v/t2/f2/m82/AQNqim-CSVM07LszbofdP-RkZeDNay608SBdYiLJ6HnN8q68tw5MDyGejdFqPeSuMZLXEGFKHN9BV_8cOzrQUpeyLL_VWm9shwXeoSc.mp4?_nc_cat=102&_nc_sid=5e9851&_nc_ht=scontent-phl2-1.cdninstagram.com&_nc_ohc=jjGkeE9RkPoQ7kNvwE1IHED&efg=eyJ2ZW5jb2RlX3RhZyI6Inhwdl9wcm9ncmVzc2l2ZS5JTlNUQUdSQU0uQ0xJUFMuQzMuNzIwLmRhc2hfYmFzZWxpbmVfMV92MSIsInhwdl9hc3NldF9pZCI6NjM5Mzc0Mjk1NzQwODY1MSwiYXNzZXRfYWdlX2RheXMiOjEwNjksInZpX3VzZWNhc2VfaWQiOjEwMDk5LCJkdXJhdGlvbl9zIjoxOCwidXJsZ2VuX3NvdXJjZSI6Ind3dyJ9&ccb=17-1&vs=bb85946f6c183802&_nc_vs=HBksFQIYT2lnX3hwdl9yZWVsc19wZXJtYW5lbnRfcHJvZC9BNTQ1RTNGODE2QzVFQ0QwNTNBREFGNUYyMThGNEE4Ql92aWRlb19kYXNoaW5pdC5tcDQVAALIARIAFQIYOnBhc3N0aHJvdWdoX2V2ZXJzdG9yZS9HSGJiNWhXWURnY3ZwSm9JQUlJdEQ2bWpTZU53YnFfRUFBQUYVAgLIARIAKAAYABsCiAd1c2Vfb2lsATEScHJvZ3Jlc3NpdmVfcmVjaXBlATEVAAAmlsaXnOnE2xYVAigCQzMsF0Ayd0vGp--eGBJkYXNoX2Jhc2VsaW5lXzFfdjERAHX-B2XmnQEA&_nc_gid=P0omsq5ZDfKNLs7hIhdfJw&_nc_ss=7c689&_nc_zt=28&oh=00_AQBqAZHqW7kezM0SA9g3tFCorYXngLdwoL8VCeb-Ddh3cw&oe=6A5AA2BF,2048,https://scontent-phl2-1.cdninstagram.com/o1/v/t16/f2/m69/AQMqe5h9Gp06rIdtS3aghrMoCnjThHaQeri-Y0r9_k57f6XRLP_SNjY0YjtAIOKT9ojHdbJI-3RYFDztCF0dNx4K.mp4?strext=1&_nc_cat=107&_nc_sid=9ca052&_nc_ht=scontent-phl2-1.cdninstagram.com&_nc_ohc=do010e-2pCYQ7kNvwH4vXpr&efg=eyJ2ZW5jb2RlX3RhZyI6ImlnLXhwdmRzLmNsaXBzLmlnd3d3LUMzLmRhc2hfYmFzZWxpbmVfYXVkaW9fdjEiLCJ2aWRlb19pZCI6bnVsbCwib2lsX3VybGdlbl9hcHBfaWQiOjkzNjYxOTc0MzM5MjQ1OSwiY2xpZW50X25hbWUiOiJpZyIsInhwdl9hc3NldF9pZCI6NjM5Mzc0Mjk1NzQwODY1MSwiYXNzZXRfYWdlX2RheXMiOjEwNjksInZpX3VzZWNhc2VfaWQiOjEwMDk5LCJkdXJhdGlvbl9zIjoxOCwiYml0cmF0ZSI6OTQ4MjksInVybGdlbl9zb3VyY2UiOiJ3d3cifQ%3D%3D&ccb=17-1&_nc_gid=P0omsq5ZDfKNLs7hIhdfJw&_nc_ss=7c689&_nc_zt=28&oh=00_AQAvBOuepTaiv1f6p--4NCEmwI7RzLZpBylNJEfJLHKbWQ&oe=6A5E91BD,18.466,"{'artist_name': 'Carol', 'song_name': 'No Roots', 'uses_original_audio': False, 'should_mute_audio': False, 'should_mute_audio_reason': '', 'audio_id': '1736945243009192'}",3499,,
3884606947320907844,Video,DXo5W_jE8hE,"كل بروجي عندو ديستيناسيون...و ديستيناسيون متاعك أحنا 📍 𝐖𝐞𝐛 𝐌𝐞𝐝𝐢𝐚 𝐈𝐧𝐭𝐞𝐫𝐧𝐚𝐭𝐢𝐨𝐧𝐚𝐥 عنا لي ستحقو البزينس متاعك باش تنجم تربح في الديجيتال 
✅ 𝐒𝐢𝐭𝐞 𝐰𝐞𝐛 
✅ 𝐌𝐚𝐫𝐤𝐞𝐭𝐢𝐧𝐠 𝐝𝐢𝐠𝐢𝐭𝐚𝐥
✅𝐒𝐄𝐎 
✅𝐃𝐞𝐬𝐢𝐠𝐧 𝐠𝐫𝐚𝐩𝐡𝐢𝐪𝐮𝐞
خطوة بخطوة نتبعوك باش بروجي متاعك ينجح و تلقى نتيحة لي حاشتك بيها
 
 👉 ملا كنتكتينا توا و اطلب 𝐝𝐞𝐯𝐢𝐬 𝐠𝐫𝐚𝐭𝐮𝐢𝐭 
📩 : commercial@webmediatunisie.com
📞 : (+216) 29 595 564",[],[],https://www.instagram.com/p/DXo5W_jE8hE/,0,,[],1920,1080,https://scontent-ord5-1.cdninstagram.com/v/t51.82787-15/682704061_17961437157080557_4358044059889426938_n.jpg?stp=dst-jpg_e15_tt6&_nc_ht=scontent-ord5-1.cdninstagram.com&_nc_cat=101&_nc_oc=Q6cZ2gFqXnPYTtNliA7BzmLzLoqa0R1OgXZQGpib06wiA6OBsTT9aXKxrcuUiwpDjW1jANw&_nc_ohc=smcG0du6tgQQ7kNvwGstYsg&_nc_gid=ppEOCv0pPOM63tyBhdfPgg&edm=ADp7STQBAAAA&ccb=7-5&oh=00_AQCPVh41BlAyL6kT4xWo51eILPyxi-2AhOKH4HLpaNKLwQ&oe=6A5E7D02&_nc_sid=c6f216,[],"Video by Web Media International on April 27, 2026. May be an illustration of heart and poster.",5,2026-04-27T14:47:56.000Z,[],Web Media International,webmedia_international,62467280556,False,https://www.instagram.com/webmedia_international/,832,480,clips,"Tunis, Tunisia",234469391,,https://scontent-lax3-2.cdninstagram.com/o1/v/t2/f2/m86/AQMchQG6DUxYgxhS9vxow4zt96WVObKKfIAw1fmOeCj-V0zhNzm8lgkt3DQ31iXmZuzLpwj3sAhoftJNuYGkJpR3_ELs-KqGvdDMYD8.mp4?_nc_cat=107&_nc_sid=5e9851&_nc_ht=scontent-lax3-2.cdninstagram.com&_nc_ohc=SyfSkkvbd-YQ7kNvwEAdyIN&efg=eyJ2ZW5jb2RlX3RhZyI6Inhwdl9wcm9ncmVzc2l2ZS5JTlNUQUdSQU0uQ0xJUFMuQzMuNDgwLmRhc2hfYmFzZWxpbmVfMV92MSIsInhwdl9hc3NldF9pZCI6MTc5Mzg2NDg0ODgyMDc3NTgsImFzc2V0X2FnZV9kYXlzIjo3OSwidmlfdXNlY2FzZV9pZCI6MTAwOTksImR1cmF0aW9uX3MiOjQ2LCJ1cmxnZW5fc291cmNlIjoid3d3In0%3D&ccb=17-1&vs=c9df2bb2335c3ae3&_nc_vs=HBksFQIYUmlnX3hwdl9yZWVsc19wZXJtYW5lbnRfc3JfcHJvZC9BQzRBNkVGQzhDNjVGMkExREQ5MEIxNDhCQ0U0ODI4Ql92aWRlb19kYXNoaW5pdC5tcDQVAALIARIAFQIYUWlnX3hwdl9wbGFjZW1lbnRfcGVybWFuZW50X3YyLzJFNDE4ODQzMkEwMzUxODM2NEQ2MTJGQzY4RDlBMDlCX2F1ZGlvX2Rhc2hpbml0Lm1wNBUCAsgBEgAoABgAGwKIB3VzZV9vaWwBMRJwcm9ncmVzc2l2ZV9yZWNpcGUBMRUAACaclp-u4sbdPxUCKAJDMywXQEcd0vGp--cYEmRhc2hfYmFzZWxpbmVfMV92MREAdf4HZeadAQA&_nc_gid=8jfw6PDgsqtJcowTrAlegg&_nc_ss=72a8c&_nc_zt=28&oh=00_AQCdIbCYvZlAqGPi5TnFh7ON1VkZPft3kzpAQe4Nkltbzg&oe=6A5A7C4C,45,https://scontent-lax3-1.cdninstagram.com/o1/v/t2/f2/m78/AQN1gvEe-K7r9Yj5pL9t_Y79jybN8Hlz6HLFjnVI0ItRaQWtNjjx49QUo_MPuHFbzNAyD7RFTWv4wZ2JiRaTydteIPDmKXFjB8TOt5M.mp4?_nc_cat=108&_nc_sid=9ca052&_nc_ht=scontent-lax3-1.cdninstagram.com&_nc_ohc=vlJLZM8zhn8Q7kNvwFb_DRD&efg=eyJ2ZW5jb2RlX3RhZyI6ImlnLXhwdmRzLmNsaXBzLmlnd3d3LUMzLmRhc2hfbG5faGVhYWNfdmJyM19hdWRpbyIsInZpZGVvX2lkIjpudWxsLCJvaWxfdXJsZ2VuX2FwcF9pZCI6OTM2NjE5NzQzMzkyNDU5LCJjbGllbnRfbmFtZSI6ImlnIiwieHB2X2Fzc2V0X2lkIjoxNzkzODY0ODQ4ODIwNzc1OCwiYXNzZXRfYWdlX2RheXMiOjc5LCJ2aV91c2VjYXNlX2lkIjoxMDA5OSwiZHVyYXRpb25fcyI6NDYsImJpdHJhdGUiOjcxNTM4LCJ1cmxnZW5fc291cmNlIjoid3d3In0%3D&ccb=17-1&_nc_gid=8jfw6PDgsqtJcowTrAlegg&_nc_ss=72a8c&_nc_zt=28&oh=00_AQBuKmFtZ25qG9ywTR19bUmZmZzGZ9jHAXaCNtZYK9dK3w&oe=6A5A7BC5,46.3,"{'artist_name': 'webmedia_international', 'song_name': 'Original audio', 'uses_original_audio': True, 'should_mute_audio': False, 'should_mute_audio_reason': '', 'audio_id': '26140659015630173'}",214,,
3578751866200371493,Image,DGqR9x8I7El,"Toute l'équipe de Pi 2r vous souhaite un Ramadan béni et rempli de paix, de joie et de bénédictions. 🤲
🌙🌟 Ramadan Mabrouk à vous et à vos proches !

#RamadanMoubarak #Pi_2r","['RamadanMoubarak', 'Pi_2r']",[],https://www.instagram.com/p/DGqR9x8I7El/,0,,[],1080,1080,https://scontent-bos5-1.cdninstagram.com/v/t39.30808-6/491958646_1231814145610388_4723733138731421800_n.jpg?stp=dst-jpg_e15_fr_s1080x1080_tt6&_nc_ht=scontent-bos5-1.cdninstagram.com&_nc_cat=108&_nc_oc=Q6cZ2gF_-BXWLHX25W_RH2yHxmFnE2UQMAUqjj1dpRW_lrx2k_cwCic7C9TbQxBLZ4x5fE8&_nc_ohc=GcivJSrOflEQ7kNvwG9_y-2&_nc_gid=CPR9hg_2y8AXadSgtpqwYA&edm=ADp7STQAAAAA&ccb=7-5&oh=00_AQDO7DTTMBAOBUgPlqMnIwCYT5QCdUPSyi_UFvTcQBpzXg&oe=6A5E8D03&_nc_sid=c6f216,[],"Photo by Pi2r on March 01, 2025.",4,2025-03-01T14:48:10.000Z,[],Pi2r,agence_pi2r,3982105280,False,https://www.instagram.com/agence_pi2r/,1080,1080,feed,,,,,,,,,,,
3783923337458677214,Sidecar,DSDMjoyiPXe,"Yo, it’s that time again… Kyubi Wrapped 2025 dropped. 🎧✨
We cooked on social media 🍳📱, chased trends 🏃‍♀️💨, survived three algorithm shifts 😵‍💫🤖 and still had fun doing it 😄🔥
If your brand was on shuffle 🔀, trust us — we found the banger. 🎶💥😌

#KyubiDigital #KyubiWrapped2025 #Wrapped2025 #AgencyLife #SocialMediaAgency","['KyubiDigital', 'KyubiWrapped2025', 'Wrapped2025', 'AgencyLife', 'SocialMediaAgency']",[],https://www.instagram.com/p/DSDMjoyiPXe/,0,,[],768,616,https://scontent-phl2-1.cdninstagram.com/v/t51.82787-15/587429012_18392391337177639_7728936289016776812_n.jpg?stp=dst-jpg_e35_tt6&_nc_cat=104&ig_cache_key=Mzc4MzkyMzMxMjA1Nzk1NTM2Mw%3D%3D.3-ccb7-5&ccb=7-5&_nc_sid=58cdad&efg=eyJ2ZW5jb2RlX3RhZyI6IkNBUk9VU0VMX0lURU0ueHBpZHMuNjE2LnNkci5yZWd1bGFyX3Bob3RvLkMzIn0%3D&_nc_ohc=9psIbdq-NdwQ7kNvwFWWP_U&_nc_oc=AdrQmgEmvqBJAEJ7IKs3wodkb32nRWrVrcg8beBDdR4FJgyskajAiiGrUNzVahrdx4g&_nc_zt=23&_nc_ht=scontent-phl2-1.cdninstagram.com&_nc_gid=vLBjtWIDDhfNkBOybYCjQQ&_nc_ss=72289&oh=00_AQB5wDphIHgy44H_Q29h5nBOubriyxCISy6buuDwZBJznQ&oe=6A5E7C17,"['https://scontent-phl2-1.cdninstagram.com/v/t51.82787-15/587429012_18392391337177639_7728936289016776812_n.jpg?stp=dst-jpg_e35_tt6&_nc_cat=104&ig_cache_key=Mzc4MzkyMzMxMjA1Nzk1NTM2Mw%3D%3D.3-ccb7-5&ccb=7-5&_nc_sid=58cdad&efg=eyJ2ZW5jb2RlX3RhZyI6IkNBUk9VU0VMX0lURU0ueHBpZHMuNjE2LnNkci5yZWd1bGFyX3Bob3RvLkMzIn0%3D&_nc_ohc=9psIbdq-NdwQ7kNvwFWWP_U&_nc_oc=AdrQmgEmvqBJAEJ7IKs3wodkb32nRWrVrcg8beBDdR4FJgyskajAiiGrUNzVahrdx4g&_nc_zt=23&_nc_ht=scontent-phl2-1.cdninstagram.com&_nc_gid=vLBjtWIDDhfNkBOybYCjQQ&_nc_ss=72289&oh=00_AQB5wDphIHgy44H_Q29h5nBOubriyxCISy6buuDwZBJznQ&oe=6A5E7C17', 'https://scontent-phl2-1.cdninstagram.com/v/t51.82787-15/586257336_18392391361177639_8094996061019876886_n.jpg?stp=dst-jpg_e35_tt6&_nc_cat=111&ig_cache_key=Mzc4MzkyMzMxMTQyODgxMjU5MA%3D%3D.3-ccb7-5&ccb=7-5&_nc_sid=58cdad&efg=eyJ2ZW5jb2RlX3RhZyI6IkNBUk9VU0VMX0lURU0ueHBpZHMuNjE2LnNkci5yZWd1bGFyX3Bob3RvLkMzIn0%3D&_nc_ohc=Fu2nlbA3kFsQ7kNvwE_9Clh&_nc_oc=AdqgHnc4ox4OBNPJS_XKHr1MezWlQd-WiN7wr2BDA79p21pcCQ0UBbghZl1TrTLdZm8&_nc_zt=23&_nc_ht=scontent-phl2-1.cdninstagram.com&_nc_gid=vLBjtWIDDhfNkBOybYCjQQ&_nc_ss=72289&oh=00_AQBak95xirqOtY0iU2rdan9kDYDcBDk0N5tGTABpFHKyXw&oe=6A5E96E7', 'https://scontent-phl2-1.cdninstagram.com/v/t51.82787-15/586701135_18392391379177639_8835125415195393610_n.jpg?stp=dst-jpg_e35_tt6&_nc_cat=101&ig_cache_key=Mzc4MzkyMzMxMTQyODc3OTUzNg%3D%3D.3-ccb7-5&ccb=7-5&_nc_sid=58cdad&efg=eyJ2ZW5jb2RlX3RhZyI6IkNBUk9VU0VMX0lURU0ueHBpZHMuNjE2LnNkci5yZWd1bGFyX3Bob3RvLkMzIn0%3D&_nc_ohc=VcGPVQ5tNO0Q7kNvwEeaIWz&_nc_oc=AdrJPJrJoRq-1UmBiEzVCe_mLVmLdLx-pqLpc3-H1eGXF-XJxFpLxMA2KQZKWNmJHu4&_nc_zt=23&_nc_ht=scontent-phl2-1.cdninstagram.com&_nc_gid=vLBjtWIDDhfNkBOybYCjQQ&_nc_ss=72289&oh=00_AQBH8WbOBGuS03w32lL8Hjome0_8gDk-qV2IKkXD7SQgKA&oe=6A5E9403', 'https://scontent-phl2-1.cdninstagram.com/v/t51.82787-15/587242404_18392391370177639_1537034311203455500_n.jpg?stp=dst-jpg_e35_tt6&_nc_cat=111&ig_cache_key=Mzc4MzkyMzMxMTc0NzU2NzE3MQ%3D%3D.3-ccb7-5&ccb=7-5&_nc_sid=58cdad&efg=eyJ2ZW5jb2RlX3RhZyI6IkNBUk9VU0VMX0lURU0ueHBpZHMuNjE2LnNkci5yZWd1bGFyX3Bob3RvLkMzIn0%3D&_nc_ohc=axnnJa9jxG4Q7kNvwH7v8xb&_nc_oc=Ado3jhG0vHkONLunuisQwZ_ZtG2IUJt8YdQ8eYatDBz3viWIBobggJq7rDDeOg6mf6A&_nc_zt=23&_nc_ht=scontent-phl2-1.cdninstagram.com&_nc_gid=vLBjtWIDDhfNkBOybYCjQQ&_nc_ss=72289&oh=00_AQDW3K3jDTwTTBhjp1fSIhI-Z-3OpNTL74OQt9jIGBoy6A&oe=6A5E8E44', 'https://scontent-phl2-1.cdninstagram.com/v/t51.82787-15/587284358_18392391346177639_8412227692312214425_n.jpg?stp=dst-jpg_e35_tt6&_nc_cat=102&ig_cache_key=Mzc4MzkyMzMxMTQyODgyNjMyNA%3D%3D.3-ccb7-5&ccb=7-5&_nc_sid=58cdad&efg=eyJ2ZW5jb2RlX3RhZyI6IkNBUk9VU0VMX0lURU0ueHBpZHMuNjE2LnNkci5yZWd1bGFyX3Bob3RvLkMzIn0%3D&_nc_ohc=Vkmqd8JHzpgQ7kNvwFbkyNX&_nc_oc=AdpuxYA7moBCELO_5YdljTROnVS0q6dHyXb7y0Jvff6NmM7YZULajARq_rYVpYGyuo8&_nc_zt=23&_nc_ht=scontent-phl2-1.cdninstagram.com&_nc_gid=vLBjtWIDDhfNkBOybYCjQQ&_nc_ss=72289&oh=00_AQDoa6AJSD0k-JjSjr0S4CyZ0sLP3O1pVOMBUtq-DZIQTg&oe=6A5E86EB', 'https://scontent-phl2-1.cdninstagram.com/v/t51.82787-15/587744186_18392391403177639_2507775828071403462_n.jpg?stp=dst-jpg_e35_tt6&_nc_cat=110&ig_cache_key=Mzc4MzkyMzMxMTQyMDQxODM0Nw%3D%3D.3-ccb7-5&ccb=7-5&_nc_sid=58cdad&efg=eyJ2ZW5jb2RlX3RhZyI6IkNBUk9VU0VMX0lURU0ueHBpZHMuNjE2LnNkci5yZWd1bGFyX3Bob3RvLkMzIn0%3D&_nc_ohc=AfpZhc31rHgQ7kNvwEr4tcB&_nc_oc=AdpyUMaTT9kH6cn5YDuiY15Rwq9jt7Z9cJF2PpviOJAjoOy192BucDeNZvA0-SZfalw&_nc_zt=23&_nc_ht=scontent-phl2-1.cdninstagram.com&_nc_gid=vLBjtWIDDhfNkBOybYCjQQ&_nc_ss=72289&oh=00_AQDDFJYpEE2ZEtsFafgJnilo-8cyC91mcGUv2WPrraXIBw&oe=6A5E9E14', 'https://scontent-phl2-1.cdninstagram.com/v/t51.82787-15/587270820_18392391409177639_5997823534408253260_n.jpg?stp=dst-jpg_e35_tt6&_nc_cat=104&ig_cache_key=Mzc4MzkyMzMxMTQyMDM4NDMzMw%3D%3D.3-ccb7-5&ccb=7-5&_nc_sid=58cdad&efg=eyJ2ZW5jb2RlX3RhZyI6IkNBUk9VU0VMX0lURU0ueHBpZHMuNjE2LnNkci5yZWd1bGFyX3Bob3RvLkMzIn0%3D&_nc_ohc=2hBaBPJgXnMQ7kNvwHrty40&_nc_oc=AdqSKgG5sRWkoUCVD4eutWIek9JYDWHlva6d_FwGlXkPL9DCp1HqE0SA6AO--cJk7vo&_nc_zt=23&_nc_ht=scontent-phl2-1.cdninstagram.com&_nc_gid=vLBjtWIDDhfNkBOybYCjQQ&_nc_ss=72289&oh=00_AQDRm_LSVkUjEv_C9wLJXiJ1AuEnUXNtoKxH0e64pexo2w&oe=6A5E7AF5', 'https://scontent-phl2-1.cdninstagram.com/v/t51.82787-15/586687303_18392391406177639_2380302126660458375_n.jpg?stp=dst-jpg_e35_tt6&_nc_cat=109&ig_cache_key=Mzc4MzkyMzMxMTQyODc4MjcxOA%3D%3D.3-ccb7-5&ccb=7-5&_nc_sid=58cdad&efg=eyJ2ZW5jb2RlX3RhZyI6IkNBUk9VU0VMX0lURU0ueHBpZHMuNjE2LnNkci5yZWd1bGFyX3Bob3RvLkMzIn0%3D&_nc_ohc=Z3H5mmHkxjEQ7kNvwGGgyKx&_nc_oc=AdoXs9eQvmHIrmeRabnwx-ZhO7d6k0KFKiRH0cgllJLr7orYVMOVQR0ybl9ieEHtzto&_nc_zt=23&_nc_ht=scontent-phl2-1.cdninstagram.com&_nc_gid=vLBjtWIDDhfNkBOybYCjQQ&_nc_ss=72289&oh=00_AQAC855Pt1mLcS3EUaN-hqaWGQ2iBHeYQUt_QKU3pbD1NQ&oe=6A5E7B2B', 'https://scontent-phl2-1.cdninstagram.com/v/t51.82787-15/586693529_18392391421177639_5462884703975973443_n.jpg?stp=dst-jpg_e35_tt6&_nc_cat=107&ig_cache_key=Mzc4MzkyMzMxMTQyODc4MzA5Ng%3D%3D.3-ccb7-5&ccb=7-5&_nc_sid=58cdad&efg=eyJ2ZW5jb2RlX3RhZyI6IkNBUk9VU0VMX0lURU0ueHBpZHMuNjE2LnNkci5yZWd1bGFyX3Bob3RvLkMzIn0%3D&_nc_ohc=z2bTj5wTzmMQ7kNvwEtiLql&_nc_oc=Adqc1mKx27jjrhX79XkVgJYO7mEXYWbzY-0fKOEcUIGFcCjHh3kEtsVh6JIokC4jzSg&_nc_zt=23&_nc_ht=scontent-phl2-1.cdninstagram.com&_nc_gid=vLBjtWIDDhfNkBOybYCjQQ&_nc_ss=72289&oh=00_AQBsFMZJSKtPTwvW471SNnz3iDWR8OPCLmU8zBeeVirRDg&oe=6A5E8829', 'https://scontent-phl2-1.cdninstagram.com/v/t51.82787-15/586983673_18392391412177639_486786345931655453_n.jpg?stp=dst-jpg_e35_tt6&_nc_cat=110&ig_cache_key=Mzc4MzkyMzMxMTQyMDQwMzY5Ng%3D%3D.3-ccb7-5&ccb=7-5&_nc_sid=58cdad&efg=eyJ2ZW5jb2RlX3RhZyI6IkNBUk9VU0VMX0lURU0ueHBpZHMuNjE2LnNkci5yZWd1bGFyX3Bob3RvLkMzIn0%3D&_nc_ohc=F54L55Cl9rIQ7kNvwGXdABY&_nc_oc=AdrNF_J0FRilQfTCP5psizVrFkphil3UAljYqNYp6BCMEJJOap15bXvvQQJ6gnALCHI&_nc_zt=23&_nc_ht=scontent-phl2-1.cdninstagram.com&_nc_gid=vLBjtWIDDhfNkBOybYCjQQ&_nc_ss=72289&oh=00_AQAYYHgBVZUuTzY9LRIhyYA9oWfXOKcUSANzWlWEw5R_ig&oe=6A5E685A', 'https://scontent-phl2-1.cdninstagram.com/v/t51.82787-15/576546871_18392391502177639_7133556985502939153_n.jpg?stp=dst-jpg_e35_tt6&_nc_cat=104&ig_cache_key=Mzc4MzkyMzMxMTQyMDM4MjIwNg%3D%3D.3-ccb7-5&ccb=7-5&_nc_sid=58cdad&efg=eyJ2ZW5jb2RlX3RhZyI6IkNBUk9VU0VMX0lURU0ueHBpZHMuNjE2LnNkci5yZWd1bGFyX3Bob3RvLkMzIn0%3D&_nc_ohc=vKZamRBkMMEQ7kNvwFFUYM9&_nc_oc=AdqZcL7C4kjFfX1Z04b5GYywA8iS4GxDsdRE4VtgwAkNwMJvv34W5mryY4R6U5CmeJA&_nc_zt=23&_nc_ht=scontent-phl2-1.cdninstagram.com&_nc_gid=vLBjtWIDDhfNkBOybYCjQQ&_nc_ss=72289&oh=00_AQB91B33wSo8gwhdwzZSgohwrq7u9PQCuwrF1SwDG21LWg&oe=6A5E7877', 'https://scontent-phl2-1.cdninstagram.com/v/t51.82787-15/588402679_18392391505177639_2583593528958938873_n.jpg?stp=dst-jpg_e35_tt6&_nc_cat=110&ig_cache_key=Mzc4MzkyMzMxMTQyODc3NTM2MA%3D%3D.3-ccb7-5&ccb=7-5&_nc_sid=58cdad&efg=eyJ2ZW5jb2RlX3RhZyI6IkNBUk9VU0VMX0lURU0ueHBpZHMuNjE2LnNkci5yZWd1bGFyX3Bob3RvLkMzIn0%3D&_nc_ohc=X0fxIQMAGLsQ7kNvwHJT33Y&_nc_oc=AdrrGR0FKIYaXxd7Ee1cRu0R4ipK9Iokrit1hZ3-tAahUA7lZ6nGkx1TRhO_R1MbSyM&_nc_zt=23&_nc_ht=scontent-phl2-1.cdninstagram.com&_nc_gid=vLBjtWIDDhfNkBOybYCjQQ&_nc_ss=72289&oh=00_AQB0jmtQr95fFAd-z4UfnbfQM7InVhseLyffkOwFLw-lng&oe=6A5E7C53']","Photo by Kyubi.digital on December 09, 2025.",20,2025-12-09T16:47:14.000Z,"[{'id': '3783923312057955363', 'type': 'Image', 'caption': '', 'hashtags': [], 'mentions': [], 'url': 'https://www.instagram.com/p/DSDMjRIiLQj/', 'commentsCount': 0, 'firstComment': '', 'latestComments': [], 'dimensionsHeight': 768, 'dimensionsWidth': 616, 'displayUrl': 'https://scontent-phl2-1.cdninstagram.com/v/t51.82787-15/587429012_18392391337177639_7728936289016776812_n.jpg?stp=dst-jpg_e35_tt6&_nc_cat=104&ig_cache_key=Mzc4MzkyMzMxMjA1Nzk1NTM2Mw%3D%3D.3-ccb7-5&ccb=7-5&_nc_sid=58cdad&efg=eyJ2ZW5jb2RlX3RhZyI6IkNBUk9VU0VMX0lURU0ueHBpZHMuNjE2LnNkci5yZWd1bGFyX3Bob3RvLkMzIn0%3D&_nc_ohc=9psIbdq-NdwQ7kNvwFWWP_U&_nc_oc=AdrQmgEmvqBJAEJ7IKs3wodkb32nRWrVrcg8beBDdR4FJgyskajAiiGrUNzVahrdx4g&_nc_zt=23&_nc_ht=scontent-phl2-1.cdninstagram.com&_nc_gid=vLBjtWIDDhfNkBOybYCjQQ&_nc_ss=72289&oh=00_AQB5wDphIHgy44H_Q29h5nBOubriyxCISy6buuDwZBJznQ&oe=6A5E7C17', 'images': [], 'alt': 'Photo by Kyubi.digital on December 09, 2025.', 'likesCount': 0, 'timestamp': '2025-12-09T16:47:11.000Z', 'childPosts': [], 'ownerId': '17841405329146459', 'shortCode': 'DSDMjRIiLQj', 'originalHeight': 768, 'originalWidth': 616, 'ownerUsername': 'kyubi.digital'}, {'id': '3783923311428812590', 'type': 'Image', 'caption': '', 'hashtags': [], 'mentions': [], 'url': 'https://www.instagram.com/p/DSDMjQjCL8u/', 'commentsCount': 0, 'firstComment': '', 'latestComments': [], 'dimensionsHeight': 768, 'dimensionsWidth': 616, 'displayUrl': 'https://scontent-phl2-1.cdninstagram.com/v/t51.82787-15/586257336_18392391361177639_8094996061019876886_n.jpg?stp=dst-jpg_e35_tt6&_nc_cat=111&ig_cache_key=Mzc4MzkyMzMxMTQyODgxMjU5MA%3D%3D.3-ccb7-5&ccb=7-5&_nc_sid=58cdad&efg=eyJ2ZW5jb2RlX3RhZyI6IkNBUk9VU0VMX0lURU0ueHBpZHMuNjE2LnNkci5yZWd1bGFyX3Bob3RvLkMzIn0%3D&_nc_ohc=Fu2nlbA3kFsQ7kNvwE_9Clh&_nc_oc=AdqgHnc4ox4OBNPJS_XKHr1MezWlQd-WiN7wr2BDA79p21pcCQ0UBbghZl1TrTLdZm8&_nc_zt=23&_nc_ht=scontent-phl2-1.cdninstagram.com&_nc_gid=vLBjtWIDDhfNkBOybYCjQQ&_nc_ss=72289&oh=00_AQBak95xirqOtY0iU2rdan9kDYDcBDk0N5tGTABpFHKyXw&oe=6A5E96E7', 'images': [], 'alt': 'Photo by Kyubi.digital on December 09, 2025.', 'likesCount': 0, 'timestamp': '2025-12-09T16:47:11.000Z', 'childPosts': [], 'ownerId': '17841405329146459', 'shortCode': 'DSDMjQjCL8u', 'originalHeight': 768, 'originalWidth': 616, 'ownerUsername': 'kyubi.digital'}, {'id': '3783923311428779536', 'type': 'Image', 'caption': '', 'hashtags': [], 'mentions': [], 'url': 'https://www.instagram.com/p/DSDMjQjCD4Q/', 'commentsCount': 0, 'firstComment': '', 'latestComments': [], 'dimensionsHeight': 768, 'dimensionsWidth': 616, 'displayUrl': 'https://scontent-phl2-1.cdninstagram.com/v/t51.82787-15/586701135_18392391379177639_8835125415195393610_n.jpg?stp=dst-jpg_e35_tt6&_nc_cat=101&ig_cache_key=Mzc4MzkyMzMxMTQyODc3OTUzNg%3D%3D.3-ccb7-5&ccb=7-5&_nc_sid=58cdad&efg=eyJ2ZW5jb2RlX3RhZyI6IkNBUk9VU0VMX0lURU0ueHBpZHMuNjE2LnNkci5yZWd1bGFyX3Bob3RvLkMzIn0%3D&_nc_ohc=VcGPVQ5tNO0Q7kNvwEeaIWz&_nc_oc=AdrJPJrJoRq-1UmBiEzVCe_mLVmLdLx-pqLpc3-H1eGXF-XJxFpLxMA2KQZKWNmJHu4&_nc_zt=23&_nc_ht=scontent-phl2-1.cdninstagram.com&_nc_gid=vLBjtWIDDhfNkBOybYCjQQ&_nc_ss=72289&oh=00_AQBH8WbOBGuS03w32lL8Hjome0_8gDk-qV2IKkXD7SQgKA&oe=6A5E9403', 'images': [], 'alt': 'Photo by Kyubi.digital on December 09, 2025.', 'likesCount': 0, 'timestamp': '2025-12-09T16:47:11.000Z', 'childPosts': [], 'ownerId': '17841405329146459', 'shortCode': 'DSDMjQjCD4Q', 'originalHeight': 768, 'originalWidth': 616, 'ownerUsername': 'kyubi.digital'}, {'id': '3783923311747567171', 'type': 'Image', 'caption': '', 'hashtags': [], 'mentions': [], 'url': 'https://www.instagram.com/p/DSDMjQ2CI5D/', 'commentsCount': 0, 'firstComment': '', 'latestComments': [], 'dimensionsHeight': 768, 'dimensionsWidth': 616, 'displayUrl': 'https://scontent-phl2-1.cdninstagram.com/v/t51.82787-15/587242404_18392391370177639_1537034311203455500_n.jpg?stp=dst-jpg_e35_tt6&_nc_cat=111&ig_cache_key=Mzc4MzkyMzMxMTc0NzU2NzE3MQ%3D%3D.3-ccb7-5&ccb=7-5&_nc_sid=58cdad&efg=eyJ2ZW5jb2RlX3RhZyI6IkNBUk9VU0VMX0lURU0ueHBpZHMuNjE2LnNkci5yZWd1bGFyX3Bob3RvLkMzIn0%3D&_nc_ohc=axnnJa9jxG4Q7kNvwH7v8xb&_nc_oc=Ado3jhG0vHkONLunuisQwZ_ZtG2IUJt8YdQ8eYatDBz3viWIBobggJq7rDDeOg6mf6A&_nc_zt=23&_nc_ht=scontent-phl2-1.cdninstagram.com&_nc_gid=vLBjtWIDDhfNkBOybYCjQQ&_nc_ss=72289&oh=00_AQDW3K3jDTwTTBhjp1fSIhI-Z-3OpNTL74OQt9jIGBoy6A&oe=6A5E8E44', 'images': [], 'alt': 'Photo by Kyubi.digital on December 09, 2025.', 'likesCount': 0, 'timestamp': '2025-12-09T16:47:11.000Z', 'childPosts': [], 'ownerId': '17841405329146459', 'shortCode': 'DSDMjQ2CI5D', 'originalHeight': 768, 'originalWidth': 616, 'ownerUsername': 'kyubi.digital'}, {'id': '3783923311428826324', 'type': 'Image', 'caption': '', 'hashtags': [], 'mentions': [], 'url': 'https://www.instagram.com/p/DSDMjQjCPTU/', 'commentsCount': 0, 'firstComment': '', 'latestComments': [], 'dimensionsHeight': 768, 'dimensionsWidth': 616, 'displayUrl': 'https://scontent-phl2-1.cdninstagram.com/v/t51.82787-15/587284358_18392391346177639_8412227692312214425_n.jpg?stp=dst-jpg_e35_tt6&_nc_cat=102&ig_cache_key=Mzc4MzkyMzMxMTQyODgyNjMyNA%3D%3D.3-ccb7-5&ccb=7-5&_nc_sid=58cdad&efg=eyJ2ZW5jb2RlX3RhZyI6IkNBUk9VU0VMX0lURU0ueHBpZHMuNjE2LnNkci5yZWd1bGFyX3Bob3RvLkMzIn0%3D&_nc_ohc=Vkmqd8JHzpgQ7kNvwFbkyNX&_nc_oc=AdpuxYA7moBCELO_5YdljTROnVS0q6dHyXb7y0Jvff6NmM7YZULajARq_rYVpYGyuo8&_nc_zt=23&_nc_ht=scontent-phl2-1.cdninstagram.com&_nc_gid=vLBjtWIDDhfNkBOybYCjQQ&_nc_ss=72289&oh=00_AQDoa6AJSD0k-JjSjr0S4CyZ0sLP3O1pVOMBUtq-DZIQTg&oe=6A5E86EB', 'images': [], 'alt': 'Photo by Kyubi.digital on December 09, 2025.', 'likesCount': 0, 'timestamp': '2025-12-09T16:47:11.000Z', 'childPosts': [], 'ownerId': '17841405329146459', 'shortCode': 'DSDMjQjCPTU', 'originalHeight': 768, 'originalWidth': 616, 'ownerUsername': 'kyubi.digital'}, {'id': '3783923311420418347', 'type': 'Image', 'caption': '', 'hashtags': [], 'mentions': [], 'url': 'https://www.instagram.com/p/DSDMjQiiKkr/', 'commentsCount': 0, 'firstComment': '', 'latestComments': [], 'dimensionsHeight': 768, 'dimensionsWidth': 616, 'displayUrl': 'https://scontent-phl2-1.cdninstagram.com/v/t51.82787-15/587744186_18392391403177639_2507775828071403462_n.jpg?stp=dst-jpg_e35_tt6&_nc_cat=110&ig_cache_key=Mzc4MzkyMzMxMTQyMDQxODM0Nw%3D%3D.3-ccb7-5&ccb=7-5&_nc_sid=58cdad&efg=eyJ2ZW5jb2RlX3RhZyI6IkNBUk9VU0VMX0lURU0ueHBpZHMuNjE2LnNkci5yZWd1bGFyX3Bob3RvLkMzIn0%3D&_nc_ohc=AfpZhc31rHgQ7kNvwEr4tcB&_nc_oc=AdpyUMaTT9kH6cn5YDuiY15Rwq9jt7Z9cJF2PpviOJAjoOy192BucDeNZvA0-SZfalw&_nc_zt=23&_nc_ht=scontent-phl2-1.cdninstagram.com&_nc_gid=vLBjtWIDDhfNkBOybYCjQQ&_nc_ss=72289&oh=00_AQDDFJYpEE2ZEtsFafgJnilo-8cyC91mcGUv2WPrraXIBw&oe=6A5E9E14', 'images': [], 'alt': 'Photo by Kyubi.digital on December 09, 2025.', 'likesCount': 0, 'timestamp': '2025-12-09T16:47:11.000Z', 'childPosts': [], 'ownerId': '17841405329146459', 'shortCode': 'DSDMjQiiKkr', 'originalHeight': 768, 'originalWidth': 616, 'ownerUsername': 'kyubi.digital'}, {'id': '3783923311420384333', 'type': 'Image', 'caption': '', 'hashtags': [], 'mentions': [], 'url': 'https://www.instagram.com/p/DSDMjQiiCRN/', 'commentsCount': 0, 'firstComment': '', 'latestComments': [], 'dimensionsHeight': 768, 'dimensionsWidth': 616, 'displayUrl': 'https://scontent-phl2-1.cdninstagram.com/v/t51.82787-15/587270820_18392391409177639_5997823534408253260_n.jpg?stp=dst-jpg_e35_tt6&_nc_cat=104&ig_cache_key=Mzc4MzkyMzMxMTQyMDM4NDMzMw%3D%3D.3-ccb7-5&ccb=7-5&_nc_sid=58cdad&efg=eyJ2ZW5jb2RlX3RhZyI6IkNBUk9VU0VMX0lURU0ueHBpZHMuNjE2LnNkci5yZWd1bGFyX3Bob3RvLkMzIn0%3D&_nc_ohc=2hBaBPJgXnMQ7kNvwHrty40&_nc_oc=AdqSKgG5sRWkoUCVD4eutWIek9JYDWHlva6d_FwGlXkPL9DCp1HqE0SA6AO--cJk7vo&_nc_zt=23&_nc_ht=scontent-phl2-1.cdninstagram.com&_nc_gid=vLBjtWIDDhfNkBOybYCjQQ&_nc_ss=72289&oh=00_AQDRm_LSVkUjEv_C9wLJXiJ1AuEnUXNtoKxH0e64pexo2w&oe=6A5E7AF5', 'images': [], 'alt': 'Photo by Kyubi.digital on December 09, 2025.', 'likesCount': 0, 'timestamp': '2025-12-09T16:47:11.000Z', 'childPosts': [], 'ownerId': '17841405329146459', 'shortCode': 'DSDMjQiiCRN', 'originalHeight': 768, 'originalWidth': 616, 'ownerUsername': 'kyubi.digital'}, {'id': '3783923311428782718', 'type': 'Image', 'caption': '', 'hashtags': [], 'mentions': [], 'url': 'https://www.instagram.com/p/DSDMjQjCEp-/', 'commentsCount': 0, 'firstComment': '', 'latestComments': [], 'dimensionsHeight': 768, 'dimensionsWidth': 616, 'displayUrl': 'https://scontent-phl2-1.cdninstagram.com/v/t51.82787-15/586687303_18392391406177639_2380302126660458375_n.jpg?stp=dst-jpg_e35_tt6&_nc_cat=109&ig_cache_key=Mzc4MzkyMzMxMTQyODc4MjcxOA%3D%3D.3-ccb7-5&ccb=7-5&_nc_sid=58cdad&efg=eyJ2ZW5jb2RlX3RhZyI6IkNBUk9VU0VMX0lURU0ueHBpZHMuNjE2LnNkci5yZWd1bGFyX3Bob3RvLkMzIn0%3D&_nc_ohc=Z3H5mmHkxjEQ7kNvwGGgyKx&_nc_oc=AdoXs9eQvmHIrmeRabnwx-ZhO7d6k0KFKiRH0cgllJLr7orYVMOVQR0ybl9ieEHtzto&_nc_zt=23&_nc_ht=scontent-phl2-1.cdninstagram.com&_nc_gid=vLBjtWIDDhfNkBOybYCjQQ&_nc_ss=72289&oh=00_AQAC855Pt1mLcS3EUaN-hqaWGQ2iBHeYQUt_QKU3pbD1NQ&oe=6A5E7B2B', 'images': [], 'alt': 'Photo by Kyubi.digital on December 09, 2025.', 'likesCount': 0, 'timestamp': '2025-12-09T16:47:11.000Z', 'childPosts': [], 'ownerId': '17841405329146459', 'shortCode': 'DSDMjQjCEp-', 'originalHeight': 768, 'originalWidth': 616, 'ownerUsername': 'kyubi.digital'}, {'id': '3783923311428783096', 'type': 'Image', 'caption': '', 'hashtags': [], 'mentions': [], 'url': 'https://www.instagram.com/p/DSDMjQjCEv4/', 'commentsCount': 0, 'firstComment': '', 'latestComments': [], 'dimensionsHeight': 768, 'dimensionsWidth': 616, 'displayUrl': 'https://scontent-phl2-1.cdninstagram.com/v/t51.82787-15/586693529_18392391421177639_5462884703975973443_n.jpg?stp=dst-jpg_e35_tt6&_nc_cat=107&ig_cache_key=Mzc4MzkyMzMxMTQyODc4MzA5Ng%3D%3D.3-ccb7-5&ccb=7-5&_nc_sid=58cdad&efg=eyJ2ZW5jb2RlX3RhZyI6IkNBUk9VU0VMX0lURU0ueHBpZHMuNjE2LnNkci5yZWd1bGFyX3Bob3RvLkMzIn0%3D&_nc_ohc=z2bTj5wTzmMQ7kNvwEtiLql&_nc_oc=Adqc1mKx27jjrhX79XkVgJYO7mEXYWbzY-0fKOEcUIGFcCjHh3kEtsVh6JIokC4jzSg&_nc_zt=23&_nc_ht=scontent-phl2-1.cdninstagram.com&_nc_gid=vLBjtWIDDhfNkBOybYCjQQ&_nc_ss=72289&oh=00_AQBsFMZJSKtPTwvW471SNnz3iDWR8OPCLmU8zBeeVirRDg&oe=6A5E8829', 'images': [], 'alt': 'Photo by Kyubi.digital on December 09, 2025.', 'likesCount': 0, 'timestamp': '2025-12-09T16:47:11.000Z', 'childPosts': [], 'ownerId': '17841405329146459', 'shortCode': 'DSDMjQjCEv4', 'originalHeight': 768, 'originalWidth': 616, 'ownerUsername': 'kyubi.digital'}, {'id': '3783923311420403696', 'type': 'Image', 'caption': '', 'hashtags': [], 'mentions': [], 'url': 'https://www.instagram.com/p/DSDMjQiiG_w/', 'commentsCount': 0, 'firstComment': '', 'latestComments': [], 'dimensionsHeight': 768, 'dimensionsWidth': 616, 'displayUrl': 'https://scontent-phl2-1.cdninstagram.com/v/t51.82787-15/586983673_18392391412177639_486786345931655453_n.jpg?stp=dst-jpg_e35_tt6&_nc_cat=110&ig_cache_key=Mzc4MzkyMzMxMTQyMDQwMzY5Ng%3D%3D.3-ccb7-5&ccb=7-5&_nc_sid=58cdad&efg=eyJ2ZW5jb2RlX3RhZyI6IkNBUk9VU0VMX0lURU0ueHBpZHMuNjE2LnNkci5yZWd1bGFyX3Bob3RvLkMzIn0%3D&_nc_ohc=F54L55Cl9rIQ7kNvwGXdABY&_nc_oc=AdrNF_J0FRilQfTCP5psizVrFkphil3UAljYqNYp6BCMEJJOap15bXvvQQJ6gnALCHI&_nc_zt=23&_nc_ht=scontent-phl2-1.cdninstagram.com&_nc_gid=vLBjtWIDDhfNkBOybYCjQQ&_nc_ss=72289&oh=00_AQAYYHgBVZUuTzY9LRIhyYA9oWfXOKcUSANzWlWEw5R_ig&oe=6A5E685A', 'images': [], 'alt': 'Photo by Kyubi.digital on December 09, 2025.', 'likesCount': 0, 'timestamp': '2025-12-09T16:47:11.000Z', 'childPosts': [], 'ownerId': '17841405329146459', 'shortCode': 'DSDMjQiiG_w', 'originalHeight': 768, 'originalWidth': 616, 'ownerUsername': 'kyubi.digital'}, {'id': '3783923311420382206', 'type': 'Image', 'caption': '', 'hashtags': [], 'mentions': [], 'url': 'https://www.instagram.com/p/DSDMjQiiBv-/', 'commentsCount': 0, 'firstComment': '', 'latestComments': [], 'dimensionsHeight': 768, 'dimensionsWidth': 616, 'displayUrl': 'https://scontent-phl2-1.cdninstagram.com/v/t51.82787-15/576546871_18392391502177639_7133556985502939153_n.jpg?stp=dst-jpg_e35_tt6&_nc_cat=104&ig_cache_key=Mzc4MzkyMzMxMTQyMDM4MjIwNg%3D%3D.3-ccb7-5&ccb=7-5&_nc_sid=58cdad&efg=eyJ2ZW5jb2RlX3RhZyI6IkNBUk9VU0VMX0lURU0ueHBpZHMuNjE2LnNkci5yZWd1bGFyX3Bob3RvLkMzIn0%3D&_nc_ohc=vKZamRBkMMEQ7kNvwFFUYM9&_nc_oc=AdqZcL7C4kjFfX1Z04b5GYywA8iS4GxDsdRE4VtgwAkNwMJvv34W5mryY4R6U5CmeJA&_nc_zt=23&_nc_ht=scontent-phl2-1.cdninstagram.com&_nc_gid=vLBjtWIDDhfNkBOybYCjQQ&_nc_ss=72289&oh=00_AQB91B33wSo8gwhdwzZSgohwrq7u9PQCuwrF1SwDG21LWg&oe=6A5E7877', 'images': [], 'alt': 'Photo by Kyubi.digital on December 09, 2025.', 'likesCount': 0, 'timestamp': '2025-12-09T16:47:11.000Z', 'childPosts': [], 'ownerId': '17841405329146459', 'shortCode': 'DSDMjQiiBv-', 'originalHeight': 768, 'originalWidth': 616, 'ownerUsername': 'kyubi.digital'}, {'id': '3783923311428775360', 'type': 'Image', 'caption': '', 'hashtags': [], 'mentions': [], 'url': 'https://www.instagram.com/p/DSDMjQjCC3A/', 'commentsCount': 0, 'firstComment': '', 'latestComments': [], 'dimensionsHeight': 768, 'dimensionsWidth': 616, 'displayUrl': 'https://scontent-phl2-1.cdninstagram.com/v/t51.82787-15/588402679_18392391505177639_2583593528958938873_n.jpg?stp=dst-jpg_e35_tt6&_nc_cat=110&ig_cache_key=Mzc4MzkyMzMxMTQyODc3NTM2MA%3D%3D.3-ccb7-5&ccb=7-5&_nc_sid=58cdad&efg=eyJ2ZW5jb2RlX3RhZyI6IkNBUk9VU0VMX0lURU0ueHBpZHMuNjE2LnNkci5yZWd1bGFyX3Bob3RvLkMzIn0%3D&_nc_ohc=X0fxIQMAGLsQ7kNvwHJT33Y&_nc_oc=AdrrGR0FKIYaXxd7Ee1cRu0R4ipK9Iokrit1hZ3-tAahUA7lZ6nGkx1TRhO_R1MbSyM&_nc_zt=23&_nc_ht=scontent-phl2-1.cdninstagram.com&_nc_gid=vLBjtWIDDhfNkBOybYCjQQ&_nc_ss=72289&oh=00_AQB0jmtQr95fFAd-z4UfnbfQM7InVhseLyffkOwFLw-lng&oe=6A5E7C53', 'images': [], 'alt': 'Photo by Kyubi.digital on December 09, 2025.', 'likesCount': 0, 'timestamp': '2025-12-09T16:47:11.000Z', 'childPosts': [], 'ownerId': '17841405329146459', 'shortCode': 'DSDMjQjCC3A', 'originalHeight': 768, 'originalWidth': 616, 'ownerUsername': 'kyubi.digital'}]",Kyubi.digital,kyubi.digital,5331673638,False,https://www.instagram.com/kyubi.digital/,768,616,carousel_container,,,,,,,,,,,
3451861879414692590,Image,C_nehcwOZru,"Boostez votre présence en ligne avec MYNDS ! Transformez vos idées en réalité digitale. 🌐
#entrepreneurship #follow #love #photography #affiliatemarketing #businessowner #webdevelopment #content #like #art #b #emailmarketing #fashion #instagood #websitedesign #google #digitalmarketingstrategy #marketingonline #socialmediamanager #searchengineoptimization #facebook #digitalmarketer #empreendedorismo #workfromhome #copywriting","['entrepreneurship', 'follow', 'love', 'photography', 'affiliatemarketing', 'businessowner', 'webdevelopment', 'content', 'like', 'art', 'b', 'emailmarketing', 'fashion', 'instagood', 'websitedesign', 'google', 'digitalmarketingstrategy', 'marketingonline', 'socialmediamanager', 'searchengineoptimization', 'facebook', 'digitalmarketer', 'empreendedorismo', 'workfromhome', 'copywriting']",[],https://www.instagram.com/p/C_nehcwOZru/,0,,[],1080,1080,https://instagram.frkh1-1.fna.fbcdn.net/v/t39.30808-6/474523163_483442504797944_4132091352000383481_n.jpg?stp=dst-jpg_e15_fr_s1080x1080_tt6&_nc_ht=instagram.frkh1-1.fna.fbcdn.net&_nc_cat=108&_nc_oc=Q6cZ2gGNKb05u9S4YvZdE81eF_RucVc0_bPIW9rIriBWiVFdGG3jOLjVwS-N0M7kc-WeZ5U&_nc_ohc=KyfmIZuPNswQ7kNvwGFIh3P&_nc_gid=CU03W-eeLawmoh5GlteNTQ&edm=ADp7STQAAAAA&ccb=7-5&oh=00_AQD2csIRTdM83M_W9Y86bv5LBGDYdBoCu6JXSmnP5oBqbA&oe=6A5E8282&_nc_sid=c6f216,[],"Photo by MYNDS on September 07, 2024.",6,2024-09-07T13:00:24.000Z,[],MYNDS,m.y.n.d.s,60016721646,False,https://www.instagram.com/m.y.n.d.s/,1080,1080,feed,,,,,,,,,,,
3453190601367239997,Image,C_sMo5gNj09,Innovation et excellence avec MYNDS. Votre partenaire pour réussir dans le digital. 🔥,[],[],https://www.instagram.com/p/C_sMo5gNj09/,0,,[],1080,1080,https://scontent-phl2-1.cdninstagram.com/v/t39.30808-6/474638295_483442488131279_763004002217621124_n.jpg?stp=dst-jpg_e15_fr_s1080x1080_tt6&_nc_ht=scontent-phl2-1.cdninstagram.com&_nc_cat=111&_nc_oc=Q6cZ2gE4JA-sOH028_0PMaIBDcr8BIDNPK_2b5MPs6k4EKKeu1LSi4Sre2rZ3MXhK55qMfw&_nc_ohc=i4XuKCVRW30Q7kNvwGS5czg&_nc_gid=IEe4qVPsUDW7XoptsZ0W5g&edm=ADp7STQAAAAA&ccb=7-5&oh=00_AQCGAwXcP6PeVwF-iShNsAn0JuxU_QpBclNn6LTpKGuLRw&oe=6A5E7AB9&_nc_sid=c6f216,[],"Photo by MYNDS on September 09, 2024.",3,2024-09-09T09:00:20.000Z,[],MYNDS,m.y.n.d.s,60016721646,False,https://www.instagram.com/m.y.n.d.s/,1080,1080,feed,,,,,,,,,,,
3451137104824539843,Image,C_k5ul0PJrD,"Développez votre avenir numérique avec MYNDS ! Expertise en IT et Web pour votre succès. 💻 Appelez-nous : www.mynds-tem.com | 00216 29 543 202 | contact@mynds-team.com
#smallbusiness #webdesign #graphicdesign #design #digitalmarketingtips #website #marketingagency","['smallbusiness', 'webdesign', 'graphicdesign', 'design', 'digitalmarketingtips', 'website', 'marketingagency']",[],https://www.instagram.com/p/C_k5ul0PJrD/,0,,[],1080,1080,https://instagram.fmci1-4.fna.fbcdn.net/v/t39.30808-6/474099566_483442471464614_9092874869020980619_n.jpg?stp=dst-jpg_e15_fr_s1080x1080_tt6&_nc_ht=instagram.fmci1-4.fna.fbcdn.net&_nc_cat=102&_nc_oc=Q6cZ2gFL-mou_y7MCY9GVZcbN-Gt7bwG-6uCibp_u0qDBsVW9Vkc7kPwL0EOKl3odqouonM&_nc_ohc=Jug9STXl8SUQ7kNvwGSRENC&_nc_gid=YVLzei2HvvFVYnBzGeKj_w&edm=ADp7STQAAAAA&ccb=7-5&oh=00_AQA3X1SvUu46BHScUk9l4uatCn91cQOm7kt-bYEVqb9mxw&oe=6A5E857A&_nc_sid=c6f216,[],"Photo by MYNDS on September 06, 2024.",3,2024-09-06T13:00:24.000Z,[],MYNDS,m.y.n.d.s,60016721646,False,https://www.instagram.com/m.y.n.d.s/,1080,1080,feed,,,,,,,,,,,
3171524625345580826,Video,CwDhNfiII8a,"It's time for another step ⬆️⏏️

We Create Value 💎

 #agencemarketingdigital #stratégiemarketing #strategimarketing #publicitè #wecreate","['agencemarketingdigital', 'stratégiemarketing', 'strategimarketing', 'publicitè', 'wecreate']",[],https://www.instagram.com/p/CwDhNfiII8a/,0,,[],1350,1080,https://scontent-mia3-1.cdninstagram.com/v/t51.71878-15/497293393_1861782917758722_2186128269563546472_n.jpg?stp=dst-jpg_e15_fr_p1080x1080_tt6&_nc_ht=scontent-mia3-1.cdninstagram.com&_nc_cat=106&_nc_oc=Q6cZ2gGpkDEYTe_JXzOA2b22kcO6f1T2W6C0Vf-q04ngo3u0k1lGss2cEcjVyu_f7xvEmsA&_nc_ohc=_Eii4XlsSXkQ7kNvwGqm4Dj&_nc_gid=Z8V5sl6nDMg-pAACCZ1FnA&edm=ADp7STQBAAAA&ccb=7-5&oh=00_AQCy0wy0xL5lcNJNaQ2wA7niADMrVLRXq8iC_ZOBqP7jpg&oe=6A5E6AE0&_nc_sid=c6f216,[],"Video by We Create on August 17, 2023.",6,2023-08-17T18:00:27.000Z,[],We Create,we_create_agency,54491378174,False,https://www.instagram.com/we_create_agency/,900,720,clips,,,,https://scontent-mia5-1.cdninstagram.com/o1/v/t2/f2/m82/AQMi5b0d4pvTkTKwgWs_rrJ40lF_TQ6waWA9BlL894Y1FIQCuEJqlkXt_9SgnxgL3Y5FhCVP1I-hVn1u5B4vzC2lWIh6JnQH6BP_XKo.mp4?_nc_cat=102&_nc_sid=5e9851&_nc_ht=scontent-mia5-1.cdninstagram.com&_nc_ohc=nV8lgoh3RFwQ7kNvwEws4ju&efg=eyJ2ZW5jb2RlX3RhZyI6Inhwdl9wcm9ncmVzc2l2ZS5JTlNUQUdSQU0uQ0xJUFMuQzMuNzIwLmRhc2hfYmFzZWxpbmVfMV92MSIsInhwdl9hc3NldF9pZCI6MTMyMTQzNjM0ODQ2MDA1MSwiYXNzZXRfYWdlX2RheXMiOjEwNjMsInZpX3VzZWNhc2VfaWQiOjEwMDk5LCJkdXJhdGlvbl9zIjo2LCJ1cmxnZW5fc291cmNlIjoid3d3In0%3D&ccb=17-1&vs=f90df1ba967f14ed&_nc_vs=HBksFQIYT2lnX3hwdl9yZWVsc19wZXJtYW5lbnRfcHJvZC9DRjQ5QUU3RkY5RTg1NDM5OEQyMzY5NEJDMTEzQzM4RV92aWRlb19kYXNoaW5pdC5tcDQVAALIARIAFQIYOnBhc3N0aHJvdWdoX2V2ZXJzdG9yZS9HSFlUMXhWV3ZtYkluaDhCQUFrMmdQTVRkaTlYYnFfRUFBQUYVAgLIARIAKAAYABsCiAd1c2Vfb2lsATEScHJvZ3Jlc3NpdmVfcmVjaXBlATEVAAAmprClgtz12AQVAigCQzMsF0AZVP3ztkWiGBJkYXNoX2Jhc2VsaW5lXzFfdjERAHX-B2XmnQEA&_nc_gid=5uwtZzclaC_cSnYu5Allqw&_nc_ss=7ca8c&_nc_zt=28&oh=00_AQB-2OwN7IwSdX2gvQxlLttmgWL6OVrdoIKKm0XKvuqwpw&oe=6A5AAA43,108,https://scontent-mia5-2.cdninstagram.com/o1/v/t16/f2/m69/AQP6tAsuLwtExpgDL8wIChE-m1R6Ht2gifWfJ1yv3pGFyQ2X0n6plSck5IkuClKOmxk7lg0plYK9qVXoLVctN_i-.mp4?strext=1&_nc_cat=100&_nc_sid=9ca052&_nc_ht=scontent-mia5-2.cdninstagram.com&_nc_ohc=KklmkvC5FvUQ7kNvwEp13IV&efg=eyJ2ZW5jb2RlX3RhZyI6ImlnLXhwdmRzLmNsaXBzLmlnd3d3LUMzLmRhc2hfYmFzZWxpbmVfYXVkaW9fdjEiLCJ2aWRlb19pZCI6bnVsbCwib2lsX3VybGdlbl9hcHBfaWQiOjkzNjYxOTc0MzM5MjQ1OSwiY2xpZW50X25hbWUiOiJpZyIsInhwdl9hc3NldF9pZCI6MTMyMTQzNjM0ODQ2MDA1MSwiYXNzZXRfYWdlX2RheXMiOjEwNjMsInZpX3VzZWNhc2VfaWQiOjEwMDk5LCJkdXJhdGlvbl9zIjo2LCJiaXRyYXRlIjo2MTQzNiwidXJsZ2VuX3NvdXJjZSI6Ind3dyJ9&ccb=17-1&_nc_gid=5uwtZzclaC_cSnYu5Allqw&_nc_ss=7ca8c&_nc_zt=28&oh=00_AQDuoZrYgZJocJLsgWy5Tn_aSZewPmirQrUsNXu9z0gJ9Q&oe=6A5E67AC,6.333,"{'artist_name': 'we_create_agency', 'song_name': 'Original audio', 'uses_original_audio': True, 'should_mute_audio': False, 'should_mute_audio_reason': '', 'audio_id': '837317501321007'}",298,,
3125917331329517144,Video,CthfUBDIgZY,"كيف البليد تاع l'équipe يقلق 😕 #contentmarketing 
#team #marketingagency","['contentmarketing', 'team', 'marketingagency']",[],https://www.instagram.com/p/CthfUBDIgZY/,8,Jouji @jihen.balti 5dhitelna 7a99na 🙌,"[{'id': '17985521714310348', 'text': 'Jouji @jihen.balti 5dhitelna 7a99na 🙌', 'ownerUsername': 'kefi_feyrouz', 'ownerProfilePicUrl': 'https://scontent-iad3-2.cdninstagram.com/v/t51.2885-19/480427523_638381615403474_4330799967849363633_n.jpg?stp=dst-jpg_s150x150_tt6&_nc_cat=111&ccb=7-5&_nc_sid=f7ccc5&efg=eyJ2ZW5jb2RlX3RhZyI6InByb2ZpbGVfcGljLnd3dy41MzguQzMifQ%3D%3D&_nc_ohc=m9lV8MU5-7YQ7kNvwGBwbJi&_nc_oc=AdrAIW0_oTLH1S4p1FosQBwsuHeFPvfaCfuNm6A9a_I9QtqMfEDYiwZflNbtajJcIVU&_nc_zt=24&_nc_ht=scontent-iad3-2.cdninstagram.com&_nc_ss=72689&oh=00_AQAlUiZYG6ZxyXNdaRF2yrP4bzhX_FOVepATnjP-Crc83g&oe=6A5E8969', 'timestamp': '2023-06-17T14:13:09.000Z', 'repliesCount': None, 'replies': None, 'likesCount': 1, 'owner': {'username': 'kefi_feyrouz', 'profile_pic_url': 'https://scontent-iad3-2.cdninstagram.com/v/t51.2885-19/480427523_638381615403474_4330799967849363633_n.jpg?stp=dst-jpg_s150x150_tt6&_nc_cat=111&ccb=7-5&_nc_sid=f7ccc5&efg=eyJ2ZW5jb2RlX3RhZyI6InByb2ZpbGVfcGljLnd3dy41MzguQzMifQ%3D%3D&_nc_ohc=m9lV8MU5-7YQ7kNvwGBwbJi&_nc_oc=AdrAIW0_oTLH1S4p1FosQBwsuHeFPvfaCfuNm6A9a_I9QtqMfEDYiwZflNbtajJcIVU&_nc_zt=24&_nc_ht=scontent-iad3-2.cdninstagram.com&_nc_ss=72689&oh=00_AQAlUiZYG6ZxyXNdaRF2yrP4bzhX_FOVepATnjP-Crc83g&oe=6A5E8969', 'is_verified': False, 'id': '45305538297', 'full_name': None, 'is_mentionable': None, 'is_private': None, 'profile_pic_id': None, 'latest_reel_media': None}}, {'id': '18011302855713286', 'text': ""Hahahahahahahah j'adooooogh ❤️❤️✨️😂😂"", 'ownerUsername': 'dridi.oumayma', 'ownerProfilePicUrl': 'https://scontent-iad6-1.cdninstagram.com/v/t51.82787-19/565081383_18513118828067760_6033763762758370231_n.jpg?stp=dst-jpg_s150x150_tt6&_nc_cat=107&ccb=7-5&_nc_sid=f7ccc5&efg=eyJ2ZW5jb2RlX3RhZyI6InByb2ZpbGVfcGljLnd3dy4xMDgwLkMzIn0%3D&_nc_ohc=-p-ZMg1Jw_sQ7kNvwEyAiDK&_nc_oc=Adqb_ikKHQgZeggJWhs_7spIzW3m29uWsIDb2Ux7p4-DiiR2exvIASQTI5PMS7dO4pE&_nc_zt=24&_nc_ht=scontent-iad6-1.cdninstagram.com&_nc_gid=Z6XOCvM3wsERsQLeVDfe1A&_nc_ss=72689&oh=00_AQAAhwtnxpwDDmDMBwna1t8G1lsvMpDccnZRyQ2tLg2XBQ&oe=6A5E88C8', 'timestamp': '2023-06-16T14:17:11.000Z', 'repliesCount': None, 'replies': None, 'likesCount': 2, 'owner': {'username': 'dridi.oumayma', 'profile_pic_url': 'https://scontent-iad6-1.cdninstagram.com/v/t51.82787-19/565081383_18513118828067760_6033763762758370231_n.jpg?stp=dst-jpg_s150x150_tt6&_nc_cat=107&ccb=7-5&_nc_sid=f7ccc5&efg=eyJ2ZW5jb2RlX3RhZyI6InByb2ZpbGVfcGljLnd3dy4xMDgwLkMzIn0%3D&_nc_ohc=-p-ZMg1Jw_sQ7kNvwEyAiDK&_nc_oc=Adqb_ikKHQgZeggJWhs_7spIzW3m29uWsIDb2Ux7p4-DiiR2exvIASQTI5PMS7dO4pE&_nc_zt=24&_nc_ht=scontent-iad6-1.cdninstagram.com&_nc_gid=Z6XOCvM3wsERsQLeVDfe1A&_nc_ss=72689&oh=00_AQAAhwtnxpwDDmDMBwna1t8G1lsvMpDccnZRyQ2tLg2XBQ&oe=6A5E88C8', 'is_verified': False, 'id': '1969659759', 'full_name': None, 'is_mentionable': None, 'is_private': None, 'profile_pic_id': None, 'latest_reel_media': None}}, {'id': '17940010196558452', 'text': '😂😂😂😂', 'ownerUsername': 'madini.nour', 'ownerProfilePicUrl': 'https://scontent-iad6-1.cdninstagram.com/v/t51.82787-19/710776864_18102599636082270_7517324112067790468_n.jpg?stp=dst-jpg_s150x150_tt6&_nc_cat=109&ccb=7-5&_nc_sid=f7ccc5&efg=eyJ2ZW5jb2RlX3RhZyI6InByb2ZpbGVfcGljLnd3dy4xMDgwLkMzIn0%3D&_nc_ohc=SZ5RhbeHD8MQ7kNvwEGfkY9&_nc_oc=AdpcN8EINzdoPBnfZdllAH_pAfIzl7f2XA6v-6n6qekEwFmwUL8KjUBY06rnyit2WLc&_nc_zt=24&_nc_ht=scontent-iad6-1.cdninstagram.com&_nc_gid=Z6XOCvM3wsERsQLeVDfe1A&_nc_ss=72689&oh=00_AQDKrTmWfA1u1JqekAUPq2EZTMg2gtDtPOLo6cEc5uOCgA&oe=6A5E9992', 'timestamp': '2023-06-15T21:15:42.000Z', 'repliesCount': None, 'replies': None, 'likesCount': 1, 'owner': {'username': 'madini.nour', 'profile_pic_url': 'https://scontent-iad6-1.cdninstagram.com/v/t51.82787-19/710776864_18102599636082270_7517324112067790468_n.jpg?stp=dst-jpg_s150x150_tt6&_nc_cat=109&ccb=7-5&_nc_sid=f7ccc5&efg=eyJ2ZW5jb2RlX3RhZyI6InByb2ZpbGVfcGljLnd3dy4xMDgwLkMzIn0%3D&_nc_ohc=SZ5RhbeHD8MQ7kNvwEGfkY9&_nc_oc=AdpcN8EINzdoPBnfZdllAH_pAfIzl7f2XA6v-6n6qekEwFmwUL8KjUBY06rnyit2WLc&_nc_zt=24&_nc_ht=scontent-iad6-1.cdninstagram.com&_nc_gid=Z6XOCvM3wsERsQLeVDfe1A&_nc_ss=72689&oh=00_AQDKrTmWfA1u1JqekAUPq2EZTMg2gtDtPOLo6cEc5uOCgA&oe=6A5E9992', 'is_verified': False, 'id': '32422706269', 'full_name': None, 'is_mentionable': None, 'is_private': None, 'profile_pic_id': None, 'latest_reel_media': None}}, {'id': '18182964049263894', 'text': '@guirat_omaima 3amel fikom hahahhaha 😂😂😂', 'ownerUsername': 'elhamdi__ayuuub', 'ownerProfilePicUrl': 'https://scontent-iad3-1.cdninstagram.com/v/t51.82787-19/551318598_18427889539103824_5707750729594402937_n.jpg?stp=dst-jpg_s150x150_tt6&_nc_cat=108&ccb=7-5&_nc_sid=f7ccc5&efg=eyJ2ZW5jb2RlX3RhZyI6InByb2ZpbGVfcGljLnd3dy4xMDgwLkMzIn0%3D&_nc_ohc=19ixFqLJRpoQ7kNvwHC0I_p&_nc_oc=Adq9YQvG2xN_ihNt8weWbGFwyWsO73fckxoVW3gxeYQN0YaBaTytDvTaTFOAEs1HWZM&_nc_zt=24&_nc_ht=scontent-iad3-1.cdninstagram.com&_nc_gid=Z6XOCvM3wsERsQLeVDfe1A&_nc_ss=72689&oh=00_AQAYpHhxiuQ08-5ZTaE4KaNEX6pb6qxck-Zh7geI42fvHQ&oe=6A5E9140', 'timestamp': '2023-06-15T20:42:03.000Z', 'repliesCount': None, 'replies': None, 'likesCount': 0, 'owner': {'username': 'elhamdi__ayuuub', 'profile_pic_url': 'https://scontent-iad3-1.cdninstagram.com/v/t51.82787-19/551318598_18427889539103824_5707750729594402937_n.jpg?stp=dst-jpg_s150x150_tt6&_nc_cat=108&ccb=7-5&_nc_sid=f7ccc5&efg=eyJ2ZW5jb2RlX3RhZyI6InByb2ZpbGVfcGljLnd3dy4xMDgwLkMzIn0%3D&_nc_ohc=19ixFqLJRpoQ7kNvwHC0I_p&_nc_oc=Adq9YQvG2xN_ihNt8weWbGFwyWsO73fckxoVW3gxeYQN0YaBaTytDvTaTFOAEs1HWZM&_nc_zt=24&_nc_ht=scontent-iad3-1.cdninstagram.com&_nc_gid=Z6XOCvM3wsERsQLeVDfe1A&_nc_ss=72689&oh=00_AQAYpHhxiuQ08-5ZTaE4KaNEX6pb6qxck-Zh7geI42fvHQ&oe=6A5E9140', 'is_verified': False, 'id': '3040335823', 'full_name': None, 'is_mentionable': None, 'is_private': None, 'profile_pic_id': None, 'latest_reel_media': None}}, {'id': '17999235523905363', 'text': 'Jouji VS Foufa 🔥😂 @jihen.balti  @feres.ms', 'ownerUsername': 'maryem.benlaghaa', 'ownerProfilePicUrl': 'https://scontent-iad3-1.cdninstagram.com/v/t51.82787-19/655506791_18573162526014047_6666766557106418859_n.jpg?stp=dst-jpg_s150x150_tt6&_nc_cat=110&ccb=7-5&_nc_sid=f7ccc5&efg=eyJ2ZW5jb2RlX3RhZyI6InByb2ZpbGVfcGljLnd3dy4xMDgwLkMzIn0%3D&_nc_ohc=QFkuDVJ_owEQ7kNvwEO0mTR&_nc_oc=AdpbGPvqfM2dia-s4SS-UIRuA9oAsc9Mo0ft3FLyDJfYDECJF8kxXcT4sxMMuhMmZRI&_nc_zt=24&_nc_ht=scontent-iad3-1.cdninstagram.com&_nc_gid=Z6XOCvM3wsERsQLeVDfe1A&_nc_ss=72689&oh=00_AQATQ2-IfMk4fokSCF729EF4-RaVMMcy0p31GaET46uS1w&oe=6A5E96DE', 'timestamp': '2023-06-15T20:00:52.000Z', 'repliesCount': None, 'replies': None, 'likesCount': 2, 'owner': {'username': 'maryem.benlaghaa', 'profile_pic_url': 'https://scontent-iad3-1.cdninstagram.com/v/t51.82787-19/655506791_18573162526014047_6666766557106418859_n.jpg?stp=dst-jpg_s150x150_tt6&_nc_cat=110&ccb=7-5&_nc_sid=f7ccc5&efg=eyJ2ZW5jb2RlX3RhZyI6InByb2ZpbGVfcGljLnd3dy4xMDgwLkMzIn0%3D&_nc_ohc=QFkuDVJ_owEQ7kNvwEO0mTR&_nc_oc=AdpbGPvqfM2dia-s4SS-UIRuA9oAsc9Mo0ft3FLyDJfYDECJF8kxXcT4sxMMuhMmZRI&_nc_zt=24&_nc_ht=scontent-iad3-1.cdninstagram.com&_nc_gid=Z6XOCvM3wsERsQLeVDfe1A&_nc_ss=72689&oh=00_AQATQ2-IfMk4fokSCF729EF4-RaVMMcy0p31GaET46uS1w&oe=6A5E96DE', 'is_verified': False, 'id': '1535566046', 'full_name': None, 'is_mentionable': None, 'is_private': None, 'profile_pic_id': None, 'latest_reel_media': None}}]",1332,750,https://scontent-den2-1.cdninstagram.com/v/t51.71878-15/499892553_2183249615433564_6461714427292453651_n.jpg?stp=dst-jpg_e15_tt6&_nc_ht=scontent-den2-1.cdninstagram.com&_nc_cat=100&_nc_oc=Q6cZ2gFoctMs_2oPjZKLiLRimtldjhKXZgyv8Tq9uoUP5sdeggQaq6_iTCgUgqN80gfMU5M&_nc_ohc=ZPo16Zqm9NEQ7kNvwEv5CDQ&_nc_gid=R8vjapWIRVFOMWYRPzPF2g&edm=ADp7STQBAAAA&ccb=7-5&oh=00_AQDF_h49MUbCeFVEBoAAlDTmkNvvgDAHmuQL3AHWT61pxw&oe=6A5E8DA0&_nc_sid=c6f216,[],"Video by We Create on June 15, 2023.",45,2023-06-15T19:50:57.000Z,[],We Create,we_create_agency,54491378174,False,https://www.instagram.com/we_create_agency/,1244,700,clips,"Ariana, Tunisia",236348670,,https://scontent-iad6-1.cdninstagram.com/o1/v/t2/f2/m82/AQNxKwbjFG0nY8ka2HLV6J5DoII0AFtNA-vvP16KlOUPsmYYxD3ZwjKocRNjCQdG622o5gky_wOkPVLUtSHsNeuKzqAsv2vGe4dXaS8.mp4?_nc_cat=102&_nc_sid=5e9851&_nc_ht=scontent-iad6-1.cdninstagram.com&_nc_ohc=Kat42zDTJR0Q7kNvwHXeQez&efg=eyJ2ZW5jb2RlX3RhZyI6Inhwdl9wcm9ncmVzc2l2ZS5JTlNUQUdSQU0uQ0xJUFMuQzMuNzAwLmRhc2hfYmFzZWxpbmVfMV92MSIsInhwdl9hc3NldF9pZCI6MTY5OTU1NTk1NzEzNjI2OCwiYXNzZXRfYWdlX2RheXMiOjExMjYsInZpX3VzZWNhc2VfaWQiOjEwMDk5LCJkdXJhdGlvbl9zIjozMSwidXJsZ2VuX3NvdXJjZSI6Ind3dyJ9&ccb=17-1&vs=80d4d89ab48200a5&_nc_vs=HBksFQIYT2lnX3hwdl9yZWVsc19wZXJtYW5lbnRfcHJvZC8wMDQwRjhGNDc2RjZBNDZFN0NFNzY3OUJERjJDMzdCRF92aWRlb19kYXNoaW5pdC5tcDQVAALIARIAFQIYOnBhc3N0aHJvdWdoX2V2ZXJzdG9yZS9HUGtiR3hVTmVJZ0tmS1lFQUxMdkhNc2Znd1JTYnFfRUFBQUYVAgLIARIAKAAYABsCiAd1c2Vfb2lsATEScHJvZ3Jlc3NpdmVfcmVjaXBlATEVAAAmmO7O0ZbvhAYVAigCQzMsF0A_mZmZmZmaGBJkYXNoX2Jhc2VsaW5lXzFfdjERAHX-B2XmnQEA&_nc_gid=Z6XOCvM3wsERsQLeVDfe1A&_nc_ss=72689&_nc_zt=28&oh=00_AQC4Mz-3buFNVn9HcB-66BnSv0Cqq_5_eXV3bVStJ5WlDg&oe=6A5A86AB,956,,31.6,"{'artist_name': 'we_create_agency', 'song_name': 'Original audio', 'uses_original_audio': True, 'should_mute_audio': False, 'should_mute_audio_reason': '', 'audio_id': '315253467491815'}",1417,,
3799995967965580165,Video,DS8TDMagUuF,"While everyone celebrates 2026… 🎉
We’re already analysing it. 📊🔍",[],[],https://www.instagram.com/p/DS8TDMagUuF/,0,,[],1920,1080,https://scontent-dfw5-2.cdninstagram.com/v/t51.82787-15/609175075_18394912039177639_5740503259007191370_n.jpg?stp=dst-jpg_e15_fr_p1080x1080_tt6&_nc_ht=scontent-dfw5-2.cdninstagram.com&_nc_cat=107&_nc_oc=Q6cZ2gEmix146InHTJQQit-2HG_DVGghFx9kbCsUo_qEL5h78rUAr9EqjYZO_yTNU8V9kaI&_nc_ohc=h3zRRMwh6T4Q7kNvwEAYeDj&_nc_gid=H3Dgk1XdIenuRbWoJlx6ZQ&edm=ADp7STQBAAAA&ccb=7-5&oh=00_AQAPYTzexFQxVROQdvOA9-x7-UDoW8yNGZ7k1-UmR0pU3Q&oe=6A5E9B65&_nc_sid=c6f216,[],"Video by Kyubi.digital on December 31, 2025.",12,2025-12-31T21:01:04.000Z,[],Kyubi.digital,kyubi.digital,5331673638,False,https://www.instagram.com/kyubi.digital/,640,360,clips,,,,https://scontent-ord5-1.cdninstagram.com/o1/v/t2/f2/m86/AQN-7OX5jacTyuzJdwh_jVXAdgUItc_Sl9ldHFuAFsupYFykO8OCNJMuxy7Q5pFhwNG1sxKJeAJWT7au7LOtcUlO-z9EZ59Cxgm_2uw.mp4?_nc_cat=111&_nc_sid=5e9851&_nc_ht=scontent-ord5-1.cdninstagram.com&_nc_ohc=SKZs_voquVYQ7kNvwFsSOsE&efg=eyJ2ZW5jb2RlX3RhZyI6Inhwdl9wcm9ncmVzc2l2ZS5JTlNUQUdSQU0uQ0xJUFMuQzMuMzYwLmRhc2hfYmFzZWxpbmVfM192MSIsInhwdl9hc3NldF9pZCI6MTQzMTg4MTY4ODQ1MTM4MiwiYXNzZXRfYWdlX2RheXMiOjE5NiwidmlfdXNlY2FzZV9pZCI6MTAwOTksImR1cmF0aW9uX3MiOjEzLCJ1cmxnZW5fc291cmNlIjoid3d3In0%3D&ccb=17-1&vs=849f3e38739cadc1&_nc_vs=HBksFQIYUmlnX3hwdl9yZWVsc19wZXJtYW5lbnRfc3JfcHJvZC85NzQ5OTc2MDJCNDA4OUE3QzlFODlBNEU5MzY5N0Y5Rl92aWRlb19kYXNoaW5pdC5tcDQVAALIARIAFQIYR2lnX3hwdl9yZWVsc19wZXJtYW5lbnRfc3JfcHJvZC8xMjgyNzU4ODM2OTQ2MDU0XzYzNjUyMzc4MDc4Nzg4NDU2NTYubXA0FQICyAESACgAGAAbAogHdXNlX29pbAExEnByb2dyZXNzaXZlX3JlY2lwZQExFQAAJuyktPa9kosFFQIoAkMzLBdAKhT987ZFohgSZGFzaF9iYXNlbGluZV8zX3YxEQB1_gdl5p0BAA&_nc_gid=tJ6o7dYSpRfJbiV7q4aA6Q&_nc_ss=7c689&_nc_zt=28&oh=00_AQCk_dgtLPn1e2tjJgmtobglQ9sG9WUteUbUnXo0YOZitQ&oe=6A5AA564,117,https://scontent-ord5-3.cdninstagram.com/o1/v/t2/f2/m86/AQPlxbsBLjSzXJPu-65mJVr1QLObno4QlDVRCV9T1aqzyXmvOiCOdNiLSzRi3cIGujTZjS5ybpLs56kP1b4k2CSS.mp4?_nc_cat=109&_nc_sid=9ca052&_nc_ht=scontent-ord5-3.cdninstagram.com&_nc_ohc=gsYBhs2QFuEQ7kNvwHERpcH&efg=eyJ2ZW5jb2RlX3RhZyI6ImlnLXhwdmRzLmNsaXBzLmlnd3d3LUMzLmRhc2hfbG5faGVhYWNfdmJyM19hdWRpbyIsInZpZGVvX2lkIjpudWxsLCJvaWxfdXJsZ2VuX2FwcF9pZCI6OTM2NjE5NzQzMzkyNDU5LCJjbGllbnRfbmFtZSI6ImlnIiwieHB2X2Fzc2V0X2lkIjoxNDMxODgxNjg4NDUxMzgyLCJhc3NldF9hZ2VfZGF5cyI6MTk2LCJ2aV91c2VjYXNlX2lkIjoxMDA5OSwiZHVyYXRpb25fcyI6MTMsImJpdHJhdGUiOjY5MjYxLCJ1cmxnZW5fc291cmNlIjoid3d3In0%3D&ccb=17-1&_nc_gid=tJ6o7dYSpRfJbiV7q4aA6Q&_nc_ss=7c689&_nc_zt=28&oh=00_AQDcjMSh9OnxeJxXFEF6i4_jcyFTBRIOAWKqtxEP6idA9A&oe=6A5A748D,13.041,"{'artist_name': 'Chic', 'song_name': 'Le Freak', 'uses_original_audio': False, 'should_mute_audio': False, 'should_mute_audio_reason': '', 'audio_id': '2011813242444902'}",590,,
3460726149670552999,Image,DAG-BjwBMWn,"Bienvenue chez "" Ija Taw "" votre partenaire en transformation digital 🤩

Nos expertises : Création de contenu | Développement web | Gestion stratégique des réseaux sociaux | Conseil et accompagnement | Formations professionnelles | Production audiovisuelle

Nous vous guidons vers l’excellence à chaque étape. 🚀

#IjaTaw #TransformationDigitale #DéveloppementWeb #StratégieDigitale #ProductionAudiovisuelle #FormationProfessionnelle #Accompagnement","['IjaTaw', 'TransformationDigitale', 'DéveloppementWeb', 'StratégieDigitale', 'ProductionAudiovisuelle', 'FormationProfessionnelle', 'Accompagnement']",[],https://www.instagram.com/p/DAG-BjwBMWn/,0,,[],1080,1080,https://instagram.fagc3-2.fna.fbcdn.net/v/t39.30808-6/460357517_512743291697021_7600267382192084342_n.jpg?stp=dst-jpg_e15_fr_s1080x1080_tt6&_nc_ht=instagram.fagc3-2.fna.fbcdn.net&_nc_cat=105&_nc_oc=Q6cZ2gGGOAe4MJCd0_5-iT89Tg7JqzRnagWtYIu0kqX1sGnO4spjqbJd2-CBXosH22_0oU8&_nc_ohc=Z6Khsr2bls8Q7kNvwFYVpWS&_nc_gid=xUohpdXPtAI88khz7qSZJg&edm=ADp7STQAAAAA&ccb=7-5&oh=00_AQCCQQgMW_TjgBkNr5Lv4pMFvbFhxZ8vNavi9sEoYsBS-A&oe=6A5E8863&_nc_sid=c6f216,[],"Photo by Ija taw إيجا تو on September 19, 2024.",2,2024-09-19T18:32:07.000Z,[],Ija taw إيجا تو,ija.taw,57951608014,False,https://www.instagram.com/ija.taw/,1080,1080,feed,,,,,,,,,,,
3817315780396755111,Video,DT51HouCqin,"Nous sommes ravis de lancer la campagne publicitaire Selimat 🚀

Ce projet a démarré par la modélisation 3D des produits, suivie du développement du site e-commerce, du référencement, de la gestion des réseaux sociaux, de l’achat média et de la création graphique, pour se conclure par une stratégie de marketing d’influence @saydouda .

Nous remercions chaleureusement @selimat_matelas Selimat pour sa confiance.

#Selimat #MarketingDigital #Ecommerce #3DModeling #SocialMedia MediaBuying InfluenceMarketing CréationGraphique DigitalCampaign","['Selimat', 'MarketingDigital', 'Ecommerce', '3DModeling', 'SocialMedia']","['saydouda', 'selimat_matelas']",https://www.instagram.com/p/DT51HouCqin/,2,😍😍😍,"[{'id': '17948663442093934', 'text': '😍😍😍', 'ownerUsername': 'asma_ben.jemia', 'ownerProfilePicUrl': 'https://scontent-lga3-3.cdninstagram.com/v/t51.82787-19/525950337_18519470884036156_3082643898982575052_n.jpg?stp=dst-jpg_s150x150_tt6&_nc_cat=106&ccb=7-5&_nc_sid=f7ccc5&efg=eyJ2ZW5jb2RlX3RhZyI6InByb2ZpbGVfcGljLnd3dy4xMDgwLkMzIn0%3D&_nc_ohc=QuKOOtOZnwEQ7kNvwEj0rv6&_nc_oc=AdobI2ez_8QqQx7qX8P85OWf3PhUIYIN0nD62CkGTmoczotkdc5xQ5MqquKEBc7v5nA&_nc_zt=24&_nc_ht=scontent-lga3-3.cdninstagram.com&_nc_gid=54b1ugX1g2xpbyKebNpLFA&_nc_ss=7c289&oh=00_AQCOjeT8jzBb8Ey-dzLb7hwPbWwVvR8WjjkN-j6qlTm33w&oe=6A5E9DE1', 'timestamp': '2026-01-24T20:56:15.000Z', 'repliesCount': None, 'replies': None, 'likesCount': 0, 'owner': {'username': 'asma_ben.jemia', 'profile_pic_url': 'https://scontent-lga3-3.cdninstagram.com/v/t51.82787-19/525950337_18519470884036156_3082643898982575052_n.jpg?stp=dst-jpg_s150x150_tt6&_nc_cat=106&ccb=7-5&_nc_sid=f7ccc5&efg=eyJ2ZW5jb2RlX3RhZyI6InByb2ZpbGVfcGljLnd3dy4xMDgwLkMzIn0%3D&_nc_ohc=QuKOOtOZnwEQ7kNvwEj0rv6&_nc_oc=AdobI2ez_8QqQx7qX8P85OWf3PhUIYIN0nD62CkGTmoczotkdc5xQ5MqquKEBc7v5nA&_nc_zt=24&_nc_ht=scontent-lga3-3.cdninstagram.com&_nc_gid=54b1ugX1g2xpbyKebNpLFA&_nc_ss=7c289&oh=00_AQCOjeT8jzBb8Ey-dzLb7hwPbWwVvR8WjjkN-j6qlTm33w&oe=6A5E9DE1', 'is_verified': True, 'id': '1588772155', 'full_name': None, 'is_mentionable': None, 'is_private': None, 'profile_pic_id': None, 'latest_reel_media': None}}]",1138,640,https://scontent-hou1-1.cdninstagram.com/v/t51.71878-15/621376705_1253507410254475_6918030708379619829_n.jpg?stp=dst-jpg_e15_tt6&_nc_ht=scontent-hou1-1.cdninstagram.com&_nc_cat=107&_nc_oc=Q6cZ2gGTfpk8Fa581CHCSV8SSAy3VOGbDLbJlDxE1MUdPQq6mMiOezIPFUKF5mOAj3KlWuk&_nc_ohc=UsKcmfs_T0MQ7kNvwGj64Y3&_nc_gid=02KHm0k6J0PbM_zPTll8fg&edm=ADp7STQBAAAA&ccb=7-5&oh=00_AQA_3AAbJZt7_BDl58jxH7e1LmGRmxJo317i1u3uhN8NAA&oe=6A5E9014&_nc_sid=c6f216,[],"Video by MUSE on January 24, 2026.",18,2026-01-24T18:37:05.000Z,[],MUSE,muse_agency,408328146,False,https://www.instagram.com/muse_agency/,854,480,clips,,,,https://scontent-lga3-2.cdninstagram.com/o1/v/t16/f2/m69/AQOrademjyS37-3CqiyaIKT3GI98iyT0H-o1zzGxqeEIhUWAUwx_tVRA4uI-GA9YoYGbsAaxXWIJbBvLEqpc3w4d.mp4?strext=1&_nc_cat=105&_nc_sid=5e9851&_nc_ht=scontent-lga3-2.cdninstagram.com&_nc_ohc=DqqNsbNI6XoQ7kNvwGis-V7&efg=eyJ2ZW5jb2RlX3RhZyI6Inhwdl9wcm9ncmVzc2l2ZS5JTlNUQUdSQU0uQ0xJUFMuQzMuNDgwLmRhc2hfYmFzZWxpbmVfMV92MSIsInhwdl9hc3NldF9pZCI6MTg1NzM0MzY3MzUwMDgxNDcsImFzc2V0X2FnZV9kYXlzIjoxNzIsInZpX3VzZWNhc2VfaWQiOjEwMDk5LCJkdXJhdGlvbl9zIjo4NiwidXJsZ2VuX3NvdXJjZSI6Ind3dyJ9&ccb=17-1&vs=d30f33cf6064b9b9&_nc_vs=HBksFQIYOnBhc3N0aHJvdWdoX2V2ZXJzdG9yZS9HQlo0NHlRTDctRU42U2xjQU9QYWFFNDkxb1lXYnNwVEFRQUYVAALIARIAFQIYUWlnX3hwdl9wbGFjZW1lbnRfcGVybWFuZW50X3YyLzY0NDZGMjEyRkNBN0U4RkE3MEZBNTI3NkE2N0M4QTk4X2F1ZGlvX2Rhc2hpbml0Lm1wNBUCAsgBEgAoABgAGwKIB3VzZV9vaWwBMRJwcm9ncmVzc2l2ZV9yZWNpcGUBMRUAACamtsmtp5z-QRUCKAJDMywXQFWxBiTdLxsYEmRhc2hfYmFzZWxpbmVfMV92MREAdf4HZeadAQA&_nc_gid=54b1ugX1g2xpbyKebNpLFA&_nc_ss=7c689&_nc_zt=28&oh=00_AQDIB6CmMsm2hrYfZoknvXQJz5y6cxvYUg_CP3-ElsDSkg&oe=6A5E9D97,578,https://scontent-lga3-3.cdninstagram.com/o1/v/t2/f2/m78/AQMrqC0y1VmiPoMKXi4Cn1Jb5Hzn7RLR99eyC7KNt76xhKh_hkm_7SDQAWH5uZZWPV1HU3SN6YoFOmEre3K6xBD-Rvwx-Eeq71KqB_4.mp4?_nc_cat=104&_nc_sid=9ca052&_nc_ht=scontent-lga3-3.cdninstagram.com&_nc_ohc=L6L1_Xuedk4Q7kNvwEGTFzx&efg=eyJ2ZW5jb2RlX3RhZyI6ImlnLXhwdmRzLmNsaXBzLmlnd3d3LUMzLmRhc2hfbG5faGVhYWNfdmJyM19hdWRpbyIsInZpZGVvX2lkIjpudWxsLCJvaWxfdXJsZ2VuX2FwcF9pZCI6OTM2NjE5NzQzMzkyNDU5LCJjbGllbnRfbmFtZSI6ImlnIiwieHB2X2Fzc2V0X2lkIjoxODU3MzQzNjczNTAwODE0NywiYXNzZXRfYWdlX2RheXMiOjE3MiwidmlfdXNlY2FzZV9pZCI6MTAwOTksImR1cmF0aW9uX3MiOjg2LCJiaXRyYXRlIjo2NjA0OSwidXJsZ2VuX3NvdXJjZSI6Ind3dyJ9&ccb=17-1&_nc_gid=54b1ugX1g2xpbyKebNpLFA&_nc_ss=7c689&_nc_zt=28&oh=00_AQBpAhJfuoTHxIizSTiSU80-fYqL0qhsJTRr7GbHCaqOMw&oe=6A5AA085,86.766,"{'artist_name': 'muse_agency', 'song_name': 'Original audio', 'uses_original_audio': True, 'should_mute_audio': False, 'should_mute_audio_reason': '', 'audio_id': '25618922467774118'}",1741,,
3572325566397187932,Image,DGTcyz3Jodc,Boostons votre digital avec MYNDS. 💡,[],[],https://www.instagram.com/p/DGTcyz3Jodc/,0,,[],1350,1080,https://scontent-det1-1.cdninstagram.com/v/t39.30808-6/480539947_503275449481316_6491881546433288637_n.jpg?stp=dst-jpg_e15_fr_p1080x1080_tt6&_nc_ht=scontent-det1-1.cdninstagram.com&_nc_cat=108&_nc_oc=Q6cZ2gECO3MDYztZkrHt-GhH-AYsgsmdevof2AAjb7-aQ-MuQvRAKMs5Oc-xeaBCjleGeGs&_nc_ohc=BsUOAKA3yLkQ7kNvwEhwCia&_nc_gid=1KSzCaNObjgRRYmOYfaL8w&edm=ADp7STQAAAAA&ccb=7-5&oh=00_AQBG_Qe_1CVNqCQBIodV2ynS6W7LhAR8jIm3cyiYmdrn-g&oe=6A5E796E&_nc_sid=c6f216,[],"Photo by MYNDS on February 20, 2025.",4,2025-02-20T18:00:14.000Z,[],MYNDS,m.y.n.d.s,60016721646,False,https://www.instagram.com/m.y.n.d.s/,1350,1080,feed,,,,,,,,,,,
3570845759886555709,Image,DGOMUypv3o9,"Créativité & stratégie, c’est MYNDS. 🚀

#communicationdigitale #communication #marketingdigital #strategiedigitale #reseauxsociaux #communitymanager #businessenligne","['communicationdigitale', 'communication', 'marketingdigital', 'strategiedigitale', 'reseauxsociaux', 'communitymanager', 'businessenligne']",[],https://www.instagram.com/p/DGOMUypv3o9/,0,,[],1350,1080,https://scontent-mia3-2.cdninstagram.com/v/t39.30808-6/480240913_503273599481501_537740850787303464_n.jpg?stp=dst-jpg_e15_fr_p1080x1080_tt6&_nc_ht=scontent-mia3-2.cdninstagram.com&_nc_cat=105&_nc_oc=Q6cZ2gGs_NGWwC7zm4oHhgcOqgYvtEPOT8hEDJILbl4LeEXWa_4BEde73X7T9SideqP1o0o&_nc_ohc=w3beUXLknJ4Q7kNvwGUXejI&_nc_gid=UBiqX7RA80EbPhc7_fervg&edm=ADp7STQAAAAA&ccb=7-5&oh=00_AQBZOEg-LaqqZcdqHddQSuH--OixutVdezHu4bd0_r4j6Q&oe=6A5E9B88&_nc_sid=c6f216,[],"Photo by MYNDS on February 18, 2025.",5,2025-02-18T17:00:08.000Z,[],MYNDS,m.y.n.d.s,60016721646,False,https://www.instagram.com/m.y.n.d.s/,1350,1080,feed,,,,,,,,,,,
3581475866695934584,Image,DGz9VNGC6J4,,[],[],https://www.instagram.com/p/DGz9VNGC6J4/,0,,[],1350,1080,https://scontent-bos5-1.cdninstagram.com/v/t39.30808-6/480625593_503282709480590_8209307920369396836_n.jpg?stp=dst-jpg_e15_fr_p1080x1080_tt6&_nc_ht=scontent-bos5-1.cdninstagram.com&_nc_cat=102&_nc_oc=Q6cZ2gFs6idmbYkW1_h3AQ8mpbRkoRby8_xbDX5f3hJp-lXJ_4a061mUeF_yYYI914wEHDc&_nc_ohc=ERkYZkMBsD8Q7kNvwH6gqEN&_nc_gid=fTBOsdkDnqzUfzu-4UFtog&edm=ADp7STQAAAAA&ccb=7-5&oh=00_AQC9MRrr0kdyggMp6BXzzpeCLHNJYtkdEVwyC2xNhNh2Vw&oe=6A5E7D45&_nc_sid=c6f216,[],"Photo by MYNDS on March 05, 2025.",1,2025-03-05T09:00:16.000Z,[],MYNDS,m.y.n.d.s,60016721646,False,https://www.instagram.com/m.y.n.d.s/,1350,1080,feed,,,,,,,,,,,
3388293227755774173,Video,C8For0bPqDd,"Vous vous êtes déjà demandé d'où vient le nom Pi 2r ? 😊
Ce nom n'a pas été choisi au hasard ! Il fait référence à la formule mathématique :
Périmètre d'un cercle = Pi (π) * 2r (le diamètre du cercle)
Mais que signifie cette formule pour notre agence ?
➿ Elle symbolise notre offre à 360°, couvrant l'ensemble des services marketing digital.
🤝 Elle représente notre volonté d'entourer nos clients pour un accompagnement de A à Z.
💡 Le cercle illustre aussi le cycle vertueux de nos valeurs fondamentales :
Engagement => Collaboration => Justesse => Qualité => Reconnaissance => Engagement
En choisissant Pi 2r, nous affirmons une approche complète, rigoureuse et créative pour votre réussite !
Prêt à intégrer ce cercle vertueux avec nous ? 😉
#Pi2r #Valeurs #ServicesSurMesure #ExpertiseMarketing #StrategieDigitale","['Pi2r', 'Valeurs', 'ServicesSurMesure', 'ExpertiseMarketing', 'StrategieDigitale']",[],https://www.instagram.com/p/C8For0bPqDd/,0,,[],1920,1080,https://scontent-atl3-3.cdninstagram.com/v/t51.71878-15/503604538_963019949112523_2702601597152795905_n.jpg?stp=dst-jpg_e15_fr_p1080x1080_tt6&_nc_ht=scontent-atl3-3.cdninstagram.com&_nc_cat=107&_nc_oc=Q6cZ2gGbHYMYeCQwxLof1JlM02lIJ6gGzuTyfKG36srx_eZ-3bM6nCG7Oyaa10VvlGP1Kko&_nc_ohc=_bz5_lO1gk8Q7kNvwGLH7ka&_nc_gid=o_hHhin5WuhRGjMj6JK4xg&edm=ADp7STQBAAAA&ccb=7-5&oh=00_AQAo-fdo0RxbiM4uznW5DYYvzyDh6g892ZsrEgAebyVDGw&oe=6A5E801A&_nc_sid=c6f216,[],"Video by Pi2r on June 11, 2024.",2,2024-06-11T20:01:08.000Z,[],Pi2r,agence_pi2r,3982105280,False,https://www.instagram.com/agence_pi2r/,1280,720,clips,,,,https://scontent-ord5-3.cdninstagram.com/o1/v/t2/f2/m82/AQPlUvDhdjY_RpJ7Vmk1Vv-A8qdgAlQgFRgJqKOhvP-XoiTPOCGR1fMQuArzUQrSPI3CCXnz4Mr48bjMbV-sLGQKEaTC_BvLeq3DI4s.mp4?_nc_cat=108&_nc_sid=5e9851&_nc_ht=scontent-ord5-3.cdninstagram.com&_nc_ohc=DO3hyARJXbIQ7kNvwFdzz6M&efg=eyJ2ZW5jb2RlX3RhZyI6Inhwdl9wcm9ncmVzc2l2ZS5JTlNUQUdSQU0uQ0xJUFMuQzMuNzIwLmRhc2hfYmFzZWxpbmVfMV92MSIsInhwdl9hc3NldF9pZCI6NzQwNDk3NTkxMzY0NzYxLCJhc3NldF9hZ2VfZGF5cyI6NzY0LCJ2aV91c2VjYXNlX2lkIjoxMDA5OSwiZHVyYXRpb25fcyI6MywidXJsZ2VuX3NvdXJjZSI6Ind3dyJ9&ccb=17-1&vs=844eae1ba81bfc36&_nc_vs=HBksFQIYT2lnX3hwdl9yZWVsc19wZXJtYW5lbnRfcHJvZC82MDQwODZBMDE4RkY5ODVDQ0Q0QTIxNjJBNkE5RDBBRV92aWRlb19kYXNoaW5pdC5tcDQVAALIARIAFQIYOnBhc3N0aHJvdWdoX2V2ZXJzdG9yZS9HSTBpdUJySEw4UktuZ2tCQUkzUkk5Mm91VWRzYnFfRUFBQUYVAgLIARIAKAAYABsCiAd1c2Vfb2lsATEScHJvZ3Jlc3NpdmVfcmVjaXBlATEVAAAmsrKf_tDe0AIVAigCQzMsF0AJmZmZmZmaGBJkYXNoX2Jhc2VsaW5lXzFfdjERAHX-B2XmnQEA&_nc_gid=IXvwToFyMSAB4dW8EtZWrw&_nc_ss=7ca8c&_nc_map=urlgen_bucketless&_nc_zt=28&oh=00_AQCqhvbR4V1E54FH8PfEeq2-Mz7NhvQiBrcmV8OwzjZvpA&oe=6A5AA7E9,93,https://scontent-ord5-2.cdninstagram.com/o1/v/t16/f2/m69/AQOqt0RZpwDV7t0UK7dc1OBzZyfn26RHxKJ-p48y7MsuHCXgpkFoBKc4TvUPVBxT_L_qjmcpq4GRAUhDRBDK1_Vf.mp4?strext=1&_nc_cat=103&_nc_sid=9ca052&_nc_ht=scontent-ord5-2.cdninstagram.com&_nc_ohc=9yZ_1yrVX4YQ7kNvwHqzPSd&efg=eyJ2ZW5jb2RlX3RhZyI6ImlnLXhwdmRzLmNsaXBzLmlnd3d3LUMzLmRhc2hfbG5faGVhYWNfdmJyM19hdWRpbyIsInZpZGVvX2lkIjpudWxsLCJvaWxfdXJsZ2VuX2FwcF9pZCI6OTM2NjE5NzQzMzkyNDU5LCJjbGllbnRfbmFtZSI6ImlnIiwieHB2X2Fzc2V0X2lkIjo3NDA0OTc1OTEzNjQ3NjEsImFzc2V0X2FnZV9kYXlzIjo3NjQsInZpX3VzZWNhc2VfaWQiOjEwMDk5LCJkdXJhdGlvbl9zIjozLCJiaXRyYXRlIjo4Nzc5NCwidXJsZ2VuX3NvdXJjZSI6Ind3dyJ9&ccb=17-1&_nc_gid=IXvwToFyMSAB4dW8EtZWrw&_nc_ss=7ca8c&_nc_map=urlgen_bucketless&_nc_zt=28&oh=00_AQAEnSeLCql35y3IKXDT6-UgNGofP4n4Nrt2f7yFIXO7AQ&oe=6A5E74D1,3.2,"{'artist_name': 'Sabrina Carpenter', 'song_name': 'Espresso', 'uses_original_audio': False, 'should_mute_audio': False, 'should_mute_audio_reason': '', 'audio_id': '1467739367151376'}",386,,
3833265425052522954,Video,DUyfpg2CtnK,"Fiers d’avoir contribué à la création et au développement de la marque Azima.

De l’identité et l’ADN de la marque au design du packaging, en passant par le choix d’une bouteille sobre et élégante avec une calligraphie sur mesure, chaque détail a été pensé pour refléter son positionnement premium.

Nous avons également accompagné la marque dans le développement de son site web et sa présence au Gulfood à Dubaï.

Azima, une signature forte, prête à rayonner à l’international.

#Branding #Packaging #OliveOil #MuseAgency #Gulfood","['Branding', 'Packaging', 'OliveOil', 'MuseAgency', 'Gulfood']",[],https://www.instagram.com/p/DUyfpg2CtnK/,0,,[],360,640,https://scontent-lax3-2.cdninstagram.com/v/t51.71878-15/631562596_1569570077597598_2278340955908284699_n.jpg?stp=dst-jpg_e15_tt6&_nc_ht=scontent-lax3-2.cdninstagram.com&_nc_cat=106&_nc_oc=Q6cZ2gFlk7ax0dlYrotNSGAbpdqpwZMKJmVtVzEVy-XqGEGFxLiZ773Cr5jwkf3rDwsajiU&_nc_ohc=c4PF6qBGNMIQ7kNvwECM-Xt&_nc_gid=qcVwnGWGpfDP5K5IzJsz7w&edm=ADp7STQBAAAA&ccb=7-5&oh=00_AQCO7TLybQfBuaOYEkz8ELFrLouXs-5fngq2K9Cv2UusCg&oe=6A5E73AE&_nc_sid=c6f216,[],"Video by MUSE on February 15, 2026.",9,2026-02-15T18:44:04.000Z,[],MUSE,muse_agency,408328146,False,https://www.instagram.com/muse_agency/,1080,1916,clips,,,,https://scontent-dfw5-1.cdninstagram.com/o1/v/t16/f2/m69/AQOUwsS19woWgLR58ZHPxgp7X26IEWyWRCgjBnIGidFl2bKX29mHpzUlPMPB_Si8DxjDVAkWe8ryqA29nHop_HpU.mp4?strext=1&_nc_cat=111&_nc_sid=5e9851&_nc_ht=scontent-dfw5-1.cdninstagram.com&_nc_ohc=mIExlMIG4jwQ7kNvwEV2xOU&efg=eyJ2ZW5jb2RlX3RhZyI6Inhwdl9wcm9ncmVzc2l2ZS5JTlNUQUdSQU0uQ0xJUFMuQzMuMTI3Ni5kYXNoX2Jhc2VsaW5lXzFfdjEiLCJ4cHZfYXNzZXRfaWQiOjE4NTgwNzI3OTY1MDA4MTQ3LCJhc3NldF9hZ2VfZGF5cyI6MTUwLCJ2aV91c2VjYXNlX2lkIjoxMDA5OSwiZHVyYXRpb25fcyI6NjcsInVybGdlbl9zb3VyY2UiOiJ3d3cifQ%3D%3D&ccb=17-1&vs=3ee1633fb26f0f35&_nc_vs=HBksFQIYOnBhc3N0aHJvdWdoX2V2ZXJzdG9yZS9HUHNYdVNYYWswazlTdndGQVBKZC03QVdkLVFHYnNwVEFRQUYVAALIARIAFQIYUWlnX3hwdl9wbGFjZW1lbnRfcGVybWFuZW50X3YyLzMxNEU4MEExREI2NTA3MUJEMUE5RDQyMkRFMERDQTk1X2F1ZGlvX2Rhc2hpbml0Lm1wNBUCAsgBEgAoABgAGwKIB3VzZV9vaWwBMRJwcm9ncmVzc2l2ZV9yZWNpcGUBMRUAACamhK6g28SBQhUCKAJDMywXQFDlT987ZFoYEmRhc2hfYmFzZWxpbmVfMV92MREAdf4HZeadAQA&_nc_gid=kV5YlGLYu5nANcAuV7vlew&_nc_ss=7ca8c&_nc_zt=28&oh=00_AQD6qbrygiG7VcABODRDUFyGgOxELgmw8DISAMaC6NiNRw&oe=6A5E7AE5,187,https://scontent-dfw5-1.cdninstagram.com/o1/v/t2/f2/m78/AQM1Rj0ln0E9QHX20-wa1QcSlGUBQf_4AHW6lKKJ7O_ruJZ-X0SiaU-7j6mSP2uxciVIaiaStd3wa-5QNFiQLDUhjL_Dki-J-AywHX8.mp4?_nc_cat=106&_nc_sid=9ca052&_nc_ht=scontent-dfw5-1.cdninstagram.com&_nc_ohc=p0NfGrIFiCoQ7kNvwF4ZH2h&efg=eyJ2ZW5jb2RlX3RhZyI6ImlnLXhwdmRzLmNsaXBzLmlnd3d3LUMzLmRhc2hfbG5faGVhYWNfdmJyM19hdWRpbyIsInZpZGVvX2lkIjpudWxsLCJvaWxfdXJsZ2VuX2FwcF9pZCI6OTM2NjE5NzQzMzkyNDU5LCJjbGllbnRfbmFtZSI6ImlnIiwieHB2X2Fzc2V0X2lkIjoxODU4MDcyNzk2NTAwODE0NywiYXNzZXRfYWdlX2RheXMiOjE1MCwidmlfdXNlY2FzZV9pZCI6MTAwOTksImR1cmF0aW9uX3MiOjY3LCJiaXRyYXRlIjo3MTAwNywidXJsZ2VuX3NvdXJjZSI6Ind3dyJ9&ccb=17-1&_nc_gid=kV5YlGLYu5nANcAuV7vlew&_nc_ss=7ca8c&_nc_zt=28&oh=00_AQDtacEkthgQo80H8PU7gz_rXS1x-YDGHLD0RScZW6ayKg&oe=6A5A9AFF,67.583,"{'artist_name': 'muse_agency', 'song_name': 'Original audio', 'uses_original_audio': True, 'should_mute_audio': False, 'should_mute_audio_reason': '', 'audio_id': '26271696915757447'}",792,,
3867068280560747755,Image,DWqlhzRAQTr,"Optimisez votre relation client avec un 𝗖𝗥𝗠 conçu sur mesure pour votre entreprise.
Chez Web Media-International  nous concevons des CRM sur mesure adaptés à vos processus métier et connectés à votre écosystème digital.
✅ 𝗖𝗲𝗻𝘁𝗿𝗮𝗹𝗶𝘀𝗮𝘁𝗶𝗼𝗻 𝗱𝗲𝘀 𝗱𝗼𝗻𝗻𝗲́𝗲𝘀 𝗰𝗹𝗶𝗲𝗻𝘁𝘀
✅ 𝗔𝘂𝘁𝗼𝗺𝗮𝘁𝗶𝘀𝗮𝘁𝗶𝗼𝗻 𝗱𝘂 𝘀𝘂𝗶𝘃𝗶 𝗰𝗼𝗺𝗺𝗲𝗿𝗰𝗶𝗮𝗹
✅ 𝗥𝗲𝗽𝗼𝗿𝘁𝗶𝗻𝗴 𝗲𝘁 𝗽𝗶𝗹𝗼𝘁𝗮𝗴𝗲 𝗲𝗻 𝘁𝗲𝗺𝗽𝘀 𝗿𝗲́𝗲𝗹
Contactez-nous 📞 (+216) 29 5 95 5 64 | 29 8 88 0 79
🌐 webmedia-tunisie.com

#CRM #WebMediaTunisie #GestionCommerciale","['CRM', 'WebMediaTunisie', 'GestionCommerciale']",[],https://www.instagram.com/p/DWqlhzRAQTr/,0,,[],1350,1080,https://instagram.fagc3-2.fna.fbcdn.net/v/t39.30808-6/657625699_1553324456795917_5861823284773289650_n.jpg?stp=dst-jpg_e15_fr_p1080x1080_tt6&_nc_ht=instagram.fagc3-2.fna.fbcdn.net&_nc_cat=101&_nc_oc=Q6cZ2gEauSzeRHX1Zq0wwGJ-O7KWCsskzugucZGkn8OB4Fp9-flxI9NHxupQzX5zVurLETM&_nc_ohc=DHcnJpcsTb8Q7kNvwHcxn3Q&_nc_gid=fcPfweVLAuYgRXr5ERAKyA&edm=ADp7STQAAAAA&ccb=7-5&oh=00_AQCkE0WtEJZ1d5DvDugxm6pyS3OdR6YlyAN1VPV65wsKCg&oe=6A5E67BF&_nc_sid=c6f216,[],"Photo by Web Media International on April 03, 2026.",6,2026-04-03T10:01:24.000Z,[],Web Media International,webmedia_international,62467280556,False,https://www.instagram.com/webmedia_international/,1350,1080,feed,,,,,,,,,,,
3470615567420096755,Video,DAqGnhwBADz,Le contenu est le moteur de votre marketing digital 💡💻 #MarketingDigital #StratégieDigitale #ContenuPertinent #MarketingDeContenu #ContentMarketing,"['MarketingDigital', 'StratégieDigitale', 'ContenuPertinent', 'MarketingDeContenu', 'ContentMarketing']",[],https://www.instagram.com/p/DAqGnhwBADz/,0,,[],1080,1080,https://scontent-xxc1-1.cdninstagram.com/v/t51.71878-15/502949975_1043160687769339_5843251277282266185_n.jpg?stp=dst-jpg_e35_s1080x1080_sh2.08_tt6&_nc_ht=scontent-xxc1-1.cdninstagram.com&_nc_cat=107&_nc_oc=Q6cZ2gEdUWCNUlbycCUuh1J4_SYT6yQRvTgwwemNL1YOWrKP9-XIuie_irpKKA_CP_fSGAA&_nc_ohc=bZ6E-YjmcEEQ7kNvwEjyjUm&_nc_gid=TojQiqjEbUOJ-CuY-KIjsg&edm=ADp7STQBAAAA&ccb=7-5&oh=00_AQB397f20vI5UaCfKgUuTmj-MigbkLY-3kB_VfY93iCKaw&oe=6A5E86E1&_nc_sid=c6f216,[],"Video by Ija taw إيجا تو on October 03, 2024.",2,2024-10-03T10:00:54.000Z,[],Ija taw إيجا تو,ija.taw,57951608014,False,https://www.instagram.com/ija.taw/,360,360,clips,,,,https://scontent-hou1-1.cdninstagram.com/o1/v/t2/f2/m86/AQOeymIax6A2zdrJq3MmFGDCs53T-1MmtkUO_FJApBflPTArk3_Di0-uD5t99-WuXJvR0t2ObgW0DNTp92ASg6dMpEbM0b28f3kJlxU.mp4?_nc_cat=106&_nc_sid=5e9851&_nc_ht=scontent-hou1-1.cdninstagram.com&_nc_ohc=59RRzlCGeqgQ7kNvwFtlrXX&efg=eyJ2ZW5jb2RlX3RhZyI6Inhwdl9wcm9ncmVzc2l2ZS5JTlNUQUdSQU0uQ0xJUFMuQzMuMzYwLmRhc2hfYmFzZWxpbmVfM192MSIsInhwdl9hc3NldF9pZCI6ODc5MjYzOTU3NDkyMzQ3LCJhc3NldF9hZ2VfZGF5cyI6NjUxLCJ2aV91c2VjYXNlX2lkIjoxMDA5OSwiZHVyYXRpb25fcyI6NCwidXJsZ2VuX3NvdXJjZSI6Ind3dyJ9&ccb=17-1&vs=da747c9f531b05e0&_nc_vs=HBksFQIYUmlnX3hwdl9yZWVsc19wZXJtYW5lbnRfc3JfcHJvZC9EOTQ5NTMyMTJEMjYzMTY0RDAwMDcyQTNFQzU4QjM4Nl92aWRlb19kYXNoaW5pdC5tcDQVAALIARIAFQIYOnBhc3N0aHJvdWdoX2V2ZXJzdG9yZS9HSDdZaFJ0RVJ5S3JGLUVCQUtZbldoT2pBZmc3YnFfRUFBQUYVAgLIARIAKAAYABsCiAd1c2Vfb2lsATEScHJvZ3Jlc3NpdmVfcmVjaXBlATEVAAAm9onN_fLrjwMVAigCQzMsF0ASIcrAgxJvGBJkYXNoX2Jhc2VsaW5lXzNfdjERAHX-B2XmnQEA&_nc_gid=p4BUkQ0b5WAYSZ_GjjISjg&_nc_ss=72a8c&_nc_zt=28&oh=00_AQDz7tmQ4E81GkJ92efhdNsO-36M7S7OznDSe2w2a09DrQ&oe=6A5A75E7,35,https://scontent-hou1-1.cdninstagram.com/o1/v/t16/f2/m69/AQM-uyk41XvTzAV0vbtCAPfU9PC1NFblKny9GkuThBrskfBq9EchxZTx5BknKusfqeKjTIWGKyyIto6gFK2z_Fjc.mp4?strext=1&_nc_cat=102&_nc_sid=9ca052&_nc_ht=scontent-hou1-1.cdninstagram.com&_nc_ohc=Gy-y-RVBAgsQ7kNvwHyesTy&efg=eyJ2ZW5jb2RlX3RhZyI6ImlnLXhwdmRzLmNsaXBzLmlnd3d3LUMzLmRhc2hfbG5faGVhYWNfdmJyM19hdWRpbyIsInZpZGVvX2lkIjpudWxsLCJvaWxfdXJsZ2VuX2FwcF9pZCI6OTM2NjE5NzQzMzkyNDU5LCJjbGllbnRfbmFtZSI6ImlnIiwieHB2X2Fzc2V0X2lkIjo4NzkyNjM5NTc0OTIzNDcsImFzc2V0X2FnZV9kYXlzIjo2NTEsInZpX3VzZWNhc2VfaWQiOjEwMDk5LCJkdXJhdGlvbl9zIjo0LCJiaXRyYXRlIjo0Nzc1NiwidXJsZ2VuX3NvdXJjZSI6Ind3dyJ9&ccb=17-1&_nc_gid=p4BUkQ0b5WAYSZ_GjjISjg&_nc_ss=72a8c&_nc_zt=28&oh=00_AQACUlz5uqJOhaIfgWnigUkObhfQz7jd8RsmA_EInwfBsQ&oe=6A5E939E,4.533,"{'artist_name': 'ija.taw', 'song_name': 'Original audio', 'uses_original_audio': True, 'should_mute_audio': False, 'should_mute_audio_reason': '', 'audio_id': '444902278040012'}",178,,
3172157141866936794,Video,CwFxB0csnna,"Social media manager is always ready 😂

#socialmedia #viralvideos #digital","['socialmedia', 'viralvideos', 'digital']",[],https://www.instagram.com/p/CwFxB0csnna/,0,,[],1333,750,https://scontent-hou1-1.cdninstagram.com/v/t51.71878-15/498284151_1215900739990882_2703939386342356704_n.jpg?stp=dst-jpg_e15_tt6&_nc_ht=scontent-hou1-1.cdninstagram.com&_nc_cat=110&_nc_oc=Q6cZ2gGi3P3Hw6-4hxJCKWcbI4hn8jvT2r30iwJD0loC2TWio17GOHu-rJkgt2XRyROhjmg&_nc_ohc=ideSWg_F_r8Q7kNvwE_mi_b&_nc_gid=biHFCkoqDYKax9Egp7pR_Q&edm=ADp7STQBAAAA&ccb=7-5&oh=00_AQDMXPswiKcmuY1bC2kMgvFcHr1YOhu133rZKLLL4lemSQ&oe=6A5E726A&_nc_sid=c6f216,[],"Video by We Create on August 18, 2023.",49,2023-08-18T14:59:56.000Z,[],We Create,we_create_agency,54491378174,False,https://www.instagram.com/we_create_agency/,1280,720,clips,,,,https://instagram.fboi1-1.fna.fbcdn.net/o1/v/t2/f2/m82/AQPkufGGqviin5Dy0OpOZ-RHIyLiene6TBrbNQ_ULPmlxbsfCi52s5x6KMWh8KbglhuL1HhItL60cDjlWFfgB2CAvxOJw1zo2AX_epA.mp4?_nc_cat=104&_nc_oc=Adprg0PrUjimeQEEqvfRxuDLpM755u5pMAy5tCn06KSb4fl535OFDnjM95Nm4a2IZQM&_nc_sid=9ca052&_nc_ht=instagram.fboi1-1.fna.fbcdn.net&_nc_ohc=fX5rtmZofD8Q7kNvwFKFslK&efg=eyJ2ZW5jb2RlX3RhZyI6ImlnLXhwdmRzLmNsaXBzLmlnd3d3LUMzLmRhc2hfYmFzZWxpbmVfMV92MSIsInZpZGVvX2lkIjpudWxsLCJvaWxfdXJsZ2VuX2FwcF9pZCI6OTM2NjE5NzQzMzkyNDU5LCJjbGllbnRfbmFtZSI6ImlnIiwieHB2X2Fzc2V0X2lkIjo4MTU0MjQ1NzY3MDUxNjksImFzc2V0X2FnZV9kYXlzIjoxMDYyLCJ2aV91c2VjYXNlX2lkIjoxMDA5OSwiZHVyYXRpb25fcyI6OCwiYml0cmF0ZSI6MTQ4NDM5OSwidXJsZ2VuX3NvdXJjZSI6Ind3dyJ9&ccb=17-1&_nc_gid=R775eNSN4-JXMuQZb-YboQ&_nc_ss=72a8c&_nc_zt=28&oh=00_AQCh2GXWR8YWeC2ZmUdRP9_xGI12QL9quIFNos0Q8vU7ng&oe=6A5AA539,1830,https://instagram.fboi1-1.fna.fbcdn.net/o1/v/t2/f2/m86/AQNWvrQW0-glyP-KgZExMgE05lcrvptqQj1VsoXCeIeZD612HcNf4B0Xdgd73WsJ1pN_hVTAto3Z6819G5BVAIs_.mp4?_nc_cat=103&_nc_oc=AdqMZlRYqH3Ufl_yT46RK5rFO3fW56GrKiIJiIWA9z7VfT4sOryRjA7Pe5OXzxG_vNE&_nc_sid=9ca052&_nc_ht=instagram.fboi1-1.fna.fbcdn.net&_nc_ohc=kRFnGlEH3wEQ7kNvwFQUnFm&efg=eyJ2ZW5jb2RlX3RhZyI6ImlnLXhwdmRzLmNsaXBzLmlnd3d3LUMzLmRhc2hfYmFzZWxpbmVfYXVkaW9fdjEiLCJ2aWRlb19pZCI6bnVsbCwib2lsX3VybGdlbl9hcHBfaWQiOjkzNjYxOTc0MzM5MjQ1OSwiY2xpZW50X25hbWUiOiJpZyIsInhwdl9hc3NldF9pZCI6ODE1NDI0NTc2NzA1MTY5LCJhc3NldF9hZ2VfZGF5cyI6MTA2MiwidmlfdXNlY2FzZV9pZCI6MTAwOTksImR1cmF0aW9uX3MiOjgsImJpdHJhdGUiOjY4NTU1LCJ1cmxnZW5fc291cmNlIjoid3d3In0%3D&ccb=17-1&_nc_gid=R775eNSN4-JXMuQZb-YboQ&_nc_ss=72a8c&_nc_zt=28&oh=00_AQB12l3vozPFmbPmdOrK5AN3mopZy6_0cdkTUjeLUMrLYg&oe=6A5A96CF,8.766,"{'artist_name': 'we_create_agency', 'song_name': 'Original audio', 'uses_original_audio': True, 'should_mute_audio': False, 'should_mute_audio_reason': '', 'audio_id': '1379205732953681'}",2638,,
3850713932680270441,Image,DVwe-t5DhJp,"🚀 𝗩𝗼𝘂𝘀 𝘃𝗼𝘂𝗹𝗲𝘇 ê𝘁𝗿𝗲 𝗡°𝟭 𝘀𝘂𝗿 𝗚𝗼𝗼𝗴𝗹𝗲 ? 𝗢𝗻 𝘀'𝗲𝗻 𝗼𝗰𝗰𝘂𝗽𝗲 !
Imaginez un client cherche votre service sur Google… et c'est VOUS qu'il trouve en premier. Pas votre concurrent. 
C'est exactement ce que fait Web Media International grâce à notre offre Puissance SEO !
🔍 Référencement naturel optimisé
📍 Visibilité locale boostée sur Google Maps
📈 Trafic qualifié qui se transforme en clients réels
🤖 Optimisation IA
💼 Résultats concrets et durables
Ne laissez plus vos concurrents prendre votre place sur Google.

👉𝗖𝗼𝗻𝘁𝗮𝗰𝘁𝗲𝘇-𝗻𝗼𝘂𝘀 𝗺𝗮𝗶𝗻𝘁𝗲𝗻𝗮𝗻𝘁 𝗽𝗼𝘂𝗿 𝘂𝗻 𝗮𝘂𝗱𝗶𝘁 𝗦𝗘𝗢 𝗚𝗥𝗔𝗧𝗨𝗜𝗧 !
📞+216 29 595 564 / 29 888 079

#SEO #RéférencementNaturel #WebMediaInternational #MarketingDigital","['SEO', 'RéférencementNaturel', 'WebMediaInternational', 'MarketingDigital']",[],https://www.instagram.com/p/DVwe-t5DhJp/,0,,[],1350,1080,https://scontent-bos5-1.cdninstagram.com/v/t39.30808-6/649183456_1533239135471116_533954361222934561_n.jpg?stp=dst-jpg_e15_fr_p1080x1080_tt6&_nc_ht=scontent-bos5-1.cdninstagram.com&_nc_cat=104&_nc_oc=Q6cZ2gF_ZGmrPf7V1IfGtcN-LxhRPUcAgYXz_RYnwfYlwAxQpVTwjFdY9gZX19wTN2CtKkE&_nc_ohc=UmhXG7rkRqIQ7kNvwFTiyK0&_nc_gid=JEluCIzms4Xqj-tF08pSAg&edm=ADp7STQAAAAA&ccb=7-5&oh=00_AQCzGiFm-cJj270hw5c5sYtUrEvFm0-g0ipe47UlHOMQHw&oe=6A5E812E&_nc_sid=c6f216,[],"Photo by Web Media International on March 11, 2026.",6,2026-03-11T20:28:14.000Z,[],Web Media International,webmedia_international,62467280556,False,https://www.instagram.com/webmedia_international/,1350,1080,feed,"Tunis, Tunisia",234469391,,,,,,,,,
3859376034332395948,Image,DWPQg4tCcms,"🚀 𝐕𝐨𝐭𝐫𝐞 𝐛𝐮𝐬𝐢𝐧𝐞𝐬𝐬 𝐦é𝐫𝐢𝐭𝐞 𝐝'ê𝐭𝐫𝐞 𝐯𝐮 𝐩𝐚𝐫𝐭𝐨𝐮𝐭 !
Les réseaux sociaux ne sont plus une option, c'est votre levier de croissance le plus puissant. Chaque plateforme est une opportunité de toucher vos clients là où ils sont.
Chez Web Media International on gère votre présence digitale de A à Z pour que votre business décolle vraiment 📈
👉 Contactez-nous dès aujourd'hui et obtenez votre stratégie social media sur mesure !
📞 (+𝟮𝟭𝟲) 𝟮𝟵 𝟱 𝟵𝟱 𝟱 𝟲𝟰 | 🌐www.webmedia-tunisie.com",[],[],https://www.instagram.com/p/DWPQg4tCcms/,0,,[],1350,1080,https://scontent-lga3-2.cdninstagram.com/v/t39.30808-6/657083944_1544005891061107_5688371314325002348_n.jpg?stp=dst-jpg_e15_fr_p1080x1080_tt6&_nc_ht=scontent-lga3-2.cdninstagram.com&_nc_cat=107&_nc_oc=Q6cZ2gEjFPe41DJ6nu4e8KKo62hWS1pDX9oUbjJuHAMNOWybSBxKOqIJuBXlAT5gkqMQ1S8&_nc_ohc=TaxpJ_82fH4Q7kNvwGgzVMS&_nc_gid=2Qshb_mVu7mlL0CMrNijFw&edm=ADp7STQAAAAA&ccb=7-5&oh=00_AQBcCD_xQ1a0mdAiQxgZf9zAmQNG7NWwmUszIpNRM53QwQ&oe=6A5E721B&_nc_sid=c6f216,[],"Photo by Web Media International on March 23, 2026.",9,2026-03-23T19:18:17.000Z,[],Web Media International,webmedia_international,62467280556,False,https://www.instagram.com/webmedia_international/,1350,1080,feed,"Tunis, Tunisia",234469391,,,,,,,,,
3844599912281432817,Image,DVaw0ArCGLx,"𝗩𝗼𝘂𝘀 𝗰𝗵𝗲𝗿𝗰𝗵𝗲𝘇 𝘂𝗻𝗲 𝘀𝗼𝗹𝘂𝘁𝗶𝗼𝗻 𝗺𝗼𝗱𝗲𝗿𝗻𝗲, 𝗽𝗲𝗿𝗳𝗼𝗿𝗺𝗮𝗻𝘁𝗲 𝗲𝘁 𝗳𝗮𝗰𝗶𝗹𝗲 ?
Avril 2026 marque le début d'une nouvelle ère pour votre présence en ligne. 
✅ 𝐖𝐨𝐫𝐝𝐏𝐫𝐞𝐬𝐬 𝟕.𝟎 révolutionne la création web :
⚡ Vitesse de chargement ultra-rapide
🎨 Design plus intuitif que jamais
🔒 Sécurité renforcée pour votre business
📈 Optimisé pour le SEO & les conversions
🛠️ Gestion simplifiée, même sans compétences techniques

𝐂𝐨𝐧𝐭𝐚𝐜𝐭𝐞𝐳-𝐧𝐨𝐮𝐬 𝐝è𝐬 𝐚𝐮𝐣𝐨𝐮𝐫𝐝'𝐡𝐮𝐢 𝐞𝐭 𝐨𝐛𝐭𝐞𝐧𝐞𝐳 𝐯𝐨𝐭𝐫𝐞 𝐜𝐨𝐧𝐬𝐮𝐥𝐭𝐚𝐭𝐢𝐨𝐧 𝐆𝐑𝐀𝐓𝐔𝐈𝐓𝐄 !
🌐 : www.webmedia-tunisie.com 
📩 : commercial@webmediatunisie.com
📞 : (+216) 25 4 72 5 25 /+216 29 888 079

#siteweb #wordpress #agencedigitale #TransformationDigitale #webmedia","['siteweb', 'wordpress', 'agencedigitale', 'TransformationDigitale', 'webmedia']",[],https://www.instagram.com/p/DVaw0ArCGLx/,0,,[],1350,1080,https://instagram.fcps4-2.fna.fbcdn.net/v/t39.30808-6/644487668_1525734072888289_620298325834902657_n.jpg?stp=dst-jpg_e15_fr_p1080x1080_tt6&_nc_ht=instagram.fcps4-2.fna.fbcdn.net&_nc_cat=101&_nc_oc=Q6cZ2gHDv_QpYyVFjD3xXYQm6Fn4o_PFQ7j96rVyg68avs8b8Kb_61H_S2KhTVw6G_XxDeGWNg9FKBhqzjVz3kYcLj1Q&_nc_ohc=GGxUWc21aUgQ7kNvwG0TgEB&_nc_gid=Yd8F-GvlL8Ljz3JEFtamNA&edm=ADp7STQAAAAA&ccb=7-5&oh=00_AQDhaHHuzkDMc0za-CAsZ5_qxdfo9mCZv3nzuRe-7aYWSA&oe=6A5E743A&_nc_sid=c6f216,[],"Photo by Web Media International on March 03, 2026.",12,2026-03-03T10:00:47.000Z,[],Web Media International,webmedia_international,62467280556,False,https://www.instagram.com/webmedia_international/,1350,1080,feed,,,,,,,,,,,
3348974643408263709,Image,C558rHOI9od,"Besoin de développer votre communauté en ligne ? 💻 Notre équipe d'experts vous aide à comprendre les besoins et les intérêts de votre public pour des stratégies de croissance efficaces 📈 
Mail: 2021hagency@gmail.com
Infoline: 51 716 001
#Hagency #Tunisie #communication #digital #marketingdigital","['Hagency', 'Tunisie', 'communication', 'digital', 'marketingdigital']",[],https://www.instagram.com/p/C558rHOI9od/,0,,[],1080,1080,https://scontent-lax3-1.cdninstagram.com/v/t51.82787-15/624098883_18107594077781170_7390998149822236173_n.jpg?stp=dst-jpg_e15_fr_s1080x1080_tt6&_nc_ht=scontent-lax3-1.cdninstagram.com&_nc_cat=110&_nc_oc=Q6cZ2gE1_ron1AssvINU1NRLtJd1LWpjNc-JZ0fSJ_BvFHottrvHMK8FX1sQ7EDditKYLsM&_nc_ohc=cms8KUQPJ04Q7kNvwECtjqM&_nc_gid=UpSVMFcC_xRw5grcVHKSUA&edm=ADp7STQBAAAA&ccb=7-5&oh=00_AQAT_zpJc-qTtf5igOwzlwgM_bmEISi6wMSHP8FCjz1l4w&oe=6A5E96E9&_nc_sid=c6f216,[],"Photo by H.agency on April 18, 2024.",0,2024-04-18T14:01:49.000Z,[],H.agency,h.agency.tunisia,53455295369,False,https://www.instagram.com/h.agency.tunisia/,1080,1080,feed,,,,,,,,,,,
3762942129187408039,Image,DQ4p-34kUin,"Chez TSA, on aime l’action, le terrain et les profils curieux 👀

On recrute des Enquêteurs Terrain dans la région du Sahel pour une mission de 2 semaines.

Si vous voulez vivre une expérience humaine, dynamique et pleine de découvertes, contactez-nous ! 

📩 contact@tsaagence.com

#TSA #TeamTSA  #MissionTerrain #TSAEtudes","['TSA', 'TeamTSA', 'MissionTerrain', 'TSAEtudes']",[],https://www.instagram.com/p/DQ4p-34kUin/,0,,[],1350,1080,https://scontent-iad3-2.cdninstagram.com/v/t39.30808-6/577042895_1427281836069701_2682672591504148088_n.jpg?stp=dst-jpg_e15_fr_p1080x1080_tt6&_nc_ht=scontent-iad3-2.cdninstagram.com&_nc_cat=105&_nc_oc=Q6cZ2gFAU-yCJaqH1L_m99kJdmwYMRXEmfDBI91KjgsTTLJsLoh2F0Xk-JvJCcze-3RHIz8&_nc_ohc=bzlpdMXb8oIQ7kNvwFK0HdA&_nc_gid=a50ANpR54rrHRugoA8oH6g&edm=ADp7STQAAAAA&ccb=7-5&oh=00_AQCbGO31Agflj2SrE76YvJ8rOejYJHzbOc_UNsIy2NoDPA&oe=6A5E9518&_nc_sid=c6f216,[],"Photo by TSA Agence Com on November 10, 2025.",3,2025-11-10T18:01:19.000Z,[],TSA Agence Com,tsagencecom,5824789508,False,https://www.instagram.com/tsagencecom/,1350,1080,feed,,,,,,,,,,,
3856196287749781478,Image,DWD9he7gXfm,"🎯 Votre business mérite plus qu'une simple présence en ligne.
Avec Web Media International, on transforme votre stratégie digitale en résultats concrets étape par étape 
✅ Une 𝗦𝘁𝗿𝗮𝘁𝗲́𝗴𝗶𝗲 pensée pour votre marché
⚡ Une 𝗣𝗲𝗿𝗳𝗼𝗿𝗺𝗮𝗻𝗰𝗲 mesurable et optimisée
📈 Des 𝗥𝗲́𝘀𝘂𝗹𝘁𝗮𝘁𝘀 qui font la différence
Depuis plus de 20 ans, nous accompagnons les entreprises tunisiennes et internationales dans leur croissance digitale : création de sites web, Conception des CRM sur mesure, SEO, marketing digital, applications mobiles et bien plus encore.

𝗖𝗼𝗻𝘁𝗮𝗰𝘁𝗲𝘇-𝗻𝗼𝘂𝘀 𝗱𝗲̀𝘀 𝗮𝘂𝗷𝗼𝘂𝗿𝗱'𝗵𝘂𝗶 𝗽𝗼𝘂𝗿 𝘂𝗻 𝗱𝗲𝘃𝗶𝘀 𝗴𝗿𝗮𝘁𝘂𝗶𝘁
🌐 : www.webmedia-tunisie.com 
📩 : commercial@webmediatunisie.com
📞 : (+216) 25 4 72 5 25 /+216 29 888 079",[],[],https://www.instagram.com/p/DWD9he7gXfm/,0,,[],1350,1080,https://scontent-mia5-1.cdninstagram.com/v/t39.30808-6/654233940_1539593271502369_4230404891069153842_n.jpg?stp=dst-jpg_e15_fr_p1080x1080_tt6&_nc_ht=scontent-mia5-1.cdninstagram.com&_nc_cat=101&_nc_oc=Q6cZ2gH84ye8XqkXBiYzUD_J-FMCylW0togj4uJi6tkCf9k8BbldA8D0XCtX2URhDg5R_6o&_nc_ohc=MMs5x9FwtgsQ7kNvwFQGc0Q&_nc_gid=5fNH6qDvAIK0F5434CogTA&edm=ADp7STQAAAAA&ccb=7-5&oh=00_AQDly7dAZNslf_FRHs3WWbbrTMaYtM3VqYkUwaChWCvqvQ&oe=6A5E7527&_nc_sid=c6f216,[],"Photo by Web Media International on March 19, 2026.",6,2026-03-19T10:00:42.000Z,[],Web Media International,webmedia_international,62467280556,False,https://www.instagram.com/webmedia_international/,1350,1080,feed,"Tunis, Tunisia",234469391,,,,,,,,,
3757315760700545076,Image,DQkqsb5iFg0,"💡 Your vision, our guidance.
At Mynds Team, we don’t just execute — we advise, guide, and grow with you.
Our expertise turns ideas into strategies and strategies into success. 🚀

📍 Le Belvédère, Tunis
📞 29 543 202
✉️ contact@mynds-team.com

🌐 mynds-team.com

#MyndsTeam #WeGrowTogether #MarketingExperts #CreativeStrategy #DigitalAdvisors","['MyndsTeam', 'WeGrowTogether', 'MarketingExperts', 'CreativeStrategy', 'DigitalAdvisors']",[],https://www.instagram.com/p/DQkqsb5iFg0/,0,,[],1080,1080,https://scontent-lga3-1.cdninstagram.com/v/t51.82787-15/572945348_17955533436001647_8104423683947385297_n.jpg?stp=dst-jpg_e15_fr_s1080x1080_tt6&_nc_ht=scontent-lga3-1.cdninstagram.com&_nc_cat=103&_nc_oc=Q6cZ2gFFyrQI127RTKpNteWVGyQE7bCCkW0WXHBqboU8KJdVSRg3pUmBdZABWQoC--TwL5I&_nc_ohc=Fpqf8zJ-8VkQ7kNvwHmB6ok&_nc_gid=7hDZkd6bfu2kym60849UMQ&edm=ADp7STQBAAAA&ccb=7-5&oh=00_AQDmem9alcCSyIM3q-Ynx9lvRwj7mHtUlpi8jWYAVnS8bQ&oe=6A5E964F&_nc_sid=c6f216,[],"Photo by MYNDS on November 02, 2025.",6,2025-11-02T23:42:44.000Z,[],MYNDS,m.y.n.d.s,60016721646,False,https://www.instagram.com/m.y.n.d.s/,1080,1080,feed,,,,,,,,,,,
3862024495918161857,Image,DWYqtExDx_B,"⚠️ 𝐆𝐦𝐚𝐢𝐥 𝐯𝐚 𝐜𝐡𝐚𝐧𝐠𝐞𝐫 𝐥𝐞𝐬 𝐫𝐞̀𝐠𝐥𝐞𝐬 𝐝𝐮 𝐣𝐞𝐮 𝐝𝐞̀𝐬 𝟐𝟎𝟐𝟔
Google met fin à 𝐆𝐦𝐚𝐢𝐥𝐢𝐟𝐲 et au 𝗽𝗿𝗼𝘁𝗼𝗰𝗼𝗹𝗲 𝗣𝗢𝗣 ainsi qu'à la 𝘀𝘆𝗻𝗰𝗵𝗿𝗼𝗻𝗶𝘀𝗮𝘁𝗶𝗼𝗻 𝗮𝘂𝘁𝗼𝗺𝗮𝘁𝗶𝗾𝘂𝗲 des comptes externes ce changement peut sembler technique mais le risque des e-mails non reçus et les opportunités perdues est réel
Chez Web Media-International Media-International nous vous aidons à anticiper ce changement 
✅ Migration vers 𝗚𝗼𝗼𝗴𝗹𝗲 𝗪𝗼𝗿𝗸𝘀𝗽𝗮𝗰𝗲
✅ Configuration 𝗜𝗠𝗔𝗣 𝗲𝘁 𝗿𝗲𝗱𝗶𝗿𝗲𝗰𝘁𝗶𝗼𝗻𝘀
✅ Sécurisation complète de 𝘃𝗼𝘁𝗿𝗲 𝗺𝗲𝘀𝘀𝗮𝗴𝗲𝗿𝗶𝗲

Contactez-nous : 📞(+216) 29 5 95 5 64 | 29 8 88 0 79
🌐www.webmedia-tunisie.com",[],[],https://www.instagram.com/p/DWYqtExDx_B/,0,,[],1350,1080,https://scontent-mia3-2.cdninstagram.com/v/t39.30808-6/657528687_1547018797426483_224247231444428374_n.jpg?stp=dst-jpg_e15_fr_p1080x1080_tt6&_nc_ht=scontent-mia3-2.cdninstagram.com&_nc_cat=107&_nc_oc=Q6cZ2gF_sz1EtZJC7q_7oXdRclJLxpiY33QJjh0tXVvFc4KRtAL8COgpTJil_sjtI0bdTss&_nc_ohc=lPEbwEGzcIkQ7kNvwHwP19g&_nc_gid=tSjPw1AYAo39SRATefYRDg&edm=ADp7STQAAAAA&ccb=7-5&oh=00_AQAaXnR72aREyEyIabSxe12i8QjT-qVKmrW8V7zR71_StQ&oe=6A5E689C&_nc_sid=c6f216,[],"Photo by Web Media International on March 27, 2026.",6,2026-03-27T11:00:18.000Z,[],Web Media International,webmedia_international,62467280556,False,https://www.instagram.com/webmedia_international/,1350,1080,feed,"Tunis, Tunisia",234469391,,,,,,,,,
3456210534422388490,Image,C_27StVNZ8K,MYNDS - Transformez vos ambitions digitales en réalité. Stratégies sur mesure pour des résultats exceptionnels. ✨ → contact@mynds-team.com,[],[],https://www.instagram.com/p/C_27StVNZ8K/,0,,[],1080,1080,https://instagram.fagc3-1.fna.fbcdn.net/v/t39.30808-6/474608316_483442524797942_5101893248973364430_n.jpg?stp=dst-jpg_e15_fr_s1080x1080_tt6&_nc_ht=instagram.fagc3-1.fna.fbcdn.net&_nc_cat=102&_nc_oc=Q6cZ2gH6HG2Q2tV5qhZ6AvJ2GsobRYmAwww-wEvTsz-6a1cEffcjh_1k5Tt6BeMLuzxQt9g&_nc_ohc=QT8kb4Y3aIMQ7kNvwH2fchy&_nc_gid=lBI_GS4HviPwOpONTBbZGg&edm=ADp7STQAAAAA&ccb=7-5&oh=00_AQD3ZwxE2We1bzTntZBM16BMICvIPDGpj5XWJrTq1DTCUg&oe=6A5E854D&_nc_sid=c6f216,[],"Photo by MYNDS on September 13, 2024.",6,2024-09-13T13:00:24.000Z,[],MYNDS,m.y.n.d.s,60016721646,False,https://www.instagram.com/m.y.n.d.s/,1080,1080,feed,,,,,,,,,,,
3202570816687332595,Video,Cxx0TCYrlzz,"😊 When we ask our team this 👈 or that 👉
#thisorthat #thisorthatgame #wecreate #follow #game #storygames #thisorthatchallenge #challenge #funny","['thisorthat', 'thisorthatgame', 'wecreate', 'follow', 'game', 'storygames', 'thisorthatchallenge', 'challenge', 'funny']",[],https://www.instagram.com/p/Cxx0TCYrlzz/,0,,[],1920,1080,https://scontent-atl3-2.cdninstagram.com/v/t51.71878-15/502151503_1317914449305365_6598097258449347425_n.jpg?stp=dst-jpg_e15_fr_p1080x1080_tt6&_nc_ht=scontent-atl3-2.cdninstagram.com&_nc_cat=105&_nc_oc=Q6cZ2gF3T_kzdqTGlo_EYUZS1Y4bcp5jzvsiwVnnYDxpytCc0XFnqHKNOfZgd0qEgKZ7i3w&_nc_ohc=cINMYxo3uxoQ7kNvwFtlppy&_nc_gid=2ETsLI7JR2D_97ATYGFs3A&edm=ADp7STQBAAAA&ccb=7-5&oh=00_AQAOKDW5fl9AI2pTtZ14ZPaWiVNk7KB8xJBqlPG6p9nfQA&oe=6A5E8B54&_nc_sid=c6f216,[],"Video by We Create on September 29, 2023.",22,2023-09-29T14:20:28.000Z,[],We Create,we_create_agency,54491378174,False,https://www.instagram.com/we_create_agency/,1280,720,clips,,,,https://scontent-lga3-1.cdninstagram.com/o1/v/t2/f2/m82/AQMGBA7NBI4IrhKRJibtTzG8vItwjUdpmwQGGez6LTQKiY9V_z7l9GheL56Xtvy3jpJumiGeuCQVzF4oUia2DUY_X1m1boaaTl0EE8Y.mp4?_nc_cat=103&_nc_sid=5e9851&_nc_ht=scontent-lga3-1.cdninstagram.com&_nc_ohc=4nMZkLgBVIYQ7kNvwFNq8mb&efg=eyJ2ZW5jb2RlX3RhZyI6Inhwdl9wcm9ncmVzc2l2ZS5JTlNUQUdSQU0uQ0xJUFMuQzMuNzIwLmRhc2hfYmFzZWxpbmVfMV92MSIsInhwdl9hc3NldF9pZCI6OTU1MzU0MDcyMjI4MDczLCJhc3NldF9hZ2VfZGF5cyI6MTAyMCwidmlfdXNlY2FzZV9pZCI6MTAwOTksImR1cmF0aW9uX3MiOjIzLCJ1cmxnZW5fc291cmNlIjoid3d3In0%3D&ccb=17-1&vs=9a18326c4844b01d&_nc_vs=HBksFQIYT2lnX3hwdl9yZWVsc19wZXJtYW5lbnRfcHJvZC9DRTRBRDE2NUE1NzdDQkJDNTQ0QUM4RkQyNjJCNkI5NV92aWRlb19kYXNoaW5pdC5tcDQVAALIARIAFQIYOnBhc3N0aHJvdWdoX2V2ZXJzdG9yZS9HS1BCOGhZNktZRnBzaVFEQUJubk9DTUR2Q1pOYnFfRUFBQUYVAgLIARIAKAAYABsCiAd1c2Vfb2lsATEScHJvZ3Jlc3NpdmVfcmVjaXBlATEVAAAm0oPhwfa4sgMVAigCQzMsF0A3XbItDlYEGBJkYXNoX2Jhc2VsaW5lXzFfdjERAHX-B2XmnQEA&_nc_gid=X-RwhepVhcoliAgnOUdx4w&_nc_ss=7ca8c&_nc_zt=28&oh=00_AQCEoctQCZk1Hzzzy96MGNxsR-bp1kYM1Nk49n8qYiVv_g&oe=6A5A9EC0,654,https://scontent-lga3-1.cdninstagram.com/o1/v/t16/f2/m69/AQMU2c86n79jz6bpsBkSFV99nND6-V5utU7Kqon7D5iRwGrn1TZT3X4RZOTceecnONHrBBifDr1uqhQqekpaiPM1.mp4?strext=1&_nc_cat=109&_nc_sid=9ca052&_nc_ht=scontent-lga3-1.cdninstagram.com&_nc_ohc=f3-U3ZKrs5QQ7kNvwEpX-iP&efg=eyJ2ZW5jb2RlX3RhZyI6ImlnLXhwdmRzLmNsaXBzLmlnd3d3LUMzLmRhc2hfYmFzZWxpbmVfYXVkaW9fdjEiLCJ2aWRlb19pZCI6bnVsbCwib2lsX3VybGdlbl9hcHBfaWQiOjkzNjYxOTc0MzM5MjQ1OSwiY2xpZW50X25hbWUiOiJpZyIsInhwdl9hc3NldF9pZCI6OTU1MzU0MDcyMjI4MDczLCJhc3NldF9hZ2VfZGF5cyI6MTAyMCwidmlfdXNlY2FzZV9pZCI6MTAwOTksImR1cmF0aW9uX3MiOjIzLCJiaXRyYXRlIjo5MTA1NSwidXJsZ2VuX3NvdXJjZSI6Ind3dyJ9&ccb=17-1&_nc_gid=X-RwhepVhcoliAgnOUdx4w&_nc_ss=7ca8c&_nc_zt=28&oh=00_AQDDPeyjvw37j5wjQm2S8rREd5hKu3IJF8-5hMsAOGsvPQ&oe=6A5E78A7,23.366,"{'artist_name': 'Run - D.M.C.', 'song_name': ""It's Tricky"", 'uses_original_audio': False, 'should_mute_audio': False, 'should_mute_audio_reason': '', 'audio_id': '1202079926636421'}",1368,,
3813012807424431829,Video,DTqivI2jFbV,Webinaire : Meta ads 2026,[],[],https://www.instagram.com/p/DTqivI2jFbV/,0,,[],1136,640,https://instagram.fsac1-2.fna.fbcdn.net/v/t51.71878-15/619242083_872654035591257_6435391417456509569_n.jpg?stp=dst-jpg_e15_tt6&_nc_ht=instagram.fsac1-2.fna.fbcdn.net&_nc_cat=109&_nc_oc=Q6cZ2gGqP2Gz3pYaRVTOZsETJALU20Zinrigu_VtrfTGKUWPs3S9p6Gvv8prIMVto73klYI&_nc_ohc=EYw7bMvgbe4Q7kNvwF0J0ok&_nc_gid=_UH5MGTSImkyrX_w7F72sQ&edm=ADp7STQBAAAA&ccb=7-5&oh=00_AQDU6RiWoN4dDZ-IdriTAkvjAzDpcz8SGJmnZEmrvnYPEw&oe=6A5E8883&_nc_sid=c6f216,[],"Video by First Master Class on January 18, 2026.",14,2026-01-18T20:03:30.000Z,[],First Master Class,first_masterclass,53436166511,False,https://www.instagram.com/e2bconsulting.training/,1920,1080,clips,,,"[{'full_name': 'Kais Khenine', 'id': '254107068', 'is_verified': False, 'profile_pic_url': 'https://scontent.cdninstagram.com/v/t51.82787-19/721403688_18597972886027069_2985419705159957818_n.jpg?stp=dst-jpg_s150x150_tt6&_nc_cat=111&ccb=7-5&_nc_sid=f7ccc5&efg=eyJ2ZW5jb2RlX3RhZyI6InByb2ZpbGVfcGljLnd3dy4xMDgwLkMzIn0%3D&_nc_ohc=oGNEDOKJp8IQ7kNvwFNwrNa&_nc_oc=AdpkKQc2gXZ5sSVUVxn9JzyAFcND17xws2ygjY2_RUTu20mSp-lRYNYcmIrheJ0ou_g&_nc_zt=24&_nc_ht=scontent.cdninstagram.com&_nc_gid=zSF0wqIevZYJIKZIdsAv_Q&_nc_ss=72a8c&oh=00_AQAPyWatBSs0SM3h6Uoplny0z7fboCtHKX4yUwZvfQTNsQ&oe=6A5E98D7', 'username': 'kaiskhenine'}, {'full_name': 'Ranya ❣️', 'id': '50833034769', 'is_verified': False, 'profile_pic_url': 'https://scontent.cdninstagram.com/v/t51.2885-19/275963496_1612936169091757_5130617527138979767_n.jpg?stp=dst-jpg_s150x150_tt6&_nc_cat=110&ccb=7-5&_nc_sid=f7ccc5&efg=eyJ2ZW5jb2RlX3RhZyI6InByb2ZpbGVfcGljLnd3dy4xMDgwLkMzIn0%3D&_nc_ohc=2Sa3VQpWfdUQ7kNvwHVLdVW&_nc_oc=AdridMNOSi8NcbHaALZvAu0vwta9tGqj4fD1auYXyDkRA-oRZuQ9nXGrEei8Y3HO9WY&_nc_zt=24&_nc_ht=scontent.cdninstagram.com&_nc_ss=72a8c&oh=00_AQDUc49P2995Vp2YNbvQgyCzQfZpsx1mEMsyjJPfNaCP4Q&oe=6A5E7536', 'username': 'ranya.sghaier'}]",https://instagram.fhio2-1.fna.fbcdn.net/o1/v/t2/f2/m367/AQN_ZtJPnKGxDEvZQrLjuTmR3szLyBKBvPFnUq-iAYbjeTkz2x1eGE4OhBPb9rePqvANgoF7souUiojBQCb4mQez2mEfNpZ_pT_TriI.mp4?_nc_cat=101&_nc_oc=AdqSaoiOoSnHZ01bviwpGjKBdP_IBvvZ5jhnWQcEoQ3gzVWGB1frw-YjUu_C_C_i80w&_nc_sid=5e9851&_nc_ht=instagram.fhio2-1.fna.fbcdn.net&_nc_ohc=mukWlIQNVOMQ7kNvwGwsHXi&efg=eyJ2ZW5jb2RlX3RhZyI6Inhwdl9wcm9ncmVzc2l2ZS5JTlNUQUdSQU0uQ0xJUFMuQzMuNzIwLmRhc2hfYmFzZWxpbmVfMV92MSIsInhwdl9hc3NldF9pZCI6MTc4ODM4NTM1MDY0MzQxOTUsImFzc2V0X2FnZV9kYXlzIjoxNzgsInZpX3VzZWNhc2VfaWQiOjEwMDk5LCJkdXJhdGlvbl9zIjo4NSwidXJsZ2VuX3NvdXJjZSI6Ind3dyJ9&ccb=17-1&vs=e5af73af134109b3&_nc_vs=HBksFQIYQGlnX2VwaGVtZXJhbC9FMzQ4RkVGQ0NBRDkyQkIwRDc0N0FERDYyNUZGRUJCRF92aWRlb19kYXNoaW5pdC5tcDQVAALIARIAFQIYUWlnX3hwdl9wbGFjZW1lbnRfcGVybWFuZW50X3YyL0EyNDY5NjJGMjNENUJDQzQzRTJEMTE1QzIxMkY4OTg1X2F1ZGlvX2Rhc2hpbml0Lm1wNBUCAsgBEgAoABgAGwKIB3VzZV9vaWwBMRJwcm9ncmVzc2l2ZV9yZWNpcGUBMRUAACam0rr3o9HEPxUCKAJDMywXQFV7tkWhysEYEmRhc2hfYmFzZWxpbmVfMV92MREAdf4HZeadAQA&_nc_gid=zSF0wqIevZYJIKZIdsAv_Q&_nc_ss=72a8c&_nc_map=urlgen_bucketless&_nc_zt=28&oh=00_AQCfRncG3vbSQncKoFR8-E3BxgUU3CEzY6PUhCEiYtQx3w&oe=6A5E6892,173,https://instagram.fhio2-2.fna.fbcdn.net/o1/v/t2/f2/m78/AQNAnOXhV3qH81hTOz7Qxk9G5XEV1OqxkNR5UWFQX5FS6lEMTCQ4LVPJOZ7Lc9kAtxACgJNI9Fo6JqQmMjPvuaOAY6uWzhSIRcNM_10.mp4?_nc_cat=108&_nc_oc=AdqfPnELHjtOEZP34sFSVwGgOaEQv4qjUUrjSVZnjZ_kY5J53ag98RwgBZeRN-Oytfw&_nc_sid=9ca052&_nc_ht=instagram.fhio2-2.fna.fbcdn.net&_nc_ohc=lYA79MEFpkkQ7kNvwHicVsI&efg=eyJ2ZW5jb2RlX3RhZyI6ImlnLXhwdmRzLmNsaXBzLmlnd3d3LUMzLmRhc2hfbG5faGVhYWNfdmJyM19hdWRpbyIsInZpZGVvX2lkIjpudWxsLCJvaWxfdXJsZ2VuX2FwcF9pZCI6OTM2NjE5NzQzMzkyNDU5LCJjbGllbnRfbmFtZSI6ImlnIiwieHB2X2Fzc2V0X2lkIjoxNzg4Mzg1MzUwNjQzNDE5NSwiYXNzZXRfYWdlX2RheXMiOjE3OCwidmlfdXNlY2FzZV9pZCI6MTAwOTksImR1cmF0aW9uX3MiOjg1LCJiaXRyYXRlIjo1NTM1MCwidXJsZ2VuX3NvdXJjZSI6Ind3dyJ9&ccb=17-1&_nc_gid=zSF0wqIevZYJIKZIdsAv_Q&_nc_ss=72a8c&_nc_map=urlgen_bucketless&_nc_zt=28&oh=00_AQCMPQ85LC0dOx0r8a0bCnI_Izze2QTBCK-DAW--yvLXyw&oe=6A5AAAB1,85.933,"{'artist_name': 'first_masterclass', 'song_name': 'Original audio', 'uses_original_audio': True, 'should_mute_audio': False, 'should_mute_audio_reason': '', 'audio_id': '33428208990156745'}",625,"[{'id': '11234617163', 'is_verified': False, 'profile_pic_url': 'https://scontent.cdninstagram.com/v/t51.2885-19/101002711_841643919681756_1486131544241209344_n.jpg?stp=dst-jpg_s150x150_tt6&_nc_cat=103&ccb=7-5&_nc_sid=f7ccc5&efg=eyJ2ZW5jb2RlX3RhZyI6InByb2ZpbGVfcGljLnd3dy4xMDgwLkMzIn0%3D&_nc_ohc=RXgHCHB50NoQ7kNvwGoSjY2&_nc_oc=AdpbA7rxb9OUkoOESIUxgIWRiCyRGhyT20ITnE9FxE9layieLSAcM52BA3bf4pca7RU&_nc_zt=24&_nc_ht=scontent.cdninstagram.com&_nc_ss=72a8c&oh=00_AQBVJE44pqLYelFY3Ew_ngmsDopVsZoO2FuHufzsJtmsMA&oe=6A5E8216', 'username': 'e2bconsulting.training', '__typename': 'User', 'is_unpublished': False, 'full_name': 'E2bconsulting&training', 'fbid': '17841411074914327'}]",
3845321777182847512,Image,DVdU8hwDrIY,"🤖 𝐋'𝐈𝐀 𝐭𝐫𝐚𝐧𝐬𝐟𝐨𝐫𝐦𝐞 𝐥𝐞 𝐦𝐚𝐫𝐤𝐞𝐭𝐢𝐧𝐠 𝐝𝐢𝐠𝐢𝐭𝐚𝐥 𝐞𝐭 𝐯𝐨𝐭𝐫𝐞 𝐛𝐮𝐬𝐢𝐧𝐞𝐬𝐬 𝐚𝐮𝐬𝐬𝐢 !
Aujourd'hui, l'Intelligence Artificielle vous permet de :
✅ Automatiser vos tâches répétitives
✅ Personnaliser vos messages à grande échelle
✅ Analyser vos données en temps réel
✅ Créer du contenu intelligent et performant
Chatbots, automation, analyse prédictive, contenu intelligent… 𝑾𝒆𝒃 𝑴𝒆𝒅𝒊𝒂 𝑻𝒖𝒏𝒊𝒔𝒊𝒆 𝒗𝒐𝒖𝒔 𝒂𝒄𝒄𝒐𝒎𝒑𝒂𝒈𝒏𝒆 𝒑𝒐𝒖𝒓 𝒊𝒏𝒕é𝒈𝒓𝒆𝒓 𝒍'𝑰𝑨 𝒂𝒖 𝒄œ𝒖𝒓 𝒅𝒆 𝒗𝒐𝒕𝒓𝒆 𝒔𝒕𝒓𝒂𝒕é𝒈𝒊𝒆 𝒅𝒊𝒈𝒊𝒕𝒂𝒍𝒆. 
 
🌐 : www.webmedia-tunisie.com 
📩 : commercial@webmediatunisie.com
📞 : (+216) 25 4 72 5 25 /+216 29 888 079  #intelligenceartificielle  #ChatBot #Automation #AgenceWeb #marketingdigital","['intelligenceartificielle', 'ChatBot', 'Automation', 'AgenceWeb', 'marketingdigital']",[],https://www.instagram.com/p/DVdU8hwDrIY/,0,,[],1350,1080,https://scontent-dfw5-2.cdninstagram.com/v/t39.30808-6/645203309_1526889692772727_7288756539156216014_n.jpg?stp=dst-jpg_e15_fr_p1080x1080_tt6&_nc_ht=scontent-dfw5-2.cdninstagram.com&_nc_cat=107&_nc_oc=Q6cZ2gHHKJYCky8Akt9-iAV1ZpAt00jg514phPkX5B9kD1TGwv0Zbch1PQa6Uv9uqVfAh3c&_nc_ohc=TfHg35p9OokQ7kNvwFD4Jdr&_nc_gid=0SYe5zcxT-H8ClQ2YmYDJw&edm=ADp7STQAAAAA&ccb=7-5&oh=00_AQA_mtZzvhkUROvwvmZB_AlyougR5K7C3Iu2rqhhse7vDg&oe=6A5E8D1E&_nc_sid=c6f216,[],"Photo by Web Media International on March 04, 2026.",6,2026-03-04T09:54:59.000Z,[],Web Media International,webmedia_international,62467280556,False,https://www.instagram.com/webmedia_international/,1350,1080,feed,,,,,,,,,,,
3799879530069457945,Image,DS74kzLEXwZ,"الفرحة فرحتين 😎
Happy new year و مبروك علينا الترشح 🎊
#Tsaagencecom #happynewyear2026 #CAN2025","['Tsaagencecom', 'happynewyear2026', 'CAN2025']",[],https://www.instagram.com/p/DS74kzLEXwZ/,0,,[],1350,1080,https://scontent-dfw6-2.cdninstagram.com/v/t39.30808-6/607560530_1470508815080336_2827634981843746202_n.jpg?stp=dst-jpg_e15_fr_p1080x1080_tt6&_nc_ht=scontent-dfw6-2.cdninstagram.com&_nc_cat=108&_nc_oc=Q6cZ2gGKT-gxeIKuUem3zFOTQDT2O4TIsX9_ykUr4hTGSSlPw9xUsz7_zhy6RTOFZ1sN86w&_nc_ohc=OVUIo04KxnwQ7kNvwEI_UHY&_nc_gid=5e5okKDELHnH-BCCLqB2-A&edm=ADp7STQAAAAA&ccb=7-5&oh=00_AQAQ46YqUBMaSLiBLe8qELVpPLNhxazA8Dpfk8kVBDl8ZA&oe=6A5E67C7&_nc_sid=c6f216,[],"Photo by TSA Agence Com on December 31, 2025.",2,2025-12-31T17:09:21.000Z,[],TSA Agence Com,tsagencecom,5824789508,False,https://www.instagram.com/tsagencecom/,1350,1080,feed,,,,,,,,,,,
3905656531379200457,Image,DYzrewXiqHJ,عيدكم مبروك 🫶,[],[],https://www.instagram.com/p/DYzrewXiqHJ/,0,,[],1350,1080,https://scontent-dfw5-1.cdninstagram.com/v/t39.30808-6/708939594_1603291765135373_1405188422177738158_n.jpg?stp=dst-jpg_e15_fr_p1080x1080_tt6&_nc_ht=scontent-dfw5-1.cdninstagram.com&_nc_cat=105&_nc_oc=Q6cZ2gFo17kyT1mnX-Hxk4kO6ja9uOKKQklDI4rN9rQcuErYX-SYw5WserMiY9AgU_5JJ-8&_nc_ohc=GztRuucdNJYQ7kNvwGoBL27&_nc_gid=2kg34ZNseyTEC3zuq6VN8g&edm=ADp7STQAAAAA&ccb=7-5&oh=00_AQBOi8w03UQSjR1wWn59RN-LW3SO1NmaS67izpJ34LTisg&oe=6A5E845A&_nc_sid=c6f216,[],"Photo by TSA Agence Com on May 26, 2026. May be an image of ‎sheep, poster and ‎text that says '‎رع مبروک علوشنا خلافا زاهية‎'‎‎.",8,2026-05-26T15:49:24.000Z,[],TSA Agence Com,tsagencecom,5824789508,False,https://www.instagram.com/tsagencecom/,1350,1080,feed,,,,,,,,,,,
3454640164674821832,Image,C_xWO0iPV7I,Accélérez votre croissance avec MYNDS. Des solutions digitales adaptées à vos besoins. 🚀,[],[],https://www.instagram.com/p/C_xWO0iPV7I/,0,,[],1080,1080,https://scontent-mia3-2.cdninstagram.com/v/t39.30808-6/474638295_483442494797945_5176055257564099879_n.jpg?stp=dst-jpg_e15_fr_s1080x1080_tt6&_nc_ht=scontent-mia3-2.cdninstagram.com&_nc_cat=105&_nc_oc=Q6cZ2gGyjAu1orLMKojiRp-vY7Na0f1KwbJ-cew6faDdUb49PUukk4VbguCFgJr4cRehcrk&_nc_ohc=4AwqVFEJmx8Q7kNvwHRno_c&_nc_gid=PowXDsyU8bcC9wvoHndEiw&edm=ADp7STQAAAAA&ccb=7-5&oh=00_AQCmCAnF2FlhFxcmAS27_Wg0QO8nFcO-YzZZ386UMEjouQ&oe=6A5E99FF&_nc_sid=c6f216,[],"Photo by MYNDS on September 11, 2024.",6,2024-09-11T09:00:21.000Z,[],MYNDS,m.y.n.d.s,60016721646,False,https://www.instagram.com/m.y.n.d.s/,1080,1080,feed,,,,,,,,,,,
3114937231364628844,Video,Cs6euiFIKFs,"كي يبدا العرف مسافر 🥰🛩 
#equipemarketing #manager #socialnetwork","['equipemarketing', 'manager', 'socialnetwork']",[],https://www.instagram.com/p/Cs6euiFIKFs/,3,Ahahahahahaha bech tkhali blastek arfi 🤣🤣,"[{'id': '18022852018554991', 'text': 'Ahahahahahaha bech tkhali blastek arfi 🤣🤣', 'ownerUsername': 'amine_ouess', 'ownerProfilePicUrl': 'https://scontent-iad3-2.cdninstagram.com/v/t51.75761-19/504124879_18505274215042561_8749007179442866351_n.jpg?stp=dst-jpg_s150x150_tt6&_nc_cat=111&ccb=7-5&_nc_sid=f7ccc5&efg=eyJ2ZW5jb2RlX3RhZyI6InByb2ZpbGVfcGljLnd3dy4xMDgwLkMzIn0%3D&_nc_ohc=3z7Cwk_ZJLYQ7kNvwGLAeQh&_nc_oc=AdpquxobMdBcv-3529GebBKs_wtVmuPzwttBKMcIKp8EtTiRfoMSUeFbyZ9xnT5dWsU&_nc_zt=24&_nc_ht=scontent-iad3-2.cdninstagram.com&_nc_gid=SeR6tPhdUrct5Eg0tG-xfw&_nc_ss=72a8c&oh=00_AQAzODcaba_mAsItr5cCM8pPjGjk6ZHwMRAav9T9aiXKlg&oe=6A5E7115', 'timestamp': '2023-05-31T23:36:56.000Z', 'repliesCount': None, 'replies': None, 'likesCount': 0, 'owner': {'username': 'amine_ouess', 'profile_pic_url': 'https://scontent-iad3-2.cdninstagram.com/v/t51.75761-19/504124879_18505274215042561_8749007179442866351_n.jpg?stp=dst-jpg_s150x150_tt6&_nc_cat=111&ccb=7-5&_nc_sid=f7ccc5&efg=eyJ2ZW5jb2RlX3RhZyI6InByb2ZpbGVfcGljLnd3dy4xMDgwLkMzIn0%3D&_nc_ohc=3z7Cwk_ZJLYQ7kNvwGLAeQh&_nc_oc=AdpquxobMdBcv-3529GebBKs_wtVmuPzwttBKMcIKp8EtTiRfoMSUeFbyZ9xnT5dWsU&_nc_zt=24&_nc_ht=scontent-iad3-2.cdninstagram.com&_nc_gid=SeR6tPhdUrct5Eg0tG-xfw&_nc_ss=72a8c&oh=00_AQAzODcaba_mAsItr5cCM8pPjGjk6ZHwMRAav9T9aiXKlg&oe=6A5E7115', 'is_verified': False, 'id': '1761770560', 'full_name': None, 'is_mentionable': None, 'is_private': None, 'profile_pic_id': None, 'latest_reel_media': None}}, {'id': '17990718658991572', 'text': '😂😂😂', 'ownerUsername': 'messaoudighofran', 'ownerProfilePicUrl': 'https://scontent-iad6-1.cdninstagram.com/v/t51.82787-19/571347204_18538329970009903_6501817865832126697_n.jpg?stp=dst-jpg_s150x150_tt6&_nc_cat=109&ccb=7-5&_nc_sid=f7ccc5&efg=eyJ2ZW5jb2RlX3RhZyI6InByb2ZpbGVfcGljLnd3dy4xMDgwLkMzIn0%3D&_nc_ohc=usoaHxqiphkQ7kNvwH8K6p4&_nc_oc=AdpvVphw2_56el-P3K5cVIAFsQ1INwOQZnl4czX2013cK2qtWP9d6bmQ1KwvAn31Gdo&_nc_zt=24&_nc_ht=scontent-iad6-1.cdninstagram.com&_nc_gid=SeR6tPhdUrct5Eg0tG-xfw&_nc_ss=72a8c&oh=00_AQCzi9qzMPo5IhubBK5hDhWOSrjOi2wGbzdyppAiqE226A&oe=6A5E94AA', 'timestamp': '2023-05-31T18:35:36.000Z', 'repliesCount': None, 'replies': None, 'likesCount': 0, 'owner': {'username': 'messaoudighofran', 'profile_pic_url': 'https://scontent-iad6-1.cdninstagram.com/v/t51.82787-19/571347204_18538329970009903_6501817865832126697_n.jpg?stp=dst-jpg_s150x150_tt6&_nc_cat=109&ccb=7-5&_nc_sid=f7ccc5&efg=eyJ2ZW5jb2RlX3RhZyI6InByb2ZpbGVfcGljLnd3dy4xMDgwLkMzIn0%3D&_nc_ohc=usoaHxqiphkQ7kNvwH8K6p4&_nc_oc=AdpvVphw2_56el-P3K5cVIAFsQ1INwOQZnl4czX2013cK2qtWP9d6bmQ1KwvAn31Gdo&_nc_zt=24&_nc_ht=scontent-iad6-1.cdninstagram.com&_nc_gid=SeR6tPhdUrct5Eg0tG-xfw&_nc_ss=72a8c&oh=00_AQCzi9qzMPo5IhubBK5hDhWOSrjOi2wGbzdyppAiqE226A&oe=6A5E94AA', 'is_verified': False, 'id': '1156361902', 'full_name': None, 'is_mentionable': None, 'is_private': None, 'profile_pic_id': None, 'latest_reel_media': None}}, {'id': '17985661283108816', 'text': '😂😂', 'ownerUsername': 'jihen.balti', 'ownerProfilePicUrl': 'https://scontent-iad6-1.cdninstagram.com/v/t51.82787-19/590512914_18425195056119390_8623085368810024091_n.jpg?stp=dst-jpg_s150x150_tt6&_nc_cat=106&ccb=7-5&_nc_sid=f7ccc5&efg=eyJ2ZW5jb2RlX3RhZyI6InByb2ZpbGVfcGljLnd3dy4xMDgwLkMzIn0%3D&_nc_ohc=p06621OPVmwQ7kNvwEsjh2a&_nc_oc=Adpi0GURG1ri16z2Bl53GO7fH8pA757FhsrYijZIERJmkdArpxMQIt4dYGOqAJc6tkI&_nc_zt=24&_nc_ht=scontent-iad6-1.cdninstagram.com&_nc_gid=SeR6tPhdUrct5Eg0tG-xfw&_nc_ss=72a8c&oh=00_AQDRKnbquzHnsTEsSGEDqH6FYRqckkbvEWe1wZx0FAY9OQ&oe=6A5E8803', 'timestamp': '2023-05-31T16:45:56.000Z', 'repliesCount': None, 'replies': None, 'likesCount': 0, 'owner': {'username': 'jihen.balti', 'profile_pic_url': 'https://scontent-iad6-1.cdninstagram.com/v/t51.82787-19/590512914_18425195056119390_8623085368810024091_n.jpg?stp=dst-jpg_s150x150_tt6&_nc_cat=106&ccb=7-5&_nc_sid=f7ccc5&efg=eyJ2ZW5jb2RlX3RhZyI6InByb2ZpbGVfcGljLnd3dy4xMDgwLkMzIn0%3D&_nc_ohc=p06621OPVmwQ7kNvwEsjh2a&_nc_oc=Adpi0GURG1ri16z2Bl53GO7fH8pA757FhsrYijZIERJmkdArpxMQIt4dYGOqAJc6tkI&_nc_zt=24&_nc_ht=scontent-iad6-1.cdninstagram.com&_nc_gid=SeR6tPhdUrct5Eg0tG-xfw&_nc_ss=72a8c&oh=00_AQDRKnbquzHnsTEsSGEDqH6FYRqckkbvEWe1wZx0FAY9OQ&oe=6A5E8803', 'is_verified': False, 'id': '3431775389', 'full_name': None, 'is_mentionable': None, 'is_private': None, 'profile_pic_id': None, 'latest_reel_media': None}}]",854,480,https://scontent-phl2-1.cdninstagram.com/v/t51.71878-15/496452096_1207319680802705_7102612158693559209_n.jpg?stp=dst-jpg_e15_tt6&_nc_ht=scontent-phl2-1.cdninstagram.com&_nc_cat=105&_nc_oc=Q6cZ2gFmDtn0oU7MeVM85mZFyGDvnIPU9hA_s9N3waB7TlaqRa-hTwsiKyeTridZ1dZlrFc&_nc_ohc=I-90GpNd8iUQ7kNvwFGhbv1&_nc_gid=aHIuHivI2BEl4bMFZYDszg&edm=ADp7STQBAAAA&ccb=7-5&oh=00_AQB4SmRMAVz3BySZN8Dm4lrRl86k6MFUiIXCl09Sf6YLiw&oe=6A5E8A50&_nc_sid=c6f216,[],"Video by We Create on May 31, 2023.",24,2023-05-31T16:16:11.000Z,[],We Create,we_create_agency,54491378174,False,https://www.instagram.com/we_create_agency/,854,480,clips,,,,https://scontent-iad6-1.cdninstagram.com/o1/v/t2/f2/m82/AQN1fslRNnOGcdERI6wc2GUHYCBHGyzkz-3uR_17dpO1Iu86cR6O9jNkI7NdfpYcHTsLtWrDKUS6Ox-s6Y8hMmRLMa_WFhNdRwFgA2U.mp4?_nc_cat=102&_nc_sid=5e9851&_nc_ht=scontent-iad6-1.cdninstagram.com&_nc_ohc=cA9pQV8J0xkQ7kNvwFcPMz3&efg=eyJ2ZW5jb2RlX3RhZyI6Inhwdl9wcm9ncmVzc2l2ZS5JTlNUQUdSQU0uQ0xJUFMuQzMuNDgwLmRhc2hfYmFzZWxpbmVfMV92MSIsInhwdl9hc3NldF9pZCI6NzgyNjE4NzAzMjcyODA3LCJhc3NldF9hZ2VfZGF5cyI6MTE0MSwidmlfdXNlY2FzZV9pZCI6MTAwOTksImR1cmF0aW9uX3MiOjEzLCJ1cmxnZW5fc291cmNlIjoid3d3In0%3D&ccb=17-1&vs=fd91e1d2890dd227&_nc_vs=HBksFQIYT2lnX3hwdl9yZWVsc19wZXJtYW5lbnRfcHJvZC83OTRCNzI1Q0ZGNzExRUQyMEFDRDVDQTgwMTgzNjE4NF92aWRlb19kYXNoaW5pdC5tcDQVAALIARIAFQIYOnBhc3N0aHJvdWdoX2V2ZXJzdG9yZS9HTGxHeWhUWThFS2JNTmdDQUtCVFZrSzB6VHREYnFfRUFBQUYVAgLIARIAKAAYABsCiAd1c2Vfb2lsATEScHJvZ3Jlc3NpdmVfcmVjaXBlATEVAAAmzu3s3LPy4wIVAigCQzMsF0Aq7peNT987GBJkYXNoX2Jhc2VsaW5lXzFfdjERAHX-B2XmnQEA&_nc_gid=SeR6tPhdUrct5Eg0tG-xfw&_nc_ss=72a8c&_nc_zt=28&oh=00_AQBHF5-n1zOGp7WTl6srgLloriUbTgc9SA5ZJ0iN_Qt72Q&oe=6A5A821B,781,,13.466,"{'artist_name': 'we_create_agency', 'song_name': 'Original audio', 'uses_original_audio': True, 'should_mute_audio': False, 'should_mute_audio_reason': '', 'audio_id': '235698702510645'}",1754,,
3691931052107900557,Video,DM8X7swICaN,"BTS VIBES INCOMING 📸
Today’s playground: a full-on photo and video production with a very important client : Workman
But let’s get one thing straight We don’t shoot just to shoot😎
Every click, every frame, every take is thoughtful, strategic, and packed with purpose! 
We’re not just showcasing workwear, we’re translating features into feels, and functionality into story.
Because great content isn’t just pretty, it’s precise.
Stay tuned… more BTS tea is brewing 👀
 More work is coming, powered by ""The New Baby ""🤫
#TSAxWORKMANGROUP #BTS","['TSAxWORKMANGROUP', 'BTS']",[],https://www.instagram.com/p/DM8X7swICaN/,0,,[],1920,1080,https://scontent-iad3-2.cdninstagram.com/v/t51.82787-15/525564106_18369817441197509_5546720463610897561_n.jpg?stp=dst-jpg_e15_fr_p1080x1080_tt6&_nc_ht=scontent-iad3-2.cdninstagram.com&_nc_cat=105&_nc_oc=Q6cZ2gEyVUQ3A8AnHTEF3bxHCWF67s_p5wBMOjrBqGJjwEusosgv5tnDK9GcXclbfHk9JN4&_nc_ohc=hRl4VaRvQUMQ7kNvwHcJ-Ay&_nc_gid=kjeVM6Pe8makFz9BjfSW0g&edm=ADp7STQBAAAA&ccb=7-5&oh=00_AQDPosEG86PTzOXP5edW1z09rddsAJSQUCxL6TH0OgHPag&oe=6A5E6E2E&_nc_sid=c6f216,[],"Video by TSA Agence Com on August 04, 2025.",5,2025-08-04T18:35:23.000Z,[],TSA Agence Com,tsagencecom,5824789508,False,https://www.instagram.com/tsagencecom/,640,360,clips,,,,https://scontent-lax3-2.cdninstagram.com/o1/v/t2/f2/m86/AQMralFgK2Q095W1kI8kTXNfpPWinNtgBG7okj80Cw1gvWJRr5wLSCzBnVkiEZYYegW_5RNNcXtfqJAT5QoVNNajRH0T7OK4JAVHROQ.mp4?_nc_cat=100&_nc_sid=5e9851&_nc_ht=scontent-lax3-2.cdninstagram.com&_nc_ohc=shPa-R6VjsQQ7kNvwEjr8xk&efg=eyJ2ZW5jb2RlX3RhZyI6Inhwdl9wcm9ncmVzc2l2ZS5JTlNUQUdSQU0uQ0xJUFMuQzMuMzYwLmRhc2hfYmFzZWxpbmVfM192MSIsInhwdl9hc3NldF9pZCI6MTA3MTcxMzc0MTg0MDcyMSwiYXNzZXRfYWdlX2RheXMiOjM0NSwidmlfdXNlY2FzZV9pZCI6MTAwOTksImR1cmF0aW9uX3MiOjI1LCJ1cmxnZW5fc291cmNlIjoid3d3In0%3D&ccb=17-1&vs=569b320eaefdeed2&_nc_vs=HBksFQIYUmlnX3hwdl9yZWVsc19wZXJtYW5lbnRfc3JfcHJvZC84ODRDQ0M3MjI2NEQxNkJBNzA3RjQxRDBGODAzMDM5NF92aWRlb19kYXNoaW5pdC5tcDQVAALIARIAFQIYR2lnX3hwdl9yZWVsc19wZXJtYW5lbnRfc3JfcHJvZC8xMzE5MDA5MDI2NDExMDAxXzgxNzc4NTQ0MzQ5NTUyMTI4MjUubXA0FQICyAESACgAGAAbAogHdXNlX29pbAExEnByb2dyZXNzaXZlX3JlY2lwZQExFQAAJqKFkc75recDFQIoAkMzLBdAOQAAAAAAABgSZGFzaF9iYXNlbGluZV8zX3YxEQB1_gdl5p0BAA&_nc_gid=CGRl9gdQQAZ4sfMwYPakEQ&_nc_ss=7c689&_nc_zt=28&oh=00_AQDQVS_pRqFBESRzVhMeCSQFgxVFnheQmX6vGFv-Nmxipw&oe=6A5AA475,103,https://scontent-lax3-2.cdninstagram.com/o1/v/t2/f2/m86/AQO7FJdpqxlGOTm3Ae8D7x38tmy6cjRGyoiUwcnNnatpoQ9FmDcgPDbTf-i9dcnQSAAZ_kZwugK0F5VfOGdps1fK.mp4?_nc_cat=107&_nc_sid=9ca052&_nc_ht=scontent-lax3-2.cdninstagram.com&_nc_ohc=aAwDRRw8_5YQ7kNvwGgC27G&efg=eyJ2ZW5jb2RlX3RhZyI6ImlnLXhwdmRzLmNsaXBzLmlnd3d3LUMzLmRhc2hfbG5faGVhYWNfdmJyM19hdWRpbyIsInZpZGVvX2lkIjpudWxsLCJvaWxfdXJsZ2VuX2FwcF9pZCI6OTM2NjE5NzQzMzkyNDU5LCJjbGllbnRfbmFtZSI6ImlnIiwieHB2X2Fzc2V0X2lkIjoxMDcxNzEzNzQxODQwNzIxLCJhc3NldF9hZ2VfZGF5cyI6MzQ1LCJ2aV91c2VjYXNlX2lkIjoxMDA5OSwiZHVyYXRpb25fcyI6MjUsImJpdHJhdGUiOjgwMTM2LCJ1cmxnZW5fc291cmNlIjoid3d3In0%3D&ccb=17-1&_nc_gid=CGRl9gdQQAZ4sfMwYPakEQ&_nc_ss=7c689&_nc_zt=28&oh=00_AQDYrEZzqtSseaqfjJSyQU3yEd_C-avGk7ZlM5vlahNN-Q&oe=6A5AAB0F,25,"{'artist_name': 'tsagencecom', 'song_name': 'Original audio', 'uses_original_audio': True, 'should_mute_audio': False, 'should_mute_audio_reason': '', 'audio_id': '784227404042976'}",429,,
3148776540223937150,Video,Cuys5SVIZp-,"Put the emoji that describes your opinion on this video 😉 
👇🏻in comment 💬
#emoji #smile😊 #comment #trends","['emoji', 'smile😊', 'comment', 'trends']",[],https://www.instagram.com/p/Cuys5SVIZp-/,0,,[],1333,750,https://scontent-iad3-2.cdninstagram.com/v/t51.71878-15/502680348_1052934886163631_1457028324560757676_n.jpg?stp=dst-jpg_e15_tt6&_nc_ht=scontent-iad3-2.cdninstagram.com&_nc_cat=103&_nc_oc=Q6cZ2gEtMNRrLcfeIC5RjWuZelQE-7b8Tnzx2NEAjUWIQfRFtIpdtyXNPf0vWzc-fQs-luA&_nc_ohc=MB1HSFWiI3AQ7kNvwHaWHhh&_nc_gid=Vfwi6OMzIrXW9yv_bq6mng&edm=ADp7STQBAAAA&ccb=7-5&oh=00_AQAsD4gmQTIjcuRx75FCmtCTOH4lVX0MRmHq7crUnmbO1A&oe=6A5E9C77&_nc_sid=c6f216,[],"Video by We Create on July 17, 2023.",12,2023-07-17T08:45:56.000Z,[],We Create,we_create_agency,54491378174,False,https://www.instagram.com/we_create_agency/,1280,720,clips,,,,https://scontent-dfw5-1.cdninstagram.com/o1/v/t2/f2/m82/AQM6Y2QpSdS9M2-lNTOaQKNjip5XOaJ0f0i9IqiX8Bf7DEvcm72nlwnJa7_yrPxBKbWuzbly1XyHLEtBawBnTo2obmAHdkwJrJo7rGw.mp4?_nc_cat=106&_nc_sid=5e9851&_nc_ht=scontent-dfw5-1.cdninstagram.com&_nc_ohc=EA1BBor9FvwQ7kNvwEWA1xL&efg=eyJ2ZW5jb2RlX3RhZyI6Inhwdl9wcm9ncmVzc2l2ZS5JTlNUQUdSQU0uQ0xJUFMuQzMuNzIwLmRhc2hfYmFzZWxpbmVfMV92MSIsInhwdl9hc3NldF9pZCI6NjcyMDY5Mjg3NTgzNTI4LCJhc3NldF9hZ2VfZGF5cyI6MTA5NSwidmlfdXNlY2FzZV9pZCI6MTAwOTksImR1cmF0aW9uX3MiOjExLCJ1cmxnZW5fc291cmNlIjoid3d3In0%3D&ccb=17-1&vs=4343bf80afe911d1&_nc_vs=HBksFQIYT2lnX3hwdl9yZWVsc19wZXJtYW5lbnRfcHJvZC8xNDQ1NEFCQ0NFRjg2NUNDMDkxRkZEQTg0REEzNjY4Nl92aWRlb19kYXNoaW5pdC5tcDQVAALIARIAFQIYOnBhc3N0aHJvdWdoX2V2ZXJzdG9yZS9HTmFoakJXZkU4TDNlVUlDQUhxUmltbUdSVzRvYnFfRUFBQUYVAgLIARIAKAAYABsCiAd1c2Vfb2lsATEScHJvZ3Jlc3NpdmVfcmVjaXBlATEVAAAm0Py0ssrPsQIVAigCQzMsF0AnIcrAgxJvGBJkYXNoX2Jhc2VsaW5lXzFfdjERAHX-B2XmnQEA&_nc_gid=sCPrVEaD9OQrlg4ROrjwmw&_nc_ss=72289&_nc_zt=28&oh=00_AQBsF8LUtedJ7hzOfBO1ugeOJqecAuGdeNy6Ew_2ox52cA&oe=6A5A83BF,191,https://scontent-dfw5-2.cdninstagram.com/o1/v/t16/f2/m69/AQN5lP_zQOiqLkDbAjRbk2XOxnoutnw6ihbMrTHqC4iPJzU2LINpSvQl9DpVW-QL0oYb-dnZvB6CHA3d7PJSDvJC.mp4?strext=1&_nc_cat=107&_nc_sid=9ca052&_nc_ht=scontent-dfw5-2.cdninstagram.com&_nc_ohc=YJ7YMurD-OUQ7kNvwG34tVM&efg=eyJ2ZW5jb2RlX3RhZyI6ImlnLXhwdmRzLmNsaXBzLmlnd3d3LUMzLmRhc2hfYmFzZWxpbmVfYXVkaW9fdjEiLCJ2aWRlb19pZCI6bnVsbCwib2lsX3VybGdlbl9hcHBfaWQiOjkzNjYxOTc0MzM5MjQ1OSwiY2xpZW50X25hbWUiOiJpZyIsInhwdl9hc3NldF9pZCI6NjcyMDY5Mjg3NTgzNTI4LCJhc3NldF9hZ2VfZGF5cyI6MTA5NSwidmlfdXNlY2FzZV9pZCI6MTAwOTksImR1cmF0aW9uX3MiOjExLCJiaXRyYXRlIjoxMDcxMTQsInVybGdlbl9zb3VyY2UiOiJ3d3cifQ%3D%3D&ccb=17-1&_nc_gid=sCPrVEaD9OQrlg4ROrjwmw&_nc_ss=72289&_nc_zt=28&oh=00_AQB92uAwn_pYcgpsNUxbxehhp_mwGOu5uL4LhPC7Br_HmA&oe=6A5E9EED,11.566,,579,,
3535352213702702955,Image,DEQGBt1o_dr,"Happy new year 😒🥳
#Tsaagencecom #happynewyear2025","['Tsaagencecom', 'happynewyear2025']",[],https://www.instagram.com/p/DEQGBt1o_dr/,0,,[],1080,1080,https://scontent-mia3-3.cdninstagram.com/v/t39.30808-6/493895885_1248068303991056_1368014727064986629_n.jpg?stp=dst-jpg_e15_fr_s1080x1080_tt6&_nc_ht=scontent-mia3-3.cdninstagram.com&_nc_cat=108&_nc_oc=Q6cZ2gF21aFJH7fbxCh4eS2blDbSEeIn0nVfu6nfCWOJ5rzATP7KVAUylRqTk0mk_CEeG7k&_nc_ohc=1nl5zjexuzcQ7kNvwHHV3Xr&_nc_gid=M2C1MQrIzDmdnkjwOQY_-A&edm=ADp7STQAAAAA&ccb=7-5&oh=00_AQC41ymasS6J1UK6mC_VjHQtEvwqNRDc3_93J-BOuZmjkw&oe=6A5E6CAD&_nc_sid=c6f216,[],"Photo by TSA Agence Com on December 31, 2024.",7,2024-12-31T17:40:48.000Z,[],TSA Agence Com,tsagencecom,5824789508,False,https://www.instagram.com/tsagencecom/,1080,1080,feed,,,,,,,,,,,
3695595404858018573,Sidecar,DNJZHDMIMsN,"Chez TSA, on fait plus que lancer une marque : on crée des histoires qui marquent.
🤝 Avec @kotis_tunisie, on a imaginé et déployé la stratégie 360° 🚀 qui a propulsé @kotis_baby_tunisia sur le marché des couches bébé.
Une vision sur plusieurs années, où chaque étape compte : du branding qui claque, au digital qui capte, jusqu’aux campagnes terrain qui marquent les esprits.
Ici, on ne se contente pas d’accompagner… on fait grandir, briller et durer.
 #TSA #KotisBaby #Marketing360 #BrandBuilding #GrowthStrategy #FromIdeaToImpact #LongTermVision #StorytellingDeMarque","['TSA', 'KotisBaby', 'Marketing360', 'BrandBuilding', 'GrowthStrategy', 'FromIdeaToImpact', 'LongTermVision', 'StorytellingDeMarque']","['kotis_tunisie', 'kotis_baby_tunisia']",https://www.instagram.com/p/DNJZHDMIMsN/,0,,[],1080,1080,https://scontent-dfw6-1.cdninstagram.com/v/t39.30808-6/529233311_1339496611514891_1434049954225961351_n.jpg?stp=dst-jpg_e35_tt6&_nc_cat=102&ig_cache_key=MzY5NTU5NTM3NDEzMDcxNTMxMw%3D%3D.3-ccb7-5&ccb=7-5&_nc_sid=58cdad&efg=eyJ2ZW5jb2RlX3RhZyI6IkNBUk9VU0VMX0lURU0ueHBpZHMuMTA4MC5zZHIucmVndWxhcl9waG90by5DMyJ9&_nc_ohc=UvF-y8cnFIIQ7kNvwFRAAqj&_nc_oc=AdqcoQ9F67NAuqIImyES4DuyOMQ7djKgwaNFFUWiflFfFSfsJAwf0526eD4GQbFYyqo&_nc_zt=23&_nc_ht=scontent-dfw6-1.cdninstagram.com&_nc_gid=ges7YZN3iGizb8ZOq2mQng&_nc_ss=72a8c&oh=00_AQCsobw8pvFSrTnnGQnui_Z3zrHmbANnq9pw5zPrD4pjSw&oe=6A5E68CD,"['https://scontent-dfw6-1.cdninstagram.com/v/t39.30808-6/529233311_1339496611514891_1434049954225961351_n.jpg?stp=dst-jpg_e35_tt6&_nc_cat=102&ig_cache_key=MzY5NTU5NTM3NDEzMDcxNTMxMw%3D%3D.3-ccb7-5&ccb=7-5&_nc_sid=58cdad&efg=eyJ2ZW5jb2RlX3RhZyI6IkNBUk9VU0VMX0lURU0ueHBpZHMuMTA4MC5zZHIucmVndWxhcl9waG90by5DMyJ9&_nc_ohc=UvF-y8cnFIIQ7kNvwFRAAqj&_nc_oc=AdqcoQ9F67NAuqIImyES4DuyOMQ7djKgwaNFFUWiflFfFSfsJAwf0526eD4GQbFYyqo&_nc_zt=23&_nc_ht=scontent-dfw6-1.cdninstagram.com&_nc_gid=ges7YZN3iGizb8ZOq2mQng&_nc_ss=72a8c&oh=00_AQCsobw8pvFSrTnnGQnui_Z3zrHmbANnq9pw5zPrD4pjSw&oe=6A5E68CD', 'https://scontent-dfw6-2.cdninstagram.com/v/t39.30808-6/530686741_1339496558181563_1365123830183750118_n.jpg?stp=dst-jpg_e35_tt6&_nc_cat=109&ig_cache_key=MzY5NTU5NTM3NDI3MzEwNzUxMQ%3D%3D.3-ccb7-5&ccb=7-5&_nc_sid=58cdad&efg=eyJ2ZW5jb2RlX3RhZyI6IkNBUk9VU0VMX0lURU0ueHBpZHMuMTA4MC5zZHIucmVndWxhcl9waG90by5DMyJ9&_nc_ohc=A17w_Ga_RAkQ7kNvwHUcOpg&_nc_oc=Adp5pAuAi1xHjpSlWGfgkmV_litZ0IEDF4zD4PV9sGlwExPUEUBEZ5GqQ_DvzcqdRwo&_nc_zt=23&_nc_ht=scontent-dfw6-2.cdninstagram.com&_nc_gid=ges7YZN3iGizb8ZOq2mQng&_nc_ss=72a8c&oh=00_AQAB4nTV_FOgXWCZpicLhBWN3FT9ZHW63-J6YifR2742IA&oe=6A5E9167', 'https://scontent-dfw6-1.cdninstagram.com/v/t39.30808-6/529767973_1339496668181552_8371773039767809917_n.jpg?stp=dst-jpg_e35_tt6&_nc_cat=102&ig_cache_key=MzY5NTU5NTM3NDMzMjA1MjczNg%3D%3D.3-ccb7-5&ccb=7-5&_nc_sid=58cdad&efg=eyJ2ZW5jb2RlX3RhZyI6IkNBUk9VU0VMX0lURU0ueHBpZHMuMTA4MC5zZHIucmVndWxhcl9waG90by5DMyJ9&_nc_ohc=Bnqak6sByEMQ7kNvwFfG1rj&_nc_oc=Adp0qot8twQV2i4Qmz3_9BKT5Goz80uHUQSgnVcwtirZq52yzOi7bAmXqvlCTgaZeDY&_nc_zt=23&_nc_ht=scontent-dfw6-1.cdninstagram.com&_nc_gid=ges7YZN3iGizb8ZOq2mQng&_nc_ss=72a8c&oh=00_AQDvLok1fTPsrK3u199LrsMvVpvD3U91T3s54ZjRB-Fsig&oe=6A5E715B', 'https://scontent-dfw5-1.cdninstagram.com/v/t39.30808-6/531237337_1339496694848216_3864008809930964538_n.jpg?stp=dst-jpg_e35_tt6&_nc_cat=111&ig_cache_key=MzY5NTU5NTM3NDY1ODk3NzgzOA%3D%3D.3-ccb7-5&ccb=7-5&_nc_sid=58cdad&efg=eyJ2ZW5jb2RlX3RhZyI6IkNBUk9VU0VMX0lURU0ueHBpZHMuMTA4MC5zZHIucmVndWxhcl9waG90by5DMyJ9&_nc_ohc=oc80d2TXOv4Q7kNvwG8xxcZ&_nc_oc=AdqFliaCxSirPPK_R-PDPzj4Wm_5ZcVoAyxwEWCY96Hi3wUAJW9nSu6foZolrAXHMJ8&_nc_zt=23&_nc_ht=scontent-dfw5-1.cdninstagram.com&_nc_gid=ges7YZN3iGizb8ZOq2mQng&_nc_ss=72a8c&oh=00_AQAM1tZFpYXgwVfTbIqgHAKqnl9ULMBh1VqkCmo3IFRoWQ&oe=6A5E9635', 'https://scontent-dfw5-2.cdninstagram.com/v/t39.30808-6/529776881_1339496661514886_1787556065562046728_n.jpg?stp=dst-jpg_e35_tt6&_nc_cat=107&ig_cache_key=MzY5NTU5NTM3Mzg1MzcwMzczOQ%3D%3D.3-ccb7-5&ccb=7-5&_nc_sid=58cdad&efg=eyJ2ZW5jb2RlX3RhZyI6IkNBUk9VU0VMX0lURU0ueHBpZHMuMTA4MC5zZHIucmVndWxhcl9waG90by5DMyJ9&_nc_ohc=drG36WSCxIwQ7kNvwFS9JQl&_nc_oc=AdqTsadeJyAuDVXaECTMmxSKxUu3NiRHkLJjD1AQVTWAw1LmtD4Usijxe8oYyUGaU2A&_nc_zt=23&_nc_ht=scontent-dfw5-2.cdninstagram.com&_nc_gid=ges7YZN3iGizb8ZOq2mQng&_nc_ss=72a8c&oh=00_AQDzRUk0leVd_ElBj9A_08RI6AhJn2sswfSH4uh8PE5dBg&oe=6A5E9E1E', 'https://scontent-dfw5-2.cdninstagram.com/v/t39.30808-6/529568369_1339496714848214_1561016413796695746_n.jpg?stp=dst-jpg_e35_tt6&_nc_cat=100&ig_cache_key=MzY5NTU5NTM3NDQwNzM2OTg3Mg%3D%3D.3-ccb7-5&ccb=7-5&_nc_sid=58cdad&efg=eyJ2ZW5jb2RlX3RhZyI6IkNBUk9VU0VMX0lURU0ueHBpZHMuMTA4MC5zZHIucmVndWxhcl9waG90by5DMyJ9&_nc_ohc=exFY82HQIkMQ7kNvwFJGTqV&_nc_oc=AdrCNwNkFTaAVh2xHDdoRTek-nhGsWRKf-4WvzQhyJOJUyfznlyU5RWS_mTUxxQZUvU&_nc_zt=23&_nc_ht=scontent-dfw5-2.cdninstagram.com&_nc_gid=ges7YZN3iGizb8ZOq2mQng&_nc_ss=72a8c&oh=00_AQBck5EE3ofbB0RCcRyhK9pDo9_-H9gCS0kX0-64kUDSjg&oe=6A5E6DE2', 'https://scontent-dfw5-1.cdninstagram.com/v/t39.30808-6/529325997_1339496708181548_8862098580707237498_n.jpg?stp=dst-jpg_e35_tt6&_nc_cat=111&ig_cache_key=MzY5NTU5NTM3NTI4ODE1NzU3Nw%3D%3D.3-ccb7-5&ccb=7-5&_nc_sid=58cdad&efg=eyJ2ZW5jb2RlX3RhZyI6IkNBUk9VU0VMX0lURU0ueHBpZHMuMTA4MC5zZHIucmVndWxhcl9waG90by5DMyJ9&_nc_ohc=Yiu13PrSxtgQ7kNvwHXBf1f&_nc_oc=AdrPBcpqVGgCTUCT16OWjNxsd9S328okjIqn_P97XnQwSLZdmPsGlmu0rtXwikuO4MM&_nc_zt=23&_nc_ht=scontent-dfw5-1.cdninstagram.com&_nc_gid=ges7YZN3iGizb8ZOq2mQng&_nc_ss=72a8c&oh=00_AQAeBECVW352nGJbp-f2livELuXl_iD--R3vOdTTK4Ux_A&oe=6A5E7CE0', 'https://scontent-dfw5-2.cdninstagram.com/v/t39.30808-6/529461743_1339496678181551_8510769596539256633_n.jpg?stp=dst-jpg_e35_tt6&_nc_cat=100&ig_cache_key=MzY5NTU5NTM3NDYwMDQxNTY0OA%3D%3D.3-ccb7-5&ccb=7-5&_nc_sid=58cdad&efg=eyJ2ZW5jb2RlX3RhZyI6IkNBUk9VU0VMX0lURU0ueHBpZHMuMTA4MC5zZHIucmVndWxhcl9waG90by5DMyJ9&_nc_ohc=fDNlv2LvwMgQ7kNvwG-mJRb&_nc_oc=Adrw6selxUQzU3fpUwaHCk7-h9Fap-xbJSLODSgS3Tm8EfGPs1mHHkLHSt6YodU3WaM&_nc_zt=23&_nc_ht=scontent-dfw5-2.cdninstagram.com&_nc_gid=ges7YZN3iGizb8ZOq2mQng&_nc_ss=72a8c&oh=00_AQATHhrRX0ybTan715QRPf8Lit5q_kcjdJ3_b385aeRMGw&oe=6A5E97E2', 'https://scontent-dfw5-1.cdninstagram.com/v/t39.30808-6/530040073_1339496584848227_5182547627578319577_n.jpg?stp=dst-jpg_e35_tt6&_nc_cat=105&ig_cache_key=MzY5NTU5NTM3NTA5NTIzNzg4OA%3D%3D.3-ccb7-5&ccb=7-5&_nc_sid=58cdad&efg=eyJ2ZW5jb2RlX3RhZyI6IkNBUk9VU0VMX0lURU0ueHBpZHMuMTA4MC5zZHIucmVndWxhcl9waG90by5DMyJ9&_nc_ohc=0Xk4ohboE08Q7kNvwEEBkPi&_nc_oc=Adqc5F1PXhdlfSnYroawEwUKES2tDu-ZhhL1kZRb53vQwRTKNyRYz_RUctUXVmasmhE&_nc_zt=23&_nc_ht=scontent-dfw5-1.cdninstagram.com&_nc_gid=ges7YZN3iGizb8ZOq2mQng&_nc_ss=72a8c&oh=00_AQA6pfnpl8amMawfEFBBGGoguPxPJx21k8JYwULvhTf0IQ&oe=6A5E9CAD', 'https://scontent-dfw6-2.cdninstagram.com/v/t39.30808-6/530006622_1339496698181549_2879512989879593860_n.jpg?stp=dst-jpg_e35_tt6&_nc_cat=109&ig_cache_key=MzY5NTU5NTM3NDQyNDI5ODA5NA%3D%3D.3-ccb7-5&ccb=7-5&_nc_sid=58cdad&efg=eyJ2ZW5jb2RlX3RhZyI6IkNBUk9VU0VMX0lURU0ueHBpZHMuMTA4MC5zZHIucmVndWxhcl9waG90by5DMyJ9&_nc_ohc=v1Y6BxZz0esQ7kNvwGcgHZy&_nc_oc=AdqQnPVA_UH5Ur6Zi0L1_WGAcYWpt-O7fL8RopxauOXGKUsfDtCkrZzah_7Auj3kAtg&_nc_zt=23&_nc_ht=scontent-dfw6-2.cdninstagram.com&_nc_gid=ges7YZN3iGizb8ZOq2mQng&_nc_ss=72a8c&oh=00_AQAGABKtEX8AvQ7_sXS97-ZwXBoKP76HWxPoTx9P5mA10A&oe=6A5E84EF']","Photo by TSA Agence Com on August 09, 2025.",6,2025-08-09T19:55:24.000Z,"[{'id': '3695595374130715313', 'type': 'Image', 'caption': '', 'hashtags': [], 'mentions': [], 'url': 'https://www.instagram.com/p/DNJZGmko1qx/', 'commentsCount': 0, 'firstComment': '', 'latestComments': [], 'dimensionsHeight': 1080, 'dimensionsWidth': 1080, 'displayUrl': 'https://scontent-dfw6-1.cdninstagram.com/v/t39.30808-6/529233311_1339496611514891_1434049954225961351_n.jpg?stp=dst-jpg_e35_tt6&_nc_cat=102&ig_cache_key=MzY5NTU5NTM3NDEzMDcxNTMxMw%3D%3D.3-ccb7-5&ccb=7-5&_nc_sid=58cdad&efg=eyJ2ZW5jb2RlX3RhZyI6IkNBUk9VU0VMX0lURU0ueHBpZHMuMTA4MC5zZHIucmVndWxhcl9waG90by5DMyJ9&_nc_ohc=UvF-y8cnFIIQ7kNvwFRAAqj&_nc_oc=AdqcoQ9F67NAuqIImyES4DuyOMQ7djKgwaNFFUWiflFfFSfsJAwf0526eD4GQbFYyqo&_nc_zt=23&_nc_ht=scontent-dfw6-1.cdninstagram.com&_nc_gid=ges7YZN3iGizb8ZOq2mQng&_nc_ss=72a8c&oh=00_AQCsobw8pvFSrTnnGQnui_Z3zrHmbANnq9pw5zPrD4pjSw&oe=6A5E68CD', 'images': [], 'alt': 'Photo by TSA Agence Com on August 09, 2025.', 'likesCount': 0, 'timestamp': '2025-08-09T19:55:22.000Z', 'childPosts': [], 'ownerId': '17841405925248098', 'shortCode': 'DNJZGmko1qx', 'originalHeight': 1080, 'originalWidth': 1080, 'ownerUsername': 'tsagencecom'}, {'id': '3695595374273107511', 'type': 'Image', 'caption': '', 'hashtags': [], 'mentions': [], 'url': 'https://www.instagram.com/p/DNJZGmtIBY3/', 'commentsCount': 0, 'firstComment': '', 'latestComments': [], 'dimensionsHeight': 1080, 'dimensionsWidth': 1080, 'displayUrl': 'https://scontent-dfw6-2.cdninstagram.com/v/t39.30808-6/530686741_1339496558181563_1365123830183750118_n.jpg?stp=dst-jpg_e35_tt6&_nc_cat=109&ig_cache_key=MzY5NTU5NTM3NDI3MzEwNzUxMQ%3D%3D.3-ccb7-5&ccb=7-5&_nc_sid=58cdad&efg=eyJ2ZW5jb2RlX3RhZyI6IkNBUk9VU0VMX0lURU0ueHBpZHMuMTA4MC5zZHIucmVndWxhcl9waG90by5DMyJ9&_nc_ohc=A17w_Ga_RAkQ7kNvwHUcOpg&_nc_oc=Adp5pAuAi1xHjpSlWGfgkmV_litZ0IEDF4zD4PV9sGlwExPUEUBEZ5GqQ_DvzcqdRwo&_nc_zt=23&_nc_ht=scontent-dfw6-2.cdninstagram.com&_nc_gid=ges7YZN3iGizb8ZOq2mQng&_nc_ss=72a8c&oh=00_AQAB4nTV_FOgXWCZpicLhBWN3FT9ZHW63-J6YifR2742IA&oe=6A5E9167', 'images': [], 'alt': 'Photo by TSA Agence Com on August 09, 2025.', 'likesCount': 0, 'timestamp': '2025-08-09T19:55:22.000Z', 'childPosts': [], 'ownerId': '17841405925248098', 'shortCode': 'DNJZGmtIBY3', 'originalHeight': 1080, 'originalWidth': 1080, 'ownerUsername': 'tsagencecom'}, {'id': '3695595374332052736', 'type': 'Image', 'caption': '', 'hashtags': [], 'mentions': [], 'url': 'https://www.instagram.com/p/DNJZGmwo4UA/', 'commentsCount': 0, 'firstComment': '', 'latestComments': [], 'dimensionsHeight': 1080, 'dimensionsWidth': 1080, 'displayUrl': 'https://scontent-dfw6-1.cdninstagram.com/v/t39.30808-6/529767973_1339496668181552_8371773039767809917_n.jpg?stp=dst-jpg_e35_tt6&_nc_cat=102&ig_cache_key=MzY5NTU5NTM3NDMzMjA1MjczNg%3D%3D.3-ccb7-5&ccb=7-5&_nc_sid=58cdad&efg=eyJ2ZW5jb2RlX3RhZyI6IkNBUk9VU0VMX0lURU0ueHBpZHMuMTA4MC5zZHIucmVndWxhcl9waG90by5DMyJ9&_nc_ohc=Bnqak6sByEMQ7kNvwFfG1rj&_nc_oc=Adp0qot8twQV2i4Qmz3_9BKT5Goz80uHUQSgnVcwtirZq52yzOi7bAmXqvlCTgaZeDY&_nc_zt=23&_nc_ht=scontent-dfw6-1.cdninstagram.com&_nc_gid=ges7YZN3iGizb8ZOq2mQng&_nc_ss=72a8c&oh=00_AQDvLok1fTPsrK3u199LrsMvVpvD3U91T3s54ZjRB-Fsig&oe=6A5E715B', 'images': [], 'alt': 'Photo by TSA Agence Com on August 09, 2025.', 'likesCount': 0, 'timestamp': '2025-08-09T19:55:22.000Z', 'childPosts': [], 'ownerId': '17841405925248098', 'shortCode': 'DNJZGmwo4UA', 'originalHeight': 1080, 'originalWidth': 1080, 'ownerUsername': 'tsagencecom'}, {'id': '3695595374658977838', 'type': 'Image', 'caption': '', 'hashtags': [], 'mentions': [], 'url': 'https://www.instagram.com/p/DNJZGnEIAAu/', 'commentsCount': 0, 'firstComment': '', 'latestComments': [], 'dimensionsHeight': 1080, 'dimensionsWidth': 1080, 'displayUrl': 'https://scontent-dfw5-1.cdninstagram.com/v/t39.30808-6/531237337_1339496694848216_3864008809930964538_n.jpg?stp=dst-jpg_e35_tt6&_nc_cat=111&ig_cache_key=MzY5NTU5NTM3NDY1ODk3NzgzOA%3D%3D.3-ccb7-5&ccb=7-5&_nc_sid=58cdad&efg=eyJ2ZW5jb2RlX3RhZyI6IkNBUk9VU0VMX0lURU0ueHBpZHMuMTA4MC5zZHIucmVndWxhcl9waG90by5DMyJ9&_nc_ohc=oc80d2TXOv4Q7kNvwG8xxcZ&_nc_oc=AdqFliaCxSirPPK_R-PDPzj4Wm_5ZcVoAyxwEWCY96Hi3wUAJW9nSu6foZolrAXHMJ8&_nc_zt=23&_nc_ht=scontent-dfw5-1.cdninstagram.com&_nc_gid=ges7YZN3iGizb8ZOq2mQng&_nc_ss=72a8c&oh=00_AQAM1tZFpYXgwVfTbIqgHAKqnl9ULMBh1VqkCmo3IFRoWQ&oe=6A5E9635', 'images': [], 'alt': 'Photo by TSA Agence Com on August 09, 2025.', 'likesCount': 0, 'timestamp': '2025-08-09T19:55:22.000Z', 'childPosts': [], 'ownerId': '17841405925248098', 'shortCode': 'DNJZGnEIAAu', 'originalHeight': 1080, 'originalWidth': 1080, 'ownerUsername': 'tsagencecom'}, {'id': '3695595373853703739', 'type': 'Image', 'caption': '', 'hashtags': [], 'mentions': [], 'url': 'https://www.instagram.com/p/DNJZGmUIH47/', 'commentsCount': 0, 'firstComment': '', 'latestComments': [], 'dimensionsHeight': 1080, 'dimensionsWidth': 1080, 'displayUrl': 'https://scontent-dfw5-2.cdninstagram.com/v/t39.30808-6/529776881_1339496661514886_1787556065562046728_n.jpg?stp=dst-jpg_e35_tt6&_nc_cat=107&ig_cache_key=MzY5NTU5NTM3Mzg1MzcwMzczOQ%3D%3D.3-ccb7-5&ccb=7-5&_nc_sid=58cdad&efg=eyJ2ZW5jb2RlX3RhZyI6IkNBUk9VU0VMX0lURU0ueHBpZHMuMTA4MC5zZHIucmVndWxhcl9waG90by5DMyJ9&_nc_ohc=drG36WSCxIwQ7kNvwFS9JQl&_nc_oc=AdqTsadeJyAuDVXaECTMmxSKxUu3NiRHkLJjD1AQVTWAw1LmtD4Usijxe8oYyUGaU2A&_nc_zt=23&_nc_ht=scontent-dfw5-2.cdninstagram.com&_nc_gid=ges7YZN3iGizb8ZOq2mQng&_nc_ss=72a8c&oh=00_AQDzRUk0leVd_ElBj9A_08RI6AhJn2sswfSH4uh8PE5dBg&oe=6A5E9E1E', 'images': [], 'alt': 'Photo by TSA Agence Com on August 09, 2025.', 'likesCount': 0, 'timestamp': '2025-08-09T19:55:22.000Z', 'childPosts': [], 'ownerId': '17841405925248098', 'shortCode': 'DNJZGmUIH47', 'originalHeight': 1080, 'originalWidth': 1080, 'ownerUsername': 'tsagencecom'}, {'id': '3695595374407369872', 'type': 'Image', 'caption': '', 'hashtags': [], 'mentions': [], 'url': 'https://www.instagram.com/p/DNJZGm1IMSQ/', 'commentsCount': 0, 'firstComment': '', 'latestComments': [], 'dimensionsHeight': 1080, 'dimensionsWidth': 1080, 'displayUrl': 'https://scontent-dfw5-2.cdninstagram.com/v/t39.30808-6/529568369_1339496714848214_1561016413796695746_n.jpg?stp=dst-jpg_e35_tt6&_nc_cat=100&ig_cache_key=MzY5NTU5NTM3NDQwNzM2OTg3Mg%3D%3D.3-ccb7-5&ccb=7-5&_nc_sid=58cdad&efg=eyJ2ZW5jb2RlX3RhZyI6IkNBUk9VU0VMX0lURU0ueHBpZHMuMTA4MC5zZHIucmVndWxhcl9waG90by5DMyJ9&_nc_ohc=exFY82HQIkMQ7kNvwFJGTqV&_nc_oc=AdrCNwNkFTaAVh2xHDdoRTek-nhGsWRKf-4WvzQhyJOJUyfznlyU5RWS_mTUxxQZUvU&_nc_zt=23&_nc_ht=scontent-dfw5-2.cdninstagram.com&_nc_gid=ges7YZN3iGizb8ZOq2mQng&_nc_ss=72a8c&oh=00_AQBck5EE3ofbB0RCcRyhK9pDo9_-H9gCS0kX0-64kUDSjg&oe=6A5E6DE2', 'images': [], 'alt': 'Photo by TSA Agence Com on August 09, 2025.', 'likesCount': 0, 'timestamp': '2025-08-09T19:55:22.000Z', 'childPosts': [], 'ownerId': '17841405925248098', 'shortCode': 'DNJZGm1IMSQ', 'originalHeight': 1080, 'originalWidth': 1080, 'ownerUsername': 'tsagencecom'}, {'id': '3695595375288157577', 'type': 'Image', 'caption': '', 'hashtags': [], 'mentions': [], 'url': 'https://www.instagram.com/p/DNJZGnpoIWJ/', 'commentsCount': 0, 'firstComment': '', 'latestComments': [], 'dimensionsHeight': 1080, 'dimensionsWidth': 1080, 'displayUrl': 'https://scontent-dfw5-1.cdninstagram.com/v/t39.30808-6/529325997_1339496708181548_8862098580707237498_n.jpg?stp=dst-jpg_e35_tt6&_nc_cat=111&ig_cache_key=MzY5NTU5NTM3NTI4ODE1NzU3Nw%3D%3D.3-ccb7-5&ccb=7-5&_nc_sid=58cdad&efg=eyJ2ZW5jb2RlX3RhZyI6IkNBUk9VU0VMX0lURU0ueHBpZHMuMTA4MC5zZHIucmVndWxhcl9waG90by5DMyJ9&_nc_ohc=Yiu13PrSxtgQ7kNvwHXBf1f&_nc_oc=AdrPBcpqVGgCTUCT16OWjNxsd9S328okjIqn_P97XnQwSLZdmPsGlmu0rtXwikuO4MM&_nc_zt=23&_nc_ht=scontent-dfw5-1.cdninstagram.com&_nc_gid=ges7YZN3iGizb8ZOq2mQng&_nc_ss=72a8c&oh=00_AQAeBECVW352nGJbp-f2livELuXl_iD--R3vOdTTK4Ux_A&oe=6A5E7CE0', 'images': [], 'alt': 'Photo by TSA Agence Com on August 09, 2025.', 'likesCount': 0, 'timestamp': '2025-08-09T19:55:22.000Z', 'childPosts': [], 'ownerId': '17841405925248098', 'shortCode': 'DNJZGnpoIWJ', 'originalHeight': 1080, 'originalWidth': 1080, 'ownerUsername': 'tsagencecom'}, {'id': '3695595374600415648', 'type': 'Image', 'caption': '', 'hashtags': [], 'mentions': [], 'url': 'https://www.instagram.com/p/DNJZGnAommg/', 'commentsCount': 0, 'firstComment': '', 'latestComments': [], 'dimensionsHeight': 1080, 'dimensionsWidth': 1080, 'displayUrl': 'https://scontent-dfw5-2.cdninstagram.com/v/t39.30808-6/529461743_1339496678181551_8510769596539256633_n.jpg?stp=dst-jpg_e35_tt6&_nc_cat=100&ig_cache_key=MzY5NTU5NTM3NDYwMDQxNTY0OA%3D%3D.3-ccb7-5&ccb=7-5&_nc_sid=58cdad&efg=eyJ2ZW5jb2RlX3RhZyI6IkNBUk9VU0VMX0lURU0ueHBpZHMuMTA4MC5zZHIucmVndWxhcl9waG90by5DMyJ9&_nc_ohc=fDNlv2LvwMgQ7kNvwG-mJRb&_nc_oc=Adrw6selxUQzU3fpUwaHCk7-h9Fap-xbJSLODSgS3Tm8EfGPs1mHHkLHSt6YodU3WaM&_nc_zt=23&_nc_ht=scontent-dfw5-2.cdninstagram.com&_nc_gid=ges7YZN3iGizb8ZOq2mQng&_nc_ss=72a8c&oh=00_AQATHhrRX0ybTan715QRPf8Lit5q_kcjdJ3_b385aeRMGw&oe=6A5E97E2', 'images': [], 'alt': 'Photo by TSA Agence Com on August 09, 2025.', 'likesCount': 0, 'timestamp': '2025-08-09T19:55:22.000Z', 'childPosts': [], 'ownerId': '17841405925248098', 'shortCode': 'DNJZGnAommg', 'originalHeight': 1080, 'originalWidth': 1080, 'ownerUsername': 'tsagencecom'}, {'id': '3695595375095237888', 'type': 'Image', 'caption': '', 'hashtags': [], 'mentions': [], 'url': 'https://www.instagram.com/p/DNJZGneIM0A/', 'commentsCount': 0, 'firstComment': '', 'latestComments': [], 'dimensionsHeight': 1080, 'dimensionsWidth': 1080, 'displayUrl': 'https://scontent-dfw5-1.cdninstagram.com/v/t39.30808-6/530040073_1339496584848227_5182547627578319577_n.jpg?stp=dst-jpg_e35_tt6&_nc_cat=105&ig_cache_key=MzY5NTU5NTM3NTA5NTIzNzg4OA%3D%3D.3-ccb7-5&ccb=7-5&_nc_sid=58cdad&efg=eyJ2ZW5jb2RlX3RhZyI6IkNBUk9VU0VMX0lURU0ueHBpZHMuMTA4MC5zZHIucmVndWxhcl9waG90by5DMyJ9&_nc_ohc=0Xk4ohboE08Q7kNvwEEBkPi&_nc_oc=Adqc5F1PXhdlfSnYroawEwUKES2tDu-ZhhL1kZRb53vQwRTKNyRYz_RUctUXVmasmhE&_nc_zt=23&_nc_ht=scontent-dfw5-1.cdninstagram.com&_nc_gid=ges7YZN3iGizb8ZOq2mQng&_nc_ss=72a8c&oh=00_AQA6pfnpl8amMawfEFBBGGoguPxPJx21k8JYwULvhTf0IQ&oe=6A5E9CAD', 'images': [], 'alt': 'Photo by TSA Agence Com on August 09, 2025.', 'likesCount': 0, 'timestamp': '2025-08-09T19:55:22.000Z', 'childPosts': [], 'ownerId': '17841405925248098', 'shortCode': 'DNJZGneIM0A', 'originalHeight': 1080, 'originalWidth': 1080, 'ownerUsername': 'tsagencecom'}, {'id': '3695595374424298094', 'type': 'Image', 'caption': '', 'hashtags': [], 'mentions': [], 'url': 'https://www.instagram.com/p/DNJZGm2IxJu/', 'commentsCount': 0, 'firstComment': '', 'latestComments': [], 'dimensionsHeight': 1080, 'dimensionsWidth': 1080, 'displayUrl': 'https://scontent-dfw6-2.cdninstagram.com/v/t39.30808-6/530006622_1339496698181549_2879512989879593860_n.jpg?stp=dst-jpg_e35_tt6&_nc_cat=109&ig_cache_key=MzY5NTU5NTM3NDQyNDI5ODA5NA%3D%3D.3-ccb7-5&ccb=7-5&_nc_sid=58cdad&efg=eyJ2ZW5jb2RlX3RhZyI6IkNBUk9VU0VMX0lURU0ueHBpZHMuMTA4MC5zZHIucmVndWxhcl9waG90by5DMyJ9&_nc_ohc=v1Y6BxZz0esQ7kNvwGcgHZy&_nc_oc=AdqQnPVA_UH5Ur6Zi0L1_WGAcYWpt-O7fL8RopxauOXGKUsfDtCkrZzah_7Auj3kAtg&_nc_zt=23&_nc_ht=scontent-dfw6-2.cdninstagram.com&_nc_gid=ges7YZN3iGizb8ZOq2mQng&_nc_ss=72a8c&oh=00_AQAGABKtEX8AvQ7_sXS97-ZwXBoKP76HWxPoTx9P5mA10A&oe=6A5E84EF', 'images': [], 'alt': 'Photo by TSA Agence Com on August 09, 2025.', 'likesCount': 0, 'timestamp': '2025-08-09T19:55:22.000Z', 'childPosts': [], 'ownerId': '17841405925248098', 'shortCode': 'DNJZGm2IxJu', 'originalHeight': 1080, 'originalWidth': 1080, 'ownerUsername': 'tsagencecom'}]",TSA Agence Com,tsagencecom,5824789508,False,https://www.instagram.com/tsagencecom/,1080,1080,carousel_container,,,,,,,,,,,
3599787466910885066,Image,DH1A6DwIGTK,"سنين دايمة ✨
#tsaagencecom #aidkommabrouk❤️","['tsaagencecom', 'aidkommabrouk❤️']",[],https://www.instagram.com/p/DH1A6DwIGTK/,0,,[],1350,1080,https://scontent-mia3-2.cdninstagram.com/v/t39.30808-6/494462679_1251255667005653_4499824817232909849_n.jpg?stp=dst-jpg_e15_fr_p1080x1080_tt6&_nc_ht=scontent-mia3-2.cdninstagram.com&_nc_cat=105&_nc_oc=Q6cZ2gEmdp1OO8ONDSiWicQG12tdtkLNxbsocSqfpeEik2qPPJVgmTSZbXaK5Zc9lcTea9U&_nc_ohc=9uklF01luPEQ7kNvwHQHf9r&_nc_gid=i1fTpZ1DP26b_Dtm1Gh1mw&edm=ADp7STQAAAAA&ccb=7-5&oh=00_AQB2bQXuHpLrKLqNJTaUgbVuNxawY1Z_bLwv86KvNHFceg&oe=6A5E868D&_nc_sid=c6f216,[],"Photo by TSA Agence Com on March 30, 2025.",1,2025-03-30T15:22:09.000Z,[],TSA Agence Com,tsagencecom,5824789508,False,https://www.instagram.com/tsagencecom/,1350,1080,feed,,,,,,,,,,,
3796390718101839770,Video,DSvfT51DN-a,#e-commerce #seo,"['e-commerce', 'seo']",[],https://www.instagram.com/p/DSvfT51DN-a/,0,,[],1136,640,https://scontent-phl2-1.cdninstagram.com/v/t51.71878-15/604050265_1722257855399231_4780366817910534406_n.jpg?stp=dst-jpg_e15_tt6&_nc_ht=scontent-phl2-1.cdninstagram.com&_nc_cat=111&_nc_oc=Q6cZ2gEkxChbpHiP8jx-xvSJnFzQaLPysPCnkFbsZ6E1wjcIg_dyTNRtxM5ZzQX9sE_2dvM&_nc_ohc=vJWqCgfg02EQ7kNvwEsGCRb&_nc_gid=DbwDA6tfwJCY9l3iXfnANA&edm=ADp7STQBAAAA&ccb=7-5&oh=00_AQAiB-u5LrN7rXgNARNU7LIYyed27TpFvS_-x5SXhg-98Q&oe=6A5E98E2&_nc_sid=c6f216,[],"Video by First Master Class on December 26, 2025.",9,2025-12-26T21:38:33.000Z,[],First Master Class,first_masterclass,53436166511,False,https://www.instagram.com/e2bconsulting.training/,640,360,clips,,,"[{'full_name': 'Kais Khenine', 'id': '254107068', 'is_verified': False, 'profile_pic_url': 'https://scontent-hou1-1.cdninstagram.com/v/t51.82787-19/721403688_18597972886027069_2985419705159957818_n.jpg?stp=dst-jpg_s150x150_tt6&_nc_cat=111&ccb=7-5&_nc_sid=f7ccc5&efg=eyJ2ZW5jb2RlX3RhZyI6InByb2ZpbGVfcGljLnd3dy4xMDgwLkMzIn0%3D&_nc_ohc=oGNEDOKJp8IQ7kNvwFJPClu&_nc_oc=AdrZlVlrOoJknejbaS8cZTMXVQfIUqaJeXpMCiPdUx1GmLaEdp7efkY3ztaDIzc7mj0&_nc_zt=24&_nc_ht=scontent-hou1-1.cdninstagram.com&_nc_gid=Au0564Ybvl9nXOat7g4CFg&_nc_ss=72a8c&oh=00_AQAlXwAg7wr6hMcuZ7HMMljZhxBNcLfdYy28dHEemaD69g&oe=6A5E98D7', 'username': 'kaiskhenine'}, {'full_name': 'E2bconsulting&training', 'id': '11234617163', 'is_verified': False, 'profile_pic_url': 'https://scontent-hou1-1.cdninstagram.com/v/t51.2885-19/101002711_841643919681756_1486131544241209344_n.jpg?stp=dst-jpg_s150x150_tt6&_nc_cat=103&ccb=7-5&_nc_sid=f7ccc5&efg=eyJ2ZW5jb2RlX3RhZyI6InByb2ZpbGVfcGljLnd3dy4xMDgwLkMzIn0%3D&_nc_ohc=RXgHCHB50NoQ7kNvwEtsHjQ&_nc_oc=AdrcY4KSpTFnOoy3lFcgloen52oB7D5O-XJFm1Psz63mXtLiNS0hUmz9AAKWrcKqd8U&_nc_zt=24&_nc_ht=scontent-hou1-1.cdninstagram.com&_nc_ss=72a8c&oh=00_AQD3f4al5O9D9eO0eK7xM2FvN3VhDhzlXEtEacZ2-jRb1w&oe=6A5E8216', 'username': 'e2bconsulting.training'}]",https://scontent-hou1-1.cdninstagram.com/o1/v/t2/f2/m86/AQMNYdwPGAYIPZjJBbSAvCjBsn97hUQxDKkCNRns4V4R_gtxhsdtGw9YGaPmM0mke3e12_kmFMg_vfiTnRmCpw.mp4?_nc_cat=100&_nc_sid=5e9851&_nc_ht=scontent-hou1-1.cdninstagram.com&_nc_ohc=XzQY7y4GNWEQ7kNvwHgMjU9&efg=eyJ2ZW5jb2RlX3RhZyI6Inhwdl9wcm9ncmVzc2l2ZS5JTlNUQUdSQU0uQ0xJUFMuQzMuMzYwLmRhc2hfYmFzZWxpbmVfM192MSIsInhwdl9hc3NldF9pZCI6ODUzMDA0NjA0Mzc2ODg1LCJhc3NldF9hZ2VfZGF5cyI6MjAxLCJ2aV91c2VjYXNlX2lkIjoxMDA5OSwiZHVyYXRpb25fcyI6MTEyLCJ1cmxnZW5fc291cmNlIjoid3d3In0%3D&ccb=17-1&vs=ab9f5e0f9ac6c93e&_nc_vs=HBksFQIYRWlnX3hwdl9yZWVsc19wZXJtYW5lbnRfc3JfcHJvZC8xMjM2MDU3NzE1MDYzMzgwXzk4NDE2ODk0MTY3NjEzOTMyLm1wNBUAAsgBEgAVAhhHaWdfeHB2X3JlZWxzX3Blcm1hbmVudF9zcl9wcm9kLzQxNTU0NTQwODgxMDE1MDVfNTgyODExMjM5NTY1OTk0NTkyMS5tcDQVAgLIARIAKAAYABsCiAd1c2Vfb2lsATEScHJvZ3Jlc3NpdmVfcmVjaXBlATEVAAAm6pz8xrPzgwMVAigCQzMsF0BcCIMSbpeNGBJkYXNoX2Jhc2VsaW5lXzNfdjERAHX-B2XmnQEA&_nc_gid=Au0564Ybvl9nXOat7g4CFg&_nc_ss=72a8c&_nc_zt=28&oh=00_AQBYKO2PJouX2JgIUA-Lyr0kBy6Ou7mXgEmQXBPE0VgclA&oe=6A5A77EB,155,,112.133,"{'artist_name': 'first_masterclass', 'song_name': 'Original audio', 'uses_original_audio': True, 'should_mute_audio': False, 'should_mute_audio_reason': '', 'audio_id': '33063601576621257'}",603,"[{'id': '11234617163', 'is_verified': False, 'profile_pic_url': 'https://scontent-hou1-1.cdninstagram.com/v/t51.2885-19/101002711_841643919681756_1486131544241209344_n.jpg?stp=dst-jpg_s150x150_tt6&_nc_cat=103&ccb=7-5&_nc_sid=f7ccc5&efg=eyJ2ZW5jb2RlX3RhZyI6InByb2ZpbGVfcGljLnd3dy4xMDgwLkMzIn0%3D&_nc_ohc=RXgHCHB50NoQ7kNvwEtsHjQ&_nc_oc=AdrcY4KSpTFnOoy3lFcgloen52oB7D5O-XJFm1Psz63mXtLiNS0hUmz9AAKWrcKqd8U&_nc_zt=24&_nc_ht=scontent-hou1-1.cdninstagram.com&_nc_ss=72a8c&oh=00_AQD3f4al5O9D9eO0eK7xM2FvN3VhDhzlXEtEacZ2-jRb1w&oe=6A5E8216', 'username': 'e2bconsulting.training', '__typename': 'User', 'is_unpublished': False, 'full_name': 'E2bconsulting&training', 'fbid': '17841411074914327'}]",
3615732756999433294,Image,DItqckXsexO,"🚀🚀 Boostez la visibilité de votre entreprise avec NOS PACKS spécial 𝐆𝐄𝐒𝐓𝐈𝐎𝐍 𝐑𝐄́𝐒𝐄𝐀𝐔𝐗 𝐒𝐎𝐂𝐈𝐀𝐔𝐗 
👉 Création de contenu + Sponsoring 🎨💲
😍🥰 Découvrez nos 𝐏𝐚𝐜𝐤𝐬 𝐆𝐞𝐬𝐭𝐢𝐨𝐧 𝐑𝐞́𝐬𝐞𝐚𝐮𝐱 𝐒𝐨𝐜𝐢𝐚𝐮𝐱 𝐅𝐚𝐜𝐞𝐛𝐨𝐨𝐤 𝐞𝐭 𝐈𝐧𝐬𝐭𝐚𝐠𝐫𝐚𝐦
👉 Pack Essentiel ⭐
✔️ 8 Affiches professionnelles design et publication
✔️ 25💲 sponsoring Facebook et Instagram > Personnes touchées / Jour :  10,4 K - 30,2 K 
✔️ Création 1 compte réseau social (Facebook ou Instagram)
💼 Prix : 290 DT HT (au lieu de 390 dt)
👉 Pack Premium ⭐⭐
✔️ 12 Affiches professionnelles design et publication
✔️ 60💲 sponsoring Facebook et Instagram > Personnes touchées / Jour :  19,3 K - 55,6 K 
✔️ Création 1 Reel
✔️ Création 2 comptes réseaux sociaux (Facebook, Instagram)
✔️ Ciblage par âge, région, intérêt, activité...
💼 Prix :  390 DT HT (au lieu de 490 dt)
👉 Pack Professionnel 🏆🏆
✔️ 20 Affiches professionnelles design et publication
✔️ Création 3 comptes réseaux sociaux (Facebook, Instagram,Tiktok)
✔️ Création 2 Reels
✔️ 90 💲 sponsoring Facebook et Instagram > Personnes touchées / Jour :  26 K - 75,2 K 
✔️ Ciblage par âge, région, intérêt, activité...
💼 Prix :  690 DT HT (au lieu de 790 dt)
⭕ Non inclus dans les packs :
Création logo
Shooting produits / Shooting vidéos 
Montage vidéos
Animations Motion Design

📱 +216 51 630 079 ✉ info@ijataw.com
🌐https://www.ijataw.com/",[],[],https://www.instagram.com/p/DItqckXsexO/,0,,[],1350,1080,https://scontent-iad3-2.cdninstagram.com/v/t39.30808-6/491661390_677006048604077_1487079628789356480_n.jpg?stp=dst-jpg_e15_fr_p1080x1080_tt6&_nc_ht=scontent-iad3-2.cdninstagram.com&_nc_cat=105&_nc_oc=Q6cZ2gFLulVKkPTgBG65ovgP-hb9gefnwRpU5n66YZpxrYrt4qNzC3xB1KkseLvV2qGLO1Y&_nc_ohc=XbFRcKd7Z-IQ7kNvwHvq7az&_nc_gid=BpdK4kzTcgjOaJldPdhLgg&edm=ADp7STQAAAAA&ccb=7-5&oh=00_AQAm67pVO95EU-B8ZcUMBSe0OLrJCT_g7-p2XaetVIwweg&oe=6A5E81D0&_nc_sid=c6f216,[],"Photo by Ija taw إيجا تو on April 21, 2025.",1,2025-04-21T15:22:35.000Z,[],Ija taw إيجا تو,ija.taw,57951608014,False,https://www.instagram.com/ija.taw/,1350,1080,feed,,,,,,,,,,,
3786211741895304252,Video,DSLU4TgFSQ8,"Merci à La FTTH Magazine - الجامعة التونسية للنسيج والملابس  pour votre confiance.
Bravo à toute l'équipe pour cet événement exceptionnel. Merci @haithem bouagila pour cette reconnaissance. Fiers d'être l'agence de communication d'un partenaire aussi inspirant.
#agencecom #tsa #FTTH #TEXAwards","['agencecom', 'tsa', 'FTTH', 'TEXAwards']",['haithem'],https://www.instagram.com/p/DSLU4TgFSQ8/,0,,[],1080,1080,https://scontent-mia3-2.cdninstagram.com/v/t51.82787-15/588229806_18388599595197509_7557685474839136785_n.jpg?stp=dst-jpg_e15_fr_s1080x1080_tt6&_nc_ht=scontent-mia3-2.cdninstagram.com&_nc_cat=105&_nc_oc=Q6cZ2gF-LnWHr9Md9Qt4KSzunAcDUFA4-fAqJ-RJYOucus-_-xKcj5sNPqFUG_pqLHxspsY&_nc_ohc=bmZPC2z4PZ8Q7kNvwFahWih&_nc_gid=rGtwWx8SyKmpdzoFZ70UdA&edm=ADp7STQBAAAA&ccb=7-5&oh=00_AQCYCrVCYC20iD6hxlATNbhX-JHXTnTq_bXuYpjd27gqWA&oe=6A5E6C93&_nc_sid=c6f216,[],"Video by TSA Agence Com on December 12, 2025.",10,2025-12-12T20:34:22.000Z,[],TSA Agence Com,tsagencecom,5824789508,False,https://www.instagram.com/tsagencecom/,720,720,clips,,,,https://scontent-iad3-2.cdninstagram.com/o1/v/t2/f2/m367/AQPXFZbbZ9Wp3TRBs5114E7pK9XA-Fx7JIlkw_YMPR04sL4M1IpduvB06adGWEZL0L5WQHFQGa_1dQ4I1RuHep2YsIzmEOf3FeRU9a8.mp4?_nc_cat=105&_nc_sid=5e9851&_nc_ht=scontent-iad3-2.cdninstagram.com&_nc_ohc=dJYouLogxFQQ7kNvwFMc64v&efg=eyJ2ZW5jb2RlX3RhZyI6Inhwdl9wcm9ncmVzc2l2ZS5JTlNUQUdSQU0uQ0xJUFMuQzMuNzIwLmRhc2hfYmFzZWxpbmVfMV92MSIsInhwdl9hc3NldF9pZCI6MjYxNDM3NTc0MzUyMTIwMTIsImFzc2V0X2FnZV9kYXlzIjoyMTUsInZpX3VzZWNhc2VfaWQiOjEwMDk5LCJkdXJhdGlvbl9zIjo5MiwidXJsZ2VuX3NvdXJjZSI6Ind3dyJ9&ccb=17-1&vs=27a623e4cae718d2&_nc_vs=HBksFQIYQGlnX2VwaGVtZXJhbC84MTQ0NkU1OEFBNTJDOEVBRkU3RDNBNkNDQUU0MDBBQV92aWRlb19kYXNoaW5pdC5tcDQVAALIARIAFQIYR2lnX3hwdl9yZWVsc19wZXJtYW5lbnRfc3JfcHJvZC80MjE5MDA3NzQ0OTg5NjIxXzE4NjM0NjYxMDAwOTcwMzMzOTMubXA0FQICyAESACgAGAAbAogHdXNlX29pbAExEnByb2dyZXNzaXZlX3JlY2lwZQExFQAAJtjDqPD75vBcFQIoAkMzLBdAVweuFHrhSBgSZGFzaF9iYXNlbGluZV8xX3YxEQB1_gdl5p0BAA&_nc_gid=X7zCl4e1zYHlxgrZ6782lg&_nc_ss=72689&_nc_zt=28&oh=00_AQBTtX-9ctLvJ8Hus3jtGsPTluo7X-nrOP8mt4VESdloAw&oe=6A5E9E7A,98,https://scontent-iad6-1.cdninstagram.com/o1/v/t2/f2/m86/AQP1a38nfA1tuDTPLw5IjyLNEFt1YQxgVyDsUpo4gPqQwTSt-dbi3GHhziRxiDyFwJa9NA8rDlwI-hjL837jSrpG.mp4?_nc_cat=107&_nc_sid=9ca052&_nc_ht=scontent-iad6-1.cdninstagram.com&_nc_ohc=i1htnLwTAxUQ7kNvwGskzd3&efg=eyJ2ZW5jb2RlX3RhZyI6ImlnLXhwdmRzLmNsaXBzLmlnd3d3LUMzLmRhc2hfbG5faGVhYWNfdmJyM19hdWRpbyIsInZpZGVvX2lkIjpudWxsLCJvaWxfdXJsZ2VuX2FwcF9pZCI6OTM2NjE5NzQzMzkyNDU5LCJjbGllbnRfbmFtZSI6ImlnIiwieHB2X2Fzc2V0X2lkIjoyNjE0Mzc1NzQzNTIxMjAxMiwiYXNzZXRfYWdlX2RheXMiOjIxNSwidmlfdXNlY2FzZV9pZCI6MTAwOTksImR1cmF0aW9uX3MiOjkyLCJiaXRyYXRlIjo2NjcyNSwidXJsZ2VuX3NvdXJjZSI6Ind3dyJ9&ccb=17-1&_nc_gid=X7zCl4e1zYHlxgrZ6782lg&_nc_ss=72689&_nc_zt=28&oh=00_AQBqeFydQNJe1C48I3BGXCTx-G46tKYDpg0yuON-6hSwOw&oe=6A5A97A7,92.12,"{'artist_name': 'tsagencecom', 'song_name': 'Original audio', 'uses_original_audio': True, 'should_mute_audio': False, 'should_mute_audio_reason': '', 'audio_id': '25269222492764004'}",544,,
3572929630680829039,Image,DGVmJGkMsxv,#socialmedia #webdesign #marketing #agencedigitale,"['socialmedia', 'webdesign', 'marketing', 'agencedigitale']",[],https://www.instagram.com/p/DGVmJGkMsxv/,0,,[],1350,1080,https://scontent-atl3-2.cdninstagram.com/v/t39.30808-6/480582990_503282332813961_6211943737281108292_n.jpg?stp=dst-jpg_e15_fr_p1080x1080_tt6&_nc_ht=scontent-atl3-2.cdninstagram.com&_nc_cat=105&_nc_oc=Q6cZ2gFPSD7x8dF4q8yMkqH6XhHp4Pqq-nEcTeJQSQ9GA3yWKsyyw0XCqQb875CbPP9Cb9c&_nc_ohc=A9KiL8GqauYQ7kNvwHXBndl&_nc_gid=n5AWFYt2BFbEFgx6nwlkBA&edm=ADp7STQAAAAA&ccb=7-5&oh=00_AQB2vH_TxWGI3HuLTUQo9we_8sujURGNbyFQi3BLZiz3wQ&oe=6A5E8801&_nc_sid=c6f216,[],"Photo by MYNDS on February 21, 2025.",2,2025-02-21T14:00:24.000Z,[],MYNDS,m.y.n.d.s,60016721646,False,https://www.instagram.com/m.y.n.d.s/,1350,1080,feed,,,,,,,,,,,
3390963353583344550,Image,C8PHzQ4s9um,"🌙🐑 Eid Mubarak from the marketing agency Ija Taw Team!
As we joyfully celebrate Eid al-Adha, may the spirit of sacrifice and devotion fill your hearts with blessings and joy. On this auspicious occasion, let us reflect on the values of compassion, generosity, and unity. In Tunisia and beyond, may the spirit of Eid al-Adha inspire us to extend a helping hand to those in need and strengthen the bonds of brotherhood and sisterhood in our communities. Wishing you and your loved ones a blessed Eid filled with happiness, peace, and prosperity.

🌟 Eid Mubarak! 🌟 #EidAlAdha #Celebration #Sacrifice #Peace #IjaTaw","['EidAlAdha', 'Celebration', 'Sacrifice', 'Peace', 'IjaTaw']",[],https://www.instagram.com/p/C8PHzQ4s9um/,0,,[],1080,1080,https://instagram.fric1-1.fna.fbcdn.net/v/t39.30808-6/484189187_644671988504150_7523830944691316163_n.jpg?stp=dst-jpg_e15_fr_s1080x1080_tt6&_nc_ht=instagram.fric1-1.fna.fbcdn.net&_nc_cat=102&_nc_oc=Q6cZ2gHbBL91ytV6Nk5JNQ3XmQKnOkCkeQ7vgd9hLAzKCkZum_yYurrJ2CKYRNBt-gn_MVM&_nc_ohc=fnFjJ-MYuQwQ7kNvwEHV5lt&_nc_gid=BCKjs_KMtq1hSwdi-Sib5Q&edm=ADp7STQAAAAA&ccb=7-5&oh=00_AQCWxOMoKcY4eIyTzqOSCk2GWd-CUXwTHzP5-YcSDBSYeQ&oe=6A5E9BD0&_nc_sid=c6f216,[],"Photo by Ija taw إيجا تو on June 15, 2024.",2,2024-06-15T12:25:54.000Z,[],Ija taw إيجا تو,ija.taw,57951608014,False,https://www.instagram.com/ija.taw/,1080,1080,feed,,,,,,,,,,,
3237979096435833027,Video,CzvnNUpMrjD,"كي تكون ponctuel في وقت الخروج من البرو 😂😂
.
#worklife #marketingdigital #marketingagency","['worklife', 'marketingdigital', 'marketingagency']",[],https://www.instagram.com/p/CzvnNUpMrjD/,3,😂😂😂,"[{'id': '18021998887870487', 'text': '😂😂😂', 'ownerUsername': 'guiratkoubaa', 'ownerProfilePicUrl': 'https://scontent.cdninstagram.com/v/t51.2885-19/472056251_1978739365978817_8193889817170788379_n.jpg?stp=dst-jpg_s150x150_tt6&_nc_cat=104&ccb=7-5&_nc_sid=f7ccc5&efg=eyJ2ZW5jb2RlX3RhZyI6InByb2ZpbGVfcGljLnd3dy44MjguQzIifQ%3D%3D&_nc_ohc=prqnTeMkNEYQ7kNvwHOaMwE&_nc_oc=AdrkbfvwVcGP3tUCHX9XV4KE5SLb6y386lDW95H2yUEaWN2uORHeByIfaQSGO3nBBeN3jHFBWwZbS-WewGeHQVGP&_nc_zt=24&_nc_ht=scontent.cdninstagram.com&_nc_ss=7ca8c&oh=00_AQDZ6OXgbo3F3a66AQRhH_UEyvlDRdwR4rpneD13vfo_FQ&oe=6A5E8661', 'timestamp': '2023-11-25T18:03:53.000Z', 'repliesCount': None, 'replies': None, 'likesCount': 0, 'owner': {'username': 'guiratkoubaa', 'profile_pic_url': 'https://scontent.cdninstagram.com/v/t51.2885-19/472056251_1978739365978817_8193889817170788379_n.jpg?stp=dst-jpg_s150x150_tt6&_nc_cat=104&ccb=7-5&_nc_sid=f7ccc5&efg=eyJ2ZW5jb2RlX3RhZyI6InByb2ZpbGVfcGljLnd3dy44MjguQzIifQ%3D%3D&_nc_ohc=prqnTeMkNEYQ7kNvwHOaMwE&_nc_oc=AdrkbfvwVcGP3tUCHX9XV4KE5SLb6y386lDW95H2yUEaWN2uORHeByIfaQSGO3nBBeN3jHFBWwZbS-WewGeHQVGP&_nc_zt=24&_nc_ht=scontent.cdninstagram.com&_nc_ss=7ca8c&oh=00_AQDZ6OXgbo3F3a66AQRhH_UEyvlDRdwR4rpneD13vfo_FQ&oe=6A5E8661', 'is_verified': False, 'id': '12014254244', 'full_name': None, 'is_mentionable': None, 'is_private': None, 'profile_pic_id': None, 'latest_reel_media': None}}, {'id': '18009324611035158', 'text': '😂😂😂', 'ownerUsername': 'belaid_wael', 'ownerProfilePicUrl': 'https://scontent.cdninstagram.com/v/t51.2885-19/465500487_1113928084072836_7687663211069377333_n.jpg?stp=dst-jpg_s150x150_tt6&_nc_cat=102&ccb=7-5&_nc_sid=f7ccc5&efg=eyJ2ZW5jb2RlX3RhZyI6InByb2ZpbGVfcGljLnd3dy40MzIuQzIifQ%3D%3D&_nc_ohc=zcsrlFj8dAYQ7kNvwGDrhIP&_nc_oc=AdqQfOtQrZk2xS4sv0iZwmyhQ2VowNGazcZYLUfk-2UmPCdk3ickb8wybydOeywbvJfQTVrla26eUWjcWp0ebrFt&_nc_zt=24&_nc_ht=scontent.cdninstagram.com&_nc_ss=7ca8c&oh=00_AQBhJuB1J28LOWLVHemEU6PLePYc4hB7w9Knb93XbhBIXA&oe=6A5E69B2', 'timestamp': '2023-11-22T23:44:39.000Z', 'repliesCount': None, 'replies': None, 'likesCount': 0, 'owner': {'username': 'belaid_wael', 'profile_pic_url': 'https://scontent.cdninstagram.com/v/t51.2885-19/465500487_1113928084072836_7687663211069377333_n.jpg?stp=dst-jpg_s150x150_tt6&_nc_cat=102&ccb=7-5&_nc_sid=f7ccc5&efg=eyJ2ZW5jb2RlX3RhZyI6InByb2ZpbGVfcGljLnd3dy40MzIuQzIifQ%3D%3D&_nc_ohc=zcsrlFj8dAYQ7kNvwGDrhIP&_nc_oc=AdqQfOtQrZk2xS4sv0iZwmyhQ2VowNGazcZYLUfk-2UmPCdk3ickb8wybydOeywbvJfQTVrla26eUWjcWp0ebrFt&_nc_zt=24&_nc_ht=scontent.cdninstagram.com&_nc_ss=7ca8c&oh=00_AQBhJuB1J28LOWLVHemEU6PLePYc4hB7w9Knb93XbhBIXA&oe=6A5E69B2', 'is_verified': False, 'id': '5552023177', 'full_name': None, 'is_mentionable': None, 'is_private': None, 'profile_pic_id': None, 'latest_reel_media': None}}, {'id': '17989268156431752', 'text': '🤣🤚', 'ownerUsername': 'jihen.balti', 'ownerProfilePicUrl': 'https://scontent.cdninstagram.com/v/t51.82787-19/590512914_18425195056119390_8623085368810024091_n.jpg?stp=dst-jpg_s150x150_tt6&_nc_cat=106&ccb=7-5&_nc_sid=f7ccc5&efg=eyJ2ZW5jb2RlX3RhZyI6InByb2ZpbGVfcGljLnd3dy4xMDgwLkMyIn0%3D&_nc_ohc=p06621OPVmwQ7kNvwFYjtIN&_nc_oc=AdpIDM0zR8MW96lwQQZgO2GGZIfROfcBlcTWE7udk338QdYrOFWCsyp09EOGSyDXjRxdlNOffmAfJwTybGh7Taue&_nc_zt=24&_nc_ht=scontent.cdninstagram.com&_nc_gid=BagfhM86njN-P-jXPoeEXA&_nc_ss=7ca8c&oh=00_AQBti0TXpciwIx_EQjPkutjp2wTh6u2tCajUZmezJaDKIQ&oe=6A5E8803', 'timestamp': '2023-11-17T14:27:40.000Z', 'repliesCount': None, 'replies': None, 'likesCount': 0, 'owner': {'username': 'jihen.balti', 'profile_pic_url': 'https://scontent.cdninstagram.com/v/t51.82787-19/590512914_18425195056119390_8623085368810024091_n.jpg?stp=dst-jpg_s150x150_tt6&_nc_cat=106&ccb=7-5&_nc_sid=f7ccc5&efg=eyJ2ZW5jb2RlX3RhZyI6InByb2ZpbGVfcGljLnd3dy4xMDgwLkMyIn0%3D&_nc_ohc=p06621OPVmwQ7kNvwFYjtIN&_nc_oc=AdpIDM0zR8MW96lwQQZgO2GGZIfROfcBlcTWE7udk338QdYrOFWCsyp09EOGSyDXjRxdlNOffmAfJwTybGh7Taue&_nc_zt=24&_nc_ht=scontent.cdninstagram.com&_nc_gid=BagfhM86njN-P-jXPoeEXA&_nc_ss=7ca8c&oh=00_AQBti0TXpciwIx_EQjPkutjp2wTh6u2tCajUZmezJaDKIQ&oe=6A5E8803', 'is_verified': False, 'id': '3431775389', 'full_name': None, 'is_mentionable': None, 'is_private': None, 'profile_pic_id': None, 'latest_reel_media': None}}]",1333,750,https://scontent-iad3-1.cdninstagram.com/v/t51.71878-15/502755911_984134433611620_6621470368379419923_n.jpg?stp=dst-jpg_e15_tt6&_nc_ht=scontent-iad3-1.cdninstagram.com&_nc_cat=104&_nc_oc=Q6cZ2gHpi5XdEMaChnKC__EbaAq3IQk7HLPB-udB0p0Kv0XZPfuMfWmldNFiLq4tGuS7M65R9CBrP_9Pc0FIAeT3DiOH&_nc_ohc=QV2vP_JP1BIQ7kNvwFJchpR&_nc_gid=JWE4IpvD5kOfhAU6rYO8xA&edm=ADp7STQBAAAA&ccb=7-5&oh=00_AQBwPn4a6clXAoDAwlVH1tFdOMLFYtMrb2ZGcP5k44RNow&oe=6A5E9580&_nc_sid=c6f216,[],"Video by We Create on November 17, 2023.",3,2023-11-17T10:41:23.000Z,[],We Create,we_create_agency,54491378174,False,https://www.instagram.com/we_create_agency/,1280,720,clips,El Menzah 4,244070342789910,,https://instagram.fcps4-1.fna.fbcdn.net/o1/v/t2/f2/m82/AQMxoSglD3gK6lACrIb_qj0DiAZkoz2XlJTljnxSpJ23JWOQP45Nh-dMnEtxo1OW78E02nHl6lXMs3zbjS9q9xUf09yYjij79jw0TE8.mp4?_nc_cat=101&_nc_oc=AdqWegVUIzlfTHMzahmOg4Xj1u4HiKjug6NGT7pYRpT_4XH_YPBy63JGXUchqCl4ZKLPHcLS3IsZdPscdwsdYV_z&_nc_sid=5e9851&_nc_ht=instagram.fcps4-1.fna.fbcdn.net&_nc_ohc=W8ZQW7TNB28Q7kNvwGhuZFQ&efg=eyJ2ZW5jb2RlX3RhZyI6Inhwdl9wcm9ncmVzc2l2ZS5JTlNUQUdSQU0uQ0xJUFMuQzIuNzIwLmRhc2hfYmFzZWxpbmVfMV92MSIsInhwdl9hc3NldF9pZCI6NjU5OTcyOTg2MDI3NzY4LCJhc3NldF9hZ2VfZGF5cyI6OTcxLCJ2aV91c2VjYXNlX2lkIjoxMDA5OSwiZHVyYXRpb25fcyI6MTIsInVybGdlbl9zb3VyY2UiOiJ3d3cifQ%3D%3D&ccb=17-1&vs=43479289d9c76cb7&_nc_vs=HBksFQIYT2lnX3hwdl9yZWVsc19wZXJtYW5lbnRfcHJvZC8xMzREMEJDRTQ2NDc2OEIzOUQ4NjA0QTJBRkNDNkM4Rl92aWRlb19kYXNoaW5pdC5tcDQVAALIARIAFQIYOnBhc3N0aHJvdWdoX2V2ZXJzdG9yZS9HTVNzLUJjUjl4ME1CUWtOQURNYmgySHJWNjhlYnFfRUFBQUYVAgLIARIAKAAYABsCiAd1c2Vfb2lsATEScHJvZ3Jlc3NpdmVfcmVjaXBlATEVAAAm8Pul9r2PrAIVAigCQzIsF0AoVP3ztkWiGBJkYXNoX2Jhc2VsaW5lXzFfdjERAHX-B2XmnQEA&_nc_gid=BagfhM86njN-P-jXPoeEXA&_nc_ss=7ca8c&_nc_map=urlgen_bucketless&_nc_zt=28&oh=00_AQDdCQoM6wJlJPfMPMQjZWSTEldg80ZDmFSMSxy1Izya6g&oe=6A5AA872,12130,https://instagram.fcps3-1.fna.fbcdn.net/o1/v/t16/f2/m69/AQNVRIILbmAMOjVv8aE-CnFbsa7VfwH-Sluq8IioO_q7nHZ8eSZ1pxFN3Exoh3JVqY84MJDNXtxYLPm3U4XENiJV.mp4?strext=1&_nc_cat=106&_nc_oc=AdqXwGhZqMpegClXwdvaj-_NHQZBNF7LLM21qVImJ-IjSYXA9wRL6j6DJbQF1LsyAKR5-kq6lZP8xDZdngRx9cc6&_nc_sid=9ca052&_nc_ht=instagram.fcps3-1.fna.fbcdn.net&_nc_ohc=aiYgsHZwCL8Q7kNvwEiWJQF&efg=eyJ2ZW5jb2RlX3RhZyI6ImlnLXhwdmRzLmNsaXBzLmlnd3d3LUMyLmRhc2hfYmFzZWxpbmVfYXVkaW9fdjEiLCJ2aWRlb19pZCI6bnVsbCwib2lsX3VybGdlbl9hcHBfaWQiOjkzNjYxOTc0MzM5MjQ1OSwiY2xpZW50X25hbWUiOiJpZyIsInhwdl9hc3NldF9pZCI6NjU5OTcyOTg2MDI3NzY4LCJhc3NldF9hZ2VfZGF5cyI6OTcxLCJ2aV91c2VjYXNlX2lkIjoxMDA5OSwiZHVyYXRpb25fcyI6MTIsImJpdHJhdGUiOjU1MDA3LCJ1cmxnZW5fc291cmNlIjoid3d3In0%3D&ccb=17-1&_nc_gid=BagfhM86njN-P-jXPoeEXA&_nc_ss=7ca8c&_nc_map=urlgen_bucketless&_nc_zt=28&oh=00_AQCiCDhsbFUY-gso30q_4nfUfQMD2itpK1orRPmYEmMuIg&oe=6A5E9822,12.166,"{'artist_name': 'ishtaricom', 'song_name': 'Original audio', 'uses_original_audio': True, 'should_mute_audio': False, 'should_mute_audio_reason': '', 'audio_id': '3537609629890063'}",253974,,
3578649037007706014,Video,DGp6layo1ee,"رمضانكم مبروك 🌙🤍
#ramadankareem #tsaagencecom","['ramadankareem', 'tsaagencecom']",[],https://www.instagram.com/p/DGp6layo1ee/,0,,[],1137,640,https://scontent-iad3-2.cdninstagram.com/v/t51.2885-15/482503923_18350723449197509_8826707650129173086_n.jpg?stp=dst-jpg_e15_tt6&_nc_ht=scontent-iad3-2.cdninstagram.com&_nc_cat=105&_nc_oc=Q6cZ2gHuxVcVOqoPyJDCLCuNCCqJsFHqcVNKBV2w82JMHAYSNt59M8ZEmV3HE6Is0nHieoY&_nc_ohc=0puVHxN7kkMQ7kNvwFU27MV&_nc_gid=ExFETHlM1NJ5-zs9hbP_aA&edm=ADp7STQBAAAA&ccb=7-5&oh=00_AQA3BOdQL4kTz22c5nW88QyyYsSsA_SPWAdhg0agFKNztQ&oe=6A5E9D3B&_nc_sid=c6f216,[],"Video by TSA Agence Com on March 01, 2025.",5,2025-03-01T11:26:00.000Z,[],TSA Agence Com,tsagencecom,5824789508,False,https://www.instagram.com/tsagencecom/,900,720,clips,,,,https://scontent-atl3-1.cdninstagram.com/o1/v/t2/f2/m367/AQNU43PWQDSz7kZqxIO_EtnhjXSjcgCz5igiKSC44MgXIdc6KDnytcAnaKsPSZAqroMldWr7jhXxfhM8XBaOGbxJJ2l8MXGYEMHSpIM.mp4?_nc_cat=100&_nc_sid=5e9851&_nc_ht=scontent-atl3-1.cdninstagram.com&_nc_ohc=xvqXu29I820Q7kNvwHeMIbh&efg=eyJ2ZW5jb2RlX3RhZyI6Inhwdl9wcm9ncmVzc2l2ZS5JTlNUQUdSQU0uQ0xJUFMuQzMuNzIwLmRhc2hfYmFzZWxpbmVfMV92MSIsInhwdl9hc3NldF9pZCI6MTEzOTYzMTAwMDk4NDI5NCwiYXNzZXRfYWdlX2RheXMiOjUwMSwidmlfdXNlY2FzZV9pZCI6MTAwOTksImR1cmF0aW9uX3MiOjE1LCJ1cmxnZW5fc291cmNlIjoid3d3In0%3D&ccb=17-1&vs=9e191c700a6b613&_nc_vs=HBksFQIYQGlnX2VwaGVtZXJhbC8yQTRBQjUzQzRGOUUzNDAxMzMwQzk2RUJEODMzRTJCNF92aWRlb19kYXNoaW5pdC5tcDQVAALIARIAFQIYR2lnX3hwdl9yZWVsc19wZXJtYW5lbnRfc3JfcHJvZC8xODA3OTI3MTczMzc3NTA5XzM3NzkwMDI2ODQ2MDE4NDE1NzIubXA0FQICyAESACgAGAAbAogHdXNlX29pbAExEnByb2dyZXNzaXZlX3JlY2lwZQExFQAAJszr6M-gn4YEFQIoAkMzLBdALjMzMzMzMxgSZGFzaF9iYXNlbGluZV8xX3YxEQB1_gdl5p0BAA&_nc_gid=z7dKAXB7h9Bx7QprZpUlQA&_nc_ss=72689&_nc_zt=28&oh=00_AQChMFtX-E1VfkA9zWL-FrYgMcPBJAq4UgpLiW4DCiiVwA&oe=6A5E9A45,47,https://scontent-atl3-1.cdninstagram.com/o1/v/t2/f2/m86/AQPwu2zEdJ9VhiLh0ZSVrz4kQ4USmUdLpCHuryYqTvxA9VoPN5F6OGtjTqmrBPHa3n9pDa6dkugkcbkBV6JIkb1p.mp4?_nc_cat=1&_nc_sid=9ca052&_nc_ht=scontent-atl3-1.cdninstagram.com&_nc_ohc=W_qOJar-xjIQ7kNvwGa0zhF&efg=eyJ2ZW5jb2RlX3RhZyI6ImlnLXhwdmRzLmNsaXBzLmlnd3d3LUMzLmRhc2hfbG5faGVhYWNfdmJyM19hdWRpbyIsInZpZGVvX2lkIjpudWxsLCJvaWxfdXJsZ2VuX2FwcF9pZCI6OTM2NjE5NzQzMzkyNDU5LCJjbGllbnRfbmFtZSI6ImlnIiwieHB2X2Fzc2V0X2lkIjoxMTM5NjMxMDAwOTg0Mjk0LCJhc3NldF9hZ2VfZGF5cyI6NTAxLCJ2aV91c2VjYXNlX2lkIjoxMDA5OSwiZHVyYXRpb25fcyI6MTUsImJpdHJhdGUiOjU2MzExLCJ1cmxnZW5fc291cmNlIjoid3d3In0%3D&ccb=17-1&_nc_gid=z7dKAXB7h9Bx7QprZpUlQA&_nc_ss=72689&_nc_zt=28&oh=00_AQBrUY10q2pmKg3Xrw5AxGI-23xHkUmyO0e5CsLGMD9K3g&oe=6A5A8E69,15.1,"{'artist_name': 'tsagencecom', 'song_name': 'Original audio', 'uses_original_audio': True, 'should_mute_audio': False, 'should_mute_audio_reason': '', 'audio_id': '2537950513077271'}",248,,
3457202685288249006,Image,C_6c4Z1Ifau,بمناسبة المولد النبوي الشريف، نسأل الله أن يملأ قلوبكم بالحب والنور، وأن يكون هذا اليوم بداية لخير وبركة في حياتكم 🤲  #المولد_النبوي_الشريف #مناسبة_دينية #حب_النبي #نور_وبركة #تهاني #كل_عام_وأنتم_بخير #مولد_النور #ذكرى_المولد #احتفال,"['المولد_النبوي_الشريف', 'مناسبة_دينية', 'حب_النبي', 'نور_وبركة', 'تهاني', 'كل_عام_وأنتم_بخير', 'مولد_النور', 'ذكرى_المولد', 'احتفال']",[],https://www.instagram.com/p/C_6c4Z1Ifau/,0,,[],1080,1080,https://scontent-iad6-1.cdninstagram.com/v/t39.30808-6/484354625_647972454840770_5534151675232726591_n.jpg?stp=dst-jpg_e15_fr_s1080x1080_tt6&_nc_ht=scontent-iad6-1.cdninstagram.com&_nc_cat=102&_nc_oc=Q6cZ2gHm1s7CGbr8d4zi4Zx_s1CqdQc9QIbOYtZXXeSs8YT_uXj9RT2rudMktzZQQWywOqI&_nc_ohc=U86UYHbuxdwQ7kNvwFYqf6t&_nc_gid=Z7gX5TSva_dPE7C_MiHA6g&edm=ADp7STQAAAAA&ccb=7-5&oh=00_AQAUNc1_b9sksihWpQiZyzIYKgwLF64ohXItHY6VgaqGNw&oe=6A5E9376&_nc_sid=c6f216,[],"Photo by Ija taw إيجا تو on September 14, 2024.",4,2024-09-14T21:51:38.000Z,[],Ija taw إيجا تو,ija.taw,57951608014,False,https://www.instagram.com/ija.taw/,1080,1080,feed,,,,,,,,,,,
3816620502358430250,Video,DT3XCAljBIq,Formation Traffic manager de 50 h,[],[],https://www.instagram.com/p/DT3XCAljBIq/,0,,[],1136,640,https://scontent-ord5-1.cdninstagram.com/v/t51.71878-15/619722820_1556525138958726_3785228443308066571_n.jpg?stp=dst-jpg_e15_tt6&_nc_ht=scontent-ord5-1.cdninstagram.com&_nc_cat=106&_nc_oc=Q6cZ2gEjy1oV7E1vtLmgb5Eom4yf7oV0apnFOwVSNcar_9FRSv3fvbyKY08xhCY7r71hOe8&_nc_ohc=ARsdqv-CndsQ7kNvwHWyQKF&_nc_gid=nfKWPXh-JNK4I-kd3FCfUA&edm=ADp7STQBAAAA&ccb=7-5&oh=00_AQDyzk7ASYDoaA00efLyveu3yy6oN3ldODCnfvbu5dq-HQ&oe=6A5E69DA&_nc_sid=c6f216,[],"Video by First Master Class on January 23, 2026.",10,2026-01-23T19:31:33.000Z,[],First Master Class,first_masterclass,53436166511,False,https://www.instagram.com/e2bconsulting.training/,1280,720,clips,E2business Consulting and Training,885803181474512,"[{'full_name': 'Kais Khenine', 'id': '254107068', 'is_verified': False, 'profile_pic_url': 'https://scontent-iad3-2.cdninstagram.com/v/t51.82787-19/721403688_18597972886027069_2985419705159957818_n.jpg?stp=dst-jpg_s150x150_tt6&_nc_cat=111&ccb=7-5&_nc_sid=f7ccc5&efg=eyJ2ZW5jb2RlX3RhZyI6InByb2ZpbGVfcGljLnd3dy4xMDgwLkMzIn0%3D&_nc_ohc=oGNEDOKJp8IQ7kNvwHYgk45&_nc_oc=AdroQh8KF7EPB0y5HR0qFxzlcUGU-r2br8yTCw88aFsdaqusTkCpjDijlYVY-b0mGcA&_nc_zt=24&_nc_ht=scontent-iad3-2.cdninstagram.com&_nc_gid=RQoA1YAaaHDMus6uN3AfWQ&_nc_ss=72a8c&oh=00_AQBKbqwM9mZwFoJddKHBjbCmUAowjd6Uo-EXH_-zpwwHxQ&oe=6A5E98D7', 'username': 'kaiskhenine'}, {'full_name': 'E2bconsulting&training', 'id': '11234617163', 'is_verified': False, 'profile_pic_url': 'https://scontent-iad3-2.cdninstagram.com/v/t51.2885-19/101002711_841643919681756_1486131544241209344_n.jpg?stp=dst-jpg_s150x150_tt6&_nc_cat=103&ccb=7-5&_nc_sid=f7ccc5&efg=eyJ2ZW5jb2RlX3RhZyI6InByb2ZpbGVfcGljLnd3dy4xMDgwLkMzIn0%3D&_nc_ohc=RXgHCHB50NoQ7kNvwH0pudB&_nc_oc=AdqEu8gX8WyYY41ztvFOLGKv7FyvLoCyxPc8TIyast2t5AvGgVeWKItWLM1b_zC-38Q&_nc_zt=24&_nc_ht=scontent-iad3-2.cdninstagram.com&_nc_ss=72a8c&oh=00_AQAUJCTmjk7NgQk9cv-q-oEsQU5ro-A5oDaHdvhvK1AYTA&oe=6A5E8216', 'username': 'e2bconsulting.training'}]",https://scontent-iad6-1.cdninstagram.com/o1/v/t2/f2/m367/AQMQYAe20_0auRVFWUOr7lfNWLvQmibFRYI6U_ULpBy6_4J-jbx6E2L6glDAj68K-M6_lG810ZVuTHhjL8UczABcacPaaX1aw1wwhlg.mp4?_nc_cat=109&_nc_sid=5e9851&_nc_ht=scontent-iad6-1.cdninstagram.com&_nc_ohc=7mW9-g44SaMQ7kNvwGd2Spt&efg=eyJ2ZW5jb2RlX3RhZyI6Inhwdl9wcm9ncmVzc2l2ZS5JTlNUQUdSQU0uQ0xJUFMuQzMuNzIwLmRhc2hfYmFzZWxpbmVfMV92MSIsInhwdl9hc3NldF9pZCI6MTc4ODQ0NDExNTU0MzQxOTUsImFzc2V0X2FnZV9kYXlzIjoxNzMsInZpX3VzZWNhc2VfaWQiOjEwMDk5LCJkdXJhdGlvbl9zIjo0OSwidXJsZ2VuX3NvdXJjZSI6Ind3dyJ9&ccb=17-1&vs=56d6fe34abddced2&_nc_vs=HBksFQIYQGlnX2VwaGVtZXJhbC81ODQ0REUxQUQ2MENCMUY3OEIyMkE3NEVBMUNDOTBBM192aWRlb19kYXNoaW5pdC5tcDQVAALIARIAFQIYUWlnX3hwdl9wbGFjZW1lbnRfcGVybWFuZW50X3YyL0YxNDlENDczQURDMTVGODgxNzU1QzA1N0IyNjBFQUIxX2F1ZGlvX2Rhc2hpbml0Lm1wNBUCAsgBEgAoABgAGwKIB3VzZV9vaWwBMRJwcm9ncmVzc2l2ZV9yZWNpcGUBMRUAACam25uhvvPEPxUCKAJDMywXQEiMzMzMzM0YEmRhc2hfYmFzZWxpbmVfMV92MREAdf4HZeadAQA&_nc_gid=RQoA1YAaaHDMus6uN3AfWQ&_nc_ss=72a8c&_nc_zt=28&oh=00_AQDop38Q_f6PudLdpgcHxpsfdUb236vDPuxjpNP_lgZt3A&oe=6A5E99C2,158,https://scontent-iad3-2.cdninstagram.com/o1/v/t2/f2/m78/AQO1bv5u4FtNngTY4iQafAEQ_ZpDTlQ6CcSCatJS8b6_gzGRvDDKJ_QTtoiZdqy0HvFgRJLOx-QSVvC-QZGYOQoQoqekOndFS0O6gyE.mp4?_nc_cat=111&_nc_sid=9ca052&_nc_ht=scontent-iad3-2.cdninstagram.com&_nc_ohc=TxFZ9iKd8yEQ7kNvwHtV3qz&efg=eyJ2ZW5jb2RlX3RhZyI6ImlnLXhwdmRzLmNsaXBzLmlnd3d3LUMzLmRhc2hfbG5faGVhYWNfdmJyM19hdWRpbyIsInZpZGVvX2lkIjpudWxsLCJvaWxfdXJsZ2VuX2FwcF9pZCI6OTM2NjE5NzQzMzkyNDU5LCJjbGllbnRfbmFtZSI6ImlnIiwieHB2X2Fzc2V0X2lkIjoxNzg4NDQ0MTE1NTQzNDE5NSwiYXNzZXRfYWdlX2RheXMiOjE3MywidmlfdXNlY2FzZV9pZCI6MTAwOTksImR1cmF0aW9uX3MiOjQ5LCJiaXRyYXRlIjo2NjIwNiwidXJsZ2VuX3NvdXJjZSI6Ind3dyJ9&ccb=17-1&_nc_gid=RQoA1YAaaHDMus6uN3AfWQ&_nc_ss=72a8c&_nc_zt=28&oh=00_AQAX4IJKG6ma2ErRslgWWmki6AYs--1wG06nESgo1-lCSg&oe=6A5A9100,49.1,"{'artist_name': 'first_masterclass', 'song_name': 'Original audio', 'uses_original_audio': True, 'should_mute_audio': False, 'should_mute_audio_reason': '', 'audio_id': '25616973347912809'}",538,"[{'id': '11234617163', 'is_verified': False, 'profile_pic_url': 'https://scontent-iad3-2.cdninstagram.com/v/t51.2885-19/101002711_841643919681756_1486131544241209344_n.jpg?stp=dst-jpg_s150x150_tt6&_nc_cat=103&ccb=7-5&_nc_sid=f7ccc5&efg=eyJ2ZW5jb2RlX3RhZyI6InByb2ZpbGVfcGljLnd3dy4xMDgwLkMzIn0%3D&_nc_ohc=RXgHCHB50NoQ7kNvwH0pudB&_nc_oc=AdqEu8gX8WyYY41ztvFOLGKv7FyvLoCyxPc8TIyast2t5AvGgVeWKItWLM1b_zC-38Q&_nc_zt=24&_nc_ht=scontent-iad3-2.cdninstagram.com&_nc_ss=72a8c&oh=00_AQAUJCTmjk7NgQk9cv-q-oEsQU5ro-A5oDaHdvhvK1AYTA&oe=6A5E8216', 'username': 'e2bconsulting.training', '__typename': 'User', 'is_unpublished': False, 'full_name': 'E2bconsulting&training', 'fbid': '17841411074914327'}]",
3460725151505480953,Image,DAG9zCIvnz5,"Bienvenue chez "" Ija Taw "" votre partenaire en transformation digital 🤩

Nos expertises : Création de contenu | Développement web | Gestion stratégique des réseaux sociaux | Conseil et accompagnement | Formations professionnelles | Production audiovisuelle

Nous vous guidons vers l’excellence à chaque étape. 🚀

#IjaTaw #TransformationDigitale #DéveloppementWeb #StratégieDigitale #ProductionAudiovisuelle #FormationProfessionnelle #Accompagnement","['IjaTaw', 'TransformationDigitale', 'DéveloppementWeb', 'StratégieDigitale', 'ProductionAudiovisuelle', 'FormationProfessionnelle', 'Accompagnement']",[],https://www.instagram.com/p/DAG9zCIvnz5/,0,,[],1080,1080,https://scontent-phl2-1.cdninstagram.com/v/t39.30808-6/459873862_512740678363949_6481095979684279429_n.jpg?stp=dst-jpg_e15_fr_s1080x1080_tt6&_nc_ht=scontent-phl2-1.cdninstagram.com&_nc_cat=105&_nc_oc=Q6cZ2gF7AYGSisCO-PyethRWIDD3hsixv5ACoG2zfSuQuUM9uiBWC4ESq4s5kGzFzZhZ0yY&_nc_ohc=QGRhYJFYib4Q7kNvwEzLJ4Y&_nc_gid=IqKg5UBzcI2RJJLd7gHxsA&edm=ADp7STQAAAAA&ccb=7-5&oh=00_AQB7hqgmhoxgXZO4ByWWuLOVKeVa4ALjsVW710aPpcMA-A&oe=6A5E8A71&_nc_sid=c6f216,[],"Photo by Ija taw إيجا تو on September 19, 2024.",2,2024-09-19T18:30:08.000Z,[],Ija taw إيجا تو,ija.taw,57951608014,False,https://www.instagram.com/ija.taw/,1080,1080,feed,,,,,,,,,,,
3339400919957364518,Image,C5X73Gcq98m,"Découvrez nos dernières affiches pour notre partenaire MGA de travaux ! 🌟Jetez un œil et laissez-vous inspirer ! 🎨🩷
#IJATAW #AffichesPublicitaires #AgenceDeMarketing  #DesignGraphique","['IJATAW', 'AffichesPublicitaires', 'AgenceDeMarketing', 'DesignGraphique']",[],https://www.instagram.com/p/C5X73Gcq98m/,0,,[],1080,1080,https://scontent-dfw5-1.cdninstagram.com/v/t39.30808-6/484074334_642623725375643_4529162230463428153_n.jpg?stp=dst-jpg_e35_s1080x1080_sh2.08_tt6&_nc_ht=scontent-dfw5-1.cdninstagram.com&_nc_cat=111&_nc_oc=Q6cZ2gFRmZ3yi8VycuZqlgGm1vS9hP4jj4g1c_VJbeUl3R6VXXhrQRpH0T7qJP-O1uEp-BU&_nc_ohc=K_hUtgXQRhUQ7kNvwEsBwG0&_nc_gid=CqpGN0R36hv95rUDwdoXhQ&edm=ADp7STQAAAAA&ccb=7-5&oh=00_AQCHGDx93ffyY9vw_dtugvTINYHLdPdR5Og9oX6ofZ0UjQ&oe=6A5E7234&_nc_sid=c6f216,[],"Photo by Ija taw إيجا تو on April 05, 2024.",2,2024-04-05T09:00:33.000Z,[],Ija taw إيجا تو,ija.taw,57951608014,False,https://www.instagram.com/ija.taw/,2048,2048,feed,,,,,,,,,,,
3342461800676431830,Sidecar,C5iz0xwoZfW,"كل عام وعيدنا دايمًا مختلف 😂 💜
مغامرات أي حد في الـ Ija Taw من نهار ليوم لآخر نهار العيد 😂 😂
كل عام وأنت بخير واحكيلنا عن روتينك في عيد الفطر كيفنوا 😌

 #Ijataw #marketingagency","['Ijataw', 'marketingagency']",[],https://www.instagram.com/p/C5iz0xwoZfW/,0,,[],1080,1080,https://scontent-lax3-2.cdninstagram.com/v/t39.30808-6/482220366_642628868708462_556543629457658687_n.jpg?stp=dst-jpg_e35_tt6&_nc_cat=100&ig_cache_key=MzM0MjQ2MTc3NTg2Mjg2NjUxNA%3D%3D.3-ccb7-5&ccb=7-5&_nc_sid=58cdad&efg=eyJ2ZW5jb2RlX3RhZyI6IkNBUk9VU0VMX0lURU0ueHBpZHMuMTA4MC5zZHIucmVndWxhcl9waG90by5DMyJ9&_nc_ohc=0clf3cXw3tsQ7kNvwFj9ZH0&_nc_oc=AdpFVcvZaj3HkrTG-7uyrzGYF-BP_Nm32LATLbpgWb-FLtpvbuGupwD_4xrtEHfrlJE&_nc_zt=23&_nc_ht=scontent-lax3-2.cdninstagram.com&_nc_gid=H9neBEGi4c9dL0t_R1IJ3g&_nc_ss=72689&oh=00_AQBj-h35G5adn9fM8u3x-P3f419_iZdB2hV0770Nqzsg-Q&oe=6A5E9EE6,"['https://scontent-lax3-2.cdninstagram.com/v/t39.30808-6/482220366_642628868708462_556543629457658687_n.jpg?stp=dst-jpg_e35_tt6&_nc_cat=100&ig_cache_key=MzM0MjQ2MTc3NTg2Mjg2NjUxNA%3D%3D.3-ccb7-5&ccb=7-5&_nc_sid=58cdad&efg=eyJ2ZW5jb2RlX3RhZyI6IkNBUk9VU0VMX0lURU0ueHBpZHMuMTA4MC5zZHIucmVndWxhcl9waG90by5DMyJ9&_nc_ohc=0clf3cXw3tsQ7kNvwFj9ZH0&_nc_oc=AdpFVcvZaj3HkrTG-7uyrzGYF-BP_Nm32LATLbpgWb-FLtpvbuGupwD_4xrtEHfrlJE&_nc_zt=23&_nc_ht=scontent-lax3-2.cdninstagram.com&_nc_gid=H9neBEGi4c9dL0t_R1IJ3g&_nc_ss=72689&oh=00_AQBj-h35G5adn9fM8u3x-P3f419_iZdB2hV0770Nqzsg-Q&oe=6A5E9EE6', 'https://scontent-lax3-1.cdninstagram.com/v/t39.30808-6/482960638_642628842041798_652115497722997011_n.jpg?stp=dst-jpg_e35_tt6&_nc_cat=109&ig_cache_key=MzM0MjQ2MTc3NDkwNjY3MDcwNQ%3D%3D.3-ccb7-5&ccb=7-5&_nc_sid=58cdad&efg=eyJ2ZW5jb2RlX3RhZyI6IkNBUk9VU0VMX0lURU0ueHBpZHMuMTA4MC5zZHIucmVndWxhcl9waG90by5DMyJ9&_nc_ohc=sWQkqAbx0AIQ7kNvwGqE2my&_nc_oc=AdqseGa3mcIVpe5GOC7QhKv5cJDsdqYlW5fmoSupRrU09tmu81kxsK3zDCxFI5grPbs&_nc_zt=23&_nc_ht=scontent-lax3-1.cdninstagram.com&_nc_gid=H9neBEGi4c9dL0t_R1IJ3g&_nc_ss=72689&oh=00_AQAmgPW9yRFtoGPaE88igI1jvqdJNeCKoZkY5IQ1pteFqQ&oe=6A5E9F6A', 'https://scontent-lax7-1.cdninstagram.com/v/t39.30808-6/484070510_642628732041809_5493904701720172788_n.jpg?stp=dst-jpg_e35_tt6&_nc_cat=101&ig_cache_key=MzM0MjQ2MTc3NjExNDY1NDQ2NA%3D%3D.3-ccb7-5&ccb=7-5&_nc_sid=58cdad&efg=eyJ2ZW5jb2RlX3RhZyI6IkNBUk9VU0VMX0lURU0ueHBpZHMuMTA4MC5zZHIucmVndWxhcl9waG90by5DMyJ9&_nc_ohc=ndHoFScEZvsQ7kNvwGYaMPO&_nc_oc=AdqCSjmMy7H-WjD2PnXQhKFRdhxvm8qx9xzAQCkQUbss7bDhOwdohBoEJItwl05kUzg&_nc_zt=23&_nc_ht=scontent-lax7-1.cdninstagram.com&_nc_gid=H9neBEGi4c9dL0t_R1IJ3g&_nc_ss=72689&oh=00_AQC-vuJMeINraZyK0MacIvtLjrp2NfYyTshR7ujv7Pyl1g&oe=6A5E7550', 'https://scontent-lax3-1.cdninstagram.com/v/t39.30808-6/482226182_642628908708458_5515395511998582794_n.jpg?stp=dst-jpg_e35_tt6&_nc_cat=108&ig_cache_key=MzM0MjQ2MTc3NTMzNDU4NjEzNg%3D%3D.3-ccb7-5&ccb=7-5&_nc_sid=58cdad&efg=eyJ2ZW5jb2RlX3RhZyI6IkNBUk9VU0VMX0lURU0ueHBpZHMuMTA4MC5zZHIucmVndWxhcl9waG90by5DMyJ9&_nc_ohc=er9H2j2wk4kQ7kNvwEvO6Pr&_nc_oc=AdqOet1AAkr1Q--L5H_gwwkGiS-W7gSAPHEWzajf2eKz57mhXxxGfbLMA8IYX1lUFvo&_nc_zt=23&_nc_ht=scontent-lax3-1.cdninstagram.com&_nc_gid=H9neBEGi4c9dL0t_R1IJ3g&_nc_ss=72689&oh=00_AQDqn6_Mb8WbLf1uRR_zRzoC959eE0b854Nh5YK59EWQpw&oe=6A5E9823', 'https://scontent-lax3-2.cdninstagram.com/v/t39.30808-6/482211322_642628822041800_5583078750643782474_n.jpg?stp=dst-jpg_e35_tt6&_nc_cat=106&ig_cache_key=MzM0MjQ2MTc3NTU1MjY4MDIzOA%3D%3D.3-ccb7-5&ccb=7-5&_nc_sid=58cdad&efg=eyJ2ZW5jb2RlX3RhZyI6IkNBUk9VU0VMX0lURU0ueHBpZHMuMTA4MC5zZHIucmVndWxhcl9waG90by5DMyJ9&_nc_ohc=JdAw6k5E0dAQ7kNvwHsWSq2&_nc_oc=AdogM2wOukVED5h32dqBYI9KaJS-gXrb-I7AUMoIKkAxt-p7Q-HRooG0KsCkWi8yta8&_nc_zt=23&_nc_ht=scontent-lax3-2.cdninstagram.com&_nc_gid=H9neBEGi4c9dL0t_R1IJ3g&_nc_ss=72689&oh=00_AQASIWsNPO4JprhgC3F0cNkP78HqJLi2jq859x5hbPRcaw&oe=6A5E95F4', 'https://scontent-lax3-2.cdninstagram.com/v/t39.30808-6/484348438_642628852041797_6497038052992053309_n.jpg?stp=dst-jpg_e35_tt6&_nc_cat=111&ig_cache_key=MzM0MjQ2MTc3NjA3Mjc1MTgyNw%3D%3D.3-ccb7-5&ccb=7-5&_nc_sid=58cdad&efg=eyJ2ZW5jb2RlX3RhZyI6IkNBUk9VU0VMX0lURU0ueHBpZHMuMTA4MC5zZHIucmVndWxhcl9waG90by5DMyJ9&_nc_ohc=N2to8Z_MNXYQ7kNvwG9wuCI&_nc_oc=Adp6VHFZbnIvn_bMzmgd5iwBY9h3DAuTkGjgSYKbGyzHBHxBK8uA-qFGlZy3xvP8sZQ&_nc_zt=23&_nc_ht=scontent-lax3-2.cdninstagram.com&_nc_gid=H9neBEGi4c9dL0t_R1IJ3g&_nc_ss=72689&oh=00_AQBtZ_1gmwhadBE4Ps1TkgkxYnC8L51E6GattxZaMmySjg&oe=6A5E68E3']","Photo by Ija taw إيجا تو on April 09, 2024.",2,2024-04-09T14:21:58.000Z,"[{'id': '3342461775862866514', 'type': 'Image', 'caption': '', 'hashtags': [], 'mentions': [], 'url': 'https://www.instagram.com/p/C5iz0apoKJS/', 'commentsCount': 0, 'firstComment': '', 'latestComments': [], 'dimensionsHeight': 1080, 'dimensionsWidth': 1080, 'displayUrl': 'https://scontent-lax3-2.cdninstagram.com/v/t39.30808-6/482220366_642628868708462_556543629457658687_n.jpg?stp=dst-jpg_e35_tt6&_nc_cat=100&ig_cache_key=MzM0MjQ2MTc3NTg2Mjg2NjUxNA%3D%3D.3-ccb7-5&ccb=7-5&_nc_sid=58cdad&efg=eyJ2ZW5jb2RlX3RhZyI6IkNBUk9VU0VMX0lURU0ueHBpZHMuMTA4MC5zZHIucmVndWxhcl9waG90by5DMyJ9&_nc_ohc=0clf3cXw3tsQ7kNvwFj9ZH0&_nc_oc=AdpFVcvZaj3HkrTG-7uyrzGYF-BP_Nm32LATLbpgWb-FLtpvbuGupwD_4xrtEHfrlJE&_nc_zt=23&_nc_ht=scontent-lax3-2.cdninstagram.com&_nc_gid=H9neBEGi4c9dL0t_R1IJ3g&_nc_ss=72689&oh=00_AQBj-h35G5adn9fM8u3x-P3f419_iZdB2hV0770Nqzsg-Q&oe=6A5E9EE6', 'images': [], 'alt': 'Photo by Ija taw إيجا تو on April 09, 2024.', 'likesCount': 0, 'timestamp': '2024-04-09T14:21:56.000Z', 'childPosts': [], 'ownerId': '17841457840433951', 'shortCode': 'C5iz0apoKJS', 'originalHeight': 1080, 'originalWidth': 1080, 'ownerUsername': 'ija.taw'}, {'id': '3342461774906670705', 'type': 'Image', 'caption': '', 'hashtags': [], 'mentions': [], 'url': 'https://www.instagram.com/p/C5iz0Zwoj5x/', 'commentsCount': 0, 'firstComment': '', 'latestComments': [], 'dimensionsHeight': 1080, 'dimensionsWidth': 1080, 'displayUrl': 'https://scontent-lax3-1.cdninstagram.com/v/t39.30808-6/482960638_642628842041798_652115497722997011_n.jpg?stp=dst-jpg_e35_tt6&_nc_cat=109&ig_cache_key=MzM0MjQ2MTc3NDkwNjY3MDcwNQ%3D%3D.3-ccb7-5&ccb=7-5&_nc_sid=58cdad&efg=eyJ2ZW5jb2RlX3RhZyI6IkNBUk9VU0VMX0lURU0ueHBpZHMuMTA4MC5zZHIucmVndWxhcl9waG90by5DMyJ9&_nc_ohc=sWQkqAbx0AIQ7kNvwGqE2my&_nc_oc=AdqseGa3mcIVpe5GOC7QhKv5cJDsdqYlW5fmoSupRrU09tmu81kxsK3zDCxFI5grPbs&_nc_zt=23&_nc_ht=scontent-lax3-1.cdninstagram.com&_nc_gid=H9neBEGi4c9dL0t_R1IJ3g&_nc_ss=72689&oh=00_AQAmgPW9yRFtoGPaE88igI1jvqdJNeCKoZkY5IQ1pteFqQ&oe=6A5E9F6A', 'images': [], 'alt': 'Photo by Ija taw إيجا تو on April 09, 2024.', 'likesCount': 0, 'timestamp': '2024-04-09T14:21:56.000Z', 'childPosts': [], 'ownerId': '17841457840433951', 'shortCode': 'C5iz0Zwoj5x', 'originalHeight': 1080, 'originalWidth': 1080, 'ownerUsername': 'ija.taw'}, {'id': '3342461776114654464', 'type': 'Image', 'caption': '', 'hashtags': [], 'mentions': [], 'url': 'https://www.instagram.com/p/C5iz0a4op0A/', 'commentsCount': 0, 'firstComment': '', 'latestComments': [], 'dimensionsHeight': 1080, 'dimensionsWidth': 1080, 'displayUrl': 'https://scontent-lax7-1.cdninstagram.com/v/t39.30808-6/484070510_642628732041809_5493904701720172788_n.jpg?stp=dst-jpg_e35_tt6&_nc_cat=101&ig_cache_key=MzM0MjQ2MTc3NjExNDY1NDQ2NA%3D%3D.3-ccb7-5&ccb=7-5&_nc_sid=58cdad&efg=eyJ2ZW5jb2RlX3RhZyI6IkNBUk9VU0VMX0lURU0ueHBpZHMuMTA4MC5zZHIucmVndWxhcl9waG90by5DMyJ9&_nc_ohc=ndHoFScEZvsQ7kNvwGYaMPO&_nc_oc=AdqCSjmMy7H-WjD2PnXQhKFRdhxvm8qx9xzAQCkQUbss7bDhOwdohBoEJItwl05kUzg&_nc_zt=23&_nc_ht=scontent-lax7-1.cdninstagram.com&_nc_gid=H9neBEGi4c9dL0t_R1IJ3g&_nc_ss=72689&oh=00_AQC-vuJMeINraZyK0MacIvtLjrp2NfYyTshR7ujv7Pyl1g&oe=6A5E7550', 'images': [], 'alt': 'Photo by Ija taw إيجا تو on April 09, 2024.', 'likesCount': 0, 'timestamp': '2024-04-09T14:21:56.000Z', 'childPosts': [], 'ownerId': '17841457840433951', 'shortCode': 'C5iz0a4op0A', 'originalHeight': 1080, 'originalWidth': 1080, 'ownerUsername': 'ija.taw'}, {'id': '3342461775334586136', 'type': 'Image', 'caption': '', 'hashtags': [], 'mentions': [], 'url': 'https://www.instagram.com/p/C5iz0aKI7cY/', 'commentsCount': 0, 'firstComment': '', 'latestComments': [], 'dimensionsHeight': 1080, 'dimensionsWidth': 1080, 'displayUrl': 'https://scontent-lax3-1.cdninstagram.com/v/t39.30808-6/482226182_642628908708458_5515395511998582794_n.jpg?stp=dst-jpg_e35_tt6&_nc_cat=108&ig_cache_key=MzM0MjQ2MTc3NTMzNDU4NjEzNg%3D%3D.3-ccb7-5&ccb=7-5&_nc_sid=58cdad&efg=eyJ2ZW5jb2RlX3RhZyI6IkNBUk9VU0VMX0lURU0ueHBpZHMuMTA4MC5zZHIucmVndWxhcl9waG90by5DMyJ9&_nc_ohc=er9H2j2wk4kQ7kNvwEvO6Pr&_nc_oc=AdqOet1AAkr1Q--L5H_gwwkGiS-W7gSAPHEWzajf2eKz57mhXxxGfbLMA8IYX1lUFvo&_nc_zt=23&_nc_ht=scontent-lax3-1.cdninstagram.com&_nc_gid=H9neBEGi4c9dL0t_R1IJ3g&_nc_ss=72689&oh=00_AQDqn6_Mb8WbLf1uRR_zRzoC959eE0b854Nh5YK59EWQpw&oe=6A5E9823', 'images': [], 'alt': 'Photo by Ija taw إيجا تو on April 09, 2024.', 'likesCount': 0, 'timestamp': '2024-04-09T14:21:56.000Z', 'childPosts': [], 'ownerId': '17841457840433951', 'shortCode': 'C5iz0aKI7cY', 'originalHeight': 1080, 'originalWidth': 1080, 'ownerUsername': 'ija.taw'}, {'id': '3342461775552680238', 'type': 'Image', 'caption': '', 'hashtags': [], 'mentions': [], 'url': 'https://www.instagram.com/p/C5iz0aXI5Eu/', 'commentsCount': 0, 'firstComment': '', 'latestComments': [], 'dimensionsHeight': 1080, 'dimensionsWidth': 1080, 'displayUrl': 'https://scontent-lax3-2.cdninstagram.com/v/t39.30808-6/482211322_642628822041800_5583078750643782474_n.jpg?stp=dst-jpg_e35_tt6&_nc_cat=106&ig_cache_key=MzM0MjQ2MTc3NTU1MjY4MDIzOA%3D%3D.3-ccb7-5&ccb=7-5&_nc_sid=58cdad&efg=eyJ2ZW5jb2RlX3RhZyI6IkNBUk9VU0VMX0lURU0ueHBpZHMuMTA4MC5zZHIucmVndWxhcl9waG90by5DMyJ9&_nc_ohc=JdAw6k5E0dAQ7kNvwHsWSq2&_nc_oc=AdogM2wOukVED5h32dqBYI9KaJS-gXrb-I7AUMoIKkAxt-p7Q-HRooG0KsCkWi8yta8&_nc_zt=23&_nc_ht=scontent-lax3-2.cdninstagram.com&_nc_gid=H9neBEGi4c9dL0t_R1IJ3g&_nc_ss=72689&oh=00_AQASIWsNPO4JprhgC3F0cNkP78HqJLi2jq859x5hbPRcaw&oe=6A5E95F4', 'images': [], 'alt': 'Photo by Ija taw إيجا تو on April 09, 2024.', 'likesCount': 0, 'timestamp': '2024-04-09T14:21:56.000Z', 'childPosts': [], 'ownerId': '17841457840433951', 'shortCode': 'C5iz0aXI5Eu', 'originalHeight': 1080, 'originalWidth': 1080, 'ownerUsername': 'ija.taw'}, {'id': '3342461776072751827', 'type': 'Image', 'caption': '', 'hashtags': [], 'mentions': [], 'url': 'https://www.instagram.com/p/C5iz0a2IzrT/', 'commentsCount': 0, 'firstComment': '', 'latestComments': [], 'dimensionsHeight': 1080, 'dimensionsWidth': 1080, 'displayUrl': 'https://scontent-lax3-2.cdninstagram.com/v/t39.30808-6/484348438_642628852041797_6497038052992053309_n.jpg?stp=dst-jpg_e35_tt6&_nc_cat=111&ig_cache_key=MzM0MjQ2MTc3NjA3Mjc1MTgyNw%3D%3D.3-ccb7-5&ccb=7-5&_nc_sid=58cdad&efg=eyJ2ZW5jb2RlX3RhZyI6IkNBUk9VU0VMX0lURU0ueHBpZHMuMTA4MC5zZHIucmVndWxhcl9waG90by5DMyJ9&_nc_ohc=N2to8Z_MNXYQ7kNvwG9wuCI&_nc_oc=Adp6VHFZbnIvn_bMzmgd5iwBY9h3DAuTkGjgSYKbGyzHBHxBK8uA-qFGlZy3xvP8sZQ&_nc_zt=23&_nc_ht=scontent-lax3-2.cdninstagram.com&_nc_gid=H9neBEGi4c9dL0t_R1IJ3g&_nc_ss=72689&oh=00_AQBtZ_1gmwhadBE4Ps1TkgkxYnC8L51E6GattxZaMmySjg&oe=6A5E68E3', 'images': [], 'alt': 'Photo by Ija taw إيجا تو on April 09, 2024.', 'likesCount': 0, 'timestamp': '2024-04-09T14:21:56.000Z', 'childPosts': [], 'ownerId': '17841457840433951', 'shortCode': 'C5iz0a2IzrT', 'originalHeight': 1080, 'originalWidth': 1080, 'ownerUsername': 'ija.taw'}]",Ija taw إيجا تو,ija.taw,57951608014,False,https://www.instagram.com/ija.taw/,1080,1080,carousel_container,,,,,,,,,,,
3888177224222396895,Video,DX1lJXBilHf,"Lights, camera… chaos (the good kind) 🎬

When TSA × @yokai_content_studio  join forces, you don’t just get a reel… you get something that sticks.

Two vibes. One vision. Zero limits. 🎥
@clinique_el_yosr_maternite

#TSA #YOKAI #CreativeEnergy  #ContentThatHits","['TSA', 'YOKAI', 'CreativeEnergy', 'ContentThatHits']","['yokai_content_studio', 'clinique_el_yosr_maternite']",https://www.instagram.com/p/DX1lJXBilHf/,0,,[],1137,640,https://scontent-dfw5-1.cdninstagram.com/v/t51.82787-15/684932713_18409862719197509_7493283807121758552_n.jpg?stp=dst-jpg_e15_tt6&_nc_ht=scontent-dfw5-1.cdninstagram.com&_nc_cat=105&_nc_oc=Q6cZ2gFZ6qcG0heOToD99uPoyfhs7e6QuKCpcmha49oTV4mzQU-WkzLduG_JmYXtrRmx7dg&_nc_ohc=L3oNPfB3zV8Q7kNvwF4fH0J&_nc_gid=yRdzJzjGowLhZN0JSBNOqA&edm=ADp7STQBAAAA&ccb=7-5&oh=00_AQCUurBXjrmizZg1xv33P8iq5Qz-vtB8EsNrRa8IEuNwtg&oe=6A5E708A&_nc_sid=c6f216,[],"Video by TSA Agence Com on May 02, 2026. May be an image of one or more people, poster and hospital.",7,2026-05-02T11:17:24.000Z,[],TSA Agence Com,tsagencecom,5824789508,False,https://www.instagram.com/tsagencecom/,1920,1080,clips,,,,https://scontent-lax3-2.cdninstagram.com/o1/v/t2/f2/m86/AQOn3piLsZKzE26pAlXUUQoiD2m1XB34oNGEi22NFqfhw620vexG4V1eBV-lCaiYMU6L93QXCQvxOjdzMRbhpZeLGmE3rSEcRsHZDqE.mp4?_nc_cat=100&_nc_sid=5e9851&_nc_ht=scontent-lax3-2.cdninstagram.com&_nc_ohc=SlOvfy9rTuoQ7kNvwHpVRZK&efg=eyJ2ZW5jb2RlX3RhZyI6Inhwdl9wcm9ncmVzc2l2ZS5JTlNUQUdSQU0uQ0xJUFMuQzMuNzIwLmRhc2hfYmFzZWxpbmVfMV92MSIsInhwdl9hc3NldF9pZCI6MTY0MzM5ODY4MzY5NTAzMiwiYXNzZXRfYWdlX2RheXMiOjc1LCJ2aV91c2VjYXNlX2lkIjoxMDA5OSwiZHVyYXRpb25fcyI6OTAsInVybGdlbl9zb3VyY2UiOiJ3d3cifQ%3D%3D&ccb=17-1&vs=e8a931fb03b55d12&_nc_vs=HBksFQIYUmlnX3hwdl9yZWVsc19wZXJtYW5lbnRfc3JfcHJvZC9FQTRDNkNCRjUyNDlENjgyREMzNEJEMkY4NDEyMjg5Q192aWRlb19kYXNoaW5pdC5tcDQVAALIARIAFQIYUWlnX3hwdl9wbGFjZW1lbnRfcGVybWFuZW50X3YyLzI0NDdGN0ZCMUZENDMyMTc0Q0Q0REQ5NDNERUQ2ODk1X2F1ZGlvX2Rhc2hpbml0Lm1wNBUCAsgBEgAoABgAGwKIB3VzZV9vaWwBMRJwcm9ncmVzc2l2ZV9yZWNpcGUBMRUAACbw3qCssqrrBRUCKAJDMywXQFaMzMzMzM0YEmRhc2hfYmFzZWxpbmVfMV92MREAdf4HZeadAQA&_nc_gid=ecng7qMbBOIOxiXENU3grQ&_nc_ss=72689&_nc_zt=28&oh=00_AQBeM4C2jIOrXpmPg4achRYji9sZCnraEPwqFJhbp8QZYw&oe=6A5A8CF5,139,https://scontent-lax3-2.cdninstagram.com/o1/v/t2/f2/m78/AQPolhuSh0Tr_r0u4f4t3VLhkuzwIlyv3Vrrskzh-sq_cwqeTALI2RvfTzf9QjQIWI8dKmC9Y7SRevA23X5J-KyriuJDxfqHZ-nzz7c.mp4?_nc_cat=100&_nc_sid=9ca052&_nc_ht=scontent-lax3-2.cdninstagram.com&_nc_ohc=7sSql2u-xe0Q7kNvwGgAGUL&efg=eyJ2ZW5jb2RlX3RhZyI6ImlnLXhwdmRzLmNsaXBzLmlnd3d3LUMzLmRhc2hfbG5faGVhYWNfdmJyM19hdWRpbyIsInZpZGVvX2lkIjpudWxsLCJvaWxfdXJsZ2VuX2FwcF9pZCI6OTM2NjE5NzQzMzkyNDU5LCJjbGllbnRfbmFtZSI6ImlnIiwieHB2X2Fzc2V0X2lkIjoxNjQzMzk4NjgzNjk1MDMyLCJhc3NldF9hZ2VfZGF5cyI6NzUsInZpX3VzZWNhc2VfaWQiOjEwMDk5LCJkdXJhdGlvbl9zIjo5MCwiYml0cmF0ZSI6NjQzNDgsInVybGdlbl9zb3VyY2UiOiJ3d3cifQ%3D%3D&ccb=17-1&_nc_gid=ecng7qMbBOIOxiXENU3grQ&_nc_ss=72689&_nc_zt=28&oh=00_AQDS-6CHw3FCVd3HiPYRkZ_IawdVDTLhNIdhqgO1mi3J9A&oe=6A5A9C41,90.232,,474,,True
3391216123388801729,Image,C8QBRjHKrLB,"إن شاء الله كل عام وانتوما حيين بخير 🤍
#tsaagencecom #eidmubarak","['tsaagencecom', 'eidmubarak']",[],https://www.instagram.com/p/C8QBRjHKrLB/,0,,[],1080,1080,https://scontent-phl2-1.cdninstagram.com/v/t39.30808-6/490681091_1234577322006821_608796908903022614_n.jpg?stp=dst-jpg_e15_tt6&_nc_ht=scontent-phl2-1.cdninstagram.com&_nc_cat=105&_nc_oc=Q6cZ2gEuhg-bHcpFOx2oGb6CMtpNRRZuAXFcSdBLapHGpgHbjLMw52s0n7N7gJSomPW9ZDw&_nc_ohc=QubkDnYnDDMQ7kNvwFVbbmX&_nc_gid=wJhyNNE7XnCpzczMMhlrWA&edm=ADp7STQAAAAA&ccb=7-5&oh=00_AQB_aIdvasswUb87zf9jo2p5nrC4PxgzZjIiK5qsZ2qHkA&oe=6A5E71C5&_nc_sid=c6f216,[],"Photo by TSA Agence Com on June 15, 2024.",13,2024-06-15T20:48:07.000Z,[],TSA Agence Com,tsagencecom,5824789508,False,https://www.instagram.com/tsagencecom/,960,960,feed,,,,,,,,,,,
3362100200954052842,Image,C6olFHRIsDq,"Hey 👋
🚀 We're hiring a Senior Graphic Designer to join our dynamic team! If you're creative, passionate, and a real team player, we want to hear from you! 🎨 
Apply now and join us: contact@tsaagence.com 
 #TSA #GraphicDesigner #NowHiring","['TSA', 'GraphicDesigner', 'NowHiring']",[],https://www.instagram.com/p/C6olFHRIsDq/,0,,[],1080,1080,https://scontent-lax3-1.cdninstagram.com/v/t39.30808-6/490417606_1233145965483290_776956356861825525_n.jpg?stp=dst-jpg_e15_fr_s1080x1080_tt6&_nc_ht=scontent-lax3-1.cdninstagram.com&_nc_cat=102&_nc_oc=Q6cZ2gF7uNxtwhB2V5sEr_qkYuDHCiSdi7dBi2GHjH9nRcpChNYTTScELat7XNUe6ydbOEU&_nc_ohc=q2aPwfp_grMQ7kNvwHxMd5n&_nc_gid=p1IcrtuuM2C-QohViVxWOQ&edm=ADp7STQAAAAA&ccb=7-5&oh=00_AQDjb-qwBw2g5f4ZLS2Enn5DRSMAJh7uKOdDrc3MNbCUGQ&oe=6A5E84A0&_nc_sid=c6f216,[],"Photo by TSA Agence Com on May 06, 2024.",9,2024-05-06T16:39:59.000Z,[],TSA Agence Com,tsagencecom,5824789508,False,https://www.instagram.com/tsagencecom/,1080,1080,feed,,,,,,,,,,,
3743385115939647224,Video,DPzLO39ES74,"🎬 New project alert!

🚀 TSA Agence Com x FTTH
TEX AWARDS 2025 Campaign
TAC O TAC TEX Awards

🎥 In collaboration with our partner  @yokai_content_studio 

Dynamism, authenticity, and real insights :  the spirit of this new production, and the essence of what we create at TSA Agence Com.

👀 Stay tuned for more creative collabs coming soon!
#TEXAwards2025 #TSAAgenceCom #FTTH #Yokai","['TEXAwards2025', 'TSAAgenceCom', 'FTTH', 'Yokai']",['yokai_content_studio'],https://www.instagram.com/p/DPzLO39ES74/,0,,[],1920,1080,https://instagram.fagc3-2.fna.fbcdn.net/v/t51.82787-15/564612489_18379065391197509_8169143657315235038_n.jpg?stp=dst-jpg_e15_fr_p1080x1080_tt6&_nc_ht=instagram.fagc3-2.fna.fbcdn.net&_nc_cat=105&_nc_oc=Q6cZ2gHrsbm8UG8QYjBbwG453RJ1DrHrHDgz7DEz1SPQo99iAkSlVArhXcmoVcDHCfJ4kxI&_nc_ohc=ooLrc2zOfDsQ7kNvwHRgxyY&_nc_gid=dHABN1_G7zupF7dPhmn8wg&edm=ADp7STQBAAAA&ccb=7-5&oh=00_AQDMGFGcaLGjjHkBtoSch27o87h3kTEoEAAe8cT9fNC32w&oe=6A5E82F7&_nc_sid=c6f216,[],"Video by TSA Agence Com on October 14, 2025.",8,2025-10-14T18:25:39.000Z,[],TSA Agence Com,tsagencecom,5824789508,False,https://www.instagram.com/tsagencecom/,1280,720,clips,,,,https://scontent-hou1-1.cdninstagram.com/o1/v/t2/f2/m367/AQMF9L3QJ2v804rHCbgCOiNkZqT5ErWIiek9Zq8yNVTvxa-TWVWtouW2g4Y1VjPPnbpV8hXIcxtZWZJgbaWGWx8iSsOAkr2g_oJgwV0.mp4?_nc_cat=106&_nc_sid=5e9851&_nc_ht=scontent-hou1-1.cdninstagram.com&_nc_ohc=qwHTZKfrkTwQ7kNvwHFeNGd&efg=eyJ2ZW5jb2RlX3RhZyI6Inhwdl9wcm9ncmVzc2l2ZS5JTlNUQUdSQU0uQ0xJUFMuQzMuNzIwLmRhc2hfYmFzZWxpbmVfMV92MSIsInhwdl9hc3NldF9pZCI6MTUxOTA3NDIyNTk2OTc4NCwiYXNzZXRfYWdlX2RheXMiOjI3NCwidmlfdXNlY2FzZV9pZCI6MTAwOTksImR1cmF0aW9uX3MiOjI0NCwid2F0Y2hfdGltZV9zIjo2MSwidXJsZ2VuX3NvdXJjZSI6Ind3dyJ9&ccb=17-1&vs=f7a35b5115dc9f0c&_nc_vs=HBksFQIYQGlnX2VwaGVtZXJhbC9CRTQ0RDIxRUUzNDJEOENDMUUyMkMxMEVDMkFBQjQ4M192aWRlb19kYXNoaW5pdC5tcDQVAALIARIAFQIYR2lnX3hwdl9yZWVsc19wZXJtYW5lbnRfc3JfcHJvZC8xNTA3OTQ4NzkzNDkxNjM2XzM0NjIxNjExMjI2MzMxNzE1NDYubXA0FQICyAESACgAGAAbAogHdXNlX29pbAExEnByb2dyZXNzaXZlX3JlY2lwZQExFQAAJvDpgvrg5bIFFQIoAkMzLBdAboUeuFHrhRgSZGFzaF9iYXNlbGluZV8xX3YxEQB1_gdl5p0BAA&_nc_gid=p0LIZnrJbEX6WKh-8E5z6A&_nc_ss=72689&_nc_zt=28&oh=00_AQDOyg2nt5vTkApXRBUjEDTSssTBT0wZ9BA-6dNSYZjiKw&oe=6A5E9723,95,https://scontent-hou1-1.cdninstagram.com/o1/v/t2/f2/m86/AQOBdoQ74cQlrsiGKHwyMC4tgS8dM6q27ZAUlhbmsmJXGN8l6kYYW63oesGlX37M17sBfNQfBmaGXNkJdj2fFD9r.mp4?_nc_cat=108&_nc_sid=9ca052&_nc_ht=scontent-hou1-1.cdninstagram.com&_nc_ohc=dG84u_7js1oQ7kNvwFCY_bi&efg=eyJ2ZW5jb2RlX3RhZyI6ImlnLXhwdmRzLmNsaXBzLmlnd3d3LUMzLmRhc2hfbG5faGVhYWNfdmJyM19hdWRpbyIsInZpZGVvX2lkIjpudWxsLCJvaWxfdXJsZ2VuX2FwcF9pZCI6OTM2NjE5NzQzMzkyNDU5LCJjbGllbnRfbmFtZSI6ImlnIiwieHB2X2Fzc2V0X2lkIjoxNTE5MDc0MjI1OTY5Nzg0LCJhc3NldF9hZ2VfZGF5cyI6Mjc0LCJ2aV91c2VjYXNlX2lkIjoxMDA5OSwiZHVyYXRpb25fcyI6MjQ0LCJ3YXRjaF90aW1lX3MiOjYxLCJiaXRyYXRlIjo2MjgwMSwidXJsZ2VuX3NvdXJjZSI6Ind3dyJ9&ccb=17-1&_nc_gid=p0LIZnrJbEX6WKh-8E5z6A&_nc_ss=72689&_nc_zt=28&oh=00_AQBBfUHcCKdFTIjXYalelO1FIUVTD-1uz2E1mHmn4AsOrw&oe=6A5AA796,244.16,"{'artist_name': 'tsagencecom', 'song_name': 'Original audio', 'uses_original_audio': True, 'should_mute_audio': False, 'should_mute_audio_reason': '', 'audio_id': '797742509906449'}",363,,True
3454637065804848178,Image,C_xVhufMhwy,"🌟 Citation du jour 🌟
#MarketingDigital #CitationDuJour #StratégieMarketing #SEO #BusinessTips #Entrepreneurship #SocialMediaMarketing","['MarketingDigital', 'CitationDuJour', 'StratégieMarketing', 'SEO', 'BusinessTips', 'Entrepreneurship', 'SocialMediaMarketing']",[],https://www.instagram.com/p/C_xVhufMhwy/,0,,[],1080,1080,https://scontent-mia5-1.cdninstagram.com/v/t39.30808-6/485028717_647968041507878_6915340420007126768_n.jpg?stp=dst-jpg_e15_fr_s1080x1080_tt6&_nc_ht=scontent-mia5-1.cdninstagram.com&_nc_cat=102&_nc_oc=Q6cZ2gGOae3d-BmXH2xyVZ1aeyG-xx8uLXAW4uNVoU6gQfHZxqgdDG4YXjgKsMSHtEic568&_nc_ohc=pDAwEa9aYj4Q7kNvwG-phIt&_nc_gid=Oy_mYSA2VAa2Mkb-H5SGwg&edm=ADp7STQAAAAA&ccb=7-5&oh=00_AQCX3YDSV1pCFShv9Yv_ynd56UYotha3KQog9AE03aZyJw&oe=6A5E68DF&_nc_sid=c6f216,[],"Photo by Ija taw إيجا تو on September 11, 2024.",5,2024-09-11T08:54:12.000Z,[],Ija taw إيجا تو,ija.taw,57951608014,False,https://www.instagram.com/ija.taw/,1080,1080,feed,,,,,,,,,,,
3460725688208489719,Image,DAG961-vHz3,"Bienvenue chez "" Ija Taw "" votre partenaire en transformation digital 🤩

Nos expertises : Création de contenu | Développement web | Gestion stratégique des réseaux sociaux | Conseil et accompagnement | Formations professionnelles | Production audiovisuelle

Nous vous guidons vers l’excellence à chaque étape. 🚀

#IjaTaw #TransformationDigitale #DéveloppementWeb #StratégieDigitale #ProductionAudiovisuelle #FormationProfessionnelle #Accompagnement","['IjaTaw', 'TransformationDigitale', 'DéveloppementWeb', 'StratégieDigitale', 'ProductionAudiovisuelle', 'FormationProfessionnelle', 'Accompagnement']",[],https://www.instagram.com/p/DAG961-vHz3/,0,,[],1080,1080,https://scontent-iad3-2.cdninstagram.com/v/t39.30808-6/460458251_512742065030477_1646718851028705462_n.jpg?stp=dst-jpg_e15_fr_s1080x1080_tt6&_nc_ht=scontent-iad3-2.cdninstagram.com&_nc_cat=105&_nc_oc=Q6cZ2gHJZo6YHL-ggZvv9ALiffjpS78Rcu7VOyMlh9onbBh-8Ld7xK1HAIeKI4twc_V8FmQ&_nc_ohc=rG8hMQoxXHMQ7kNvwE-24y1&_nc_gid=AwT1I-YrBCHqE4--zkJidA&edm=ADp7STQAAAAA&ccb=7-5&oh=00_AQCHh5YOEalGfONjYbfQvmvSNPMbarvF1E4r_kvoP5-1nQ&oe=6A5E6EA9&_nc_sid=c6f216,[],"Photo by Ija taw إيجا تو on September 19, 2024.",2,2024-09-19T18:31:12.000Z,[],Ija taw إيجا تو,ija.taw,57951608014,False,https://www.instagram.com/ija.taw/,1080,1080,feed,,,,,,,,,,,
3262830008164624070,Image,C1H5prvIybG,"TSA recherche, pour le compte d'un de ses partenaires, un(e) Responsable Marketing dynamique et talentueux(se). Les principales missions incluent la planification, la gestion et le suivi des différentes actions marketing. Si vous êtes prêt(e) à relever ce défi, envoyez-nous votre CV à l'adresse suivante : contact@tsaagence.com.
#tsa #tsaagencecom #jobopportunity","['tsa', 'tsaagencecom', 'jobopportunity']",[],https://www.instagram.com/p/C1H5prvIybG/,0,,[],1080,1080,https://scontent-lga3-3.cdninstagram.com/v/t39.30808-6/488801735_1227196499411570_7022546772436436055_n.jpg?stp=dst-jpg_e15_fr_s1080x1080_tt6&_nc_ht=scontent-lga3-3.cdninstagram.com&_nc_cat=102&_nc_oc=Q6cZ2gFKHSqKkxCLo14vUXdEsJp41I0Zx6jb-fuQe01H6zB-TInHrkFW_p0KbZIW91A_2yw&_nc_ohc=-oNgmnMgEQIQ7kNvwHOPbyy&_nc_gid=339fMCFIgAbJTf6xMBO_6g&edm=ADp7STQAAAAA&ccb=7-5&oh=00_AQB095BejWbNq2OSR4-NDHLjYBbMFkQ5_P0Go-pH4dbxZw&oe=6A5E6E9D&_nc_sid=c6f216,[],"Photo by TSA Agence Com on December 21, 2023.",9,2023-12-21T17:27:49.000Z,[],TSA Agence Com,tsagencecom,5824789508,False,https://www.instagram.com/tsagencecom/,1080,1080,feed,,,,,,,,,,,
3320799614091359586,Image,C4V2aeYK3Vi,"رمضان كريم 🌙
#CeaseFireNow 🍉",['CeaseFireNow'],[],https://www.instagram.com/p/C4V2aeYK3Vi/,0,,[],1080,1080,https://scontent-ord5-1.cdninstagram.com/v/t39.30808-6/489930089_1231188145679072_1465462011227427173_n.jpg?stp=dst-jpg_e15_tt6&_nc_ht=scontent-ord5-1.cdninstagram.com&_nc_cat=108&_nc_oc=Q6cZ2gE3d6LYz8h2zDVzpb8AHUi53QJM6_dJBDjNfEgVtfIe7WO8z9X2joUYkB3BaWpTPsQ&_nc_ohc=yRlOFMdyjgMQ7kNvwGONBuO&_nc_gid=ssgLWz5lb7QqBBKbnjplOA&edm=ADp7STQAAAAA&ccb=7-5&oh=00_AQCjwaGI6vC4jSKO0AaP9f1R-ikMNwijc3jqMtPoxSEuEg&oe=6A5E8F0C&_nc_sid=c6f216,[],"Photo by TSA Agence Com on March 10, 2024.",15,2024-03-10T17:03:05.000Z,[],TSA Agence Com,tsagencecom,5824789508,False,https://www.instagram.com/tsagencecom/,960,960,feed,,,,,,,,,,,
3265824235119557425,Image,C1Sida5Kbsx,"🚀 Join Our Team - Project Manager/Community Manager Wanted! 🚀

Are you a dynamic and creative individual with a passion for marketing and community engagement? TSA Agence Com is on the lookout for a skilled Project Manager/Community Manager to join our growing team!
Send us your resume now at contact@tsaagence.com and be part of our digital journey! 
 #TSA #CommunityManager #MarketingDigital #JobOffer","['TSA', 'CommunityManager', 'MarketingDigital', 'JobOffer']",[],https://www.instagram.com/p/C1Sida5Kbsx/,0,,[],1080,1080,https://scontent-ord5-1.cdninstagram.com/v/t39.30808-6/488869196_1227218626076024_5573971864818126964_n.jpg?stp=dst-jpg_e15_tt6&_nc_ht=scontent-ord5-1.cdninstagram.com&_nc_cat=108&_nc_oc=Q6cZ2gFMt3tIAn5ZrC8ZSZ99utRPX7OykUzDZXXtYOlYB5c_SYDV95m8Qh8Pp0295i4thn8&_nc_ohc=_Xwbxp73BxIQ7kNvwFhpdPZ&_nc_gid=YQ9qqsrkvXpn9UJ3B8MHGQ&edm=ADp7STQAAAAA&ccb=7-5&oh=00_AQBc8aqsmVrSIBA6zCiuC2CmR7K-JBep7FlMiJSc-hJdCw&oe=6A5E9696&_nc_sid=c6f216,[],"Photo by TSA Agence Com on December 25, 2023.",3,2023-12-25T20:36:49.000Z,[],TSA Agence Com,tsagencecom,5824789508,False,https://www.instagram.com/tsagencecom/,960,960,feed,,,,,,,,,,,
3270010397783419594,Image,C1haSGrturK,"🍉 
#FreedomForPalestine #newyear2024 #tsaagence #agencedecommunication","['FreedomForPalestine', 'newyear2024', 'tsaagence', 'agencedecommunication']",[],https://www.instagram.com/p/C1haSGrturK/,0,,[],1080,1080,https://scontent-den2-1.cdninstagram.com/v/t39.30808-6/488900936_1227563256041561_7709273582803824052_n.jpg?stp=dst-jpg_e15_fr_s1080x1080_tt6&_nc_ht=scontent-den2-1.cdninstagram.com&_nc_cat=105&_nc_oc=Q6cZ2gEiYi-FG8ivUDzSRSrHHOeBnSmC4Dg4hyQXF8MMgfzCLn1xi93bo-UXj2U-8EJTWhw&_nc_ohc=4nrcWl4_llAQ7kNvwGOK6Y_&_nc_gid=gR-wAcFwo85xES5w5ta8yw&edm=ADp7STQAAAAA&ccb=7-5&oh=00_AQCUplGDxSUfVmgzEHWV9zxVTn_ZnM_ltjbyNleENJKuTw&oe=6A5E77D3&_nc_sid=c6f216,[],"Photo by TSA Agence Com on December 31, 2023.",20,2023-12-31T15:13:58.000Z,[],TSA Agence Com,tsagencecom,5824789508,False,https://www.instagram.com/tsagencecom/,1080,1080,feed,,,,,,,,,,,
3342592769530635901,Image,C5jRmoAqaZ9,"رمضان وفا، لكلنا on mange ✌️
ربي يحيينا لأمثالو و إن شاء الله عيدكم مبروك 🥰
#tsa #EidMubarak","['tsa', 'EidMubarak']",[],https://www.instagram.com/p/C5jRmoAqaZ9/,0,,[],1080,1080,https://scontent-iad3-2.cdninstagram.com/v/t39.30808-6/490677872_1232230782241475_4087845475415270535_n.jpg?stp=dst-jpg_e15_tt6&_nc_ht=scontent-iad3-2.cdninstagram.com&_nc_cat=111&_nc_oc=Q6cZ2gHr3sK6AQV6Mj7A0wu0tI22seN5Np-9hvCXrjasXk3sSUGYoENAkaOJwORn6Zuv1fM&_nc_ohc=5Xl76WS89G0Q7kNvwHndlLW&_nc_gid=GtESS4o_uRoSYZVKgfLiaA&edm=ADp7STQAAAAA&ccb=7-5&oh=00_AQDfwXUXzMo5Aff9P2nnzyX3RvNruV6n8Eg408UPZZid0w&oe=6A5E86C5&_nc_sid=c6f216,[],"Photo by TSA Agence Com on April 09, 2024.",19,2024-04-09T18:42:12.000Z,[],TSA Agence Com,tsagencecom,5824789508,False,https://www.instagram.com/tsagencecom/,960,960,feed,,,,,,,,,,,
3342393768964903265,Image,C5ikWySodFh,"تحيا تونس 🇹🇳
#Tsa #9avril #martyrsday","['Tsa', '9avril', 'martyrsday']",[],https://www.instagram.com/p/C5ikWySodFh/,0,,[],1080,1080,https://instagram.fagc1-1.fna.fbcdn.net/v/t39.30808-6/490056681_1232229378908282_6538271154419534035_n.jpg?stp=dst-jpg_e15_fr_s1080x1080_tt6&_nc_ht=instagram.fagc1-1.fna.fbcdn.net&_nc_cat=102&_nc_oc=Q6cZ2gGQ9i133e0UEGwu21ot9Lk0L6wjxJ-foTzSV5VBeCJxl3Z7mB83kUNEtO_zD0m4wP0&_nc_ohc=EKZr8u3iBioQ7kNvwE4ofKB&_nc_gid=tZijtCnv8SpSiToplH2mTw&edm=ADp7STQAAAAA&ccb=7-5&oh=00_AQBBzyEL6c5IJnmXZH2MwR1gSmwudwterCTga7o4xdplYQ&oe=6A5E73C1&_nc_sid=c6f216,[],"Photo by TSA Agence Com on April 09, 2024.",8,2024-04-09T12:06:49.000Z,[],TSA Agence Com,tsagencecom,5824789508,False,https://www.instagram.com/tsagencecom/,1080,1080,feed,,,,,,,,,,,
3038742193207769412,Video,Corx-y-I_lE,Getting ready for an important meeting with our client at their workplace. We love taking the time to connect with our clients in person and really understand their needs. Let's do this! 💪🏼 #ClientMeeting #BusinessStrategy #collaboration #wecreate #clients,"['ClientMeeting', 'BusinessStrategy', 'collaboration', 'wecreate', 'clients']",[],https://www.instagram.com/p/Corx-y-I_lE/,0,,[],1920,1080,https://scontent-dfw5-2.cdninstagram.com/v/t51.71878-15/499546987_2044414466053423_8295985945219963868_n.jpg?stp=dst-jpg_e35_p1080x1080_sh2.08_tt6&_nc_ht=scontent-dfw5-2.cdninstagram.com&_nc_cat=107&_nc_oc=Q6cZ2gF9325MHpnTvRSk-e93OJ7iz7z5TeNEM_ZU3LcWg-WS3H2szZ5TeYLqwSndkcwemhk&_nc_ohc=0IYHLxA-cuAQ7kNvwGvdsty&_nc_gid=f39BVC7GYKqpgSFlMPcscw&edm=ADp7STQBAAAA&ccb=7-5&oh=00_AQCMg4VMj2ejdsbBbH4KQplsLj6voUoK1ocqfRwZUjz99A&oe=6A5E81CF&_nc_sid=c6f216,[],"Video by We Create on February 15, 2023.",27,2023-02-15T13:05:30.000Z,[],We Create,we_create_agency,54491378174,False,https://www.instagram.com/we_create_agency/,1138,640,clips,,,,https://instagram.flas1-1.fna.fbcdn.net/o1/v/t2/f2/m82/AQNHo1wkNHwOXF34aYRp2vXHZT_VhhYmjINAHTDCiKDwiWTL79fQ-i5RYaI6YjJeDpvVinDm4rVbPhWmYYXiqgkzQ2P3IupUUIweqFI.mp4?_nc_cat=103&_nc_oc=AdoOQsIftVtUc0sArf3ztAWfyR0DrgBtWNrtwDgpzhPzQ7xIYYOuh6NhqW_nJ2azGw4&_nc_sid=5e9851&_nc_ht=instagram.flas1-1.fna.fbcdn.net&_nc_ohc=DS3vgHCxZGsQ7kNvwFQAUTP&efg=eyJ2ZW5jb2RlX3RhZyI6Inhwdl9wcm9ncmVzc2l2ZS5JTlNUQUdSQU0uQ0xJUFMuQzMuNjQwLmRhc2hfYmFzZWxpbmVfMV92MSIsInhwdl9hc3NldF9pZCI6MTUxNzE2MzQ3ODc3ODUyNywiYXNzZXRfYWdlX2RheXMiOjEyNDYsInZpX3VzZWNhc2VfaWQiOjEwMDk5LCJkdXJhdGlvbl9zIjo1LCJ3YXRjaF90aW1lX3MiOjAsInVybGdlbl9zb3VyY2UiOiJ3d3cifQ%3D%3D&ccb=17-1&vs=5a84b10ffc8a0b82&_nc_vs=HBksFQIYT2lnX3hwdl9yZWVsc19wZXJtYW5lbnRfcHJvZC9DRDQ0RTNDRkJDMTlBQzhBNzk1QkZDNkNEMkY4OTg5NV92aWRlb19kYXNoaW5pdC5tcDQVAALIARIAFQIYRmlnX3hwdl9yZWVsc19wZXJtYW5lbnRfc3JfcHJvZC83ODIxNzUxODI3NjExNDRfMzg1MjQzNjUxNjA1MTM0NzAwMC5tcDQVAgLIARIAKAAYABsCiAd1c2Vfb2lsATEScHJvZ3Jlc3NpdmVfcmVjaXBlATEVAAAmvorA48T2sQUVAigCQzMsF0AVEGJN0vGqGBJkYXNoX2Jhc2VsaW5lXzFfdjERAHX-B2XmnQEA&_nc_gid=iEljkj7mpaEz-5GU7jltlA&_nc_ss=72689&_nc_map=urlgen_bucketless&_nc_zt=28&oh=00_AQCVCme2mEnkL0ChxxwEQhSLCwiCgXaeFru0QBH-em2yxw&oe=6A5AA8C0,197,,5.266,"{'artist_name': 'paris.explore', 'song_name': 'Original audio', 'uses_original_audio': True, 'should_mute_audio': False, 'should_mute_audio_reason': '', 'audio_id': '2112699168889414'}",428,,
3576553399135758639,Image,DGieF37s-kv,We know your AUDIENCE ... 💡,[],[],https://www.instagram.com/p/DGieF37s-kv/,0,,[],1350,1080,https://instagram.fagc3-2.fna.fbcdn.net/v/t39.30808-6/480499089_503277919481069_7813946044097325510_n.jpg?stp=dst-jpg_e15_fr_p1080x1080_tt6&_nc_ht=instagram.fagc3-2.fna.fbcdn.net&_nc_cat=105&_nc_oc=Q6cZ2gE9I-08cNmBGnnPrWvZZwU4FNTt-w6zNY0ME4qUyJGB7lYRHz_5O-rGBGfjhUm0gjs&_nc_ohc=iRqJ4Jz82SoQ7kNvwHITAlb&_nc_gid=eZg0iMQCEaH7eguD74sVtQ&edm=ADp7STQAAAAA&ccb=7-5&oh=00_AQD9KF4jWyj6BxnTttqQxdNmmOKnUS8qTVaLkt9T-SSiDg&oe=6A5E760B&_nc_sid=c6f216,[],"Photo by MYNDS on February 26, 2025.",1,2025-02-26T14:00:11.000Z,[],MYNDS,m.y.n.d.s,60016721646,False,https://www.instagram.com/m.y.n.d.s/,1350,1080,feed,,,,,,,,,,,
3059632734937922812,Video,Cp1_8MFIbz8,"Derrière chaque projet réussi, il y a une équipe dynamique et dévouée ! 
 #EquipeJeune #Ambitieuse #Créative #passionnée #agencemarketing","['EquipeJeune', 'Ambitieuse', 'Créative', 'passionnée', 'agencemarketing']",[],https://www.instagram.com/p/Cp1_8MFIbz8/,0,,[],1920,1080,https://scontent-lga3-2.cdninstagram.com/v/t51.71878-15/503158471_3699713856829591_390013153336494147_n.jpg?stp=dst-jpg_e15_fr_p1080x1080_tt6&_nc_ht=scontent-lga3-2.cdninstagram.com&_nc_cat=107&_nc_oc=Q6cZ2gEBuj9fX6vORkna3PJmCRbVta5fzJJT9jpUPk0Ze01XorlNyVGrT1TciuCgMn6DC7E&_nc_ohc=4zPiGLE2WPwQ7kNvwFkQhwC&_nc_gid=TOpXsxRtoIq1KRkD29bE5g&edm=ADp7STQBAAAA&ccb=7-5&oh=00_AQCwLLwoM90Fx1ONt-dSQE8pEzmd8O8IUd82ro72KTr19w&oe=6A5E6F8F&_nc_sid=c6f216,[],"Video by We Create on March 16, 2023.",19,2023-03-16T08:51:24.000Z,[],We Create,we_create_agency,54491378174,False,https://www.instagram.com/we_create_agency/,1280,720,clips,,,,https://scontent-bos5-1.cdninstagram.com/o1/v/t2/f2/m82/AQOXFlRrtC1g9ud1p25S2XSXHDkJGE61p72tmJtD0OZvHFekKTJ13uZWCaVaN2AwmxpTLIJO55T668oZvp6iA9AL2KpUaa-5M_qNhhQ.mp4?_nc_cat=108&_nc_sid=5e9851&_nc_ht=scontent-bos5-1.cdninstagram.com&_nc_ohc=n95kfycGrF8Q7kNvwHznMnM&efg=eyJ2ZW5jb2RlX3RhZyI6Inhwdl9wcm9ncmVzc2l2ZS5JTlNUQUdSQU0uQ0xJUFMuQzMuNzIwLmRhc2hfYmFzZWxpbmVfMV92MSIsInhwdl9hc3NldF9pZCI6Mjk2NDYyMzY2MzY3MTk1MSwiYXNzZXRfYWdlX2RheXMiOjEyMTgsInZpX3VzZWNhc2VfaWQiOjEwMDk5LCJkdXJhdGlvbl9zIjo5LCJ1cmxnZW5fc291cmNlIjoid3d3In0%3D&ccb=17-1&vs=da3af69d2533062f&_nc_vs=HBksFQIYT2lnX3hwdl9yZWVsc19wZXJtYW5lbnRfcHJvZC9CQjQxMDBFRjg5RDkzMkMzMjc3QkJBOUIxMDZEQjdCMl92aWRlb19kYXNoaW5pdC5tcDQVAALIARIAFQIYOnBhc3N0aHJvdWdoX2V2ZXJzdG9yZS9HRGJfQ1JUdjNSMHlCMmdBQUkzWUFaRGhIR0EwYnFfRUFBQUYVAgLIARIAKAAYABsCiAd1c2Vfb2lsATEScHJvZ3Jlc3NpdmVfcmVjaXBlATEVAAAmnqrtxeeTxAoVAigCQzMsF0AiMzMzMzMzGBJkYXNoX2Jhc2VsaW5lXzFfdjERAHX-B2XmnQEA&_nc_gid=SYqB09UwQPQTPe1jL_SI_w&_nc_ss=72a8c&_nc_zt=28&oh=00_AQD6cNVhi2pulJc7MaY-K57EJHpLn7DhiRf3VjugSyuwqA&oe=6A5A8241,271,,9.1,"{'artist_name': 'we_create_agency', 'song_name': 'Original audio', 'uses_original_audio': True, 'should_mute_audio': False, 'should_mute_audio_reason': '', 'audio_id': '566411548886031'}",1602,,
3095510069968663530,Video,Cr1dgIHIHPq,All about Marketing Digital 💻✉️🌐 #digitalmarketing #agenceweb #marketingstrategy,"['digitalmarketing', 'agenceweb', 'marketingstrategy']",[],https://www.instagram.com/p/Cr1dgIHIHPq/,0,,[],1333,750,https://instagram.ffxe1-2.fna.fbcdn.net/v/t51.71878-15/496158452_4142165682726548_8630475177560985743_n.jpg?stp=dst-jpg_e15_tt6&_nc_ht=instagram.ffxe1-2.fna.fbcdn.net&_nc_cat=108&_nc_oc=Q6cZ2gFQcdGitXVzRnEMeR1hElVLS_jseCwKs7oosImedQsJFbujBUixGhFeCcJmdmg5h54&_nc_ohc=8XerKKcNE-gQ7kNvwHuU8l7&_nc_gid=FonqVX6OWRPRrAi-F4Bi-A&edm=ADp7STQBAAAA&ccb=7-5&oh=00_AQBTXvGYi-82lN6qgGdyxaiF6j5qG5ewZEMoCfFpzlUrsw&oe=6A5E6F8C&_nc_sid=c6f216,[],"Video by We Create on May 04, 2023.",11,2023-05-04T20:55:44.000Z,[],We Create,we_create_agency,54491378174,False,https://www.instagram.com/we_create_agency/,1280,720,clips,,,,https://scontent-ord5-3.cdninstagram.com/o1/v/t2/f2/m82/AQOS5ZCqMiPzadFOqVAzOZH7qzQSQmtSzgpVCAsKG-62i0OGinc6SRa6kD94rasMN8NZB4uKg4g61PR6H_5hJawFQLKOTEx6iQqOyPU.mp4?_nc_cat=109&_nc_sid=5e9851&_nc_ht=scontent-ord5-3.cdninstagram.com&_nc_ohc=obfmow0S_G0Q7kNvwGknY2P&efg=eyJ2ZW5jb2RlX3RhZyI6Inhwdl9wcm9ncmVzc2l2ZS5JTlNUQUdSQU0uQ0xJUFMuQzMuNzIwLmRhc2hfYmFzZWxpbmVfMV92MSIsInhwdl9hc3NldF9pZCI6MzU3MzQ3Njk4MjkyODc1NywiYXNzZXRfYWdlX2RheXMiOjExNjgsInZpX3VzZWNhc2VfaWQiOjEwMDk5LCJkdXJhdGlvbl9zIjoyNCwidXJsZ2VuX3NvdXJjZSI6Ind3dyJ9&ccb=17-1&vs=f976518d0b973f2d&_nc_vs=HBksFQIYT2lnX3hwdl9yZWVsc19wZXJtYW5lbnRfcHJvZC80NTRBRjk2REM1NkJBRTFCNEJGODIxNjJCMkEyOTI4OV92aWRlb19kYXNoaW5pdC5tcDQVAALIARIAFQIYOnBhc3N0aHJvdWdoX2V2ZXJzdG9yZS9HT1RvamhSZlB5X1ZILUlCQUtfTjVnTlJRUFltYnFfRUFBQUYVAgLIARIAKAAYABsCiAd1c2Vfb2lsATEScHJvZ3Jlc3NpdmVfcmVjaXBlATEVAAAm6tXxot6D2QwVAigCQzMsF0A4Kn752yLRGBJkYXNoX2Jhc2VsaW5lXzFfdjERAHX-B2XmnQEA&_nc_gid=hUfus1KqcWacfkZu48jl5g&_nc_ss=72a8c&_nc_map=urlgen_bucketless&_nc_zt=28&oh=00_AQBJyV9FjmPG7U4bSXUZe8yUFh88Mp-BNkiEfZpD0acbUQ&oe=6A5A9E0E,111,,24.166,"{'artist_name': 'we_create_agency', 'song_name': 'Original audio', 'uses_original_audio': True, 'should_mute_audio': False, 'should_mute_audio_reason': '', 'audio_id': '607541861089162'}",436,,
3078066014007831130,Video,Cq3fLtAI6pa,Today is our social media manager’s birthday. 🥳🎁🥰 we wish you  all the happiness @guirat_omaima ❤️,[],['guirat_omaima'],https://www.instagram.com/p/Cq3fLtAI6pa/,2,joyeux anniversaire ❤️,"[{'id': '17981792876042663', 'text': 'joyeux anniversaire ❤️', 'ownerUsername': 'messaoudighofran', 'ownerProfilePicUrl': 'https://scontent-dfw6-2.cdninstagram.com/v/t51.82787-19/571347204_18538329970009903_6501817865832126697_n.jpg?stp=dst-jpg_s150x150_tt6&_nc_cat=109&ccb=7-5&_nc_sid=f7ccc5&efg=eyJ2ZW5jb2RlX3RhZyI6InByb2ZpbGVfcGljLnd3dy4xMDgwLkMzIn0%3D&_nc_ohc=usoaHxqiphkQ7kNvwEC9SM0&_nc_oc=Adp5TmdS5F3SpACfDAVzfOHXF0BGJ889US8q-Etsq3wMV_eAVQ2C0wW3cAf8qLg6DzU&_nc_zt=24&_nc_ht=scontent-dfw6-2.cdninstagram.com&_nc_gid=BFPEL6iTTkTSrwtI6q2QMw&_nc_ss=7c689&oh=00_AQC46GauQFrsIcBGpBcHAcIt7tdLrNuEJubK-UZgSqzOdw&oe=6A5E94AA', 'timestamp': '2023-04-10T19:25:17.000Z', 'repliesCount': None, 'replies': None, 'likesCount': 1, 'owner': {'username': 'messaoudighofran', 'profile_pic_url': 'https://scontent-dfw6-2.cdninstagram.com/v/t51.82787-19/571347204_18538329970009903_6501817865832126697_n.jpg?stp=dst-jpg_s150x150_tt6&_nc_cat=109&ccb=7-5&_nc_sid=f7ccc5&efg=eyJ2ZW5jb2RlX3RhZyI6InByb2ZpbGVfcGljLnd3dy4xMDgwLkMzIn0%3D&_nc_ohc=usoaHxqiphkQ7kNvwEC9SM0&_nc_oc=Adp5TmdS5F3SpACfDAVzfOHXF0BGJ889US8q-Etsq3wMV_eAVQ2C0wW3cAf8qLg6DzU&_nc_zt=24&_nc_ht=scontent-dfw6-2.cdninstagram.com&_nc_gid=BFPEL6iTTkTSrwtI6q2QMw&_nc_ss=7c689&oh=00_AQC46GauQFrsIcBGpBcHAcIt7tdLrNuEJubK-UZgSqzOdw&oe=6A5E94AA', 'is_verified': False, 'id': '1156361902', 'full_name': None, 'is_mentionable': None, 'is_private': None, 'profile_pic_id': None, 'latest_reel_media': None}}]",1920,1080,https://instagram.fhio2-1.fna.fbcdn.net/v/t51.71878-15/503024064_3627749570863340_1348944170498490792_n.jpg?stp=dst-jpg_e35_p1080x1080_sh2.08_tt6&_nc_ht=instagram.fhio2-1.fna.fbcdn.net&_nc_cat=108&_nc_oc=Q6cZ2gE2cV8YooduQsDvKtN8_1BBSOJleNCbKzcTCZlUrtTXwyfjGXZT3L8upKZClcNRyoY&_nc_ohc=EstgLW8_hTwQ7kNvwGcv_sg&_nc_gid=CSkpA9kQDzq5MXBslTTHZA&edm=ADp7STQBAAAA&ccb=7-5&oh=00_AQChfPxyyk6DWw-OcRulTurvMnZFzduc_9lcCo6TnRYn4w&oe=6A5E7C40&_nc_sid=c6f216,[],"Video by We Create on April 10, 2023.",11,2023-04-10T19:17:32.000Z,[],We Create,we_create_agency,54491378174,False,https://www.instagram.com/we_create_agency/,1280,720,clips,,,"[{'full_name': 'أميمة - M I M I', 'id': '1923490820', 'is_verified': False, 'profile_pic_url': 'https://scontent-dfw6-1.cdninstagram.com/v/t51.82787-19/730332032_18559196926066821_3043756546927480216_n.jpg?stp=dst-jpg_s150x150_tt6&_nc_cat=102&ccb=7-5&_nc_sid=f7ccc5&efg=eyJ2ZW5jb2RlX3RhZyI6InByb2ZpbGVfcGljLnd3dy4xMDgwLkMzIn0%3D&_nc_ohc=XbKdbOfCvBwQ7kNvwGZXipg&_nc_oc=AdpOefmh8V79zxgUoCBw4aJ8GEZxV0cpuM6kBEf0F46cIDAUO62_Zz0AXhbwkOLjoMk&_nc_zt=24&_nc_ht=scontent-dfw6-1.cdninstagram.com&_nc_gid=BFPEL6iTTkTSrwtI6q2QMw&_nc_ss=7c689&oh=00_AQBHjVMEA2tlMFnLL19C3bzNqpsnlm5qzSKVpmLP6utk6w&oe=6A5E9ED2', 'username': 'guirat_omaima'}]",https://scontent-dfw5-1.cdninstagram.com/o1/v/t2/f2/m82/AQOMgxt6SykYRg14R_Hj_DJoPCUWxghF7kzWLgonYCVJWw7RKFWMY6aNnQtAJ4cX9Jh5pF4wqL18BbuPTDsayeRyPpUVC9Mnnh532_k.mp4?_nc_cat=106&_nc_sid=5e9851&_nc_ht=scontent-dfw5-1.cdninstagram.com&_nc_ohc=nB_tRzbpYKQQ7kNvwEix5RM&efg=eyJ2ZW5jb2RlX3RhZyI6Inhwdl9wcm9ncmVzc2l2ZS5JTlNUQUdSQU0uQ0xJUFMuQzMuNzIwLmRhc2hfYmFzZWxpbmVfMV92MSIsInhwdl9hc3NldF9pZCI6MzA4NTk1NzI2NTA0MjU3NiwiYXNzZXRfYWdlX2RheXMiOjExOTIsInZpX3VzZWNhc2VfaWQiOjEwMDk5LCJkdXJhdGlvbl9zIjo1MiwidXJsZ2VuX3NvdXJjZSI6Ind3dyJ9&ccb=17-1&vs=7a9306eabb0a69cc&_nc_vs=HBksFQIYT2lnX3hwdl9yZWVsc19wZXJtYW5lbnRfcHJvZC8xMDQ1NUY4NzExQzg1Q0YyMkE2MERGQjNDQUM5REVBNF92aWRlb19kYXNoaW5pdC5tcDQVAALIARIAFQIYOnBhc3N0aHJvdWdoX2V2ZXJzdG9yZS9HTGZLT0JTWGN4SnF1LWdGQU5qb2haWXl3bW80YnFfRUFBQUYVAgLIARIAKAAYABsCiAd1c2Vfb2lsATEScHJvZ3Jlc3NpdmVfcmVjaXBlATEVAAAmoLKZqa2q-woVAigCQzMsF0BKKp--dsi0GBJkYXNoX2Jhc2VsaW5lXzFfdjERAHX-B2XmnQEA&_nc_gid=BFPEL6iTTkTSrwtI6q2QMw&_nc_ss=7c689&_nc_zt=28&oh=00_AQB-PiNNtKZ15teQLxT7YxNuB6Xg-8bnmLYpSB6aofRAPg&oe=6A5AA5DB,271,,52.333,"{'artist_name': 'we_create_agency', 'song_name': 'Original audio', 'uses_original_audio': True, 'should_mute_audio': False, 'should_mute_audio_reason': '', 'audio_id': '735829314692383'}",876,,
3089525416996892135,Video,CrgMv9so-3n,Second episode 🔥 #film #ourteam #teamo❤️ #photographylovers #scénario #agence #agencemarketingweb #agencedigitale #marketingdigital #webagency #communicationdigitale #action #atmosphere #ambiance #outside #work #hardteam💪,"['film', 'ourteam', 'teamo❤️', 'photographylovers', 'scénario', 'agence', 'agencemarketingweb', 'agencedigitale', 'marketingdigital', 'webagency', 'communicationdigitale', 'action', 'atmosphere', 'ambiance', 'outside', 'work', 'hardteam💪']",[],https://www.instagram.com/p/CrgMv9so-3n/,0,,[],1333,750,https://scontent-hou1-1.cdninstagram.com/v/t51.71878-15/502623680_1053301629465318_6767630761478949282_n.jpg?stp=dst-jpg_e15_tt6&_nc_ht=scontent-hou1-1.cdninstagram.com&_nc_cat=106&_nc_oc=Q6cZ2gEvKTzFMBdYPd3IndlAyWJ65YS-xtEbEOY83L9R9PMvtHo_FATrUSi0YVEqPCQwIwg&_nc_ohc=i_ubGWWgfy0Q7kNvwG9Nqjx&_nc_gid=w3XmvIkk32lSEUNUBeVSJg&edm=ADp7STQBAAAA&ccb=7-5&oh=00_AQB2KuHiXkwrBxTO5OOIDvd2vsCA16e3nkVg5wfZszyFQQ&oe=6A5E7917&_nc_sid=c6f216,[],"Video by We Create on April 26, 2023.",11,2023-04-26T14:53:23.000Z,[],We Create,we_create_agency,54491378174,False,https://www.instagram.com/we_create_agency/,1280,720,clips,,,,https://instagram.flas1-1.fna.fbcdn.net/o1/v/t2/f2/m82/AQOstIxLV0QY3CmpgDHSRMCg33va7aHqUEaDAJTkyTg3mQ8o--AXk7aR5iTRCViHejxFYNu64C6kNDQTlN6ZpHODrEYocCCGFXMWxtg.mp4?_nc_cat=107&_nc_oc=Adqqwoj0mSRpoGl9oe8Kf1tL-QVswrFOKmFcMWfLTHe3TMWMWUrUQgw7vyKDTmH0GUY&_nc_sid=5e9851&_nc_ht=instagram.flas1-1.fna.fbcdn.net&_nc_ohc=QE_NEsorJ08Q7kNvwEssgdG&efg=eyJ2ZW5jb2RlX3RhZyI6Inhwdl9wcm9ncmVzc2l2ZS5JTlNUQUdSQU0uQ0xJUFMuQzMuNzIwLmRhc2hfYmFzZWxpbmVfMV92MSIsInhwdl9hc3NldF9pZCI6NjMyMDgzODg0OTIwNDMwLCJhc3NldF9hZ2VfZGF5cyI6MTE3NiwidmlfdXNlY2FzZV9pZCI6MTAwOTksImR1cmF0aW9uX3MiOjIyLCJ1cmxnZW5fc291cmNlIjoid3d3In0%3D&ccb=17-1&vs=486fb130e7618565&_nc_vs=HBksFQIYT2lnX3hwdl9yZWVsc19wZXJtYW5lbnRfcHJvZC8zNjQ0RTIxOUVCOTIwRjU2MjIxNzgxODY4MEZDODU5RF92aWRlb19kYXNoaW5pdC5tcDQVAALIARIAFQIYOnBhc3N0aHJvdWdoX2V2ZXJzdG9yZS9HS2pKZWhSY2ZJSkJfenNDQVBsVHlUc1cyOFFyYnFfRUFBQUYVAgLIARIAKAAYABsCiAd1c2Vfb2lsATEScHJvZ3Jlc3NpdmVfcmVjaXBlATEVAAAm3Lnu9o-4nwIVAigCQzMsF0A2VT987ZFoGBJkYXNoX2Jhc2VsaW5lXzFfdjERAHX-B2XmnQEA&_nc_gid=0HpFCXuO88E8d23Psh8lzA&_nc_ss=72689&_nc_map=urlgen_bucketless&_nc_zt=28&oh=00_AQB78C5NjBgzbk2GMswyK94YjSo9HvmnK8FawyZUqDsmOw&oe=6A5AAA14,247,,22.333,"{'artist_name': 'we_create_agency', 'song_name': 'Original audio', 'uses_original_audio': True, 'should_mute_audio': False, 'should_mute_audio_reason': '', 'audio_id': '1232474717389289'}",606,,
3054004117037928076,Video,CpiAJBKoE6M,"Happy women’s day 🥰 
for our girls team 
#team #girls #femmes #happyday #womens #work #hardwomen #girl #happy","['team', 'girls', 'femmes', 'happyday', 'womens', 'work', 'hardwomen', 'girl', 'happy']",[],https://www.instagram.com/p/CpiAJBKoE6M/,0,,[],1331,750,https://scontent-phl2-1.cdninstagram.com/v/t51.71878-15/501292179_1217365959886346_7295521157212879183_n.jpg?stp=dst-jpg_e15_tt6&_nc_ht=scontent-phl2-1.cdninstagram.com&_nc_cat=102&_nc_oc=Q6cZ2gELxhlqBzLL_gsX8oK8maQl63BrhLGuOpMpR2gizn0Nl_5Vfc_PKxZkdpv5qTZomuA&_nc_ohc=SrSJpRgC_esQ7kNvwFj8EZW&_nc_gid=AXpqNjZE8faVZRdF50WS2g&edm=ADp7STQBAAAA&ccb=7-5&oh=00_AQCF9wsQSdZfqPIQwDjH4YBnwDtd0uwkX2eOU6GCPSdkLg&oe=6A5E6E45&_nc_sid=c6f216,[],"Video by We Create on March 08, 2023.",13,2023-03-08T14:32:37.000Z,[],We Create,we_create_agency,54491378174,False,https://www.instagram.com/we_create_agency/,720,720,clips,,,,https://scontent-dfw5-2.cdninstagram.com/o1/v/t2/f2/m82/AQN4xlRdbbi40cR9ZGK3hGxebOlezLm7ww1A7TTXTZFummKeGcUPZEHkl25yR9Ia2ST9uVzp_SUyXprV_elIpWf5A1sBRL370WifcxA.mp4?_nc_cat=107&_nc_sid=5e9851&_nc_ht=scontent-dfw5-2.cdninstagram.com&_nc_ohc=IeZUiG0q3DwQ7kNvwGsuxTY&efg=eyJ2ZW5jb2RlX3RhZyI6Inhwdl9wcm9ncmVzc2l2ZS5JTlNUQUdSQU0uQ0xJUFMuQzMuNzIwLmRhc2hfYmFzZWxpbmVfMV92MSIsInhwdl9hc3NldF9pZCI6NzI2MTA3MTk1Njc4ODk0LCJhc3NldF9hZ2VfZGF5cyI6MTIyNSwidmlfdXNlY2FzZV9pZCI6MTAwOTksImR1cmF0aW9uX3MiOjQsInVybGdlbl9zb3VyY2UiOiJ3d3cifQ%3D%3D&ccb=17-1&vs=4e5215ef87370429&_nc_vs=HBkcFQIYT2lnX3hwdl9yZWVsc19wZXJtYW5lbnRfcHJvZC83QzQwQjNBNzI1MTlGMUI0NjQ3MDdBRkRBNTY0MzRCNF92aWRlb19kYXNoaW5pdC5tcDQVAALIARIAKAAYABsCiAd1c2Vfb2lsATEScHJvZ3Jlc3NpdmVfcmVjaXBlATEVAAAm3IK9l4CZygIVAigCQzMsF0ASAAAAAAAAGBJkYXNoX2Jhc2VsaW5lXzFfdjERAHX-B2XmnQEA&_nc_gid=GmlMTtrp6FLf9sgHdU5_Ig&_nc_ss=7c689&_nc_zt=28&oh=00_AQCKRLLr2PcfRekoQ4WL06fDOXvwjSxfPBjGRnXPPeOS8w&oe=6A5A9758,146,,4.5,,398,,
3860820169044405934,Image,DWUY3z9ji6u,"🚀 𝗩𝗼𝘂𝘀 𝗱𝗲́𝗽𝗲𝗻𝘀𝗲𝘇 𝗲𝗻 𝗽𝘂𝗯 𝗺𝗮𝗶𝘀 𝗹𝗲𝘀 𝗰𝗹𝗶𝗲𝗻𝘁𝘀 𝗻𝗲 𝘀𝘂𝗶𝘃𝗲𝗻𝘁 𝗽𝗮𝘀 ?
Il est temps de changer ça. 
Chez Web Media-International nous concevons des campagnes Digital Ads sur-mesure, conçues pour maximiser votre ROI et transformer vos audiences en clients qualifiés.
Notre approche repose sur 3 piliers :
🎯 Un ciblage stratégique adapté à votre secteur
📸 Des créations visuelles à fort impact
📊 Un suivi analytique orienté résultats
𝗔𝗿𝗿𝗲̂𝘁𝗲𝘇 𝗱𝗲 𝗽𝗲𝗿𝗱𝗿𝗲 𝗱𝗲𝘀 𝗰𝗹𝗶𝗰𝘀, 𝗰𝗼𝗺𝗺𝗲𝗻𝗰𝗲𝘇 𝗮̀ 𝗴𝗮𝗴𝗻𝗲𝗿 𝗱𝗲𝘀 𝗰𝗹𝗶𝗲𝗻𝘁𝘀
𝗖𝗼𝗻𝘁𝗮𝗰𝘁𝗲𝘇-𝗻𝗼𝘂𝘀 📞+216 29 5 95 5 64 / 29 8 88 0 79
𝗼𝘂 𝘃𝗶𝘀𝗶𝘁𝗲𝘇 www.webmedia-tunisie.com

#MarketingDigital #WebMediaTunisie #GoogleAds #ROI #LeadGeneration #Conversion","['MarketingDigital', 'WebMediaTunisie', 'GoogleAds', 'ROI', 'LeadGeneration', 'Conversion']",[],https://www.instagram.com/p/DWUY3z9ji6u/,0,,[],1350,1080,https://scontent-ord5-2.cdninstagram.com/v/t39.30808-6/657725029_1545826734212356_3290643616784181931_n.jpg?stp=dst-jpg_e15_fr_p1080x1080_tt6&_nc_ht=scontent-ord5-2.cdninstagram.com&_nc_cat=104&_nc_oc=Q6cZ2gHtu2T4z6Y8FuocHiv5olUBpKiMoS3C0r8iHqeSX3FehMsV6U3EOE7rKAD6ILTbifA&_nc_ohc=Shp3ZL_OUQQQ7kNvwFf64hY&_nc_gid=BQp2PpOBHQScakpbDQcE3g&edm=ADp7STQAAAAA&ccb=7-5&oh=00_AQBH-nJZWcy9dxlaFZ-ZCvELiLQbRvJLZFA5JV3Tgo2a4w&oe=6A5E95B1&_nc_sid=c6f216,[],"Photo by Web Media International on March 25, 2026.",7,2026-03-25T19:07:31.000Z,[],Web Media International,webmedia_international,62467280556,False,https://www.instagram.com/webmedia_international/,1350,1080,feed,"Tunis, Tunisia",234469391,,,,,,,,,
3073590793124970988,Video,CqnloqxIAHs,"😂 
#Team #work #communitymanager  #digitalmarketing #marketingagency","['Team', 'work', 'communitymanager', 'digitalmarketing', 'marketingagency']",[],https://www.instagram.com/p/CqnloqxIAHs/,0,,[],854,480,https://scontent-atl3-2.cdninstagram.com/v/t51.71878-15/499353643_661557500087221_1167134229577946703_n.jpg?stp=dst-jpg_e15_tt6&_nc_ht=scontent-atl3-2.cdninstagram.com&_nc_cat=101&_nc_oc=Q6cZ2gHEZKL08b3SxTGXyCpuGFq3suPd0_fg9vWHxJdP3e1-5N4_D0Ypb1jX1-vR3aE64zg&_nc_ohc=f1AYjdpoB14Q7kNvwF7wjhO&_nc_gid=QLQBopYEhYuwOq0PTpnHFQ&edm=ADp7STQBAAAA&ccb=7-5&oh=00_AQCjENC2n7CEAjnB8kviYzIcLyAR4BhdE7Pit0XdirD3yA&oe=6A5E73A2&_nc_sid=c6f216,[],"Video by We Create on April 04, 2023.",9,2023-04-04T15:04:45.000Z,[],We Create,we_create_agency,54491378174,False,https://www.instagram.com/we_create_agency/,854,480,clips,,,,https://scontent-lga3-1.cdninstagram.com/o1/v/t2/f2/m82/AQNPymR4ySh6zBuP35wltPhOS2QCZ6th2LVSv3TaYoOQkp-g1_OftOIPibnLxeptj0B4T10Oh_dTRi051TUzNNT5C10qrBwPG5VFoAw.mp4?_nc_cat=110&_nc_sid=5e9851&_nc_ht=scontent-lga3-1.cdninstagram.com&_nc_ohc=xRsA9ixZjnIQ7kNvwHsmmJ3&efg=eyJ2ZW5jb2RlX3RhZyI6Inhwdl9wcm9ncmVzc2l2ZS5JTlNUQUdSQU0uQ0xJUFMuQzMuNDgwLmRhc2hfYmFzZWxpbmVfMV92MSIsInhwdl9hc3NldF9pZCI6MTcxNzk1MTU5MDYzNDYwLCJhc3NldF9hZ2VfZGF5cyI6MTE5OCwidmlfdXNlY2FzZV9pZCI6MTAwOTksImR1cmF0aW9uX3MiOjYsInVybGdlbl9zb3VyY2UiOiJ3d3cifQ%3D%3D&ccb=17-1&vs=efba1ba7c1528e16&_nc_vs=HBksFQIYT2lnX3hwdl9yZWVsc19wZXJtYW5lbnRfcHJvZC8yQTQ5OTdGMkM2MDU5RDgzREQ2QkY2QjYwNEJDMjhBOV92aWRlb19kYXNoaW5pdC5tcDQVAALIARIAFQIYOnBhc3N0aHJvdWdoX2V2ZXJzdG9yZS9HTjJBT2hUMEd2T0RjaXdEQUk2aEltQ2hMMXd0YnFfRUFBQUYVAgLIARIAKAAYABsCiAd1c2Vfb2lsATEScHJvZ3Jlc3NpdmVfcmVjaXBlATEVAAAmyO7w1uWPThUCKAJDMywXQBl2yLQ5WBAYEmRhc2hfYmFzZWxpbmVfMV92MREAdf4HZeadAQA&_nc_gid=ZIX-ybjoe6X6U6iu42GgJQ&_nc_ss=72689&_nc_zt=28&oh=00_AQDo-xuj86081fDW4_H1JwblVSG9ShXJ1JJ6QkioKiVtvA&oe=6A5A74AB,198,,6.366,"{'artist_name': 'Bizarrap, Shakira', 'song_name': 'Shakira: Bzrp Music Sessions, Vol. 53/66', 'uses_original_audio': False, 'should_mute_audio': False, 'should_mute_audio_reason': '', 'audio_id': '842283966825772'}",355,,
2214765621755929700,Video,B68bZlBgmRk,"6 Characteristics of Highly Successful Digital Marketing Agencies 
#digitalmarketing #marketing #business #seo #socialmediamarketing #socialmedia #onlinemarketing  #marketingtips #marketingstrategy #sem #smm #digitalagency #marketingsolved #onlinebusiness #businessplan #icstartup","['digitalmarketing', 'marketing', 'business', 'seo', 'socialmediamarketing', 'socialmedia', 'onlinemarketing', 'marketingtips', 'marketingstrategy', 'sem', 'smm', 'digitalagency', 'marketingsolved', 'onlinebusiness', 'businessplan', 'icstartup']",[],https://www.instagram.com/p/B68bZlBgmRk/,1,👍😍👍,"[{'id': '17992769023303759', 'text': '👍😍👍', 'ownerUsername': 'online_marketing_strategy_guy', 'ownerProfilePicUrl': 'https://scontent-lax7-1.cdninstagram.com/v/t51.82787-19/708043332_18463127965110175_2936266661580102874_n.jpg?stp=dst-jpg_s150x150_tt6&_nc_cat=101&ccb=7-5&_nc_sid=f7ccc5&efg=eyJ2ZW5jb2RlX3RhZyI6InByb2ZpbGVfcGljLnd3dy4zMTkuQzMifQ%3D%3D&_nc_ohc=B8FKfhp_JakQ7kNvwF25t6I&_nc_oc=Adqrsy8eG7ZKseb7NF1BUppmmjsQGN5FgdHolRmSQKw4sIXGIHi2kIU7GzbT-Hwcm0A&_nc_zt=24&_nc_ht=scontent-lax7-1.cdninstagram.com&_nc_gid=XfdKLgn1z0KDHK6i8MKWzA&_nc_ss=7ca8c&oh=00_AQC88m5oBZ5gRLgZERjSfp5UtVgL7Q8W830gq6ALMVuEKg&oe=6A5E878A', 'timestamp': '2020-01-05T16:34:53.000Z', 'repliesCount': None, 'replies': None, 'likesCount': 0, 'owner': {'username': 'online_marketing_strategy_guy', 'profile_pic_url': 'https://scontent-lax7-1.cdninstagram.com/v/t51.82787-19/708043332_18463127965110175_2936266661580102874_n.jpg?stp=dst-jpg_s150x150_tt6&_nc_cat=101&ccb=7-5&_nc_sid=f7ccc5&efg=eyJ2ZW5jb2RlX3RhZyI6InByb2ZpbGVfcGljLnd3dy4zMTkuQzMifQ%3D%3D&_nc_ohc=B8FKfhp_JakQ7kNvwF25t6I&_nc_oc=Adqrsy8eG7ZKseb7NF1BUppmmjsQGN5FgdHolRmSQKw4sIXGIHi2kIU7GzbT-Hwcm0A&_nc_zt=24&_nc_ht=scontent-lax7-1.cdninstagram.com&_nc_gid=XfdKLgn1z0KDHK6i8MKWzA&_nc_ss=7ca8c&oh=00_AQC88m5oBZ5gRLgZERjSfp5UtVgL7Q8W830gq6ALMVuEKg&oe=6A5E878A', 'is_verified': False, 'id': '3228686174', 'full_name': None, 'is_mentionable': None, 'is_private': None, 'profile_pic_id': None, 'latest_reel_media': None}}]",923,750,https://scontent-lga3-2.cdninstagram.com/v/t51.71878-15/530874566_2595502870818288_8817587419463735510_n.jpg?stp=dst-jpg_e15_tt6&_nc_ht=scontent-lga3-2.cdninstagram.com&_nc_cat=100&_nc_oc=Q6cZ2gEBZp9DghjhbRELN6eE5bfgJAudNN1WlD2o3L3mFQnjTIA6JxAlzg0zmIxu97BxEVo&_nc_ohc=09R5v45BdAUQ7kNvwEpc7IA&_nc_gid=MVPkfgVUfg1R5S0vleuUuw&edm=ADp7STQBAAAA&ccb=7-5&oh=00_AQB_zNQVLe7M8xHxfJdfKLfrej1J9Yd5dP_NqF-VUWeMbg&oe=6A5E7669&_nc_sid=c6f216,[],"Video by DIGITAL MARKETING TUNISIA on January 05, 2020.",6,2020-01-05T16:11:05.000Z,[],DIGITAL MARKETING TUNISIA,digital_marketing_tunisia,24896180662,False,https://www.instagram.com/digital_marketing_tunisia/,800,650,feed,,,"[{'full_name': 'DIGITAL MARKETING TUNISIA', 'id': '24896180662', 'is_verified': False, 'profile_pic_url': 'https://scontent-lax7-1.cdninstagram.com/v/t51.2885-19/74886253_1801674530134044_5499489851960983552_n.jpg?stp=dst-jpg_s150x150_tt6&_nc_cat=101&ccb=7-5&_nc_sid=f7ccc5&efg=eyJ2ZW5jb2RlX3RhZyI6InByb2ZpbGVfcGljLnd3dy44NTUuQzMifQ%3D%3D&_nc_ohc=m6kpXr-HLV8Q7kNvwFekPJl&_nc_oc=AdqjOLzzLDS_JrpLPfw-uO2kLkQBqCUsRp6jNtsXGur4uXf3rkwzgGj9iVcnRnob5OU&_nc_zt=24&_nc_ht=scontent-lax7-1.cdninstagram.com&_nc_ss=7ca8c&oh=00_AQBbn-ewJ_bW6CiE9ZOvyxiGQkqdiVGYSS9VLt_L8y0Okw&oe=6A5E8037', 'username': 'digital_marketing_tunisia'}]",https://scontent-lax3-2.cdninstagram.com/o1/v/t16/f2/m84/AQPLST4yNyWiqXDSz08U9GDw7_g4O-Tn8wZaKHiwLeoyvAykYTNxME6WSnsVFJT_dBO35IQpBBCZeLVlv8AsrmR1IC2U68hMsJ2NTsQ.mp4?_nc_cat=107&_nc_sid=5e9851&_nc_ht=scontent-lax3-2.cdninstagram.com&_nc_ohc=Su27GZLFldkQ7kNvwH-4hZb&efg=eyJ2ZW5jb2RlX3RhZyI6Inhwdl9wcm9ncmVzc2l2ZS5JTlNUQUdSQU0uRkVFRC5DMy42NTAuZGFzaF9iYXNlbGluZV8xX3YxIiwieHB2X2Fzc2V0X2lkIjoyMDc5MTYwNDQyNDUyNTM2LCJhc3NldF9hZ2VfZGF5cyI6MjM4MywidmlfdXNlY2FzZV9pZCI6MTAxNDYsImR1cmF0aW9uX3MiOjQsInVybGdlbl9zb3VyY2UiOiJ3d3cifQ%3D%3D&ccb=17-1&vs=ae35f69f75cec79&_nc_vs=HBksFQIYTGlnX2JhY2tmaWxsX3RpbWVsaW5lX3ZvZC9CQjRDQjBCMjFFMUFBRjc1OTAzRjMwQjhDMDk0QkI5NF92aWRlb19kYXNoaW5pdC5tcDQVAALIARIAFQIYR2lnX3hwdl9yZWVsc19wZXJtYW5lbnRfc3JfcHJvZC8yNjI3Njk2MTE0MDUwMjk0XzE2NTI0Nzk0OTQyMTI0Mzk1ODQubXA0FQICyAESACgAGAAbAogHdXNlX29pbAExEnByb2dyZXNzaXZlX3JlY2lwZQExFQAAJvDo07mIv7EHFQIoAkMzLBdAEGZmZmZmZhgSZGFzaF9iYXNlbGluZV8xX3YxEQB16gdlxJ4BAA&_nc_gid=XfdKLgn1z0KDHK6i8MKWzA&_nc_ss=7ca8c&_nc_zt=28&oh=00_AQATNublp-UmJWffTyyT6Pj0CBaz4V9B8ME8SSX_LWC_6g&oe=6A5A9D2D,4,https://scontent-lax3-2.cdninstagram.com/o1/v/t2/f2/m86/AQNPFWoFulsTpyWBmK3MlsUdSI6iLNlLii4MtMbDifOwOusYYCsL0fzMPxt96O9OA28U02n2-ex6CmybGuPnk49v.mp4?_nc_cat=106&_nc_sid=9ca052&_nc_ht=scontent-lax3-2.cdninstagram.com&_nc_ohc=c1fxj633HW4Q7kNvwHo595J&efg=eyJ2ZW5jb2RlX3RhZyI6ImlnLXhwdmRzLmZlZWQuaWd3d3ctQzMuZGFzaF9iYXNlbGluZV9hdWRpb192MSIsInZpZGVvX2lkIjpudWxsLCJvaWxfdXJsZ2VuX2FwcF9pZCI6OTM2NjE5NzQzMzkyNDU5LCJjbGllbnRfbmFtZSI6ImlnIiwieHB2X2Fzc2V0X2lkIjoyMDc5MTYwNDQyNDUyNTM2LCJhc3NldF9hZ2VfZGF5cyI6MjM4MywidmlfdXNlY2FzZV9pZCI6MTAxNDYsImR1cmF0aW9uX3MiOjQsImJpdHJhdGUiOjY3MzU0LCJ1cmxnZW5fc291cmNlIjoid3d3In0%3D&ccb=17-1&_nc_gid=XfdKLgn1z0KDHK6i8MKWzA&_nc_ss=7ca8c&_nc_zt=28&oh=00_AQCnKefGqLEh9I2dLVRw_RtDhNIBjuzKiQxb0Sec0IIysw&oe=6A5A8D28,4.1,,,,
3373519663944237026,Image,C7RJkK8MP_i,"📣Offre de stage Été 2024 :
Ija taw cherche des stagiaires.
Nous offrons aux étudiants l’opportunité de rejoindre notre équipe dans le cadre d’un stage d’été .
• Connaissances : Marketing, Communication, Designer, Business Developer, CM, SMM…
🗓️ Durée : 1 – 3 mois 
🎓 Diplômes : Licence / Master 
Stage basé à Sahloul/ Sousse
Vous êtes intéressés ! Postulez votre candidature à l’adresse email
📩 contact@ijataw.com",[],[],https://www.instagram.com/p/C7RJkK8MP_i/,0,,[],1080,1080,https://scontent-atl3-2.cdninstagram.com/v/t39.30808-6/483769494_643325948638754_187170964710337991_n.jpg?stp=dst-jpg_e15_fr_s1080x1080_tt6&_nc_ht=scontent-atl3-2.cdninstagram.com&_nc_cat=102&_nc_oc=Q6cZ2gHMfmHZAWO9wmDXmOpUg6ZcGxcMAFFftBAtbxLDCxRcr40POCQkY_XBVLHJN9NRpf0&_nc_ohc=o4tWkuv7yBIQ7kNvwFEpZ8S&_nc_gid=2cWHpGhp67JV3oCsS0wgEA&edm=ADp7STQAAAAA&ccb=7-5&oh=00_AQBCRdVp8SsgDXS4Tc220mwltmX_Xyw5SLLZ7pNfCDQxbg&oe=6A5E8E90&_nc_sid=c6f216,[],"Photo by Ija taw إيجا تو on May 22, 2024.",1,2024-05-22T10:48:24.000Z,[],Ija taw إيجا تو,ija.taw,57951608014,False,https://www.instagram.com/ija.taw/,1080,1080,feed,,,,,,,,,,,
3037373720376340266,Video,Com605VI28q,"Showcasing the unique and special ways our team is spreading love this Valentine’s Day. ❤️
#TeamLove #CelebrateLove #agency #digital #special #speace","['TeamLove', 'CelebrateLove', 'agency', 'digital', 'special', 'speace']",[],https://www.instagram.com/p/Com605VI28q/,0,,[],1333,750,https://scontent-lax3-2.cdninstagram.com/v/t51.71878-15/499955911_1394042838605340_2216176739731114114_n.jpg?stp=dst-jpg_e15_tt6&_nc_ht=scontent-lax3-2.cdninstagram.com&_nc_cat=100&_nc_oc=Q6cZ2gH7Hl_BnXAjI4Ryke8wRGIfFGSmkU2C97W5qI8rvopYW40RQ4T1ltQgvemhcVeF6cY&_nc_ohc=9cuf9oNutKIQ7kNvwHRiTZl&_nc_gid=t8lcI6XdwEzQpSkMjVSfyg&edm=ADp7STQBAAAA&ccb=7-5&oh=00_AQCn06paiCSca_sbs5CZ_VKQ21t0Mhzyv_tCVWluOvHX9A&oe=6A5E717C&_nc_sid=c6f216,[],"Video by We Create on February 13, 2023.",19,2023-02-13T15:50:35.000Z,[],We Create,we_create_agency,54491378174,False,https://www.instagram.com/we_create_agency/,1280,720,clips,,,,https://scontent-lax3-1.cdninstagram.com/o1/v/t2/f2/m82/AQNTrvpZ9wrbueHq4JHGBnO9qE1T1OefXzUpjs2ldV-h-ops0RvVLqwWzjmvAFDXObgZNCEAe24gUMFBLlDjm7o3SVV2Ti3YkzniXYc.mp4?_nc_cat=108&_nc_sid=5e9851&_nc_ht=scontent-lax3-1.cdninstagram.com&_nc_ohc=qWK4hVhdVZIQ7kNvwH3fwmx&efg=eyJ2ZW5jb2RlX3RhZyI6Inhwdl9wcm9ncmVzc2l2ZS5JTlNUQUdSQU0uQ0xJUFMuQzMuNzIwLmRhc2hfYmFzZWxpbmVfMV92MSIsInhwdl9hc3NldF9pZCI6OTAxMDI1NDM3OTA3MDg1LCJhc3NldF9hZ2VfZGF5cyI6MTI0OCwidmlfdXNlY2FzZV9pZCI6MTAwOTksImR1cmF0aW9uX3MiOjI3LCJ1cmxnZW5fc291cmNlIjoid3d3In0%3D&ccb=17-1&vs=625c7a6b41391752&_nc_vs=HBksFQIYT2lnX3hwdl9yZWVsc19wZXJtYW5lbnRfcHJvZC81RTQzNzgyM0JFNzE0RTVEQkYxQjY1NDlBQkI3OTk5Rl92aWRlb19kYXNoaW5pdC5tcDQVAALIARIAFQIYOnBhc3N0aHJvdWdoX2V2ZXJzdG9yZS9HUFBidWhOR0xrbkMyQk1DQU54LTRKWVQySkpKYnFfRUFBQUYVAgLIARIAKAAYABsCiAd1c2Vfb2lsATEScHJvZ3Jlc3NpdmVfcmVjaXBlATEVAAAmmuLH0sremQMVAigCQzMsF0A7u6XjU_fPGBJkYXNoX2Jhc2VsaW5lXzFfdjERAHX-B2XmnQEA&_nc_gid=dLSyRiSdhr3ZhPoAxnUyXQ&_nc_ss=72689&_nc_zt=28&oh=00_AQAzWmH6Dbxq4DqqpeUiTsvXfj9lrqOB4PrtE1VrY91TQw&oe=6A5A92FD,328,,27.733,"{'artist_name': 'Morten Harket', 'song_name': ""Can't Take My Eyes off You"", 'uses_original_audio': False, 'should_mute_audio': False, 'should_mute_audio_reason': '', 'audio_id': '1722593881192611'}",1466,,
3849002786881454132,Image,DVqZ6RLjsA0,"🚀 𝐕𝐨𝐭𝐫𝐞 𝐬𝐢𝐭𝐞 𝐰𝐞𝐛, 𝐜𝐨𝐧ç𝐮 𝐚𝐮-𝐝𝐞𝐥à 𝐝𝐞 𝐥'𝐨𝐫𝐝𝐢𝐧𝐚𝐢𝐫𝐞.
Chez Web Media International, on ne fait pas dans la moyenne. On crée des sites web rapides, sécurisés et taillés pour faire grandir votre business.
✅ Design sur-mesure
✅ Performances optimisées
✅ Sécurité renforcée
✅ Résultats mesurables
💬𝐏𝐫ê𝐭 à 𝐩𝐚𝐬𝐬𝐞𝐫 𝐚𝐮 𝐧𝐢𝐯𝐞𝐚𝐮 𝐬𝐮𝐩é𝐫𝐢𝐞𝐮𝐫 ?
👉 Construisons ensemble
🌐 : www.webmedia-tunisie.com 
📩 : commercial@webmediatunisie.com
📞 : (+216) 25 4 72 5 25 /+216 29 888 079 

#DéveloppementWeb #SiteWeb #WebDesign #SiteWebProfessionnel #AgenceWeb","['DéveloppementWeb', 'SiteWeb', 'WebDesign', 'SiteWebProfessionnel', 'AgenceWeb']",[],https://www.instagram.com/p/DVqZ6RLjsA0/,0,,[],1350,1080,https://scontent-den2-1.cdninstagram.com/v/t39.30808-6/649487404_1531182055676824_1474956877773379007_n.jpg?stp=dst-jpg_e15_fr_p1080x1080_tt6&_nc_ht=scontent-den2-1.cdninstagram.com&_nc_cat=104&_nc_oc=Q6cZ2gE41hHV2K7o4ScPHaWvkZzTZ3lvpuPOJZ_RjrWWJVbX8v19r-ZEQfoMQCaTKpYzy-g&_nc_ohc=hWtcvsiwWi4Q7kNvwEA0FOi&_nc_gid=_VnBds1Cvg1U1iLstHRiCg&edm=ADp7STQAAAAA&ccb=7-5&oh=00_AQDGieZVH8Iyo38FFz77fRK9Kcp1JdD-VF_7IeLjW0sMUQ&oe=6A5E754D&_nc_sid=c6f216,[],"Photo by Web Media International on March 09, 2026.",6,2026-03-09T11:48:30.000Z,[],Web Media International,webmedia_international,62467280556,False,https://www.instagram.com/webmedia_international/,1350,1080,feed,"Tunis, Tunisia",234469391,,,,,,,,,
3823758323028464428,Image,DUQt--HDhMs,Un simple constat ;),[],[],https://www.instagram.com/p/DUQt--HDhMs/,0,,[],1350,1080,https://scontent-ord5-3.cdninstagram.com/v/t39.30808-6/623789901_1487772960017566_8160678606702381148_n.jpg?stp=dst-jpg_e15_fr_p1080x1080_tt6&_nc_ht=scontent-ord5-3.cdninstagram.com&_nc_cat=110&_nc_oc=Q6cZ2gEAz2cDbwzUw_aoRykHNhFZeYZ1FoLd3krQMFbhdOIabN2vDLpEz_HsW9Xd8T7dyZo&_nc_ohc=-Ytrnl7fp7IQ7kNvwF7uqi1&_nc_gid=HOnnB_rlgGDud3SZH76gQQ&edm=ADp7STQAAAAA&ccb=7-5&oh=00_AQAjqvjTgxSLCU_C7yqHmT4Vl6i8rAIoQUrZgJoj8a91iQ&oe=6A5E7A25&_nc_sid=c6f216,[],"Photo by Kyubi.digital on February 02, 2026.",18,2026-02-02T15:52:15.000Z,[],Kyubi.digital,kyubi.digital,5331673638,False,https://www.instagram.com/kyubi.digital/,1350,1080,feed,,,,,,,,,,,
3746151581801884823,Image,DP9AQQEEayX,"Chez TSA, nous croyons que la communication n’est pas uniquement une question d’esthétisme, mais de vision. 
Pour ESTIM Business School, nous avons imaginé une campagne d’inscription 2025/2026 qui parle du futur du business : celui qui bouge, s’adapte, innove. 🚀💡
Un futur où l’IA bouscule les métiers , où la créativité prime sur le conformisme, et où les leaders se réinventent .
Future Business Leader — parce que les dirigeants de demain ne porteront pas forcément des cravates 👔, mais des idées fortes.

#FutureBusinessLeader #ESTIMBusinessSchool #TSA","['FutureBusinessLeader', 'ESTIMBusinessSchool', 'TSA']",[],https://www.instagram.com/p/DP9AQQEEayX/,0,,[],1350,1080,https://scontent-ord5-1.cdninstagram.com/v/t39.30808-6/565768818_1405218621609356_4122457764331869919_n.jpg?stp=dst-jpg_e15_fr_p1080x1080_tt6&_nc_ht=scontent-ord5-1.cdninstagram.com&_nc_cat=108&_nc_oc=Q6cZ2gGU7_dVEVWsbWnKmvQTO5jToVLlH4WDeUcvDo2fYdL6xyqAwTz8Vj9HF-PW9iQZV9I&_nc_ohc=8PmZ4FtHME0Q7kNvwFq9hIx&_nc_gid=8rgD-EraREpaynjAN2MSJA&edm=ADp7STQAAAAA&ccb=7-5&oh=00_AQAYog5SmV6H_PWCOiz3S2R9_tjDUZN2s0WG9j3zOd43wg&oe=6A5E6FE5&_nc_sid=c6f216,[],"Photo by TSA Agence Com on October 18, 2025.",5,2025-10-18T14:01:30.000Z,[],TSA Agence Com,tsagencecom,5824789508,False,https://www.instagram.com/tsagencecom/,1350,1080,feed,,,,,,,,,,,True
