agence,source,texte,likes,commentaires,partages,date,url,hashtags,langue,type_contenu,theme,service,objectif,hashtags_analyse,sentiment
24-7 Digital Design,instagram,"⭐️⭐️ Notre réalisation ⭐️⭐️ :
Site web pour notre client 🎖 W-it 🎖
Veuillez consulter nos projets réalisés sur notre site web: 
🌐 www.24-7digital.com.tn
24-7 Digital Design est votre meilleur partenaire pour réaliser votre: 
✅ Site Web. 
✅ Application Web & Mobile
✅ Branding , logo et Charte graphique. 
✅ Conception de vos supports de communication. 
✅ Gestion de vos réseaux sociaux. 
✅ Modélisation 3D et rendu réaliste de vos produits. 
✅ Packaging design.
Pour toute étude personnalisée, veuillez contacter nos experts au : 
Mobile + whatsapp : +216 96 357 457 
Facebook : www.facebook.com/24.7.digital.design.tunisie 
instagram : www.instagram.com/247digitaldesign/ 
Linkedin : www.linkedin.com/company/11547031/
#Webdesign #siteweb #logo #chartegraphique #graphicdesign #smo #conception3d #packaging #branding #sitevitrine #ecommerce",2,0,,2024-09-02T09:00:20.000Z,https://www.instagram.com/p/C_aLErRCqav/,"['Webdesign', 'siteweb', 'logo', 'chartegraphique', 'graphicdesign', 'smo', 'conception3d', 'packaging', 'branding', 'sitevitrine', 'ecommerce']",français,promotionnel,développement web et services digitaux,"site web, application web & mobile, branding, logo, charte graphique, conception de supports de communication, gestion des réseaux sociaux, modélisation 3D, packaging design",acquisition de clients,"Webdesign, siteweb, logo, chartegraphique, graphicdesign, smo, conception3d, packaging, branding, sitevitrine, ecommerce",positif
24-7 Digital Design,instagram,"⭐️⭐️ Notre réalisation ⭐️⭐️ :
Carte de visite pour notre client 🎖 MEETING 🎖
Veuillez consulter nos projets réalisés sur notre site web:
🌐 www.24-7digital.com.tn
24-7 Digital Design est votre meilleur partenaire pour réaliser votre:
✅ Site Web.
✅ Application Web & Mobile
✅ Branding , logo et Charte graphique.
✅ Conception de vos supports de communication.
✅ Gestion de vos réseaux sociaux.
✅ Modélisation 3D et rendu réaliste de vos produits.
✅ Packaging design.
Pour toute étude personnalisée, veuillez contacter nos experts au :
Mobile + whatsapp : +216 96 357 457
Facebook : www.facebook.com/24.7.digital.design.tunisie
instagram : www.instagram.com/247digitaldesign/
Linkedin : www.linkedin.com/company/11547031/
#Webdesign #siteweb #logo #chartegraphique #graphicdesign #smo #conception3d #packaging #branding #sitevitrine #ecommerce Voir moins",0,0,,2024-09-12T09:00:22.000Z,https://www.instagram.com/p/C_z7BwIogkf/,"['Webdesign', 'siteweb', 'logo', 'chartegraphique', 'graphicdesign', 'smo', 'conception3d', 'packaging', 'branding', 'sitevitrine', 'ecommerce']",français,promotionnel,présentation de réalisation client,design graphique et communication digitale,générer des leads et promouvoir les services de l'agence,"Webdesign, siteweb, logo, chartegraphique, graphicdesign, smo, conception3d, packaging, branding, sitevitrine, ecommerce",positif
24-7 Digital Design,instagram,"⭐️⭐️ Notre réalisation ⭐️⭐️ :
Conception 3D Table TV
Veuillez consulter nos projets réalisés sur notre site web:
🌐 www.24-7digital.com.tn
24-7 Digital Design est votre meilleur partenaire pour réaliser votre:
✅ Site Web.
✅ Application Web & Mobile
✅ Branding , logo et Charte graphique.
✅ Conception de vos supports de communication.
✅ Gestion de vos réseaux sociaux.
✅ Modélisation 3D et rendu réaliste de vos produits.
✅ Packaging design.
Pour toute étude personnalisée, veuillez contacter nos experts au :
Mobile + whatsapp : +216 96 357 457
Facebook : www.facebook.com/24.7.digital.design.tunisie
instagram : www.instagram.com/247digitaldesign/
Linkedin : www.linkedin.com/company/11547031/
#Webdesign #siteweb #logo #chartegraphique #graphicdesign #smo #conception3d #packaging #branding #sitevitrine #ecommerce Voir moins",0,0,,2024-09-19T09:00:26.000Z,https://www.instagram.com/p/DAF8mXaMDWw/,"['Webdesign', 'siteweb', 'logo', 'chartegraphique', 'graphicdesign', 'smo', 'conception3d', 'packaging', 'branding', 'sitevitrine', 'ecommerce']",français,promotionnel,réalisation 3D et services digitaux,"Conception 3D, Web, Mobile, Branding, Packaging",générer des leads,"Webdesign, siteweb, logo, chartegraphique, graphicdesign, smo, conception3d, packaging, branding, sitevitrine, ecommerce",positif
24-7 Digital Design,instagram,"✨ Toute l'équipe de 24-7 Digital Design vous souhaite une excellente année 2025 ! ✨

Que cette nouvelle année soit remplie de réussite, de bonheur et de sérénité.
Merci pour votre confiance tout au long de l'année passée. Nous sommes impatients de continuer à vous accompagner dans vos projets en 2025. 

Bonne Année 2025 et Meilleurs Vœux à tous ! 🎉",0,0,,2024-12-31T20:54:26.000Z,https://www.instagram.com/p/DEQcMB8NeKh/,[],fr,texte,Nouvel An,communication,fidélisation client,,positif
Digital Market,instagram,"C'est le temps de booster votre visibilité et promouvoir votre image sur les réseaux sociaux ⚡️
Digital marketing Tunisia  est votre partenaire de succès pour vous garantir une présence sur le web et développer votre activité
✅Confiez-nous la gestion de vos comptes sociaux .Obtenir votre devis gratuitement
📩contact@digimarket.tn
#ThinkBetter
#DigitalMarketing",3,0,,2019-12-24T03:43:36.000Z,https://www.instagram.com/p/B6cMVUDgPvI/,"['ThinkBetter', 'DigitalMarketing']",fr,texte,visibilité en ligne,gestion des réseaux sociaux,acquisition de clients,"ThinkBetter, DigitalMarketing",positif
24-7 Digital Design,instagram,"⭐️⭐️ Notre réalisation ⭐️⭐️ :
Conception 3D Borne Tactile pour notre client 🎖 WINCOM 🎖
Veuillez consulter nos projets réalisés sur notre site web:
🌐 www.24-7digital.com.tn
24-7 Digital Design est votre meilleur partenaire pour réaliser votre:
✅ Site Web.
✅ Application Web & Mobile
✅ Branding , logo et Charte graphique.
✅ Conception de vos supports de communication.
✅ Gestion de vos réseaux sociaux.
✅ Modélisation 3D et rendu réaliste de vos produits.
✅ Packaging design.
Pour toute étude personnalisée, veuillez contacter nos experts au :
Mobile + whatsapp : +216 96 357 457
Facebook : www.facebook.com/24.7.digital.design.tunisie
instagram : www.instagram.com/247digitaldesign/
Linkedin : www.linkedin.com/company/11547031/
#Webdesign #siteweb #logo #chartegraphique #graphicdesign #smo #conception3d #packaging #branding #sitevitrine #ecommerce Voir moins",2,0,,2024-09-04T09:00:21.000Z,https://www.instagram.com/p/C_fUqrwR_4O/,"['Webdesign', 'siteweb', 'logo', 'chartegraphique', 'graphicdesign', 'smo', 'conception3d', 'packaging', 'branding', 'sitevitrine', 'ecommerce']",fr,promotionnel,présentation de projet et services digitaux,"Conception 3D, développement web, branding, packaging, gestion réseaux sociaux",attirer des clients et générer des leads pour les services de l'agence,"Webdesign, siteweb, logo, chartegraphique, graphicdesign, smo, conception3d, packaging, branding, sitevitrine, ecommerce",positif
ACM Marketing Tunisie,instagram,"🌟 Tout ce dont vous avez besoin, c'est d'un élan créatif ! 🚀 Chez ACM Marketing, nous sommes là pour donner vie à vos idées et transformer votre présence en ligne. Prêts à créer ensemble ? 💡✨ 

📞 73 367 402
💻 www.acm-marketing.tn
✉️ contact@acm-marketing.com
📌 Avenue yasser arafet sahloul, Sousse, Tunisia

#acmmarketing #Créativité #InnovationDigitale #RéussiteEnLigne #InnovationDigitale #Design #Visibilité #CroissanceDesAffaires #CréationDeSiteWeb #SiteWeb #PrésenceEnLigne #marketing #marketingtips #marketingtips #marketingagency #marketingonline #marketingdigital #marketingdigital #marketingstrategy #marketingstrategy #marketingstrategies #MarketingSuccess #marketingstrategies #marketingdigitalbrasil #digital #digital #digitalart #digitalartist",1,0,,2024-01-09T10:21:32.000Z,https://www.instagram.com/p/C14D-DiIhGO/,"['acmmarketing', 'Créativité', 'InnovationDigitale', 'RéussiteEnLigne', 'Design', 'Visibilité', 'CroissanceDesAffaires', 'CréationDeSiteWeb', 'SiteWeb', 'PrésenceEnLigne', 'marketing', 'marketingtips', 'marketingagency', 'marketingonline', 'marketingdigital', 'marketingstrategy', 'marketingstrategies', 'MarketingSuccess', 'marketingdigitalbrasil', 'digital', 'digitalart', 'digitalartist']",français,texte,marketing digital,Création de site web,Acquisition de clients,"acmmarketing, Créativité, InnovationDigitale, RéussiteEnLigne, Design, Visibilité, CroissanceDesAffaires, CréationDeSiteWeb, SiteWeb, PrésenceEnLigne, marketing, marketingtips, marketingagency, marketingonline, marketingdigital, marketingstrategy, marketingstrategies, MarketingSuccess, marketingdigitalbrasil, digital, digitalart, digitalartist",positif
Digital Market,instagram,"INTERNATIONAL COACH START-UP Une société de développement informatique (web, application mobile  et logiciel sur mesure ) recrute

Agent commercial motivé 
Le rôle de chaque commerciale sera: - Nous aider à obtenir des projets dans tous les pays. - Promouvoir la vente des produits et des services de la société.

Note : **C'est une opportunité basée sur la commission de la valeur du projet.  Si vous êtes un bon vendeur, cette offre sera votre meilleure opportunité.

Les clients cibles sont les sociétés de commerces, les boutiques, les PME, Grande entreprise , les Start-up en générale.

Comment postuler :
Envoyez votre demande par email à contact@icstartup.net , en décrivant votre compétence et expérience en tant que commercial.

Ville : Béja Tunisie 
Nom / Entreprise : INTERNATIONAL COACH START-UP
Email : contact@icstartup.net 
Adresse : Rue 18 janvier Béja Tunisie 9000",5,0,,2020-02-08T13:01:27.000Z,https://www.instagram.com/p/B8TovSZHVPW/,[],fr,annonce,recrutement,développement informatique,recruter des agents commerciaux pour promouvoir et vendre les services de l'entreprise,,positif
Digital Market,instagram,#marketingdigitalbrasil #marketingdigital360 #marketingdigitale #marketingdigitalnaveia #marketingdigitaliniciantes #marketingdigitalbh #marketingdigitalparaempresas #marketingdigitalecuador #marketingdigitalrecife #marketingdigital,10,0,,2020-02-03T01:32:23.000Z,https://www.instagram.com/p/B8Fh6B-HmAd/,"['marketingdigitalbrasil', 'marketingdigital360', 'marketingdigitale', 'marketingdigitalnaveia', 'marketingdigitaliniciantes', 'marketingdigitalbh', 'marketingdigitalparaempresas', 'marketingdigitalecuador', 'marketingdigitalrecife', 'marketingdigital']",portugais,texte,marketing digital,marketing digital,visibilité,"marketingdigitalbrasil, marketingdigital360, marketingdigitale, marketingdigitalnaveia, marketingdigitaliniciantes, marketingdigitalbh, marketingdigitalparaempresas, marketingdigitalecuador, marketingdigitalrecife, marketingdigital",neutre
Kyubi Digital,instagram,"When creativity starts looking like a recycled ghost from the past… 
it might be time to call someone new. 🚫👻
Kyubi — saving brands from creative disasters. 🚀
Request your audit today. 📩",4,0,,2026-03-27T14:33:08.000Z,https://www.instagram.com/p/DWZDDxoiKlq/,[],en,texte,branding,audit créatif,générer des leads,,positive
Kyubi Digital,instagram,"🧭 Find your direction and build a brand that actually knows where it’s going. 
Request your audit today. 📩",7,0,,2026-04-17T17:17:09.000Z,https://www.instagram.com/p/DXPahjCliW7/,[],en,texte,branding,audit de marque,générer des leads,,positive
Digital Market,instagram,"#Top #social #média #trends of #2020
Learn this #skill and rock #2020
#socialmediamarketing #videomarketing #influencermarketing #chatbotmarketing #digitalmarketing #Digitalmarketingtunisia #icstartup",4,0,,2020-01-02T21:44:32.000Z,https://www.instagram.com/p/B61TMFhgKUy/,"['Top', 'social', 'média', 'trends', '2020', 'skill', 'socialmediamarketing', 'videomarketing', 'influencermarketing', 'chatbotmarketing', 'digitalmarketing', 'Digitalmarketingtunisia', 'icstartup']",fr,image,social media marketing,social media marketing,notoriété,"Top, social, média, trends, 2020, skill, socialmediamarketing, videomarketing, influencermarketing, chatbotmarketing, digitalmarketing, Digitalmarketingtunisia, icstartup",positif
24-7 Digital Design,instagram,"⭐️⭐️ Notre réalisation ⭐️⭐️ :
Carte de visite pour notre client 🎖 SAPI BEAUX ARTS 🎖
Veuillez consulter nos projets réalisés sur notre site web:
🌐 https://24-7digital.com.tn/

24-7 Digital Design est votre meilleur partenaire pour réaliser votre:
✅ Site Web.
✅ Branding, logo et Charte graphique.
✅ Conception de vos supports de communication.
✅ Gestion de vos réseaux sociaux.
✅ Modélisation 3D et rendu réaliste de vos produits.
✅ Packaging design.

Pour toute étude personnalisée, veuillez contacter nos experts au :
Mobile + whatsapp : +216 96 357 457
Facebook : https://www.facebook.com/24.7.digital.design.tunisie
instagram : https://www.instagram.com/247digitaldesign/
Linkedin : https://www.linkedin.com/company/11547031/

#Webdesign #siteweb #logo #chartegraphique #graphicdesign #smo #conception3d #packaging #branding #sitevitrine #ecommerce Voir moins",0,0,,2024-09-17T09:00:26.000Z,https://www.instagram.com/p/DAAzAsmMmX2/,"['Webdesign', 'siteweb', 'logo', 'chartegraphique', 'graphicdesign', 'smo', 'conception3d', 'packaging', 'branding', 'sitevitrine', 'ecommerce']",français,promotionnel,présentation de projet,design digital,générer des leads,"Webdesign, siteweb, logo, chartegraphique, graphicdesign, smo, conception3d, packaging, branding, sitevitrine, ecommerce",positif
Kyubi Digital,instagram,"Chez Kyubi, on préfère éviter les confusions 👀 en s’alignant dès le départ pour transformer le flou en une direction claire.

Moins de débats inutiles. Plus d’impact. 👊

#Kyubi #LaVéritéDuMardi #Agence #Marketing #Stratégie #ClientLife",6,0,,2026-04-07T11:09:13.000Z,https://www.instagram.com/p/DW1AeCFDrCG/,"['Kyubi', 'LaVéritéDuMardi', 'Agence', 'Marketing', 'Stratégie', 'ClientLife']",fr,texte,alignement stratégique,consulting en stratégie marketing,"clarifier la direction, réduire les débats inutiles, augmenter l'impact","Kyubi, LaVéritéDuMardi, Agence, Marketing, Stratégie, ClientLife",positive
Kyubi Digital,instagram,"La vraie différence ne se fait pas dans l’action,
mais dans la stratégie derrière chaque mouvement.♟️
Et si c’était à votre tour de jouer plus intelligemment ? 🤔
Contactez Kyubi Digital, demandez votre devis et passez au niveau supérieur. 😉",5,0,,2026-03-23T16:35:38.000Z,https://www.instagram.com/p/DWO95jOGGuL/,[],fr,texte,stratégie digitale,consulting marketing,générer des leads,,positif
Kyubi Digital,instagram,"🔎 à la recherche d'une vrai identité ? ✨ vous savez qui contacter 😉📩
contact@kyubi.digital 💻 Demandez votre devis. 🚀",4,0,,2026-03-09T13:07:53.000Z,https://www.instagram.com/p/DVqi_v-FCli/,[],français,texte,identité de marque,création d'identité visuelle,générer des leads,,positif
ACM Marketing Tunisie,instagram,"🇹🇳🎉 ACM Marketing souhaite une joyeuse journée de l'Indépendance à la Tunisie ! 🎉🇹🇳 En cette journée mémorable, nous célébrons la liberté, la souveraineté et le progrès de notre cher pays. Vive la Tunisie ! 🌟🚀 

📞 73 367 402
💻 www.acm-marketing.tn
✉️ contact@acm-marketing.com
📌 Avenue yasser arafet sahloul, Sousse, Tunisia

#JournéeDeLIndépendance #Tunisie #ACMMarketing 🇹🇳🎉",0,0,,2024-03-20T11:48:42.000Z,https://www.instagram.com/p/C4vCYoeo9Yx/,"['JournéeDeLIndépendance', 'Tunisie', 'ACMMarketing']",français,texte,Journée de l'Indépendance,Marketing digital,Renforcer la notoriété de la marque et créer de l'engagement autour de la célébration,"JournéeDeLIndépendance, Tunisie, ACMMarketing",positif
ACM Marketing Tunisie,instagram,ACM Marketing تتمنالكم عيد مبارك 🌙🕌🤍,3,0,,2024-04-10T06:00:18.000Z,https://www.instagram.com/p/C5kfNTQt9p9/,[],ar,texte,Eid,community management,vœux de fête,,positive
ACM Marketing Tunisie,instagram,"🚀 Chez ACM Marketing, nous concrétisons vos idées en succès palpables ! De la conception de campagnes percutantes à la création de sites web innovants, nous sommes là pour faire briller votre présence en ligne. 🚀

Rejoignez-nous dans cette aventure vers le succès ! 💼✨

Contactez-nous dès aujourd'hui pour découvrir comment nous pouvons vous aider ! 
📞 73 367 402
💻 www.acm-marketing.tn
✉️ contact@acm-marketing.com
📌 Avenue yasser arafet sahloul, Sousse, Tunisia

#acmmarketing #RéussiteEnLigne #InnovationDigitale #Design #Visibilité #CroissanceDesAffaires #CréationDeSiteWeb #SiteWeb #PrésenceEnLigne #marketing #marketingtips #marketingtips #marketingagency #marketingonline #marketingdigital #marketingdigital #marketingstrategy #marketingstrategy #marketingstrategies #MarketingSuccess #marketingstrategies #marketingdigitalbrasil #digital #digital #digitalart #digitalartist",2,0,,2023-12-21T11:08:39.000Z,https://www.instagram.com/p/C1HOQm4osU6/,"['acmmarketing', 'RéussiteEnLigne', 'InnovationDigitale', 'Design', 'Visibilité', 'CroissanceDesAffaires', 'CréationDeSiteWeb', 'SiteWeb', 'PrésenceEnLigne', 'marketing', 'marketingtips', 'marketingagency', 'marketingonline', 'marketingdigital', 'marketingstrategy', 'marketingstrategies', 'MarketingSuccess', 'marketingdigitalbrasil', 'digital', 'digitalart', 'digitalartist']",fr,promotionnel,marketing digital,"Création de sites web, conception de campagnes",Acquisition de clients,"acmmarketing, RéussiteEnLigne, InnovationDigitale, Design, Visibilité, CroissanceDesAffaires, CréationDeSiteWeb, SiteWeb, PrésenceEnLigne, marketing, marketingtips, marketingagency, marketingonline, marketingdigital, marketingstrategy, marketingstrategies, MarketingSuccess, marketingdigitalbrasil, digital, digitalart, digitalartist",positif
24-7 Digital Design,instagram,"⭐️⭐️ Notre réalisation ⭐️⭐️ :
Roll up pour notre client 🎖 TRE POWER 🎖
Veuillez consulter nos projets réalisés sur notre site web:
🌐 www.24-7digital.com.tn

24-7 Digital Design est votre meilleur partenaire pour réaliser votre:
✅ Site Web.
✅ Application Web & Mobile
✅ Branding , logo et Charte graphique.
✅ Conception de vos supports de communication.
✅ Gestion de vos réseaux sociaux.
✅ Modélisation 3D et rendu réaliste de vos produits.
✅ Packaging design.

Pour toute étude personnalisée, veuillez contacter nos experts au :
Mobile + whatsapp : +216 96 357 457
Facebook : www.facebook.com/24.7.digital.design.tunisie
instagram : www.instagram.com/247digitaldesign/
Linkedin : www.linkedin.com/company/11547031/

#Webdesign #siteweb #logo #chartegraphique #graphicdesign #smo #conception3d #packaging #branding #sitevitrine #ecommerce Voir moins",1,0,,2024-09-23T09:00:49.000Z,https://www.instagram.com/p/DAQP0s2JFSX/,"['Webdesign', 'siteweb', 'logo', 'chartegraphique', 'graphicdesign', 'smo', 'conception3d', 'packaging', 'branding', 'sitevitrine', 'ecommerce']",fr,promotionnel,présentation de projet client,"design digital (site web, application, branding, 3D, packaging)",générer des leads et promouvoir les services de l'agence,"Webdesign, siteweb, logo, chartegraphique, graphicdesign, smo, conception3d, packaging, branding, sitevitrine, ecommerce",positif
24-7 Digital Design,instagram,"⭐️⭐️ Notre réalisation ⭐️⭐️ :
Conception 3D d'un Plateforme Usine 
Veuillez consulter nos projets réalisés sur notre site web:
🌐 www.24-7digital.com.tn
24-7 Digital Design est votre meilleur partenaire pour réaliser votre:
✅ Site Web.
✅ Application Web & Mobile
✅ Branding , logo et Charte graphique.
✅ Conception de vos supports de communication.
✅ Gestion de vos réseaux sociaux.
✅ Modélisation 3D et rendu réaliste de vos produits.
✅ Packaging design.
Pour toute étude personnalisée, veuillez contacter nos experts au :
Mobile + whatsapp : +216 96 357 457
Facebook : www.facebook.com/24.7.digital.design.tunisie
instagram : www.instagram.com/247digitaldesign/
Linkedin : www.linkedin.com/company/11547031/
#Webdesign #siteweb #logo #chartegraphique #graphicdesign #smo #conception3d #packaging #branding #sitevitrine #ecommerce Voir moin",2,0,,2024-09-08T09:00:10.000Z,https://www.instagram.com/p/C_pn0t-IZ48/,"['Webdesign', 'siteweb', 'logo', 'chartegraphique', 'graphicdesign', 'smo', 'conception3d', 'packaging', 'branding', 'sitevitrine', 'ecommerce']",français,promotionnel,présentation de projets et services digitaux,Conception 3D,générer des prospects,"Webdesign, siteweb, logo, chartegraphique, graphicdesign, smo, conception3d, packaging, branding, sitevitrine, ecommerce",positif
Digital Market,instagram,#business #icstartup #worklife #happy #socialnetworking #network #networkingparty #businessowner #networkingbusiness #fun #prilaga #networkingbiz #events #networkingevents #entrepreneurship #opportunities #networkingz #instadaily #networkingday #leadership #networkingevent #contacts #marketing #networking #communication #community #success #entrepreneur #instagood #networkingsaveslives,2,0,,2020-01-01T19:34:59.000Z,https://www.instagram.com/p/B6yfkcTgdB_/,"['business', 'icstartup', 'worklife', 'happy', 'socialnetworking', 'network', 'networkingparty', 'businessowner', 'networkingbusiness', 'fun', 'prilaga', 'networkingbiz', 'events', 'networkingevents', 'entrepreneurship', 'opportunities', 'networkingz', 'instadaily', 'networkingday', 'leadership', 'networkingevent', 'contacts', 'marketing', 'networking', 'communication', 'community', 'success', 'entrepreneur', 'instagood', 'networkingsaveslives']",en,texte,networking,event promotion,brand awareness,"business, icstartup, worklife, happy, socialnetworking, network, networkingparty, businessowner, networkingbusiness, fun, prilaga, networkingbiz, events, networkingevents, entrepreneurship, opportunities, networkingz, instadaily, networkingday, leadership, networkingevent, contacts, marketing, networking, communication, community, success, entrepreneur, instagood, networkingsaveslives",positive
ACM Marketing Tunisie,instagram,"🌐🚀 La présence digitale est plus qu'une option, c'est une nécessité absolue !

Chez ACM Marketing, nous vous accompagnons dans cette transition vers le monde numérique pour assurer le succès de votre entreprise. 💼💡 

Contactez-nous dès maintenant pour franchir ce cap avec succès ! 

☎️ 73 367 402
💻 www.acm-marketing.tn
✉️ contact@acm-marketing.com
📌 Avenue yasser arafet sahloul, Sousse, Tunisia

#acmmarketing #PrésenceDigitale #successnumerique #PartenariatsStratégiques #Visibilité #CroissanceDesAffaires #CréationDeSiteWeb #SiteWeb #PrésenceEnLigne #marketing #marketingtips #marketingtips #marketingagency #marketingonline #marketingdigital #marketingdigital #marketingstrategy #marketingstrategy #marketingstrategies #MarketingSuccess #marketingstrategies #marketingdigitalbrasil #digital #digital #digitalart #digitalartist",1,0,,2024-04-16T22:59:59.000Z,https://www.instagram.com/p/C51wq9boJN9/,"['acmmarketing', 'PrésenceDigitale', 'successnumerique', 'PartenariatsStratégiques', 'Visibilité', 'CroissanceDesAffaires', 'CréationDeSiteWeb', 'SiteWeb', 'PrésenceEnLigne', 'marketing', 'marketingtips', 'marketingagency', 'marketingonline', 'marketingdigital', 'marketingstrategy', 'marketingstrategies', 'MarketingSuccess', 'marketingdigitalbrasil', 'digital', 'digitalart', 'digitalartist']",français,image,Présence digitale,Marketing digital,Générer des leads,"acmmarketing, PrésenceDigitale, successnumerique, PartenariatsStratégiques, Visibilité, CroissanceDesAffaires, CréationDeSiteWeb, SiteWeb, PrésenceEnLigne, marketing, marketingtips, marketingagency, marketingonline, marketingdigital, marketingstrategy, marketingstrategies, MarketingSuccess, marketingdigitalbrasil, digital, digitalart, digitalartist",positif
ACM Marketing Tunisie,instagram,"🏆 ACM Marketing : la référence en marketing digital à Sousse ! 💼💡 

🚀🌟 Avec notre expertise et notre créativité, nous sommes prêts à propulser votre entreprise vers de nouveaux sommets en ligne. Faites confiance à notre équipe pour des résultats exceptionnels ! 🏆

📞 73 367 402
💻 www.acm-marketing.tn
✉️ contact@acm-marketing.com
📌 Avenue yasser arafet sahloul, Sousse, Tunisia

#acmmarketing #MeilleureAgence #Sousse #DigitalHeroes #PartenariatsStratégiques #Visibilité #CroissanceDesAffaires #CréationDeSiteWeb #SiteWeb #PrésenceEnLigne #marketing #marketingtips #marketingtips #marketingagency #marketingonline #marketingdigital #marketingdigital #marketingstrategy #marketingstrategy #marketingstrategies #MarketingSuccess #marketingstrategies #marketingdigitalbrasil #digital #digital #digitalart #digitalartist",1,1,,2024-01-29T13:34:15.000Z,https://www.instagram.com/p/C2r57EkIHPB/,"['acmmarketing', 'MeilleureAgence', 'Sousse', 'DigitalHeroes', 'PartenariatsStratégiques', 'Visibilité', 'CroissanceDesAffaires', 'CréationDeSiteWeb', 'SiteWeb', 'PrésenceEnLigne', 'marketing', 'marketingtips', 'marketingagency', 'marketingonline', 'marketingdigital', 'marketingstrategy', 'marketingstrategies', 'MarketingSuccess', 'marketingdigitalbrasil', 'digital', 'digitalart', 'digitalartist']",français,texte,marketing digital,services de marketing digital,générer des leads et augmenter la visibilité en ligne,"acmmarketing, MeilleureAgence, Sousse, DigitalHeroes, PartenariatsStratégiques, Visibilité, CroissanceDesAffaires, CréationDeSiteWeb, SiteWeb, PrésenceEnLigne, marketing, marketingtips, marketingagency, marketingonline, marketingdigital, marketingstrategy, marketingstrategies, MarketingSuccess, marketingdigitalbrasil, digital, digitalart, digitalartist",positif
Kyubi Digital,instagram,"You don’t lose it suddenly.
You let it fade.",5,0,,2026-02-15T14:50:28.000Z,https://www.instagram.com/p/DUyFP5_FzRB/,[],en,citation,motivation,,engagement,,positive
ACM Marketing Tunisie,instagram,"🎉 En cette Journée des Community Managers, ACM Marketing célèbre ces héros du digital qui construisent des communautés vibrantes et connectées ! Merci pour votre dévouement à créer, inspirer et engager. 💬✨ 🎉

☎️ 73 367 402
💻 www.acm-marketing.tn
✉️ contact@acm-marketing.com
📌 Avenue yasser arafet sahloul, Sousse, Tunisia

#JournéeDesCommunityManagers #acmmarketing #DigitalHeroes #PartenariatsStratégiques #Visibilité #CroissanceDesAffaires #CréationDeSiteWeb #SiteWeb #PrésenceEnLigne #marketing #marketingtips #marketingtips #marketingagency #marketingonline #marketingdigital #marketingdigital #marketingstrategy #marketingstrategy #marketingstrategies #MarketingSuccess #marketingstrategies #marketingdigitalbrasil #digital #digital #digitalart #digitalartist",0,0,,2024-01-22T13:55:15.000Z,https://www.instagram.com/p/C2Z6wtuI_vG/,"['JournéeDesCommunityManagers', 'acmmarketing', 'DigitalHeroes', 'PartenariatsStratégiques', 'Visibilité', 'CroissanceDesAffaires', 'CréationDeSiteWeb', 'SiteWeb', 'PrésenceEnLigne', 'marketing', 'marketingtips', 'marketingagency', 'marketingonline', 'marketingdigital', 'marketingstrategy', 'marketingstrategies', 'MarketingSuccess', 'marketingdigitalbrasil', 'digital', 'digitalart', 'digitalartist']",fr,image,Community Management,Marketing digital,Renforcer la notoriété et générer des leads,"JournéeDesCommunityManagers, acmmarketing, DigitalHeroes, PartenariatsStratégiques, Visibilité, CroissanceDesAffaires, CréationDeSiteWeb, SiteWeb, PrésenceEnLigne, marketing, marketingtips, marketingagency, marketingonline, marketingdigital, marketingstrategy, marketingstrategies, MarketingSuccess, marketingdigitalbrasil, digital, digitalart, digitalartist",positif
Kyubi Digital,instagram,"Moins de réunions… plus de décisions. ⚡
Collaborez avec des décideurs qui tranchent dans l’intérêt de vos projets. 🎯📈
📩 contact@kyubi.digital
💬 Demandez votre devis dès maintenant.",8,0,,2026-03-06T10:18:44.000Z,https://www.instagram.com/p/DVihQQ1DitY/,[],fr,image,productivité,services digitaux,générer des leads,,positif
ACM Marketing Tunisie,instagram,"🌟 Joyeuse Journée des Stagiaires chez ACM Marketing ! 🌟

Merci à nos stagiaires exceptionnels pour leur énergie et leurs idées inspirantes. Vous êtes nos futurs leaders ! 🚀🌟

☎️ 73 367 402
💻 www.acm-marketing.tn
✉️ contact@acm-marketing.com
📌 Avenue yasser arafet sahloul, Sousse, Tunisia

#ACMMarketing #Stagiaires #FutursLeaders #Design #Visibilité #CroissanceDesAffaires #CréationDeSiteWeb #SiteWeb #PrésenceEnLigne #marketing #marketingtips #marketingtips #marketingagency #marketingonline #marketingdigital #marketingdigital #marketingstrategy #marketingstrategy #marketingstrategies #MarketingSuccess #marketingstrategies #marketingdigitalbrasil #digital #digital #digitalart #digitalartist",10,2,,2023-11-10T08:11:59.000Z,https://www.instagram.com/p/CzdVc3YoEgI/,"['ACMMarketing', 'Stagiaires', 'FutursLeaders', 'Design', 'Visibilité', 'CroissanceDesAffaires', 'CréationDeSiteWeb', 'SiteWeb', 'PrésenceEnLigne', 'marketing', 'marketingtips', 'marketingagency', 'marketingonline', 'marketingdigital', 'marketingstrategy', 'marketingstrategies', 'MarketingSuccess', 'marketingdigitalbrasil', 'digital', 'digitalart', 'digitalartist']",fr,image,Célébration des stagiaires,Marketing digital,Valorisation des stagiaires et promotion de l'agence,"ACMMarketing, Stagiaires, FutursLeaders, Design, Visibilité, CroissanceDesAffaires, CréationDeSiteWeb, SiteWeb, PrésenceEnLigne, marketing, marketingtips, marketingagency, marketingonline, marketingdigital, marketingstrategy, marketingstrategies, MarketingSuccess, marketingdigitalbrasil, digital, digitalart, digitalartist",positive
Kyubi Digital,instagram,The truths we avoid saying are often the most necessary. 😉🤔,8,0,,2026-03-31T10:17:43.000Z,https://www.instagram.com/p/DWi5Asxjg-y/,[],en,citation,motivation,,engagement,,positive
Kyubi Digital,instagram,"Au début c’était une bonne idée.
Puis elle a rencontré un comité.
RIP créativité. 🪦🍌",12,0,,2026-04-21T12:15:34.000Z,https://www.instagram.com/p/DXZLMSbllO5/,[],fr,texte,créativité,,sensibilisation,,negative
24-7 Digital Design,instagram,"⭐️⭐️ Notre réalisation ⭐️⭐️ :
Roll up pour notre client 🎖 MC CONSULTING 🎖
Veuillez consulter nos projets réalisés sur notre site web:
🌐 www.24-7digital.com.tn

24-7 Digital Design est votre meilleur partenaire pour réaliser votre:
✅ Site Web.
✅ Application Web & Mobile
✅ Branding , logo et Charte graphique.
✅ Conception de vos supports de communication.
✅ Gestion de vos réseaux sociaux.
✅ Modélisation 3D et rendu réaliste de vos produits.
✅ Packaging design.

Pour toute étude personnalisée, veuillez contacter nos experts au :
Mobile + whatsapp : +216 96 357 457
Facebook : www.facebook.com/24.7.digital.design.tunisie
instagram : www.instagram.com/247digitaldesign/
Linkedin : www.linkedin.com/company/11547031/

#Webdesign #siteweb #logo #chartegraphique #graphicdesign #smo #conception3d #packaging #branding #sitevitrine #ecommerce Voir moins",1,1,,2024-09-15T09:00:21.000Z,https://www.instagram.com/p/C_7paLwKRwp/,"['Webdesign', 'siteweb', 'logo', 'chartegraphique', 'graphicdesign', 'smo', 'conception3d', 'packaging', 'branding', 'sitevitrine', 'ecommerce']",fr,promotionnel,présentation de projet réalisé,"design digital (site web, application, branding, 3D, packaging)",attirer de nouveaux clients,"Webdesign, siteweb, logo, chartegraphique, graphicdesign, smo, conception3d, packaging, branding, sitevitrine, ecommerce",positif
ACM Marketing Tunisie,instagram,"🚀 Prêts à booster votre stratégie marketing ? 

Chez ACM Marketing, nous sommes là pour propulser votre présence en ligne vers de nouveaux sommets ! 💻💡 

☎️ 73 367 402
💻 www.acm-marketing.tn
✉️ contact@acm-marketing.com
📌 Avenue yasser arafet sahloul, Sousse, Tunisia

#ACMMarketing #StratégieMarketing #DigitalSuccess #Design #Visibilité #CroissanceDesAffaires #CréationDeSiteWeb #SiteWeb #PrésenceEnLigne #marketing #marketingtips #marketingtips #marketingagency #marketingonline #marketingdigital #marketingdigital #marketingstrategy #marketingstrategy #marketingstrategies #MarketingSuccess #marketingstrategies #marketingdigitalbrasil #digital #digital #digitalart #digitalartist",0,0,,2023-11-27T08:52:41.000Z,https://www.instagram.com/p/C0JLnrFodHu/,"['ACMMarketing', 'StratégieMarketing', 'DigitalSuccess', 'Design', 'Visibilité', 'CroissanceDesAffaires', 'CréationDeSiteWeb', 'SiteWeb', 'PrésenceEnLigne', 'marketing', 'marketingtips', 'marketingagency', 'marketingonline', 'marketingdigital', 'marketingstrategy', 'marketingstrategies', 'MarketingSuccess', 'marketingdigitalbrasil', 'digital', 'digitalart', 'digitalartist']",français,texte,Stratégie marketing digitale,Création de site web,Générer des leads et augmenter la visibilité en ligne,"ACMMarketing, StratégieMarketing, DigitalSuccess, Design, Visibilité, CroissanceDesAffaires, CréationDeSiteWeb, SiteWeb, PrésenceEnLigne, marketing, marketingtips, marketingagency, marketingonline, marketingdigital, marketingstrategy, marketingstrategies, MarketingSuccess, marketingdigitalbrasil, digital, digitalart, digitalartist",positif
ACM Marketing Tunisie,instagram,"🎉 En cette Journée Internationale de l'Homme, ACM Marketing célèbre la force, la bienveillance et la contribution exceptionnelle des hommes qui font partie de notre équipe et de notre communauté. Merci pour votre engagement et votre impact positif ! 💪👨

☎️ 73 367 402
💻 www.acm-marketing.tn
✉️ contact@acm-marketing.com
📌 Avenue yasser arafet sahloul, Sousse, Tunisia

#ACMMarketing #JournéeDeLHomme #ACMMarketing #ForceEtBienveillance #Design #Visibilité #CroissanceDesAffaires #CréationDeSiteWeb #SiteWeb #PrésenceEnLigne #marketing #marketingtips #marketingtips #marketingagency #marketingonline #marketingdigital #marketingdigital #marketingstrategy #marketingstrategy #marketingstrategies #MarketingSuccess #marketingstrategies #marketingdigitalbrasil #digital #digital #digitalart #digitalartist",1,0,,2023-11-19T06:00:18.000Z,https://www.instagram.com/p/Cz0RiHcq31I/,"['ACMMarketing', 'JournéeDeLHomme', 'ForceEtBienveillance', 'Design', 'Visibilité', 'CroissanceDesAffaires', 'CréationDeSiteWeb', 'SiteWeb', 'PrésenceEnLigne', 'marketing', 'marketingtips', 'marketingagency', 'marketingonline', 'marketingdigital', 'marketingstrategy', 'marketingstrategies', 'MarketingSuccess', 'marketingdigitalbrasil', 'digital', 'digitalart', 'digitalartist']",fr,image,Journée Internationale de l'Homme,marketing digital,renforcer la notoriété et l'engagement,"ACMMarketing, JournéeDeLHomme, ForceEtBienveillance, Design, Visibilité, CroissanceDesAffaires, CréationDeSiteWeb, SiteWeb, PrésenceEnLigne, marketing, marketingtips, marketingagency, marketingonline, marketingdigital, marketingstrategy, marketingstrategies, MarketingSuccess, marketingdigitalbrasil, digital, digitalart, digitalartist",positive
MUSE Agency,instagram,"Production complète pour Vacation 🌴
Tournage & shooting produit skincare pensés pour sublimer chaque détail, entre lumière, texture et sensorialité ✨
Un univers visuel frais et immersif au service d’une marque forte 💫 @vacation_tunisia",11,0,,2026-03-31T20:41:10.000Z,https://www.instagram.com/p/DWj_xuminSC/,[],français,production vidéo,soins de la peau,tournage et shooting produit,valoriser le produit et renforcer l'image de marque,,positif
24-7 Digital Design,instagram,"⭐️⭐️ Notre réalisation ⭐️⭐️ :
Packaging pour notre client 🎖 CORPY 🎖
Veuillez consulter nos projets réalisés sur notre site web: 
🌐 www.24-7digital.com.tn
24-7 Digital Design est votre meilleur partenaire pour réaliser votre: 
✅ Site Web. 
✅ Application Web & Mobile
✅ Branding , logo et Charte graphique. 
✅ Conception de vos supports de communication. 
✅ Gestion de vos réseaux sociaux. 
✅ Modélisation 3D et rendu réaliste de vos produits. 
✅ Packaging design.
Pour toute étude personnalisée, veuillez contacter nos experts au : 
Mobile + whatsapp : +216 96 357 457 
Facebook : www.facebook.com/24.7.digital.design.tunisie 
instagram : www.instagram.com/247digitaldesign/ 
Linkedin : www.linkedin.com/company/11547031/
#Webdesign #siteweb #logo #chartegraphique #graphicdesign #smo #conception3d #packaging #branding #sitevitrine #ecommerce",2,0,,2024-08-23T09:00:27.000Z,https://www.instagram.com/p/C_AbI1FPjyE/,"['Webdesign', 'siteweb', 'logo', 'chartegraphique', 'graphicdesign', 'smo', 'conception3d', 'packaging', 'branding', 'sitevitrine', 'ecommerce']",fr,promotionnel,packaging design,packaging design,générer des leads,"Webdesign, siteweb, logo, chartegraphique, graphicdesign, smo, conception3d, packaging, branding, sitevitrine, ecommerce",positif
E2BUSINESS CONSULTING,instagram,"Nous sommes extrêmement fiers de féliciter nos deux formidables stagiaires, hanin chouk et Ayoub Yatouji, pour l'obtention de leurs diplômes avec distinction ! 

C'est un véritable plaisir pour nous de voir l'impact de nos jeunes talents, qui ont choisi E2Business pour relever des défis innovants au carrefour de l'intelligence artificielle et du marketing digital.

👏 Félicitations à hanin chouk ! Hanin vient d'obtenir sa Licence en Gestion des TIC à l'ISET'Com avec la Mention Très Bien (note de 17,5/20). Son PFE s'est concentré sur le positionnement de l'entreprise sur les moteurs de recherche génératifs (IA), éveillant son intérêt pour la Data et l'IA. Un grand merci pour tes mots, Hanin, ce n'est que le début ! ✨
👏 Félicitations à Ayoub Yatouji ! qui a brillamment soutenu son Master en Distribution, Négociation et Commerce Digital à l'ESC Tunis, également avec la Mention Très Bien. Son projet, axé sur l'automatisation du SEO par l'IA, est le fruit d'une collaboration d'un an avec E2Business. Bravo pour ta persévérance et ta capacité à transformer une idée en un système concret !

Avis aux Recruteurs et Entreprises !

Le marché évolue vite, et ces deux profils possèdent exactement les compétences hybrides (Marketing Digital + IA) que vous recherchez pour booster vos performances. Ils ont l'esprit d'innovation, la rigueur et une expérience pratique de terrain acquise au sein de notre cabinet.

📩 N'hésitez pas à les contacter directement sur leurs réseaux ou à nous demander une mise en relation. Des talents comme Hanin et Ayoub n'attendent pas !

Un grand bravo à tous les deux. Votre réussite est la nôtre, et ce n'est que le début d'un parcours professionnel brillant ! ✨
hashtag#InsertionProfessionnelle hashtag#Employabilité hashtag#Recrutement hashtag#TalentsIA hashtag#MarketingDigital hashtag#SEO hashtag#IA hashtag#ISETCom hashtag#ESCTunis hashtag#E2Business hashtag#JeunesTalents hashtag#Tunisie",14,0,,2026-07-01T18:10:18.000Z,https://www.instagram.com/p/DaQoOfLCpoh/,"['InsertionProfessionnelle', 'Employabilité', 'Recrutement', 'TalentsIA', 'MarketingDigital', 'SEO', 'IA', 'ISETCom', 'ESCTunis', 'E2Business', 'JeunesTalents', 'Tunisie']",fr,félicitations,Insertion professionnelle,Marketing Digital,Promouvoir les talents hybrides IA/Marketing et inciter les recruteurs à les contacter,"InsertionProfessionnelle, Employabilité, Recrutement, TalentsIA, MarketingDigital, SEO, IA, ISETCom, ESCTunis, E2Business, JeunesTalents, Tunisie",positif
MUSE Agency,instagram,"Remontez le temps et vibrez au rythme des années 90 🔥

Pour le 99e anniversaire de Volvo, nous avons recréé un univers rétro mêlant nostalgie, style et émotions.

Bienvenue dans l’expérience 90’s ✨

#Volvo99 #90sVibes #RetroExperience #ES90 #museagency",19,0,,2026-04-25T11:38:48.000Z,https://www.instagram.com/p/DXjZDaeCuHf/,"['Volvo99', '90sVibes', 'RetroExperience', 'ES90', 'museagency']",fr,image,rétro,branding,notoriété,"Volvo99, 90sVibes, RetroExperience, ES90, museagency",positive
MUSE Agency,instagram,"🎬 Behind the Scenes – Video Biolux

Merci à toute l’équipe, aux acteurs, aux techniciens et à tous ceux qui ont contribué à cette belle aventure. 🙌

Un grand merci à @biolux_tunisie pour sa confiance.

✨ Derrière chaque belle campagne, il y a une équipe passionnée. 
@muse_man_ 
@muse_agency 
@aziz_ben_arfa 
@benarfa.production 
@salma_mhiri 

#BehindTheScenes #Biolux #TeamWork #MUSEAgency",87,0,,2026-06-14T17:44:48.000Z,https://www.instagram.com/p/DZkyjuCqRbt/,"['BehindTheScenes', 'Biolux', 'TeamWork', 'MUSEAgency']",fr,vidéo,coulisses,production vidéo,valoriser le travail d'équipe,"BehindTheScenes, Biolux, TeamWork, MUSEAgency",positif
Digital Market,instagram,"🔴 #يهم_الباعثين_الشبان و #أصحاب_المؤسسات_الصغرى_والمتوسطةبتونس:(PME)🇹🇳👥🏭💱
✅ #رسميا🆕: إطلاق منصة #تمويلي بتونس يوم 5 ديسمبر 2019
 http://tamweeli.tn/
لتقديم: ✴ #الدعم_الفني ،و ✴ #تسهيل_النفاذ_للتمويل_المالي لفائدة المؤسسات الصغرى والمتوسطة بتونس عبر الحصول ع قروض من البنوك ومؤسسات التمويل الصغير أو من البنوك الإسلامية بتونس. 🔴 Le 🆕 en #Tunisie: pour les #entrepreneurs et #les_PME 🇹🇳👥🏭💱
✅ Lancement du platforme #Tamweeli assist📱, en #Tunisie en 5/12/19,
http://tamweeli.tn/
 pour : ✴ L' assistance comptable et financière aux PME tunisiennes ✴ Facilite aux PME le financement de leurs projets auprès des banques/établissements de micro_crédit ou banques islamiques tunisiens.",1,0,,2019-12-19T05:54:29.000Z,https://www.instagram.com/p/B6PjVijg3G1/,"['يهم_الباعثين_الشبان', 'أصحاب_المؤسسات_الصغرى_والمتوسطةبتونس:(PME)🇹🇳👥🏭💱', 'رسميا🆕:', 'تمويلي', 'الدعم_الفني', 'تسهيل_النفاذ_للتمويل_المالي', 'Tunisie:', 'entrepreneurs', 'les_PME', 'Tamweeli', 'Tunisie']",ar-fr,annonce,financement des PME,"assistance comptable et financière, facilitation de l'accès au financement",faciliter l'accès au financement pour les PME tunisiennes,"يهم_الباعثين_الشبان, أصحاب_المؤسسات_الصغرى_والمتوسطةبتونس:(PME)🇹🇳👥🏭💱, رسميا🆕:, تمويلي, الدعم_الفني, تسهيل_النفاذ_للتمويل_المالي, Tunisie:, entrepreneurs, les_PME, Tamweeli, Tunisie",positif
Kyubi Digital,instagram,"Breaking the mold isn’t a risk 🚀
It’s a strategy 🎯
We help brands move beyond “typical” to become truly memorable 👊🔥",8,0,,2026-04-13T10:18:21.000Z,https://www.instagram.com/p/DXEXan5GGZJ/,[],en,caption,branding,brand strategy,increase brand awareness,,positive
MUSE Agency,instagram,"Quand une campagne dépasse les écrans, c’est qu’elle prend une nouvelle dimension.

Après le succès de notre lancement digital, la campagne Biolux 2026 poursuit son déploiement avec une présence en affichage urbain, afin de renforcer la visibilité de la marque et d’ancrer son message dans le quotidien des consommateurs.

Cette nouvelle étape est le fruit d’une collaboration bâtie sur la confiance, la vision et l’ambition.

Un immense merci à Biolux pour sa confiance renouvelée année après année. C’est un privilège de construire ensemble des campagnes qui allient créativité, impact et performance.

Fiers de cette nouvelle réalisation. Le meilleur reste à venir.

#Biolux #MuseTunisia #Campaign #OutdoorAdvertising #OOH",9,0,,2026-06-26T22:47:30.000Z,https://www.instagram.com/p/DaEP2xlK7HB/,"['Biolux', 'MuseTunisia', 'Campaign', 'OutdoorAdvertising', 'OOH']",fr,annonce,publicité extérieure,affichage urbain,renforcer la visibilité de la marque,"Biolux, MuseTunisia, Campaign, OutdoorAdvertising, OOH",positive
,instagram,نتحدث عن إطلاق Facebook الرسمي لـ MCP (Model Context Protocol)، وهو موصل يربط حسابات Meta Ads على Facebook و Instagram مع نماذج لغوية مثل Claude و ChatGPT. ندعوكم للانضمام إلى ويبينار مجاني حيث سنستكشف كيفية استخدام قوة نماذج Claude لإدارة الحملات الإعلانية، والتعامل مع تشبع الجمهور، وتعديل الميزانيات، وإطلاق الحملات مباشرة من Claude. سنشارك أيضاً تعديلات يومية فعالة وأفضل الممارسات والـ prompts القيمة لتحقيق عائد استثمار أعلى في حملاتك الإعلانية باستخدام Claude و ChatGPT.,200,7,,2026-05-28T20:00:11.000Z,https://www.instagram.com/p/DY5Rs0rs0P5/,[],Arabic,promotionnel,IA et publicité digitale,Webinaire gratuit sur l'intégration de modèles de langage avec Meta Ads,Inciter les inscriptions au webinaire et promouvoir l'optimisation des campagnes publicitaires avec Claude et ChatGPT,,positif
24-7 Digital Design,instagram,"⭐️⭐️ Notre réalisation ⭐️⭐️ :
Conception 3D CashBoard Multi F
Veuillez consulter nos projets réalisés sur notre site web: 
🌐 www.24-7digital.com.tn
24-7 Digital Design est votre meilleur partenaire pour réaliser votre: 
✅ Site Web. 
✅ Application Web & Mobile
✅ Branding , logo et Charte graphique. 
✅ Conception de vos supports de communication. 
✅ Gestion de vos réseaux sociaux. 
✅ Modélisation 3D et rendu réaliste de vos produits. 
✅ Packaging design.
Pour toute étude personnalisée, veuillez contacter nos experts au : 
Mobile + whatsapp : +216 96 357 457 
Facebook : www.facebook.com/24.7.digital.design.tunisie 
instagram : www.instagram.com/247digitaldesign/ 
Linkedin : www.linkedin.com/company/11547031/
#Webdesign #siteweb #logo #chartegraphique #graphicdesign #smo #conception3d #packaging #branding #sitevitrine #ecommerce",1,0,,2024-08-26T09:00:29.000Z,https://www.instagram.com/p/C_IJh0py5qE/,"['Webdesign', 'siteweb', 'logo', 'chartegraphique', 'graphicdesign', 'smo', 'conception3d', 'packaging', 'branding', 'sitevitrine', 'ecommerce']",fr,promotionnel,services digitaux,"Conception 3D, site web, application web & mobile, branding, packaging design",générer des leads et promouvoir les services de l'agence,"Webdesign, siteweb, logo, chartegraphique, graphicdesign, smo, conception3d, packaging, branding, sitevitrine, ecommerce",positif
24-7 Digital Design,instagram,"⭐️⭐️ Notre réalisation ⭐️⭐️ :
Site web pour notre client 🎖 WINCARD 🎖
Veuillez consulter nos projets réalisés sur notre site web: 
🌐 www.24-7digital.com.tn
24-7 Digital Design est votre meilleur partenaire pour réaliser votre: 
✅ Site Web. 
✅ Application Web & Mobile
✅ Branding , logo et Charte graphique. 
✅ Conception de vos supports de communication. 
✅ Gestion de vos réseaux sociaux. 
✅ Modélisation 3D et rendu réaliste de vos produits. 
✅ Packaging design.
Pour toute étude personnalisée, veuillez contacter nos experts au : 
Mobile + whatsapp : +216 96 357 457 
Facebook : www.facebook.com/24.7.digital.design.tunisie 
instagram : www.instagram.com/247digitaldesign/ 
Linkedin : www.linkedin.com/company/11547031/
#Webdesign #siteweb #logo #chartegraphique #graphicdesign #smo #conception3d #packaging #branding #sitevitrine #ecommerce",0,0,,2024-08-28T09:00:27.000Z,https://www.instagram.com/p/C_NTHQ6saD1/,"['Webdesign', 'siteweb', 'logo', 'chartegraphique', 'graphicdesign', 'smo', 'conception3d', 'packaging', 'branding', 'sitevitrine', 'ecommerce']",fr,promotionnel,services digitaux,Site Web,acquisition de clients,"Webdesign, siteweb, logo, chartegraphique, graphicdesign, smo, conception3d, packaging, branding, sitevitrine, ecommerce",positive
Digital Market,instagram,"🔴#هااام_جدااا:#للباعثين_الشبان_ورواد_الأعمال
#بتونس🇹🇳💱:
✅#فيما_يلي: منصة رقمية تونسية تأسست في مارس 2017 وتدعى:
https://tsindex.org/
تمثل أكبر #بنك_معطيات_ثري_جدااا حول #الشركات_الناشئة_بتونس:(les start-ups en Tunisie)💻💱🇹🇳 في مجال:
ريادة الأعمال بتونس/ مؤسسي الشركات الناشئة التونسية/ حجم الٱستثمارات/ رقم المعاملات ع الانترنات/ مسيرات الأعمال وحاضنات المشاريع/ المستثمرين وبرامج الدعم المالي والتقني والفني للشركات الناشئة بتونس/ فرص الإستثمار والشراكة وخدمات أخرى متطورة.
The #TSIndex, launched in March 2017, is a crowd-sourced online interactive platform that measures the impact of the Tunisian Startups on the local economy and tracks the startups’ entrepreneurial ecosystem evolution. It brings more transparency and insignts in the new rising pillar of the Tunisian economy. It gathers input data about the startups business activities, like mainly: Turnovers, Number of Employees, Export, Online transactions etc. and it aggregates the data in Numbers and Charts. It is also a tool that ables the startups to assess the business environment. 
The project is led by TunisianStartups and co-financed by The Friedrich Naumann Stiftung Für die Freiheit - Tunisia.",0,0,,2019-12-19T06:06:42.000Z,https://www.instagram.com/p/B6Pku83gRjv/,"['هااام_جدااا:', 'للباعثين_الشبان_ورواد_الأعمال', 'بتونس🇹🇳💱:', 'فيما_يلي:', 'بنك_معطيات_ثري_جدااا', 'الشركات_الناشئة_بتونس:(les', 'TSIndex,']",ar,promotion,entrepreneuriat/startup ecosystem,TSIndex plateforme de données sur les startups tunisiennes,sensibilisation et promotion du service auprès des startups et investisseurs,"هااام_جدااا, للباعثين_الشبان_ورواد_الأعمال, بتونس🇹🇳💱, فيما_يلي, بنك_معطيات_ثري_جدااا, الشركات_الناشئة_بتونس, TSIndex",positive
,instagram,🕊️💕🕊️#igpodium_portraits #portrait  #portraitphotography #photography #beauty beautygirl beautiful beautyaddict makeup makeupartist makeuptutorial makeupaddict makeuptutorial instagram insta instalike instalife instabeauty instagood fashion fashionstyle people majestic_people sousse,3,2,,2026-03-22T18:40:00.000Z,https://www.instagram.com/p/DWMna57NttX/,"['igpodium_portraits', 'portrait', 'portraitphotography', 'photography', 'beauty']",fr,photo,portrait,portrait photography,promouvoir le travail de portrait et attirer des clients,"igpodium_portraits, portrait, portraitphotography, photography, beauty",positive
E2BUSINESS CONSULTING,instagram,"🎓 Toutes nos félicitations à notre #CEO et son épouse.

Toute l'équipe d'E2Business Consulting and Training tient à adresser ses plus vives félicitations à notre CEO, M. Kais Khenine , et son épouse Mme Salwa Ben Said Khenine.

C'est avec une immense fierté et beaucoup de joie que nous partageons leur bonheur familial à l'occasion de la réussite de leur fille au Baccalauréat. 📜

Une magnifique étape de franchie et un avenir prometteur qui s'ouvre devant elle. Bravo pour ce brillant succès.

#E2BConsulting #Félicitations #Baccalauréat #Fierté Succès TeamE2B FamilleE2B",9,2,,2026-06-20T21:18:34.000Z,https://www.instagram.com/p/DZ0pBSbOjPL/,"['CEO', 'E2BConsulting', 'Félicitations', 'Baccalauréat', 'Fierté']",fr,félicitations,baccalauréat,,notoriété de marque,"CEO, E2BConsulting, Félicitations, Baccalauréat, Fierté",positif
Digital Market,instagram,"8 steps to marketing your business

Conduct market research

Profile your target markets

Identify your unique selling proposition

Develop your business brand

Choose your marketing avenues

Set your goals and budget

Nurture your loyal customers

Monitor and review",3,0,,2020-01-07T10:58:46.000Z,https://www.instagram.com/p/B7BBP7wAtK8/,[],en,educatif,marketing,consulting,educate,,positive
E2BUSINESS CONSULTING,instagram,"نتمنى لكم عيد اضحى مبارك 🐑 و كل عام و أنتم بخير 🌙 🕌 أعاده الله عليكم بالخير والبركة
#E2B #PublicitéDigitale #MarketingDigital #tunisie #عيدكم_مبارك",0,0,,2026-05-26T19:00:23.000Z,https://www.instagram.com/p/DY0BVwaj4Pn/,"['E2B', 'PublicitéDigitale', 'MarketingDigital', 'tunisie', 'عيدكم_مبارك']",ar,texte,Fête religieuse,Publicité digitale,Renforcement de la relation client,"E2B, PublicitéDigitale, MarketingDigital, tunisie, عيدكم_مبارك",positif
Digital Market,instagram,"Choisissez votre partenaire en Marketing digital qui vous accompagne tout le long de la réalisation de votre projet🧐.
Nous vous garantissons 💯un ROI🔝 et une satisfaction totale!
👉Community Management
👉Développement Web
👉Conception graphique
👉Création audiovisuelle
Contactez nous : +216 97732156
email:contact@digimarket.tn",1,0,,2020-02-16T10:39:40.000Z,https://www.instagram.com/p/B8n-37iHzqQ/,[],fr,texte,promotion de services de marketing digital,"Community Management, Développement Web, Conception graphique, Création audiovisuelle",générer des leads et augmenter le ROI,,positif
,instagram,شهادة Claude Certified Architect من Anthropic: دليلك الكامل للتحضير والنجاح,192,8,,2026-06-30T18:43:50.000Z,https://www.instagram.com/p/DaOHNHyMP2v/,[],arabe,educatif,certification,formation,informer,,positif
,instagram,"On relance le cycle Traffic Manager le 27 avril ! 🚀

Comme d’habitude, on garde nos 3 modules piliers, mais j’ai décidé de bousculer le programme pour coller à ce qui se passe vraiment sur le terrain en ce moment.

Au programme, on va parler de ce qui fait la différence entre un média acheteur moyen et un expert :

Le Creative Targeting : Oubliez les réglages complexes, on va voir comment nourrir les nouveaux algorithmes avec du contenu qui convertit.

La guerre des signaux : Si votre Pixel, votre API et votre Content ID ne sont pas d’équerre, vous jetez de l’argent par les fenêtres. On va régler ça.

L’assistant IA : Je vais vous montrer comment je connecte Claude pour qu’il ne se contente pas de nous conseiller, mais qu’il bosse carrément à notre place pour optimiser les campagnes.

C’est en cours du soir, donc pas d’excuse pour le boulot. On commence le 27 avril.

Toutes les infos sont ici :
👉 first-masterclass.com/devenir-traffic-manager/",19,0,,2026-04-05T20:55:51.000Z,https://www.instagram.com/p/DWw51vWjKVT/,[],français,texte,formation,masterclass Traffic Manager,générer des inscriptions,,positif
24-7 Digital Design,instagram,"⭐️⭐️ Notre réalisation ⭐️⭐️ :
Site Web pour notre client 🎖 MC-CONSULTING 🎖
Veuillez consulter nos projets réalisés sur notre site web: 
🌐 www.24-7digital.com.tn
24-7 Digital Design est votre meilleur partenaire pour réaliser votre: 
✅ Site Web. 
✅ Application Web & Mobile
✅ Branding , logo et Charte graphique. 
✅ Conception de vos supports de communication. 
✅ Gestion de vos réseaux sociaux. 
✅ Modélisation 3D et rendu réaliste de vos produits. 
✅ Packaging design.
Pour toute étude personnalisée, veuillez contacter nos experts au : 
Mobile + whatsapp : +216 96 357 457 
Facebook : www.facebook.com/24.7.digital.design.tunisie 
instagram : www.instagram.com/247digitaldesign/ 
Linkedin : www.linkedin.com/company/11547031/
#Webdesign #siteweb #logo #chartegraphique #graphicdesign #smo #conception3d #packaging #branding #sitevitrine #ecommerce",0,0,,2024-08-19T09:00:27.000Z,https://www.instagram.com/p/C-2H9YrIoaA/,"['Webdesign', 'siteweb', 'logo', 'chartegraphique', 'graphicdesign', 'smo', 'conception3d', 'packaging', 'branding', 'sitevitrine', 'ecommerce']",français,promotionnel,services digitaux,"développement web, applications web & mobile, branding, logo, charte graphique, conception de supports de communication, gestion des réseaux sociaux, modélisation 3D, packaging design",générer des leads et attirer de nouveaux clients,"Webdesign, siteweb, logo, chartegraphique, graphicdesign, smo, conception3d, packaging, branding, sitevitrine, ecommerce",positif
MUSE Agency,instagram,"⚡campagne publicitaire #VolvoTunisie 

#VolvoES90 #Volvo #UniversalMotors #MUSEsgency OutdoorCampaign",7,0,,2026-06-02T19:51:10.000Z,https://www.instagram.com/p/DZGIt8qCmim/,"['VolvoTunisie', 'VolvoES90', 'Volvo', 'UniversalMotors', 'MUSEsgency']",fr,image,automobile,publicité,notoriété de la marque,"VolvoTunisie, VolvoES90, Volvo, UniversalMotors, MUSEsgency",positive
Digital Market,instagram,"🔴#للباعثين_الشبان_ورواد_الأعمال_بتونس🇹🇳👥💱:
✅#فيما_يلي: منصة رقمية تونسية تدعى:
www.disruptunisia.com
تتوفر ع بنك معطيات ثري جدااا:(bases de données) ،يخص نظام #ريادة_الأعمال وكل ما يهم تبني #أفكار_المشاريع_المجددة و #بعث_الشركات_الناشئة_بتونس، مثل :
#مراكز_التدريب_والإبتكار/ #فضاءات_العمل_المشترك/ #مؤسسات و #برامج_المرافقة و #التمويل:(مسيرات وحاضنات الأعمال)/#المستثمرين.... إلخ
🔴#Aux_jeunes_entrepreneurs_et_startappeurs_en_Tunisie🇹🇳👥💱: #Voici: une plateforme tunisien :
www.disruptunisia.com
 Qui englobe un base de données très riches concernant l' #écosystème d' #entrepreunariat  et de #création des #start_ups en Tunisie 🇹🇳, comme :
Les #Incubateurs et #accélérateurs d'#innovation/#investisseurs/#coworking_space/#Lab /#soutien_privé et #Public /etc...",2,0,,2019-12-19T06:01:05.000Z,https://www.instagram.com/p/B6PkF3RA0tN/,"['للباعثين_الشبان_ورواد_الأعمال_بتونس🇹🇳👥💱:', 'فيما_يلي:', 'ريادة_الأعمال', 'أفكار_المشاريع_المجددة', 'بعث_الشركات_الناشئة_بتونس،', 'مراكز_التدريب_والإبتكار/', 'فضاءات_العمل_المشترك/', 'مؤسسات', 'برامج_المرافقة', 'التمويل:(مسيرات', 'المستثمرين....', 'Aux_jeunes_entrepreneurs_et_startappeurs_en_Tunisie🇹🇳👥💱:', 'Voici:', 'écosystème', 'entrepreunariat', 'création', 'start_ups', 'Incubateurs', 'accélérateurs', 'innovation/', 'investisseurs/', 'coworking_space/', 'Lab', 'soutien_privé', 'Public']",ar,promotionnel,entrepreneuriat,plateforme digitale,"informative et mise en relation des jeunes entrepreneurs tunisiens avec des ressources (incubateurs, financement, coworking, formation)","للباعثين_الشبان_ورواد_الأعمال_بتونس🇹🇳👥💱, فيما_يلي, ريادة_الأعمال, أفكار_المشاريع_المجددة, بعث_الشركات_الناشئة_بتونس, مراكز_التدريب_والإبتكار, فضاءات_العمل_المشترك, مؤسسات, برامج_المرافقة, التمويل, المستثمرين, Aux_jeunes_entrepreneurs_et_startappeurs_en_Tunisie🇹🇳👥💱, Voici, écosystème, entrepreunariat, création, start_ups, Incubateurs, accélérateurs, innovation, investisseurs, coworking_space, Lab, soutien_privé, Public",positive
24-7 Digital Design,instagram,"⭐️⭐️ Notre réalisation ⭐️⭐️ :
Site Web pour notre client 🎖 HAWKAR 🎖
Veuillez consulter nos projets réalisés sur notre site web: 
🌐 www.24-7digital.com.tn
24-7 Digital Design est votre meilleur partenaire pour réaliser votre: 
✅ Site Web. 
✅ Application Web & Mobile
✅ Branding , logo et Charte graphique. 
✅ Conception de vos supports de communication. 
✅ Gestion de vos réseaux sociaux. 
✅ Modélisation 3D et rendu réaliste de vos produits. 
✅ Packaging design.
Pour toute étude personnalisée, veuillez contacter nos experts au : 
Mobile + whatsapp : +216 96 357 457 
Facebook : www.facebook.com/24.7.digital.design.tunisie 
Instagram : www.instagram.com/247digitaldesign/ 
LinkedIn : www.linkedin.com/company/11547031/
#Webdesign #siteweb #logo #chartegraphique #graphicdesign #smo #conception3d #packaging #branding #sitevitrine #ecommerce",1,0,,2024-08-27T09:00:22.000Z,https://www.instagram.com/p/C_KuTsPIFh7/,"['Webdesign', 'siteweb', 'logo', 'chartegraphique', 'graphicdesign', 'smo', 'conception3d', 'packaging', 'branding', 'sitevitrine', 'ecommerce']",fr,promotionnel,développement web et services digitaux,Site Web,acquisition de clients,"Webdesign, siteweb, logo, chartegraphique, graphicdesign, smo, conception3d, packaging, branding, sitevitrine, ecommerce",positif
Emmak Prod,instagram,"Backstage avec Emmak Prod 

Avant chaque vidéo que vous voyez… il y a une énergie, une équipe, et une vraie passion 

Entre préparation, réglages, fous rires et concentration, chaque moment compte pour créer un contenu de qualité 🎬✨

Voici un aperçu de ce qui se passe derrière la caméra… là où la magie commence 

#EmmakProd #BehindTheScenes #Backstage #Tournage #TeamWork",38,1,,2026-03-26T20:32:04.000Z,https://www.instagram.com/p/DWXHTWuET_W/,"['EmmakProd', 'BehindTheScenes', 'Backstage', 'Tournage', 'TeamWork']",fr,vidéo,coulisses,production vidéo,renforcer la notoriété et l'engagement,"EmmakProd, BehindTheScenes, Backstage, Tournage, TeamWork",positif
E2BUSINESS CONSULTING,instagram,"Pendant le mois sacré, les habitudes changent : la consommation de YouTube explose, portée par les replays des feuilletons et des émissions phares. C'est le moment pour votre marque d'être visible là où l'attention est maximale.

Je vous donne rendez-vous pour un webinaire en ligne où nous irons bien au-delà de la théorie.

Au programme de ce webinaire : 
✅ Cas Pratiques Réels : Analyse de campagnes qui ont performé durant les précédents Ramadan. 
✅ Nouveaux Formats YouTube Ads : Je vous présenterai en exclusivité les derniers formats publicitaires pour maximiser votre impact. 
✅ Stratégie ""Replay"" : Comment cibler efficacement les utilisateurs qui consomment les contenus premium en différé.

Il ne s'agit pas d'un simple exposé, mais d'une véritable session de montée en compétences pour vos futures campagnes.

📅 Date : Jeudi 12 mars 
🕚 Heure : 11:00 - 12:00 (UTC+1) 
📍 Lieu : En ligne (Live)
👉 Réservez votre place ici : https://luma.com/5ymgo42o

Préparez vos questions, nous passerons à la pratique ensemble !
hashtag#YouTubeAds hashtag#Ramadan2026 hashtag#DigitalMarketing hashtag#FormationE2B hashtag#MarketingMaroc hashtag#MarketingTunisie hashtag#GrowthMarketing",1,0,,2026-03-09T19:30:18.000Z,https://www.instagram.com/p/DVrOwlqitBn/,"['YouTubeAds', 'Ramadan2026', 'DigitalMarketing', 'FormationE2B', 'MarketingMaroc', 'MarketingTunisie', 'GrowthMarketing']",fr,promotionnel,Marketing digital Ramadan,Webinaire formation YouTube Ads,Générer des inscriptions au webinaire et sensibiliser aux stratégies YouTube Ads pendant le Ramadan,"YouTubeAds, Ramadan2026, DigitalMarketing, FormationE2B, MarketingMaroc, MarketingTunisie, GrowthMarketing",positif
24-7 Digital Design,instagram,"⭐️⭐️ Notre réalisation ⭐️⭐️ :
Conception 3D Borne Tactile pour notre client 🎖 WINCOM 🎖
Veuillez consulter nos projets réalisés sur notre site web: 
🌐 www.24-7digital.com.tn
24-7 Digital Design est votre meilleur partenaire pour réaliser votre: 
✅ Site Web. 
✅ Application Web & Mobile
✅ Branding , logo et Charte graphique. 
✅ Conception de vos supports de communication. 
✅ Gestion de vos réseaux sociaux. 
✅ Modélisation 3D et rendu réaliste de vos produits. 
✅ Packaging design.
Pour toute étude personnalisée, veuillez contacter nos experts au : 
Mobile + whatsapp : +216 96 357 457 
Facebook : www.facebook.com/24.7.digital.design.tunisie 
instagram : www.instagram.com/247digitaldesign/ 
Linkedin : www.linkedin.com/company/11547031/
#Webdesign #siteweb #logo #chartegraphique #graphicdesign #smo #conception3d #packaging #branding #sitevitrine #ecommerce",0,0,,2024-08-21T09:00:32.000Z,https://www.instagram.com/p/C-7Rjsyv2Io/,"['Webdesign', 'siteweb', 'logo', 'chartegraphique', 'graphicdesign', 'smo', 'conception3d', 'packaging', 'branding', 'sitevitrine', 'ecommerce']",français,promotionnel,services digitaux,Conception 3D,générer des prospects,"Webdesign, siteweb, logo, chartegraphique, graphicdesign, smo, conception3d, packaging, branding, sitevitrine, ecommerce",positif
Emmak Prod,instagram,"Le succès de Digibook est avant tout celui de chaque jeune qui a osé faire le premier pas.
Et nous sommes fiers d’avoir contribué à cette naissance.

#emmakprod #contentcreation",9,4,,2026-03-03T09:15:43.000Z,https://www.instagram.com/p/DVarmzICrzM/,"['emmakprod', 'contentcreation']",fr,texte,succès,content creation,notoriété,"emmakprod, contentcreation",positive
Emmak Prod,instagram,"Si tu portes une idée…
et que tu sens qu’elle mérite plus que de rester dans ta tête,
alors cet espace est pour toi.

Chez @digibook.tn , nous ne créons pas seulement du contenu…
nous révélons une voix, une vision et un impact.
Nous t’accompagnons pour passer de penseur silencieux
à créateur qui s’exprime, influence et inspire.

Le monde n’a pas besoin de plus de spectateurs…
mais de ceux qui osent dire ce qui doit être dit.

#emmakprod #ContentCreation",5,0,,2026-04-28T11:02:08.000Z,https://www.instagram.com/p/DXrES2GjO-z/,"['emmakprod', 'ContentCreation']",fr,texte,inspiration et empowerment,création de contenu,inciter les utilisateurs à passer de l'idée à la création et à s'engager avec l'agence,"emmakprod, ContentCreation",positif
ACM Marketing Tunisie,instagram,"💻💨 Tout ce dont vous avez besoin, c'est d'un coup de pouce digital ! Chez ACM Marketing, nous sommes là pour propulser votre présence en ligne vers de nouveaux sommets. Prêts à faire décoller votre entreprise ? Contactez-nous dès aujourd'hui ! 🚀✨ 

📞 73 367 402
💻 www.acm-marketing.tn
✉️ contact@acm-marketing.com
📌 Avenue yasser arafet sahloul, Sousse, Tunisia

#acmmarketing #acmmarketing #DigitalPush #SuccèsNumérique #Créativité #InnovationDigitale #RéussiteEnLigne #Design #Visibilité #CroissanceDesAffaires #CréationDeSiteWeb #SiteWeb #PrésenceEnLigne #marketing #marketingtips #marketingtips #marketingagency #marketingonline #marketingdigital #marketingdigital #marketingstrategy #marketingstrategy #marketingstrategies #MarketingSuccess #marketingstrategies #marketingdigitalbrasil #digital #digital #digitalart #digitalartist",2,0,,2024-02-17T14:26:05.000Z,https://www.instagram.com/p/C3c69U_ouk2/,"['acmmarketing', 'DigitalPush', 'SuccèsNumérique', 'Créativité', 'InnovationDigitale', 'RéussiteEnLigne', 'Design', 'Visibilité', 'CroissanceDesAffaires', 'CréationDeSiteWeb', 'SiteWeb', 'PrésenceEnLigne', 'marketing', 'marketingtips', 'marketingagency', 'marketingonline', 'marketingdigital', 'marketingstrategy', 'marketingstrategies', 'MarketingSuccess', 'marketingdigitalbrasil', 'digital', 'digitalart', 'digitalartist']",fr,promotionnel,Marketing digital,Création de site web,Acquisition de clients,"acmmarketing, DigitalPush, SuccèsNumérique, Créativité, InnovationDigitale, RéussiteEnLigne, Design, Visibilité, CroissanceDesAffaires, CréationDeSiteWeb, SiteWeb, PrésenceEnLigne, marketing, marketingtips, marketingagency, marketingonline, marketingdigital, marketingstrategy, marketingstrategies, MarketingSuccess, marketingdigitalbrasil, digital, digitalart, digitalartist",positif
24-7 Digital Design,instagram,"⭐️⭐️ Notre réalisation ⭐️⭐️ :
Roll-up pour notre client 🎖 SAPI BEAUX ARTS 🎖
Veuillez consulter nos projets réalisés sur notre site web:
🌐 www.24-7digital.com.tn
24-7 Digital Design est votre meilleur partenaire pour réaliser votre:
✅ Site Web.
✅ Application Web & Mobile
✅ Branding , logo et Charte graphique.
✅ Conception de vos supports de communication.
✅ Gestion de vos réseaux sociaux.
✅ Modélisation 3D et rendu réaliste de vos produits.
✅ Packaging design.
Pour toute étude personnalisée, veuillez contacter nos experts au :
Mobile + whatsapp : +216 96 357 457
Facebook : www.facebook.com/24.7.digital.design.tunisie
instagram : www.instagram.com/247digitaldesign/
Linkedin : www.linkedin.com/company/11547031/
#Webdesign #siteweb #logo #chartegraphique #graphicdesign #smo #conception3d #packaging #branding #sitevitrine #ecommerce Voir moins",0,0,,2024-09-10T09:00:23.000Z,https://www.instagram.com/p/C_uxcFBI11v/,"['Webdesign', 'siteweb', 'logo', 'chartegraphique', 'graphicdesign', 'smo', 'conception3d', 'packaging', 'branding', 'sitevitrine', 'ecommerce']",français,promotionnel,portfolio,design graphique,acquisition de clients,"Webdesign, siteweb, logo, chartegraphique, graphicdesign, smo, conception3d, packaging, branding, sitevitrine, ecommerce",positif
Digital Market,instagram,"Access systems isometric flowchart.
#smallbusiness #SmallBiz #entrepreneur #ecommerce #SocialMedia #SMM #GrowthHacking #DigitalMarketing #dropshipping #dropship #onlinelearning #startups #tech #IoT #guide #Review",1,0,,2019-12-19T06:36:30.000Z,https://www.instagram.com/p/B6PoJP3gSph/,"['smallbusiness', 'SmallBiz', 'entrepreneur', 'ecommerce', 'SocialMedia', 'SMM', 'GrowthHacking', 'DigitalMarketing', 'dropshipping', 'dropship', 'onlinelearning', 'startups', 'tech', 'IoT', 'guide', 'Review']",en,infographic,technology,system design,educational,"smallbusiness, SmallBiz, entrepreneur, ecommerce, SocialMedia, SMM, GrowthHacking, DigitalMarketing, dropshipping, dropship, onlinelearning, startups, tech, IoT, guide, Review",neutral
24-7 Digital Design,instagram,"⭐️⭐️ Notre réalisation ⭐️⭐️ :
Site Web pour notre client 🎖 WINCOM 🎖
Veuillez consulter nos projets réalisés sur notre site web: 
🌐 www.24-7digital.com.tn
24-7 Digital Design est votre meilleur partenaire pour réaliser votre: 
✅ Site Web. 
✅ Application Web & Mobile
✅ Branding , logo et Charte graphique. 
✅ Conception de vos supports de communication. 
✅ Gestion de vos réseaux sociaux. 
✅ Modélisation 3D et rendu réaliste de vos produits. 
✅ Packaging design.
Pour toute étude personnalisée, veuillez contacter nos experts au : 
Mobile + whatsapp : +216 96 357 457 
Facebook : www.facebook.com/24.7.digital.design.tunisie 
instagram : www.instagram.com/247digitaldesign/ 
Linkedin : www.linkedin.com/company/11547031/
#Webdesign #siteweb #logo #chartegraphique #graphicdesign #smo #conception3d #packaging #branding #sitevitrine #ecommerce",0,0,,2024-08-30T09:00:31.000Z,https://www.instagram.com/p/C_SctdQMCfJ/,"['Webdesign', 'siteweb', 'logo', 'chartegraphique', 'graphicdesign', 'smo', 'conception3d', 'packaging', 'branding', 'sitevitrine', 'ecommerce']",fr,promotionnel,présentation de projet web,développement web,générer des leads et promouvoir les services digitaux,"Webdesign, siteweb, logo, chartegraphique, graphicdesign, smo, conception3d, packaging, branding, sitevitrine, ecommerce",positif
24-7 Digital Design,instagram,"⭐️⭐️ Notre réalisation ⭐️⭐️ :
Conception 3D d'une Unité de vente mobile
Veuillez consulter nos projets réalisés sur notre site web:
🌐 www.24-7digital.com.tn
24-7 Digital Design est votre meilleur partenaire pour réaliser votre:
✅ Site Web.
✅ Application Web & Mobile
✅ Branding , logo et Charte graphique.
✅ Conception de vos supports de communication.
✅ Gestion de vos réseaux sociaux.
✅ Modélisation 3D et rendu réaliste de vos produits.
✅ Packaging design.
Pour toute étude personnalisée, veuillez contacter nos experts au :
Mobile + whatsapp : +216 96 357 457
Facebook : www.facebook.com/24.7.digital.design.tunisie
instagram : www.instagram.com/247digitaldesign/
Linkedin : www.linkedin.com/company/11547031/
#Webdesign #siteweb #logo #chartegraphique #graphicdesign #smo #conception3d #packaging #branding #sitevitrine #ecommerce Voir moins",0,0,,2024-09-14T09:00:26.000Z,https://www.instagram.com/p/C_5EoE9J9nh/,"['Webdesign', 'siteweb', 'logo', 'chartegraphique', 'graphicdesign', 'smo', 'conception3d', 'packaging', 'branding', 'sitevitrine', 'ecommerce']",français,promotionnel,conception 3D et services digitaux,"Conception 3D, site web, application mobile, branding, packaging",générer des leads et promouvoir les services de l'agence,"Webdesign, siteweb, logo, chartegraphique, graphicdesign, smo, conception3d, packaging, branding, sitevitrine, ecommerce",positif
Emmak Prod,instagram,"Donnez à vos idées l'espace qu'elles méritent. Rendez-vous dans nos studios !

📍 Emmak Prod - Sousse

#EmmakProd #VideoEditing #UGC",81,7,,2026-03-24T10:46:21.000Z,https://www.instagram.com/p/DWQ6rR2gbJ2/,"['EmmakProd', 'VideoEditing', 'UGC']",fr,promotionnel,studio créatif,location de studio vidéo,inciter à réserver le studio,"EmmakProd, VideoEditing, UGC",positive
ACM Marketing Tunisie,instagram,"🕊️✨ En cette Journée Internationale de la Paix, ACM Marketing célèbre l'harmonie et la coopération. Ensemble, construisons un monde numérique plus pacifique et inclusif. 🌍💙 

#ACMMarketing #JournéeDeLaPaix #HarmonieDigitale 🕊️✨",1,0,,2023-09-21T09:01:21.000Z,https://www.instagram.com/p/CxcrWmSoulH/,"['ACMMarketing', 'JournéeDeLaPaix', 'HarmonieDigitale']",fr,texte,Paix et harmonie digitale,communication digitale,notoriété de marque,"ACMMarketing, JournéeDeLaPaix, HarmonieDigitale",positif
E2BUSINESS CONSULTING,instagram,"Témoignage Formation IA Agentique, merci à toute l’équipe de la société Tunisie Silicone #Claude #anthropic #agentique",14,0,,2026-05-04T21:01:25.000Z,https://www.instagram.com/p/DX7Un9DOKNa/,"['Claude', 'anthropic', 'agentique']",fr,témoignage,formation IA,formation IA,remerciement,"Claude, anthropic, agentique",positif
E2BUSINESS CONSULTING,instagram,Offre : ai developer,7,0,,2026-03-11T21:00:23.000Z,https://www.instagram.com/p/DVwikkkjGzT/,[],fr,offre d'emploi,recrutement,développement IA,recruter un développeur IA,,neutre
Emmak Prod,instagram,"Faire partie de ceux qui obtiennent des résultats, c’est décider de passer à l’action avec méthode :

Une stratégie claire.

Un contenu professionnel.

Une communication cohérente.

Des objectifs précis.

Ne laissez plus votre croissance au hasard. Ne laissez plus votre image dépendre d’improvisations.

Le succès n’est pas réservé aux autres. Il appartient à ceux qui décident d’agir.

Vous avez déjà perdu trop de temps.
Maintenant, choisissez d’avancer 

#emmakprod #digitalmarketing",1,0,,2026-02-14T11:53:37.000Z,https://www.instagram.com/p/DUvMNrADYYm/,"['emmakprod', 'digitalmarketing']",fr,texte,motivation et croissance digitale,"marketing digital (stratégie, contenu, communication)",inciter à l'action et promouvoir les services de l'agence,"emmakprod, digitalmarketing",positif
Digital Market,instagram,#contentmarketing #SMM #business #InboundMarketing #Analytics #Entrepreneur #SocialMedia #BigData #PPC,3,0,,2019-12-18T09:14:05.000Z,https://www.instagram.com/p/B6NVYiEATtH/,"['contentmarketing', 'SMM', 'business', 'InboundMarketing', 'Analytics', 'Entrepreneur', 'SocialMedia', 'BigData', 'PPC']",fr,texte,marketing digital,Content Marketing,notoriété,"contentmarketing, SMM, business, InboundMarketing, Analytics, Entrepreneur, SocialMedia, BigData, PPC",neutre
ACM Marketing Tunisie,instagram,"🌐 Vous avez besoin d'un site web pour votre entreprise ? ACM Marketing vous accompagne dans sa création !

Votre présence en ligne est cruciale pour atteindre de nouveaux sommets. Si vous envisagez de créer un site web pour votre entreprise, faites confiance à ACM Marketing, votre partenaire de confiance en marketing digital.

Nous vous offrons notre expertise pour vous aider à :

✅ Concevoir un site web professionnel et attrayant.
✅ Personnaliser votre site en fonction de vos besoins.
✅ Optimiser la convivialité et la performance de votre site.
✅ Assurer une expérience utilisateur exceptionnelle.
✅ Suivre et maintenir votre site pour des résultats durables.

☎️ 73 367 402
💻 www.acm-marketing.tn
✉️ contact@acm-marketing.com
📌 Avenue yasser arafet sahloul, Sousse, Tunisia

#ACMMarketing #CréationDeSiteWeb #SiteWeb #PrésenceEnLigne #marketing #marketingtips #marketingtips #marketingagency #marketingonline #marketingdigital #marketingdigital #marketingstrategy #marketingstrategy #marketingstrategies #MarketingSuccess #marketingstrategies #marketingdigitalbrasil #digital #digital #digitalart #digitalartist",1,1,,2023-10-04T10:36:20.000Z,https://www.instagram.com/p/Cx-Ujm2o8wY/,"['ACMMarketing', 'CréationDeSiteWeb', 'SiteWeb', 'PrésenceEnLigne', 'marketing', 'marketingtips', 'marketingagency', 'marketingonline', 'marketingdigital', 'marketingstrategy', 'marketingstrategies', 'MarketingSuccess', 'marketingdigitalbrasil', 'digital', 'digitalart', 'digitalartist']",fr,promotionnel,Création de site web,Création de site web,Acquisition de clients,"ACMMarketing, CréationDeSiteWeb, SiteWeb, PrésenceEnLigne, marketing, marketingtips, marketingagency, marketingonline, marketingdigital, marketingstrategy, marketingstrategies, MarketingSuccess, marketingdigitalbrasil, digital, digitalart, digitalartist",positif
Digital Market,instagram,"🔴 #للباعثين_الشبان_ورواد_الأعمال_بتونس🇹🇳👥💱:
✅#رسميا🆕: إطلاق اول منصة رقمية: Financini 
www.financini.org.tn 
بكل من #تونس/#المغرب/و #السينغال لريادة الأعمال وتمويل المؤسسات الصغرى والمتوسطة (PME) وكذلك الشركات الناشئة ، تضم : ❇ قرابة 200 مؤسسة تمويل للشركات وبعث المشاريع الرائدة .
❇ أكثر من 162 برنامج يستهدف عالم بعث المشاريع والشركات الناشئة.
❇ عديد فرص الإستثمار لبعث مشاريع وتكوين شركات ناشئة لفائدة باعثين شبان ورواد أعمال من تونس والخارج.
🔴#Aux_jeunes_entrepreneurs_et_startappeurs_en_Tunisie 🇹🇳👥💱:
✅ #Officiel🆕: lancement de #financini qui est la 1ère plateforme en ligne : www.financini.org.tn
qui couvre la #Tunisie/ le #Sénégal / le #Maroc ,et qui regroupe: ❇ 200 mécanismes de financement des #PME et #Start_ups
❇ 162 programmes ❇ Plusieurs opportunités d'investissement dans les domaines de l' #Entrepreunariat et #création des #Start_ups mises aux disposition des entrepreneurs et investisseurs tunisiens et étrangers. 🆖:#Financini est un projet de DiafrikInvest",1,0,,2019-12-19T05:59:04.000Z,https://www.instagram.com/p/B6Pj3CxgO_i/,"['للباعثين_الشبان_ورواد_الأعمال_بتونس🇹🇳👥💱:', 'رسميا🆕:', 'تونس/', 'المغرب/و', 'السينغال', 'Aux_jeunes_entrepreneurs_et_startappeurs_en_Tunisie', 'Officiel🆕:', 'financini', 'Tunisie/', 'Sénégal', 'Maroc', 'PME', 'Start_ups', 'Entrepreunariat', 'création', 'Financini']",ar,annonce,entrepreneuriat,plateforme de financement Financini,Informer les jeunes entrepreneurs et investisseurs sur la nouvelle plateforme de financement et les inciter à l'utiliser,"للباعثين_الشبان_ورواد_الأعمال_بتونس🇹🇳👥💱, رسميا🆕, تونس/, المغرب/و, السينغال, Aux_jeunes_entrepreneurs_et_startappeurs_en_Tunisie, Officiel🆕, financini, Tunisie/, Sénégal, Maroc, PME, Start_ups, Entrepreunariat, création, Financini",positive
ACM Marketing Tunisie,instagram,"🌙✨ مولد نبوي مبارك! ✨🌙

في يوم ميلاد خير البشر، نتمنى للجميع أوقات سعيدة ومميزة.

👉 Contactez-nous dès maintenant pour en savoir plus d'informations :
☎️ 73 367 402
💻 www.acm-marketing.tn
✉️ contact@acm-marketing.com
📌 Avenue yasser arafet sahloul, Sousse, Tunisia

#ACMMarketing #مولد_نبوي_مبارك  #stratégiemarketing #siteweb #marketing #marketing #marketingtips #marketingtips #marketingagency #marketingonline #marketingdigital #marketingdigital #marketingstrategy #marketingstrategy #marketingstrategies #MarketingSuccess #marketingstrategies #marketingdigitalbrasil #digital #digital #digitalart #digitalartist",2,0,,2023-09-27T06:00:09.000Z,https://www.instagram.com/p/CxrzYoWIE7V/,"['ACMMarketing', 'مولد_نبوي_مبارك', 'stratégiemarketing', 'siteweb', 'marketing', 'marketingtips', 'marketingagency', 'marketingonline', 'marketingdigital', 'marketingstrategy', 'marketingstrategies', 'MarketingSuccess', 'marketingdigitalbrasil', 'digital', 'digitalart', 'digitalartist']",ar,promotion,Mawlid,marketing digital,générer des leads,"ACMMarketing, مولد_نبوي_مبارك, stratégiemarketing, siteweb, marketing, marketingtips, marketingagency, marketingonline, marketingdigital, marketingstrategy, marketingstrategies, MarketingSuccess, marketingdigitalbrasil, digital, digitalart, digitalartist",positive
Emmak Prod,instagram,"Ici, chaque détail compte…
Des idées qui prennent vie 
Des équipements qui capturent chaque instant 
Une équipe passionnée qui transforme chaque projet en expérience unique 

Entre créativité, énergie et moments authentiques, c’est bien plus qu’un tournage… c’est une ambiance, une vision, une histoire qu’on construit ensemble 

Bienvenue dans notre univers. 

#EmmakProd #BehindTheScenes #Créativité #Tournage",45,17,,2026-03-25T20:36:08.000Z,https://www.instagram.com/p/DWUi9jlGBjb/,"['EmmakProd', 'BehindTheScenes', 'Créativité', 'Tournage']",fr,texte,behind the scenes,production vidéo,notoriété et engagement,"EmmakProd, BehindTheScenes, Créativité, Tournage",positif
,instagram,"⁨	⁨	⁨	لا كانتلو لا على البال و لا على الخاطر 🤣
شقولكم في الـ surprise ؟ 😎⁩⁩
ويني mildew-proof؟⁩",45331,1089,,2026-06-13T17:17:33.000Z,https://www.instagram.com/p/DZiLqXwFbZJ/,[],ar,image,humour,promotion produit,engagement,,positive
ACM Marketing Tunisie,instagram,"🚀 Boostez votre entreprise avec ACM Marketing ! 🌟
Profitez de solutions de sponsoring sur mesure pour briller. 💡
📈 Notre expertise en marketing à votre service pour atteindre vos objectifs.
Votre succès, notre priorité. 🎯

☎️ 73 367 402
💻 www.acm-marketing.tn
✉️ contact@acm-marketing.com
📌 Avenue yasser arafet sahloul, Sousse, Tunisia

#ACMMarketing #SponsoringEntreprise #PartenariatsStratégiques #Visibilité #CroissanceDesAffaires #CréationDeSiteWeb #SiteWeb #PrésenceEnLigne #marketing #marketingtips #marketingtips #marketingagency #marketingonline #marketingdigital #marketingdigital #marketingstrategy #marketingstrategy #marketingstrategies #MarketingSuccess #marketingstrategies #marketingdigitalbrasil #digital #digital #digitalart #digitalartist",4,1,,2023-10-27T09:56:23.000Z,https://www.instagram.com/p/Cy5eRJvoRwU/,"['ACMMarketing', 'SponsoringEntreprise', 'PartenariatsStratégiques', 'Visibilité', 'CroissanceDesAffaires', 'CréationDeSiteWeb', 'SiteWeb', 'PrésenceEnLigne', 'marketing', 'marketingtips', 'marketingagency', 'marketingonline', 'marketingdigital', 'marketingstrategy', 'marketingstrategies', 'MarketingSuccess', 'marketingdigitalbrasil', 'digital', 'digitalart', 'digitalartist']",fr,promotionnel,sponsoring d'entreprise,sponsoring,augmenter la visibilité et attirer des clients,"ACMMarketing, SponsoringEntreprise, PartenariatsStratégiques, Visibilité, CroissanceDesAffaires, CréationDeSiteWeb, SiteWeb, PrésenceEnLigne, marketing, marketingtips, marketingagency, marketingonline, marketingdigital, marketingstrategy, marketingstrategies, MarketingSuccess, marketingdigitalbrasil, digital, digitalart, digitalartist",positif
Digital Market,instagram,"Vous souhaitez créer votre #site #web et ou #App #Mobile? construire votre #stratégie #digitale ou concevoir votre #identité #visuelle?
Contactez très vite #digital_marketing_tunisia!
contact@digimarket.tn
+216 97732156
#graphicdesign #design #illustration #flyer #branding #creative #designer #tunisia #TUN #wordpress #webdeveloper #website #webdev #php #business #marketing #seo #sea #sem #icstartup",3,0,,2019-12-30T12:04:05.000Z,https://www.instagram.com/p/B6siQ5iA3Xy/,"['site', 'web', 'App', 'Mobile?', 'stratégie', 'digitale', 'identité', 'visuelle?', 'digital_marketing_tunisia!', 'graphicdesign', 'design', 'illustration', 'flyer', 'branding', 'creative', 'designer', 'tunisia', 'TUN', 'wordpress', 'webdeveloper', 'website', 'webdev', 'php', 'business', 'marketing', 'seo', 'sea', 'sem', 'icstartup']",français,promotionnel,développement web,"création site web, application mobile, stratégie digitale, identité visuelle",générer des leads,"site, web, App, Mobile, stratégie, digitale, identité, visuelle, digital_marketing_tunisia, graphicdesign, design, illustration, flyer, branding, creative, designer, tunisia, TUN, wordpress, webdeveloper, website, webdev, php, business, marketing, seo, sea, sem, icstartup",positif
Kyubi Digital,instagram,C’est souvent là que ça bloque... 🔐,8,0,,2026-02-04T12:36:26.000Z,https://www.instagram.com/p/DUVhKl9DpyQ/,[],fr,texte,blocage,,engagement,,negative
MUSE Agency,instagram,"Une installation immersive pour Volvo au Mall of Sousse 🚗✨

Design, expérience et émotion au cœur du dispositif, avec une activation Test Drive qui transforme la découverte en vraie expérience.

#Volvo #MallOfSousse #TestDrive #BrandExperience #MuseAgency",20,0,,2026-04-03T20:53:45.000Z,https://www.instagram.com/p/DWrv8EYitN5/,"['Volvo', 'MallOfSousse', 'TestDrive', 'BrandExperience', 'MuseAgency']",fr,image,automobile,brand activation,augmenter la notoriété de la marque et encourager les test drives,"Volvo, MallOfSousse, TestDrive, BrandExperience, MuseAgency",positive
Kyubi Digital,instagram,Nothing moves after that.,7,0,,2026-02-10T12:08:16.000Z,https://www.instagram.com/p/DUk6tcnlGFJ/,[],anglais,texte,philosophique,,engagement,,negatif
E2BUSINESS CONSULTING,instagram,Un autre témoignage de notre formation IA agentqiue pour les entreprises. Durant cette session les participants ont vu comment l’IA les a aidé à gagner du temps et de productivité,15,3,,2026-05-11T07:44:10.000Z,https://www.instagram.com/p/DYML2HGuiwM/,[],fr,texte,intelligence artificielle,formation IA,promouvoir la formation IA et démontrer les gains de temps et de productivité,,positive
ACM Marketing Tunisie,instagram,"📚✨ Bonne rentrée scolaire à nos futurs leaders ! ✨📚

Chez ACM Marketing, nous croyons en l'éducation et l'avenir brillant de nos enfants. Que cette année scolaire soit remplie de succès et de découvertes pour eux.

N'oubliez pas, nous sommes là pour vous aider à atteindre de nouveaux sommets dans le monde du marketing digital. Contactez-nous pour toute assistance !

#ACMMarketing #BonneRentrée #SuccèsScolaire",0,0,,2023-09-15T14:55:15.000Z,https://www.instagram.com/p/CxN3FViIgY5/,"['ACMMarketing', 'BonneRentrée', 'SuccèsScolaire']",fr,texte,rentrée scolaire et motivation,marketing digital,notoriété de marque et génération de leads,"ACMMarketing, BonneRentrée, SuccèsScolaire",positif
Emmak Prod,instagram,"Dans les coulisses de la Foire du Saheline !

Notre équipe était sur place pour capturer l’énergie, les rencontres et les histoires derrière chaque stand

Interviews, témoignages inspirants, moments spontanés et ambiance authentique… nous avons plongé au cœur de l’événement pour faire vivre l’expérience autrement.

Entre prises de vue, échanges avec les participants et backstage de tournage, ce reel vous montre l’envers du décor d’une journée riche en créativité et en passion. 

Merci à tous les exposants et visiteurs pour leur accueil et leurs témoignages. 

#BehindTheScenes #FoireDuSahel #ContentCreation #DigitalAgency #MarketingDigital #EventCoverage #ReelVideo #Tournage #Communication #CreativeTeam",13,0,,2026-05-06T19:45:14.000Z,https://www.instagram.com/p/DYAmicwEfXe/,"['BehindTheScenes', 'FoireDuSahel', 'ContentCreation', 'DigitalAgency', 'MarketingDigital', 'EventCoverage', 'ReelVideo', 'Tournage', 'Communication', 'CreativeTeam']",fr,reel,coulisses d'événement,couverture d'événement,renforcer la notoriété et l'engagement,"BehindTheScenes, FoireDuSahel, ContentCreation, DigitalAgency, MarketingDigital, EventCoverage, ReelVideo, Tournage, Communication, CreativeTeam",positive
ACM Marketing Tunisie,instagram,"🌸💗 En octobre, ACM Marketing se joint à la lutte contre le cancer du sein. Partagez votre soutien et votre amour envers toutes les femmes touchées par cette maladie. Ensemble, nous pouvons faire la différence ! 💪💕🌸💗

☎️ 73 367 402
💻 www.acm-marketing.tn
✉️ contact@acm-marketing.com
📌 Avenue yasser arafet sahloul, Sousse, Tunisia

#OctobreRose #ACMMarketing #SoutienauxFemmes",2,0,,2023-10-02T08:15:01.000Z,https://www.instagram.com/p/Cx46y0tI1o7/,"['OctobreRose', 'ACMMarketing', 'SoutienauxFemmes']",fr,image,Cancer du sein,RSE,Sensibiliser et soutenir les femmes atteintes du cancer du sein,"OctobreRose, ACMMarketing, SoutienauxFemmes",positive
Kyubi Digital,instagram,"On lui propose l’audace, il préfère le déjà-vu.
on ne peut pas vouloir sortir du lot… en restant dans sa zone de confort 

Chez KYUBI, on travaille avec ceux qui osent vraiment. 🔥

#LaVéritéDuMardi #Oser #Be #Creative",7,0,,2026-04-14T12:31:03.000Z,https://www.instagram.com/p/DXHLZipFtKC/,"['LaVéritéDuMardi', 'Oser', 'Be', 'Creative']",français,citation,Oser,Création digitale,Acquisition de clients audacieux,"LaVéritéDuMardi, Oser, Be, Creative",positif
Kyubi Digital,instagram,L’opinion fait du bruit. La décision fait avancer.,11,0,,2026-02-12T14:35:26.000Z,https://www.instagram.com/p/DUqVJHWD2fK/,[],fr,texte,motivation,stratégie,notoriété,,positif
Digital Market,instagram,"Digital marketing tunisia provides comprehensive digital marketing services that brings in higher customer numbers hence enhancing the business reach for better growth.

#digitalmarketingtunisia #service #appdevelopment #applicationdevelopment #androiddevelopment #marketingdigital #startup #marketingtips #ppc #digitalmarketingagency",3,0,,2020-01-05T03:27:35.000Z,https://www.instagram.com/p/B67D8_4giFG/,"['digitalmarketingtunisia', 'service', 'appdevelopment', 'applicationdevelopment', 'androiddevelopment', 'marketingdigital', 'startup', 'marketingtips', 'ppc', 'digitalmarketingagency']",en,promotionnel,digital marketing,digital marketing services,acquisition de clients et croissance de l'entreprise,"digitalmarketingtunisia, service, appdevelopment, applicationdevelopment, androiddevelopment, marketingdigital, startup, marketingtips, ppc, digitalmarketingagency",positive
Digital Market,instagram,"@voguemagazine @womanslook
@globalinfluenceragency @chicnyc
@britishvogue @vogueparis
@vogueitalia @voguegermany @vogueaustralia @international_coach_start_up
@digital_marketing_tunisia",3,0,,2020-01-01T00:30:26.000Z,https://www.instagram.com/p/B6wcirRggBv/,[],français,texte,mode,marketing_digital,visibilité,,neutre
Pi 2r,instagram,"Ne vous laissez pas définir par les autres, définissez-vous vous-même 
Simone de Beauvoir🌸",7,0,,2025-03-08T11:51:21.000Z,https://www.instagram.com/p/DG7_QuTMxun/,[],fr,citation,motivation,,inspirer,,positive
Emmak Prod,instagram,"#EmmakProd, on crée des moments, des échanges et des histoires qui méritent d’être racontées.

Studio. Caméras. Ambiance.
Et des invités qui ont des choses à dire.

Stay tuned… les épisodes arrivent

#PodcastStudio #PodcastTunisie #EmmakProd #ContentCreation #StudioPodcast #DigitalContent #MarketingDigital #BehindTheScenes",335,85,,2026-03-12T12:54:16.000Z,https://www.instagram.com/p/DVyPxzNDJnF/,"['EmmakProd,', 'PodcastStudio', 'PodcastTunisie', 'EmmakProd', 'ContentCreation', 'StudioPodcast', 'DigitalContent', 'MarketingDigital', 'BehindTheScenes']",français,caption,Podcast et création de contenu,Studio d'enregistrement podcast,"Promouvoir le studio, annoncer les prochains épisodes et attirer des clients","EmmakProd, PodcastStudio, PodcastTunisie, ContentCreation, StudioPodcast, DigitalContent, MarketingDigital, BehindTheScenes",positif
Emmak Prod,instagram,"La création de contenu ne se limite pas à filmer ou publier des vidéos. C’est avant tout une responsabilité et une manière de transmettre des valeurs et des idées qui peuvent avoir un véritable impact.

C’est dans cet esprit que nous avons été particulièrement heureux de contribuer à la réussite du projet Digibook, un club qui réunit les passionnés par la création d’un contenu utile, porteur de sens et de valeurs.

Voir les participants prendre confiance, exprimer leurs idées et découvrir leur potentiel à travers l’image et la création a été pour nous une grande source de motivation.

Nous croyons profondément à l’importance de soutenir ce type d’initiatives et de continuer à encourager les projets qui ouvrent de nouvelles perspectives pour une création de contenu plus consciente et plus inspirante.

@digibook.tn … une nouvelle étape vers une génération qui crée du contenu avec du sens

#emmakprod #contentcreator #digitalmarketing",337,94,,2026-03-07T11:40:40.000Z,https://www.instagram.com/p/DVlPXeME0fw/,"['emmakprod', 'contentcreator', 'digitalmarketing']",fr,texte,création de contenu responsable,création de contenu / marketing digital,mettre en avant l'engagement de l'agence dans des projets à forte valeur ajoutée et inspirer la communauté,"emmakprod, contentcreator, digitalmarketing",positif
ACM Marketing Tunisie,instagram,"🇹🇳💙 ACM Marketing célèbre la Fête de l'Évacuation en Tunisie, عيد الجلاء! 💙🇹🇳

En ce jour mémorable, nous honorons l'indépendance et la liberté du peuple tunisien. 🎉🗽 ACM Marketing est fier de soutenir la Tunisie dans son voyage vers un avenir prospère et numérique.

☎️ 73 367 402
💻 www.acm-marketing.tn
✉️ contact@acm-marketing.com
📌 Avenue yasser arafet sahloul, Sousse, Tunisia

#ACMMarketing #FêteDeLÉvacuation #عيد_الجلاء #Tunisie 🇹🇳💙",0,0,,2023-10-15T07:00:38.000Z,https://www.instagram.com/p/CyaQnf7sXw3/,"['ACMMarketing', 'FêteDeLÉvacuation', 'عيد_الجلاء', 'Tunisie']",français,image,Patriotisme et célébration nationale,Marketing digital,Notoriété de marque et engagement communautaire,"ACMMarketing, FêteDeLÉvacuation, عيد_الجلاء, Tunisie",positif
ACM Marketing Tunisie,instagram,"🌟 ""Le design n'est pas seulement une question d'apparence et de sensation, c'est aussi la manière dont cela fonctionne.""🌟

Steve Jobs - Cofondateur de l'entreprise Apple

Chez ACM Marketing, nous croyons en l'importance du design tant esthétique que fonctionnel pour le succès numérique. Nous sommes là pour vous aider à créer une expérience utilisateur exceptionnelle. 🖥️🚀

☎️ 73 367 402
💻 www.acm-marketing.tn
✉️ contact@acm-marketing.com
📌 Avenue yasser arafet sahloul, Sousse, Tunisia

#ACMMarketing #SteveJobs #Design #Visibilité #CroissanceDesAffaires #CréationDeSiteWeb #SiteWeb #PrésenceEnLigne #marketing #marketingtips #marketingtips #marketingagency #marketingonline #marketingdigital #marketingdigital #marketingstrategy #marketingstrategy #marketingstrategies #MarketingSuccess #marketingstrategies #marketingdigitalbrasil #digital #digital #digitalart #digitalartist",0,0,,2023-11-08T09:56:58.000Z,https://www.instagram.com/p/CzYX33QovFC/,"['ACMMarketing', 'SteveJobs', 'Design', 'Visibilité', 'CroissanceDesAffaires', 'CréationDeSiteWeb', 'SiteWeb', 'PrésenceEnLigne', 'marketing', 'marketingtips', 'marketingagency', 'marketingonline', 'marketingdigital', 'marketingstrategy', 'marketingstrategies', 'MarketingSuccess', 'marketingdigitalbrasil', 'digital', 'digitalart', 'digitalartist']",français,image,Design et expérience utilisateur,Design UI/UX,Générer des leads et visibilité,"ACMMarketing, SteveJobs, Design, Visibilité, CroissanceDesAffaires, CréationDeSiteWeb, SiteWeb, PrésenceEnLigne, marketing, marketingtips, marketingagency, marketingonline, marketingdigital, marketingstrategy, marketingstrategies, MarketingSuccess, marketingdigitalbrasil, digital, digitalart, digitalartist",positive
Pi 2r,instagram,"Aïd Moubarak à tous ❤️
Que vos journées soient remplies de joie et de réussite.",3,0,,2026-03-20T08:00:59.000Z,https://www.instagram.com/p/DWGUnjej_6a/,[],français,texte,fête religieuse,,engagement,,positif
Kyubi Digital,instagram,"🎬 Ensemble, nous avons donné vie aux idées d’Abida.
📸 Des shootings et tournages qui racontent bien plus qu’une histoire : une vision, une émotion et des collaborations avec des influenceurs impactants.
✨ Reach, visibilité, engagement… chaque campagne est un succès à partager.

🚀 Chez Kyubi Digital, Abida n’est pas juste un client — c’est un partenaire, une source d’inspiration. 💡

#KyubiDigital #StorytellingVisuel #CréationDeValeur #Partenariat 🤝",13,0,,2025-11-04T10:23:52.000Z,https://www.instagram.com/p/DQoY0aVk-cW/,"['KyubiDigital', 'StorytellingVisuel', 'CréationDeValeur', 'Partenariat']",fr,visuel,Storytelling et partenariat,Production de contenu visuel,"Accroître la visibilité, le reach et l'engagement tout en renforçant le partenariat client","KyubiDigital, StorytellingVisuel, CréationDeValeur, Partenariat",positif
Pi 2r,instagram,"Question aux #Entrepreneurs : Comment comptez-vous utiliser votre été pour faire avancer votre business ? 🤔

Dites-nous en commentaire ou participez à notre sondage ! 👇

Détente totale 🏖️ 
Planification stratégique 📈 
Un peu des deux !

#été  #stratégie #objectifréussite",6,1,,2025-07-15T12:55:41.000Z,https://www.instagram.com/p/DMIRKl6K55H/,"['Entrepreneurs', 'été', 'stratégie', 'objectifréussite']",fr,question,entrepreneuriat,stratégie d'entreprise,engagement communautaire,"Entrepreneurs, été, stratégie, objectifréussite",positif
Pi 2r,instagram,"☀️ L’été, c’est le moment ou jamais pour s’occuper (enfin) de votre site web !
Quand les autres lèvent le pied, vous pouvez prendre de l’avance et préparer une rentrée performante.
🧠 C’est le bon moment pour :�✅ Repenser votre présence en ligne�✅ Clarifier votre message commercial�✅ Mettre toutes les chances de votre côté dès septembre pour atteindre vos objectifs business

🚀 Pi 2r, vous accompagne avec une offre exceptionnelle clés en main 👉 Contactez-nous

😶‍🌫️ Pas encore convaincu ? Cliquez sur le 1er lien dans la BIO",2,0,,2025-07-21T12:20:10.000Z,https://www.instagram.com/p/DMXp4i1uJTD/,[],fr,texte,promotion estivale,refonte site web,acquisition de leads,,positif
Emmak Prod,instagram,"Précision. Stratégie. Résultats.

Dans un monde où chaque détail compte, atteindre son objectif n’est pas un hasard… c’est une question de précision.

Avec une approche ciblée et une vision claire, chaque action devient un pas vers le succès 

With our precision, hit your goal

#EmmakProd #MarketingDigital #Stratégie #Créativité #Performance #Design #Success",16,1,,2026-03-27T18:02:05.000Z,https://www.instagram.com/p/DWZa-IxAjv7/,"['EmmakProd', 'MarketingDigital', 'Stratégie', 'Créativité', 'Performance', 'Design', 'Success']",Français,Texte,Stratégie marketing,Marketing digital,Acquisition de clients,"EmmakProd, MarketingDigital, Stratégie, Créativité, Performance, Design, Success",Positif
Pi 2r,instagram,"☀️ Avec le calme de l'été, vous avez enfin le temps de respirer… et de réfléchir !

C’est le moment idéal pour faire le point, clarifier votre besoin, et poser les bases solides pour avoir un site web qui véhicule une image professionnelle — sans la pression du quotidien.

🚀 Pi 2r, vous accompagne avec une offre exceptionnelle clés en main 👉 Demandez à recevoir l’offre complète !

😶‍🌫️ Pas encore convaincu ? Allez  dans la BIO pour voir ce que vous risquez à attendre !",4,0,,2025-07-25T09:31:10.000Z,https://www.instagram.com/p/DMhptNHSuzT/,[],fr,texte,promotion de service web,création de site web,générer des leads,,positif
MUSE Agency,instagram,"Production complète pour Vacation 🌴
Tournage & shooting produit skincare pensés pour sublimer chaque détail, entre lumière, texture et sensorialité ✨
Un univers visuel frais et immersif au service d’une marque forte 💫 @vacation_tunisia",9,0,,2026-03-30T17:51:46.000Z,https://www.instagram.com/p/DWhH3kzikww/,[],fr,production vidéo,beauté skincare,tournage et shooting produit,valorisation du produit et renforcement de la marque,,positif
Pi 2r,instagram,"L'équipe #Pi2r vous souhaite une joyeuse fête de 𝐀𝐢̈𝐝-𝐀𝐥-𝐀𝐝𝐡𝐡𝐚 ❤️
إن شاء الله عيدكم مبروك و سنين دائمة 🌜
#AidMubarak #Aid2025",3,0,,2025-06-06T11:43:30.000Z,https://www.instagram.com/p/DKjt8PyM4mQ/,"['Pi2r', 'AidMubarak', 'Aid2025']",français,texte,fête religieuse,community management,vœux de fête,"Pi2r, AidMubarak, Aid2025",positif
Pi 2r,instagram,"L'été rime avec détente, mais pour les entrepreneurs, c'est aussi le moment parfait pour prendre de l'avance ! 

🚀 Vous avez plus de temps l’été pour vous concentrer sur ce qui compte : atteindre vos objectifs de fin d'année ! 

Découvrez les 3 Bonnes Raisons de Propulser Votre Site Web Cet Été dans la BIO
 
#été #stratégie #objectifs2025",532,1,,2025-07-18T12:36:42.000Z,https://www.instagram.com/p/DMP9anosoiL/,"['été', 'stratégie', 'objectifs2025']",fr,texte,entrepreneuriat été,optimisation site web,inciter les entrepreneurs à améliorer leur site web cet été pour atteindre leurs objectifs de fin d'année,"été, stratégie, objectifs2025",positif
E2BUSINESS CONSULTING,instagram,"Nous venons de clôturer l'analyse des performances web de cette fin d'année. Notre dernier classement du Top 20 des sites e-commerce en Tunisie révèle bien plus qu'une simple liste de gagnants : il dessine les tendances structurelles de notre marché e-commerce ""Formel"".

Voici les 3 insights majeurs que je retiens de notre étude :
1️⃣ Le ""Club du Million"" s'agrandit : La domination de la High-Tech est incontestable avec MyTek.tn qui trône à 1,9 million de visites, suivi de Tunisianet (1,4M). Mais la véritable performance, c'est la consolidation de l'EdTech : TakiAcademy se maintient sur le podium avec plus d'un million de visites, prouvant que la consommation de contenu éducatif est désormais ancrée dans les habitudes tunisiennes.

2️⃣ La bataille des canaux d'acquisition : En analysant nos données, on observe une stratégie binaire fascinante :
• Les leaders de la Tech (SpaceNet, MyTek, Samsung) verrouillent le marché grâce au SEO (souvent plus de 60%, voire 80% pour Samsung !).
• À l'inverse, les acteurs ""Lifestyle"" et Mode comme , laMode, Drest ou Peak Sports dépendent massivement du Social Media, qui représente jusqu'à 72% de leur trafic pour ce dernier.

3️⃣ La résilience des pure players : Malgré la présence d'enseignes physiques fortes comme Carrefour (19ème) ou Decathlon (11ème), ce sont les pure players locaux qui continuent de dicter le rythme de l'innovation et de l'acquisition trafic.

Conclusion : Ces chiffres de décembre 2025 ne sont pas anodins. Ils confirment que la maturité digitale des consommateurs tunisiens exige des stratégies d'acquisition de plus en plus tranchées.

Bravo à tous les acteurs de ce Top 20 qui font bouger les lignes ! 🇹🇳
Pour plus de détail, vous pouvez trouver l'analyse détaillée sur notre blog https://lnkd.in/dQpx4-S5
Hashtags : hashtag#E2BConsulting hashtag#Ecommerce hashtag#Tunisie hashtag#DataAnalytics hashtag#MarketingDigital hashtag#SEO hashtag#BusinessInsights hashtag#Top20 #2025",9,0,,2026-02-19T20:00:11.000Z,https://www.instagram.com/p/DU8731qDQB4/,"['E2BConsulting', 'Ecommerce', 'Tunisie', 'DataAnalytics', 'MarketingDigital', 'SEO', 'BusinessInsights', 'Top20', '2025']",fr,texte,analyse des performances e-commerce en Tunisie,analyse de performance web / data analytics,"informer et générer du trafic vers le blog, positionner l'agence comme experte","E2BConsulting, Ecommerce, Tunisie, DataAnalytics, MarketingDigital, SEO, BusinessInsights, Top20, 2025",positive
Kyubi Digital,instagram,Noise was never a strategy,8,0,,2026-02-07T10:59:15.000Z,https://www.instagram.com/p/DUdEbRFAkzz/,[],en,citation,stratégie marketing,branding,notoriété de marque,,positive
Jawhara PUB,instagram,"🚀 Boostez votre engagement avec des campagnes publicitaires ciblées sur les réseaux sociaux 🚀
Attirez et fidélisez votre audience en faisant passer votre message au bon moment.
Mail: 2021hagency@gmail.com
Infoline: 51 716 001
#Hagency #Tunisie #communication #digital #marketingdigital",0,0,,2024-06-02T17:32:04.000Z,https://www.instagram.com/p/C7uMgWgoEwX/,"['Hagency', 'Tunisie', 'communication', 'digital', 'marketingdigital']",fr,promotionnel,publicité sur les réseaux sociaux,campagnes publicitaires ciblées,augmenter l'engagement et fidéliser l'audience,"Hagency, Tunisie, communication, digital, marketingdigital",positif
E2BUSINESS CONSULTING,instagram,Lean startup,11,0,,2026-02-24T20:49:06.000Z,https://www.instagram.com/p/DVJ5YVcjtUn/,[],fr,texte,entrepreneuriat,lean startup,notoriété,,neutre
Digital Market,instagram,"🔴#للباعثين_الشبان_ورواد_الاعمال_بتونس🇹🇳👥💱:
✅#فيما_يلي: بطاقة تضم #مؤسسات موجودة بتونس توفر للشباب التونسي الطموح خدمات في:
#المرافقة/#الإحاطة/#التمويل_الغير_بنكي/#شبكات_وبرامج لتبني #أفكار_المشاريع_المجددة وبعث #الشركات_الناشئة(start-ups) بتونس🇹🇳.
🔴#Aux_jeunes_entrepreneurs_et_Startappeurs_en_Tunisie🇹🇳👥💱:
✅#Voici: La carte de l'écosystème d'accompagnement des #startups en #Tunisie🇹🇳: cad les mécanismes d: #Accompagnement/#Incubateurs/#Investisseurs de #financement_hors_banques/#coworking_space/ #internationnalisation des #startups_Tunisiennes🇹🇳
⏬⏬⏬⏬⏬⏬",1,0,,2019-12-19T06:02:38.000Z,https://www.instagram.com/p/B6PkRPZAB4i/,"['للباعثين_الشبان_ورواد_الاعمال_بتونس🇹🇳👥💱:', 'فيما_يلي:', 'مؤسسات', 'المرافقة/', 'الإحاطة/', 'التمويل_الغير_بنكي/', 'شبكات_وبرامج', 'أفكار_المشاريع_المجددة', 'الشركات_الناشئة(start-ups)', 'Aux_jeunes_entrepreneurs_et_Startappeurs_en_Tunisie🇹🇳👥💱:', 'Voici:', 'startups', 'Tunisie🇹🇳:', 'Accompagnement/', 'Incubateurs/', 'Investisseurs', 'financement_hors_banques/', 'coworking_space/', 'internationnalisation', 'startups_Tunisiennes🇹🇳']",français et arabe,information,entrepreneuriat et écosystème startup en Tunisie,"accompagnement, financement non bancaire, incubateurs, coworking, internationalisation",informative et promotion des ressources pour jeunes entrepreneurs tunisiens,"للباعثين_الشبان_ورواد_الاعمال_بتونس🇹🇳👥💱:, فيما_يلي:, مؤسسات, المرافقة/, الإحاطة/, التمويل_الغير_بنكي/, شبكات_وبرامج, أفكار_المشاريع_المجددة, الشركات_الناشئة(start-ups), Aux_jeunes_entrepreneurs_et_Startappeurs_en_Tunisie🇹🇳👥💱:, Voici:, startups, Tunisie🇹🇳:, Accompagnement/, Incubateurs/, Investisseurs, financement_hors_banques/, coworking_space/, internationnalisation, startups_Tunisiennes🇹🇳",positif
Jawhara PUB,instagram,"عيدكم مبروك و كل عام و إنتوما حيّين بألف خير 🎉🔭🌙
#Hagency  #aididha #tunisie🇹🇳",1,0,,2024-06-16T06:09:21.000Z,https://www.instagram.com/p/C8RBgOMNom4/,"['Hagency', 'aididha', 'tunisie🇹🇳']",ar,texte,fête religieuse,community management,engagement,"Hagency, aididha, tunisie🇹🇳",positive
,instagram,"⁨	زعما شكون تتصوّروا نجيبولُو كريم الغربي؟ 😅
اكتبولنا في الكومنتارات كان طلّعتو 😂👇⁩",28708,568,,2026-06-10T15:41:43.000Z,https://www.instagram.com/p/DZaSfHDks4b/,[],ar,texte,humour,community management,augmenter l'engagement (commentaires),,positive
Jawhara PUB,instagram,"Joyeuse fête des mères à toutes les mamans extraordinaires 💖🌷
#H.agency #fetedesmeres",1,0,,2024-05-26T10:24:01.000Z,https://www.instagram.com/p/C7bZ9FMo_Ya/,"['H.agency', 'fetedesmeres']",fr,texte,fête des mères,community management,vœux,"H.agency, fetedesmeres",positif
Emmak Prod,instagram,"Une nouvelle année commence, pleine d’idées à imaginer et d’histoires à raconter. Emmak-prod vous souhaite une année créative, audacieuse et communicante.",3,0,,2025-12-31T18:16:10.000Z,https://www.instagram.com/p/DS8AOJvAhcd/,[],fr,texte,vœux de nouvelle année,communication,renforcer la notoriété et l'engagement,,positive
MUSE Agency,instagram,"Fiers d’avoir contribué à la création et au développement de la marque Azima.

De l’identité et l’ADN de la marque au design du packaging, en passant par le choix d’une bouteille sobre et élégante avec une calligraphie sur mesure, chaque détail a été pensé pour refléter son positionnement premium.

Nous avons également accompagné la marque dans le développement de son site web et sa présence au Gulfood à Dubaï.

Azima, une signature forte, prête à rayonner à l’international.

#Branding #Packaging #OliveOil #MuseAgency #Gulfood",12,0,,2026-02-15T18:39:14.000Z,https://www.instagram.com/p/DUyfbaIiu1x/,"['Branding', 'Packaging', 'OliveOil', 'MuseAgency', 'Gulfood']",fr,image,Branding et packaging,Branding,Promouvoir la marque Azima et démontrer le savoir‑faire de l'agence,"Branding, Packaging, OliveOil, MuseAgency, Gulfood",positive
MUSE Agency,instagram,"🇹🇳 Fier et honoré de figurer, pour la première fois, parmi les agences de communication sélectionnées par Entreprises Magazine pour leur capacité à innover et faire bouger les lignes en Tunisie. 
Un grand bravo à toute la team MUSE agency et à nos collaborateurs qui font la différence chaque jour. 
#Communication #Innovation #Tunisie #MuseAgency #EntreprisesMagazine",8,0,,2025-12-12T22:31:29.000Z,https://www.instagram.com/p/DSLiVrGioTe/,"['Communication', 'Innovation', 'Tunisie', 'MuseAgency', 'EntreprisesMagazine']",fr,texte,reconnaissance,communication,notoriété,"Communication, Innovation, Tunisie, MuseAgency, EntreprisesMagazine",positive
Jawhara PUB,instagram,"✨ Saviez-vous que le marketing de site peut convertir des visiteurs anonymes en clients loyaux ? Laissez-nous vous montrer comment. 🌟
Mail: 2021hagency@gmail.com
Infoline: 51 716 001
#Hagency #Tunisie #communication #digital #marketingdigital",0,0,,2024-05-23T13:34:35.000Z,https://www.instagram.com/p/C7UBYTvq6sa/,"['Hagency', 'Tunisie', 'communication', 'digital', 'marketingdigital']",fr,texte,marketing digital,marketing de site,conversion de visiteurs en clients,"Hagency, Tunisie, communication, digital, marketingdigital",positif
MUSE Agency,instagram,"Nous sommes ravis de lancer la campagne publicitaire Selimat 🚀

Ce projet a démarré par la modélisation 3D des produits, suivie du développement du site e-commerce, du référencement, de la gestion des réseaux sociaux, de l’achat média et de la création graphique, pour se conclure par une stratégie de marketing d’influence.

Nous remercions chaleureusement Selimat pour sa confiance.

#Selimat #MarketingDigital #Ecommerce #3DModeling #SocialMedia MediaBuying InfluenceMarketing CréationGraphique DigitalCampaign",16,0,,2026-01-24T18:55:33.000Z,https://www.instagram.com/p/DT53zqXClVC/,"['Selimat', 'MarketingDigital', 'Ecommerce', '3DModeling', 'SocialMedia']",fr,annonce,marketing digital,marketing digital complet,augmenter la notoriété de la marque et les ventes,"Selimat, MarketingDigital, Ecommerce, 3DModeling, SocialMedia",positive
Pi 2r,instagram,"Vous vous demandez :
❓ Est-ce que mon #SiteWeb est encore à jour ?
💸 Quel est le vrai  #budget à prévoir ?
📈 Pourquoi mon site ne génère pas de  #clients ?
🧩 Est-ce que je dois tout refaire ou juste l’optimiser ?

Bonne nouvelle : on vous répond en direct !
📅 31 Juillet 2025 à 12h00 
🔴 LIVE | Tout savoir sur les sites web pros en 2025

🎙Posez vos questions en commentaire ou en message privé – on y répondra en live !",6,0,,2025-07-29T07:29:10.000Z,https://www.instagram.com/p/DMru542SR9a/,"['SiteWeb', 'budget', 'clients']",fr,live,sites web,optimisation et création de sites web,générer des leads et informer les prospects sur les sites web en 2025,"SiteWeb, budget, clients",positif
Emmak Prod,instagram,"الأستاذة Fatma Ben Mansoure ، إحدى رائدات جمعية الاتحاد الثقافي بسوسة  الثقافي بسوسة وأستاذة لغة فرنسية متقاعدة، انطباعاتها الراقية حول تقديمها لرواية ""اليتيم"" للكاتب عبد الفتاح محمد سالمي.

بأسلوبها الهادئ والعميق، تسلط الضوء على أهمية الرواية ومضامينها الإنسانية",4,0,,2025-06-24T08:18:55.000Z,https://www.instagram.com/p/DLRsw_gpu6e/,[],arabe,texte,littérature,content marketing,promotion du livre,,positif
Jawhara PUB,instagram,"Quote of the day 💡
Mail: 2021hagency@gmail.com
Infoline: 51 716 001
#Hagency #Tunisie #communication #digital #marketingdigital",0,0,,2024-06-07T11:11:29.000Z,https://www.instagram.com/p/C76Y7RZooQV/,"['Hagency', 'Tunisie', 'communication', 'digital', 'marketingdigital']",français,citation,motivation,communication digitale,notoriété de la marque,"Hagency, Tunisie, communication, digital, marketingdigital",positif
MUSE Agency,instagram,"⚡ Quand l’élégance scandinave rencontre l’innovation électrique.
La nouvelle Volvo ES90 s’affiche en grand avec une campagne outdoor signée pour Universal Motors.

Une vision premium, audacieuse et tournée vers le futur.
Campagne imaginée et réalisée par MUSE.

#VolvoES90 #Volvo #UniversalMotors #MUSEsgency #OutdoorCampaign",5,0,,2026-02-23T18:42:32.000Z,https://www.instagram.com/p/DVHGKndivfq/,"['VolvoES90', 'Volvo', 'UniversalMotors', 'MUSEsgency', 'OutdoorCampaign']",fr,image,luxury automotive,campagne outdoor,notoriété du modèle Volvo ES90,"VolvoES90, Volvo, UniversalMotors, MUSEsgency, OutdoorCampaign",positive
Emmak Prod,instagram,"Pourquoi produire ?

À l’ère du contenu rapide et de la saturation visuelle, la production audiovisuelle est devenue un pilier fondamental pour transmettre des idées, émouvoir, et éveiller les consciences. Mais une question essentielle demeure : Pourquoi produire ?

Nous ne croyons pas à une production qui se limite au divertissement ou à la chasse aux vues. Pour nous, chaque production — qu’il s’agisse d’un court-métrage, d’une publicité ou d’un contenu digital — doit porter un message, servir une cause et créer un impact. Car une création qui ne sème pas une idée, n’éclaire pas un esprit, ou ne touche pas une âme, reste vide, aussi spectaculaire soit-elle.

Nous croyons que l’objectif peut devenir une arme de changement, qu’un scénario peut être un pont vers la conscience, et que chaque image doit être pensée avec sincérité et livrée avec sens.

Nous produisons pour éveiller, sensibiliser et impacter

#emmak_prod #marketingdigital #socialmediamarketing #marketing #contentcreator",2,0,,2025-07-18T19:44:48.000Z,https://www.instagram.com/p/DMQuaEixAD7/,"['emmak_prod', 'marketingdigital', 'socialmediamarketing', 'marketing', 'contentcreator']",fr,texte,sensibilisation,production audiovisuelle,"éveiller, sensibiliser et impacter","emmak_prod, marketingdigital, socialmediamarketing, marketing, contentcreator",positif
MUSE Agency,instagram,"Fiers d’avoir contribué à la création et au développement de la marque Azima.

De l’identité et l’ADN de la marque au design du packaging, en passant par le choix d’une bouteille sobre et élégante avec une calligraphie sur mesure, chaque détail a été pensé pour refléter son positionnement premium.

Nous avons également accompagné la marque dans le développement de son site web et sa présence au Gulfood à Dubaï.

Azima, une signature forte, prête à rayonner à l’international.

#Branding #Packaging #OliveOil #MuseAgency #Gulfood",7,0,,2026-02-15T18:46:25.000Z,https://www.instagram.com/p/DUygQBDilH4/,"['Branding', 'Packaging', 'OliveOil', 'MuseAgency', 'Gulfood']",fr,image,Branding,Branding,Promotion de la marque et visibilité,"Branding, Packaging, OliveOil, MuseAgency, Gulfood",positive
Pi 2r,instagram,"🎉 Bonne année 2026 ! ✨

En ce début d’année, toute l’équipe de Pi 2r tient à vous remercier sincèrement pour votre confiance et le chemin parcouru ensemble.

Que 2026 soit une année pleine d’élan, d’idées à faire grandir, de rencontres inspirantes et de réussites dont vous serez fiers. Nous sommes ravis de poursuivre cette aventure à vos côtés et de continuer à construire, étape après étape, de beaux projets communs.

Ensemble, avançons vers l’avenir 🚀
Le meilleur reste à écrire !

#BonneAnnée2026 #Vœux #Confiance #Partenariat",2,0,,2026-01-01T08:04:07.000Z,https://www.instagram.com/p/DS9e-UYkx-s/,"['BonneAnnée2026', 'Vœux', 'Confiance', 'Partenariat']",fr,texte,Bonne année / vœux,communication,fidélisation,"BonneAnnée2026, Vœux, Confiance, Partenariat",positif
Emmak Prod,instagram,السّيدة نفيسة بن سوسية رئيسة جمعيّة الإتحاد الثقافي بسوسة,3,0,,2025-06-28T10:39:39.000Z,https://www.instagram.com/p/DLcQD0RBgBB/,[],ar,texte,culture,none,information,,neutre
Jawhara PUB,instagram,"Dans le marketing, l'incertitude n'est pas une option. Optez pour des stratégies solides et une exécution parfaite 🎯
Mail: 2021hagency@gmail.com
Infoline: 51 716 001
#Hagency #Tunisie #communication #digital #marketingdigital",0,0,,2024-06-10T11:27:07.000Z,https://www.instagram.com/p/C8CJGc6oc_1/,"['Hagency', 'Tunisie', 'communication', 'digital', 'marketingdigital']",fr,texte,marketing,marketing digital,générer des leads,"Hagency, Tunisie, communication, digital, marketingdigital",positif
Jawhara PUB,instagram,"Quote of the day 💡
Mail: 2021hagency@gmail.com
Infoline: 51 716 001
#Hagency #Tunisie #communication #digital #marketingdigital",0,0,,2024-05-10T15:57:06.000Z,https://www.instagram.com/p/C6yzWqkoXca/,"['Hagency', 'Tunisie', 'communication', 'digital', 'marketingdigital']",français,citation,motivation,communication digitale,notoriété de la marque,"Hagency, Tunisie, communication, digital, marketingdigital",positif
Jawhara PUB,instagram,"🔎 Le SEO : votre passeport pour la visibilité en ligne. 💼 Parlez aux moteurs de recherche pour que votre entreprise soit entendue dans le monde numérique
Mail: 2021hagency@gmail.com
Infoline: 51 716 001
#Hagency #Tunisie #communication #digital #marketingdigital",0,0,,2024-05-13T09:01:38.000Z,https://www.instagram.com/p/C65yMUpo7qV/,"['Hagency', 'Tunisie', 'communication', 'digital', 'marketingdigital']",fr,image,SEO,SEO,augmenter la visibilité en ligne,"Hagency, Tunisie, communication, digital, marketingdigital",positive
Jawhara PUB,instagram,"Chaque message compte. Transformez-les en opportunités de succès avec notre méthode éprouvée 💬🚀
Mail: 2021hagency@gmail.com
Infoline: 51 716 001
#Hagency #Tunisie #communication #digital #marketingdigital",0,0,,2024-05-03T15:52:30.000Z,https://www.instagram.com/p/C6gxQ3LIfkK/,"['Hagency', 'Tunisie', 'communication', 'digital', 'marketingdigital']",fr,texte,communication,marketing digital,générer des leads,"Hagency, Tunisie, communication, digital, marketingdigital",positif
Pi 2r,instagram,"📅 #13Août – Une date clé dans l’histoire de la #Tunisie.
En 1956, le Code du Statut Personnel (CSP), initié par le président Habib Bourguiba, marque une réforme juridique et sociale majeure.
 Considéré comme l’un des textes les plus progressistes du monde arabe en matière de #DroitsDesFemmes, il a :
 ✅ Aboli la polygamie
 ✅ Institué le mariage civil
 ✅ Consacré le droit au divorce
Cette avancée a permis à la femme tunisienne de devenir citoyenne à part entière, avec un accès renforcé à l’éducation, au travail et à la vie publique.
🇹🇳 Un héritage qui continue d’inspirer et de rappeler l’importance de préserver et faire évoluer ces acquis.",2,0,,2025-08-13T11:23:22.000Z,https://www.instagram.com/p/DNSxsO1MuHk/,"['13Août', 'Tunisie.', 'DroitsDesFemmes,']",fr,texte,Droits des femmes,communication digitale,sensibilisation,"13Août, Tunisie, DroitsDesFemmes",positive
Jawhara PUB,instagram,"Votre audience mérite plus que des publicités standard. Optez pour le marketing créatif et laissez votre marque parler 🗣️💡
Mail: 2021hagency@gmail.com
Infoline: 51 716 001
#Hagency #Tunisie #communication #digital #marketingdigital",0,0,,2024-05-16T09:22:05.000Z,https://www.instagram.com/p/C7Bi6xeocn1/,"['Hagency', 'Tunisie', 'communication', 'digital', 'marketingdigital']",fr,image,marketing créatif,marketing digital,notoriété de marque,"Hagency, Tunisie, communication, digital, marketingdigital",positif
Jawhara PUB,instagram,"En marketing, stagnation équivaut à régression. C'est pourquoi nous embrassons l'innovation à chaque étape 🚀
Rejoignez-nous dans cette aventure vers de nouveaux sommets 🌟 
Mail: 2021hagency@gmail.com
Infoline: 51 716 001
#Hagency #Tunisie #communication #digital #marketingdigital",0,0,,2024-05-06T15:41:29.000Z,https://www.instagram.com/p/C6oeY3Zo0V_/,"['Hagency', 'Tunisie', 'communication', 'digital', 'marketingdigital']",français,texte,innovation,marketing digital,notoriété,"Hagency, Tunisie, communication, digital, marketingdigital",positif
Emmak Prod,instagram,"كل حلقة، حكاية. وكل حكاية، محطّة تستحق أن تُسمع.
الأحد : 21:00 
https://www.youtube.com/Emmak-Prod 

#emmak_prod #podcast",3,0,,2025-07-18T20:14:11.000Z,https://www.instagram.com/p/DMQxp7VOLcN/,"['emmak_prod', 'podcast']",ar,vidéo,storytelling,production de podcast,promotion du podcast,"emmak_prod, podcast",positive
,instagram,"تحب تعمل محتوى؟ ❤️

‏#gym #gymmotivation #gymrat #gymgirl #gymaddict #gymlifestyle #gymlover #gymjunkie #gymworkout #gymfreak #gymflow #gymlife #gymtips #gymhumor #gymtime #gymtime #gymgoals #goals #motivation #motivationalquotes #motivationalquotes #motivationmonday #nevergiveup #lifestyle #lifegoals❤️",2296,42,,2025-11-12T17:19:11.000Z,https://www.instagram.com/p/DQ9uFQXjJ-4/,"['gym', 'gymmotivation', 'gymrat', 'gymgirl', 'gymaddict', 'gymlifestyle', 'gymlover', 'gymjunkie', 'gymworkout', 'gymfreak', 'gymflow', 'gymlife', 'gymtips', 'gymhumor', 'gymtime', 'gymgoals', 'goals', 'motivation', 'motivationalquotes', 'motivationmonday', 'nevergiveup', 'lifestyle', 'lifegoals❤️']",ar,texte,fitness motivation,gestion des réseaux sociaux,engagement,"gym, gymmotivation, gymrat, gymgirl, gymaddict, gymlifestyle, gymlover, gymjunkie, gymworkout, gymfreak, gymflow, gymlife, gymtips, gymhumor, gymtime, gymgoals, goals, motivation, motivationalquotes, motivationmonday, nevergiveup, lifestyle, lifegoals❤️",positive
,instagram,"✅En 2026, le digital marketing ne se “gère” plus, il s’orchestre. 🎼

Oubliez les méthodes traditionnelles. 

Aujourd’hui, les nouvelles armes du marketeur s’appellent :
- IA, 
- Agents autonomes
- Vibe Coding.

🔴Dans cette vidéo, je vous montre comment on crée du contenu optimisé pour le SEO sans écrire une seule ligne de code complexe, simplement en pilotant des agents :

1️⃣ Le Vibe Coding : J’utilise Claude Code pour décrire mon besoin, et l’IA génère l’infrastructure technique de mon workflow n8n. C’est la fin de la barrière technique.

2️⃣Les Agents SEO : Mon système ne se contente pas d’écrire ; il analyse le SERP en temps réel, vérifie les faits via l’API de Google et injecte des données structurées automatiquement.

3️⃣L’Armée de l’Ombre : Ce workflow n8n + OpenAI + Claude fonctionne 24h/24, garantissant un contenu au standard EEAT sans fatigue humaine.

La compétence clé de 2026 ? Savoir piloter ces agents pour qu’ils respectent votre “vibe” et votre stratégie de marque.
C’est tout l’enjeu de ma formation AI SEO Niveau 1. Je ne vous apprends pas à utiliser des outils, je vous apprends à commander une armée numérique.
🚀 Prêt à automatiser votre succès ?

Toutes les infos sur : https://lnkd.in/eNJqRpA4

#VibeCoding #AIAgents #SEO2026 #n8n #ClaudeCode OpenAI DigitalTransformation E2BCamp KaisKhenine",3,0,,2026-02-18T18:42:52.000Z,https://www.instagram.com/p/DU6LNU9jKIc/,"['VibeCoding', 'AIAgents', 'SEO2026', 'n8n', 'ClaudeCode']",fr,vidéo,SEO automation,formation AI SEO,promouvoir la formation AI SEO et inciter à l'automatisation du marketing digital,"VibeCoding, AIAgents, SEO2026, n8n, ClaudeCode",positif
Pi 2r,instagram,"Ceresbookshop, première librairie en ligne en Tunisie, continue de rapprocher le livre de ses lecteurs à travers un catalogue riche et accessible 📚

Ceresbookshop est présente chaque année à la Foire du Livre du Kram, elle confirme son engagement pour la promotion de la culture et de la lecture en Tunisie, des centaines de titres à découvrir, à travers des univers variés : littérature, jeunesse et développement personnel et autres ...

📍 Foire du Livre du Kram
📅 Du 23 avril au 3 mai

À cette occasion, une offre spéciale de -20% est proposée sur une large sélection d’ouvrages, disponible sur le stand et en ligne.

👉 Profitez de -20% sur la sélection en ligne et les nouveauté :

https://ceresbookshop.com/fr/3-nouveautes

PI2R agit aux côtés de ses clients en tant que partenaire engagé, impliqué dans le soutien et la valorisation de leurs projets et initiatives
Ceresbookshop",3,0,,2026-04-27T10:14:36.000Z,https://www.instagram.com/p/DXoaHiIFmGI/,[],fr,promotion,lecture et culture,vente de livres en ligne,inciter à l'achat avec remise et promouvoir la présence à la Foire du Livre du Kram,,positif
Jawhara PUB,instagram,"Quote of the day 💡
Mail: 2021hagency@gmail.com
Infoline: 51 716 001
#Hagency #Tunisie #communication #digital #marketingdigital",0,0,,2024-05-20T16:34:19.000Z,https://www.instagram.com/p/C7MnkFiI_h-/,"['Hagency', 'Tunisie', 'communication', 'digital', 'marketingdigital']",français,citation,motivation,marketing digital,notoriété de la marque,"Hagency, Tunisie, communication, digital, marketingdigital",positif
Jawhara PUB,instagram,"عاشت تونس حرّة مستقلّة 🇹🇳
و كلّ عام و تونس بخير 🇹🇳",0,0,,2024-04-09T13:42:36.000Z,https://www.instagram.com/p/C5ivUg0NtuA/,[],ar,texte,patriotisme,,célébration,,positive
Mynds,instagram,"Your brand is calling… 📞

And we’re here to answer with strategy, creativity, and impact.
From concept to campaign, we design meaningful experiences that connect, engage, and convert.

Because every powerful brand starts with a simple conversation.",1,0,,2026-05-06T18:00:25.000Z,https://www.instagram.com/p/DYAalGAjw3L/,[],en,texte,branding,marketing strategy,brand awareness,,positive
Web Media Tunisie,instagram,"🇹🇳9 Avril 1938 - 9 Avril 2026 : Journée des Martyrs en Tunisie 🇹🇳

chaque année nous honorons avec respect et reconnaissance la mémoire des courageux martyrs tunisiens qui ont sacrifié leur vie et combattu pour l'indépendance du pays.
🕊️ Souvenons-nous, rendons hommage, et transmettons leur héritage de liberté aux générations futures.

🇹🇳Vive la Tunisie💪Gloire à nos martyrs 

#Resistance #FêteDesMartyrs #9Avril1938 #Histoire #tunisie  #webmedia",8,0,,2026-04-09T08:08:38.000Z,https://www.instagram.com/p/DW51ZFOlp8h/,"['Resistance', 'FêteDesMartyrs', '9Avril1938', 'Histoire', 'tunisie', 'webmedia']",français,texte,commémoration,communication institutionnelle,sensibilisation,"Resistance, FêteDesMartyrs, 9Avril1938, Histoire, tunisie, webmedia",positif
Pi 2r,instagram,"🔐 Stop au piratage sur META, protégez vos comptes avec la double authentification ! 🔑 

Un mot de passe ne suffit plus. La double authentification (2FA) ajoute une couche de sécurité supplémentaire. Même si quelqu’un a votre mot de passe, il ne pourra pas accéder à vos comptes sans un code envoyé sur votre téléphone. 

📱 C'est simple à activer et ça peut faire toute la différence. Suivez la vidéo et activez-là maintenant !

#Sécurité #DoubleAuthentification #ProtectionDesDonnées #ConseilDigital",8,0,,2024-10-02T18:31:28.000Z,https://www.instagram.com/p/DAocOzUteVn/,"['Sécurité', 'DoubleAuthentification', 'ProtectionDesDonnées', 'ConseilDigital']",fr,vidéo,Sécurité,Double Authentification,Sensibilisation à la sécurité et incitation à activer la 2FA,"Sécurité, DoubleAuthentification, ProtectionDesDonnées, ConseilDigital",positif
Jawhara PUB,instagram,"Joyeuse fête du travail 💪
#Hagency #fetedutravail",0,0,,2024-05-01T11:15:36.000Z,https://www.instagram.com/p/C6bH_FItBmQ/,"['Hagency', 'fetedutravail']",fr,texte,fête du travail,,vœux,"Hagency, fetedutravail",positive
Pi 2r,instagram,"⚠️ Attention les utilisateurs Google, de nouvelles conditions d'utilisation sont entrées en vigueur le 22 mai !
Voici l'essentiel à retenir :
✅ Vous garderez les droits sur ce que vous créez avec les nouveaux outils IA de Google.
✅ Google explique mieux ce qui est autorisé ou non sur ses plateformes.
✅ En cas de problème avec Google, les responsabilités sont désormais plus claires.
Avec l'arrivée de l'intelligence artificielle, il est important de bien connaître le cadre posé par Google.
Alors n'oubliez pas de prendre connaissance des nouvelles conditions pour continuer à utiliser Gmail, la recherche Google et les autres services après cette date !",2,0,,2024-06-10T16:00:24.000Z,https://www.instagram.com/p/C8CoX0zCH-E/,[],fr,information,réglementation des services Google,Google,sensibiliser les utilisateurs aux nouvelles conditions d'utilisation,,neutre
Jawhara PUB,instagram,"La véritable magie de la communication réside dans l'équilibre entre parler et écouter. C'est dans cette harmonie que se créent des liens solides et durables 💬✨
Mail: 2021hagency@gmail.com
Infoline: 51 716 001
#Hagency #Tunisie #communication #digital #marketingdigital",0,0,,2024-04-15T09:07:34.000Z,https://www.instagram.com/p/C5xsnWGIszF/,"['Hagency', 'Tunisie', 'communication', 'digital', 'marketingdigital']",fr,texte,communication,communication digitale,engagement,"Hagency, Tunisie, communication, digital, marketingdigital",positif
Web Media Tunisie,instagram,"كان عندك مشروع أو حتى فكرة  تحبوا يكبر؟🤔 تحب يكون عندك présence en ligne 🤔 نحنا هنا باش نحوّلوها لواقع رقمي 
❗❗𝐏𝐫𝐨𝐟𝐢𝐭𝐞𝐳 𝐝𝐞 𝐥'𝐨𝐩𝐩𝐨𝐫𝐭𝐮𝐧𝐢𝐭𝐞́ 𝐝𝐞 𝐦𝐞𝐭𝐭𝐫𝐞 𝐯𝐨𝐭𝐫𝐞 𝐛𝐮𝐬𝐢𝐧𝐞𝐬𝐬 𝐞𝐧 𝐥𝐢𝐠𝐧𝐞 𝐚̀ 𝐮𝐧 𝐩𝐫𝐢𝐱 𝐢𝐦𝐛𝐚𝐭𝐭𝐚𝐛𝐥𝐞 𝐜𝐡𝐞𝐳 Web Media-International 
نصممو مواقع sur mesure تجمع بين :
✅ الأداء العالي
✅ الأمان المتقدّم
✅ التصميم العصري 
 👉 Contactez-nous maintenant 
🌐 : www.webmedia-tunisie.com 
📩 : commercial@webmediatunisie.com
📞 : (+216) 25 4 72 5 25 /+216 29 888 079 

#SiteWeb #WebMediaInternational #DigitalTranslation",5,0,,2026-04-16T18:00:23.000Z,https://www.instagram.com/p/DXM6rY4jIF1/,"['SiteWeb', 'WebMediaInternational', 'DigitalTranslation']",français et arabe,promotionnel,présence digitale,développement de sites web,générer des leads,"SiteWeb, WebMediaInternational, DigitalTranslation",positif
Ija Taw,instagram,"Que ce soit pour des rencontres professionnelles ou des événements, faites en sorte que votre carte parle pour vous !
#CarteDeVisite #IdentitéVisuelle",3,0,,2024-09-22T09:00:33.000Z,https://www.instagram.com/p/DANq_1ZMF1-/,"['CarteDeVisite', 'IdentitéVisuelle']",fr,image,Identité visuelle,Création de cartes de visite,Promotion,"CarteDeVisite, IdentitéVisuelle",positif
Web Media Tunisie,instagram,Bonne Fête du Travail à celles et ceux qui nous font avancer chaque jour,4,0,,2026-05-01T13:41:33.000Z,https://www.instagram.com/p/DXzE-o2lzyN/,[],fr,texte,Fête du Travail,,engagement,,positive
Mynds,instagram,"Votre marque, notre inspiration. 🎨 #MYNDS",1,0,,2025-02-22T15:00:25.000Z,https://www.instagram.com/p/DGYRzfXN0RJ/,['MYNDS'],fr,texte,branding,branding,notoriété,MYNDS,positif
Pi 2r,instagram,"En diversifiant les formats dans votre stratégie, vous pouvez toucher différents types de public. 
📹 Cependant, accorder une importance particulière au format vidéo est crucial. Pourquoi ? 
Parce que la vidéo stimule plusieurs sens chez l'individu : la vue et l'ouïe. 
Cela permet une expérience plus immersive et mémorable pour votre audience. 
Alors, n'oubliez pas d'intégrer des vidéos dans votre stratégie de contenu pour obtenir un impact maximal ! ✨",2,0,,2024-06-12T15:00:56.000Z,https://www.instagram.com/p/C8HrG4FJseQ/,[],fr,texte,marketing de contenu,vidéo marketing,éduquer,,positif
Vendra Tunisia,instagram,"حكاية Team we create و العيد الكبير 
🐑🐑
#eidmubarak #aidaladha #team",20,1,,2023-06-28T14:21:35.000Z,https://www.instagram.com/p/CuCWSWyIN3Z/,"['eidmubarak', 'aidaladha', 'team']",Arabic,texte,Eid al-Adha,social media marketing,wish happy Eid and boost community engagement,"eidmubarak, aidaladha, team",positive
Pi 2r,instagram,"📧 Maîtrisez l’Art de l'Email pour Booster Vos Conversions ? 

Attirer l’attention de vos clients par email peut être un défi, mais il existe des solutions efficaces.

Grâce à des techniques éprouvées comme la personnalisation du contenu et l'optimisation de l'objet, transforment vos emails en de véritables leviers de conversion. 

Il faut maîtriser l’art de rendre vos campagnes captivantes, engageantes et invitent à l’action.
Besoin d'aide ? Appelez-nous : 
☎️ (+216) 29 999 041 📧 sales@pi-2r.com 

#Newsletter #DigitalMarketing #EmailSuccess",4,0,,2024-10-21T20:33:41.000Z,https://www.instagram.com/p/DBZlX7HRnv6/,"['Newsletter', 'DigitalMarketing', 'EmailSuccess']",fr,texte,Email marketing,Gestion de campagnes email,Augmenter les conversions,"Newsletter, DigitalMarketing, EmailSuccess",positive
Ija Taw,instagram,"Today, we reflect on the resilience of our nation and hope for a brighter, stronger Tunisia. Together, let’s continue building a future rooted in unity and progress. 

#Tunisia #Revolutionday",2,0,,2024-12-17T11:18:24.000Z,https://www.instagram.com/p/DDrXIzJSZNH/,"['Tunisia', 'Revolutionday']",English,texte,patriotism,,awareness,"Tunisia, Revolutionday",positive
Jawhara PUB,instagram,"عيدكم مبروك و سنين دايمة ❤️❤️❤️
#Hagency #Tunisie",0,0,,2024-04-10T10:16:04.000Z,https://www.instagram.com/p/C5k8emmN_Ih/,"['Hagency', 'Tunisie']",Arabe,texte,Eid,,Vœux,"Hagency, Tunisie",positif
Pi 2r,instagram,"📣 Semaine de l’Entrepreneuriat : Ensemble, transformons vos idées en succès ! 🚀

📢 Chez Pi2r, nous célébrons les visionnaires et les bâtisseurs de demain. Cette semaine, mettons en lumière ces entrepreneurs qui transforment leurs rêves en réalité et réinventent le monde. 🌟

💡 Inspirons-nous :
L'entrepreneuriat, c'est plus qu'un métier, c'est un état d'esprit :
• Prendre des risques calculés.
• Transformer les échecs en apprentissages.
• Innover pour répondre aux besoins de demain.

🌍 Saviez-vous que 50 % des startups qui réussissent aujourd'hui sont nées d'une simple idée discutée autour d'un café ? 
🤔 Une simple conversation peut changer un destin !

Partagez avec nous votre plus grande leçon en tant qu'entrepreneur !

#Pi2r #SemaineDeLEntreprenariat #InnoverEnsemble #Entrepreneurs #Marketing #Digital",5,0,,2024-11-21T18:00:37.000Z,https://www.instagram.com/p/DCpIf6uiQEb/,"['Pi2r', 'SemaineDeLEntreprenariat', 'InnoverEnsemble', 'Entrepreneurs', 'Marketing', 'Digital']",fr,inspirational,entrepreneuriat,marketing digital,engagement communautaire,"Pi2r, SemaineDeLEntreprenariat, InnoverEnsemble, Entrepreneurs, Marketing, Digital",positif
Mynds,instagram,#agencedecommunication #creationdecontenu #entreprendreaufeminin #entrepreneur #entrepreneusescreatives,5,0,,2025-02-28T17:00:11.000Z,https://www.instagram.com/p/DGn8R7rJoWo/,"['agencedecommunication', 'creationdecontenu', 'entreprendreaufeminin', 'entrepreneur', 'entrepreneusescreatives']",fr,texte,communication digitale,creation de contenu,promotion de l'agence,"agencedecommunication, creationdecontenu, entreprendreaufeminin, entrepreneur, entrepreneusescreatives",positive
Mynds,instagram,"Derrière chaque réussite, il y a du travail, de la vision et de la persévérance.

MYNDS rend hommage à tous ceux qui construisent, innovent et inspirent chaque jour.

Joyeuse fête du travail 💼",0,0,,2026-05-01T10:43:42.000Z,https://www.instagram.com/p/DXywoFLDPAv/,[],fr,texte,"travail, motivation, réussite",branding,célébrer la fête du travail et renforcer l'engagement,,positif
E2BUSINESS CONSULTING,instagram,"🔴Sous le signe de la passion et de l'excellence, 🥇 #E2bConsulting & Training vous présente ses vœux les plus chaleureux. Que chaque instant de cette #année #2026 vous apporte santé, bonheur et prospérité. 
Bonne et heureuse année à tous.❤️❤️",1,0,,2025-12-31T18:00:15.000Z,https://www.instagram.com/p/DS7-ZlujPLw/,"['E2bConsulting', 'année', '2026']",fr,texte,Nouvel An,consulting & training,vœux de bonne année,"E2bConsulting, année, 2026",positif
Mynds,instagram,"True creativity has values behind it.

At Mynds Team, we ensure every message, every campaign, and every story is built with respect, responsibility, and care for children’s rights. 👧👦

#MyndsTeam #EthicalAdvertising #WeGrowTogether #ChildSafetyInMedia",3,0,,2025-11-02T23:52:17.000Z,https://www.instagram.com/p/DQkrycnCHjT/,"['MyndsTeam', 'EthicalAdvertising', 'WeGrowTogether', 'ChildSafetyInMedia']",en,texte,Ethical Advertising,advertising,raise awareness about child safety and ethical advertising,"MyndsTeam, EthicalAdvertising, WeGrowTogether, ChildSafetyInMedia",positive
Vendra Tunisia,instagram,"Random and spontaneous moments 
We Create Value 💎.

#wecreate #agencemarketing #digitalmarketing #digitaleagency",24,0,,2023-06-19T10:34:46.000Z,https://www.instagram.com/p/CtqzBDdoEhx/,"['wecreate', 'agencemarketing', 'digitalmarketing', 'digitaleagency']",English,texte,création de valeur,digital marketing,notoriété de marque,"wecreate, agencemarketing, digitalmarketing, digitaleagency",positive
Web Media Tunisie,instagram,"𝐕𝐨𝐭𝐫𝐞 𝐬𝐢𝐭𝐞 𝐞𝐬𝐭 𝐥𝐞𝐧𝐭 𝐨𝐮 𝐛𝐮𝐠𝐮𝐞́ ? 𝐕𝐨𝐬 𝐜𝐥𝐢𝐞𝐧𝐭𝐬 𝐩𝐚𝐫𝐭𝐞𝐧𝐭.
Web Media-International , Agence web avec présence en France 🇫🇷 et en Tunisie 🇹🇳s'occupe de tout. 
Nous assurons la maintenance complète de votre site :
✅ Correction des bugs
✅ Mise à jour du contenu et des plugins
✅ Optimisation des performances
✅ Sécurité & protection Anti-hack
✅ Référencement SEO sur Google
✅ Sauvegardes régulières
✅ Relooking graphique
𝐍𝐞 𝐥𝐚𝐢𝐬𝐬𝐞𝐳 𝐩𝐥𝐮𝐬 𝐯𝐨𝐭𝐫𝐞 𝐬𝐢𝐭𝐞 𝐯𝐨𝐮𝐬 𝐟𝐫𝐞𝐢𝐧𝐞𝐫. 𝐂𝐨𝐧𝐭𝐚𝐜𝐭𝐞𝐳-𝐍𝐨𝐮𝐬 𝐞𝐭 𝐨𝐛𝐭𝐞𝐧𝐞𝐳 𝐥𝐚 𝐩𝐫𝐞𝐦𝐢𝐞̀𝐫𝐞 𝐜𝐨𝐧𝐬𝐮𝐥𝐭𝐚𝐭𝐢𝐨𝐧 𝐆𝐑𝐀𝐓𝐔𝐈𝐓𝐄 !

📞 +𝟑𝟑 𝟔 𝟕𝟗 𝟔𝟒 𝟐𝟏 𝟖𝟔
📧 commercial@webmediatunisie.com
📧commercial@4wlh.fr

#WebMedia #4Webleshalles #MaintenanceWeb #SiteInternet #WordPress #AgenceWeb #SecurityWeb",5,0,,2026-04-14T10:46:26.000Z,https://www.instagram.com/p/DXG_bLpFvLz/,"['WebMedia', '4Webleshalles', 'MaintenanceWeb', 'SiteInternet', 'WordPress', 'AgenceWeb', 'SecurityWeb']",fr,promotionnel,maintenance de site web,maintenance complète de site web,acquisition de clients,"WebMedia, 4Webleshalles, MaintenanceWeb, SiteInternet, WordPress, AgenceWeb, SecurityWeb",positif
Ija Taw,instagram,"Un funnel de vente bien structuré est la clé pour convertir vos prospects en clients fidèles🎯
#FunnelDeVente #StratégieDeVente #MarketingAutomation #TunnelDeConversion #AcquisitionClient #StratégieMarketing",1,0,,2024-09-20T14:00:42.000Z,https://www.instagram.com/p/DAJDwdAvyUS/,"['FunnelDeVente', 'StratégieDeVente', 'MarketingAutomation', 'TunnelDeConversion', 'AcquisitionClient', 'StratégieMarketing']",fr,texte,Funnel de vente,Marketing automation,Conversion des prospects en clients,"FunnelDeVente, StratégieDeVente, MarketingAutomation, TunnelDeConversion, AcquisitionClient, StratégieMarketing",positif
Pi 2r,instagram,"Mansour Meddah, âgé d’une dizaine d’années, se souvient : « Nous avions compris que la bataille allait commencer quand nous avons vu arriver des milliers de Tunisiens volontaires, habillés en bleu de travail avec pour seule arme des bâtons. » 

Ce moment symbolise l’unité et la détermination du peuple tunisien face à l’occupation étrangère. 🇹🇳 

Ce 15 octobre, nous célébrons la 61ème Journée de l'Évacuation en Tunisie, un moment clé de notre histoire nationale. 

#JournéeDeLÉvacuation #Tunisie #FiertéNationale",6,0,,2024-10-15T18:01:24.000Z,https://www.instagram.com/p/DBJ3LOECyf-/,"['JournéeDeLÉvacuation', 'Tunisie', 'FiertéNationale']",fr,texte,commémoration historique,,sensibilisation et célébration nationale,"JournéeDeLÉvacuation, Tunisie, FiertéNationale",positif
E2BUSINESS CONSULTING,instagram,"🚨 𝗔𝗨𝗗𝗜𝗧𝗘𝗨𝗥𝗦 & 𝗖𝗢𝗡𝗧𝗥𝗢𝗟𝗘𝗨𝗥𝗦 𝗜𝗡𝗧𝗘𝗥𝗡𝗘𝗦, 𝗥𝗜𝗦𝗞 𝗠𝗔𝗡𝗔𝗚𝗘𝗥𝗦, 𝗘𝗧 𝗖𝗢𝗠𝗣𝗟𝗜𝗔𝗡𝗖𝗘 𝗢𝗙𝗙𝗜𝗖𝗘𝗥𝗦 𝗘𝗡 𝟮𝟬𝟮𝟲 : 𝗩𝗢𝗨𝗦 𝗘𝗧𝗘𝗦 𝗣𝗥𝗘𝗧𝗦 ?
Du 𝟲 𝗮𝘂 𝟵 𝗮𝘃𝗿𝗶𝗹 𝟮𝟬𝟮𝟲 à 𝗧𝘂𝗻𝗶𝘀, nous lançons une formation inédite en #Tunisie:

🔥 𝗜𝗔 𝗚𝗲𝗻𝗲𝗿𝗮𝘁𝗶𝘃𝗲 𝗽𝗼𝘂𝗿 𝗹’𝗔𝘂𝗱𝗶𝘁 & 𝗹𝗲 𝗖𝗼𝗻𝘁𝗿𝗼𝗹𝗲 𝗜𝗻𝘁𝗲𝗿𝗻𝗲
Une immersion intensive de 4 jours pour devenir un professionnel augmenté par l’IA.
Animée par deux 𝗲𝘅𝗽𝗲𝗿𝘁𝘀 𝗶𝗻𝘁𝗲𝗿𝗻𝗮𝘁𝗶𝗼𝗻𝗮𝘂𝘅 :

@kaiskhenine 
@nadia.yaich 

Aujourd’hui, les meilleurs auditeurs ne travaillent plus seuls.
Ils travaillent avec l’IA.
𝗜𝗺𝗮𝗴𝗶𝗻𝗲𝘇 𝗽𝗼𝘂𝘃𝗼𝗶𝗿 :
✔️ Analyser des 𝗰𝗲𝗻𝘁𝗮𝗶𝗻𝗲𝘀 𝗱𝗲 𝗽𝗮𝗴𝗲𝘀 réglementaires e𝗻 𝗺𝗶𝗻𝘂𝘁𝗲𝘀
✔️ Automatiser vos tests d’audit
✔️ 𝗗𝗲𝘁𝗲𝗰𝘁𝗲𝗿 les fraudes plus 𝗿𝗮𝗽𝗶𝗱𝗲𝗺𝗲𝗻𝘁
✔️ Générer des 𝗱𝗮𝘀𝗵𝗯𝗼𝗮𝗿𝗱𝘀 𝗶𝗻𝘁𝗲𝗿𝗮𝗰𝘁𝗶𝗳𝘀
✔️ Créer 𝘃𝗼𝘁𝗿𝗲 𝗽𝗿𝗼𝗽𝗿𝗲 𝗮𝗴𝗲𝗻𝘁 𝗜𝗔 𝘀𝗽𝗲𝗰𝗶𝗮𝗹𝗶𝘀𝗲 en audit
✔️ Réduire de 𝟱𝟬% 𝗮 𝟳𝟬% 𝘃𝗼𝘁𝗿𝗲 𝘁𝗲𝗺𝗽𝘀 𝗿𝗲𝗱𝗮𝗰𝘁𝗶𝗼𝗻𝗻𝗲𝗹
Ce n’est pas le futur. C’est maintenant.

🎯 Cette formation est conçue pour :
* 𝗔𝘂𝗱𝗶𝘁𝗲𝘂𝗿𝘀 𝗶𝗻𝘁𝗲𝗿𝗻𝗲𝘀
* 𝗖𝗼𝗻𝘁𝗿𝗼𝗹𝗲𝘂𝗿𝘀 𝗶𝗻𝘁𝗲𝗿𝗻𝗲𝘀
* 𝗥𝗶𝘀𝗸 𝗺𝗮𝗻𝗮𝗴𝗲𝗿𝘀
* 𝗖𝗼𝗺𝗽𝗹𝗶𝗮𝗻𝗰𝗲 𝗼𝗳𝗳𝗶𝗰𝗲𝗿𝘀

💡 𝗢𝗯𝗷𝗲𝗰𝘁𝗶𝗳 : faire de vous un expert stratégique capable de piloter les risques avec agilité, précision et impact visuel.

C’est la *𝗽𝗿𝗲𝗺𝗶𝗲𝗿𝗲 𝗳𝗼𝗿𝗺𝗮𝘁𝗶𝗼𝗻 𝗱𝗲 𝗰𝗲 𝘁𝘆𝗽𝗲 𝗲𝗻 𝗧𝘂𝗻𝗶𝘀𝗶𝗲*.
𝙇𝙚𝙨 𝙥𝙡𝙖𝙘𝙚𝙨 𝙨𝙤𝙣𝙩 𝙡𝙞𝙢𝙞𝙩𝙚𝙚𝙨.

📩 Envie d’en faire partie ?

𝗥𝗲𝗺𝗽𝗹𝗶𝘀𝘀𝗲𝘇 𝗹𝗲 𝗳𝗼𝗿𝗺𝘂𝗹𝗮𝗶𝗿𝗲 𝗱𝗲𝘀 𝗺𝗮𝗶𝗻𝘁𝗲𝗻𝗮𝗻𝘁:  https://shorturl.at/Razmd

Un membre de notre équipe vous contactera rapidement par 𝗪𝗵𝗮𝘁𝘀𝗔𝗽𝗽 𝗼𝘂 𝘁𝗲𝗹𝗲𝗽𝗵𝗼𝗻𝗲 pour vous donner tous les détails et confirmer votre inscription.

Ne laissez pas l’IA redéfinir votre métier sans vous.
📍 Tunis
📅 6 – 9 Avril 2026

#Audit #ContrôleInterne #IA #RiskManagement #Compliance #TransformationDigitale",2,0,,2026-03-06T19:00:32.000Z,https://www.instagram.com/p/DVjc98jjKLO/,"['Tunisie:', 'Audit', 'ContrôleInterne', 'IA', 'RiskManagement', 'Compliance', 'TransformationDigitale']",fr,formation,IA pour l'audit et le contrôle interne,"formation IA générative pour auditeurs, contrôleurs internes, risk managers et compliance officers","développer les compétences en IA afin d'améliorer l'efficacité des audits, détecter les fraudes et réduire le temps de travail","#Tunisie, #Audit, #ContrôleInterne, #IA, #RiskManagement, #Compliance, #TransformationDigitale",positive
Vendra Tunisia,instagram,"💡We create tips :
↪ Voici des conseils sur la manière d'utiliser les plateformes de médias sociaux 📱💻 afin d'augmenter la notoriété de votre marque et votre engagement. 👇👇 
1️⃣ Déterminez vos objectifs spécifiques pour les médias sociaux 
2️⃣ Identifiez les plateformes sociales les plus pertinentes
3️⃣ Répondez aux commentaires, aux messages privés et aux mentions de votre marque. 
4️⃣ Utilisez les hashtags
5️⃣ Utilisez les stories
6️⃣ Utilisez les outils d'analyse des médias sociaux pour évaluer vos efforts.

N'hésitez pas à nous poser toutes vos interrogations dans les commentaires 💬. 
#tips #wecreate #conseildujour",2,1,,2023-08-21T18:00:30.000Z,https://www.instagram.com/p/CwN0ZevI5rw/,"['tips', 'wecreate', 'conseildujour']",français,conseil,réseaux sociaux,gestion des médias sociaux,augmenter la notoriété de la marque et l'engagement,"tips, wecreate, conseildujour",positif
Jawhara PUB,instagram,"Quote of the day 💡
Mail: 2021hagency@gmail.com
Infoline: 51 716 001
#Hagency #Tunisie #communication #digital #marketingdigital",1,0,,2024-04-21T20:39:59.000Z,https://www.instagram.com/p/C6CYn_DLcNK/,"['Hagency', 'Tunisie', 'communication', 'digital', 'marketingdigital']",français,citation,motivation,communication digitale,notoriété de la marque,"Hagency, Tunisie, communication, digital, marketingdigital",positif
Web Media Tunisie,instagram,"✨ تتمنى لكم𝐖𝐞𝐛 𝐌𝐞𝐝𝐢𝐚 𝐓𝐮𝐧𝐢𝐬𝐢𝐞 عيد أضحى مبارك 🌙🐑
عيد مليان فرحة، نجاح و لحظات جميلة مع العائلة والأحباب 🤍

وإن شاء الله نرجعولكم بعد العيد بطاقة جديدة و أفكار أقوى لمرافقتكم في كل مشاريعكم الرقمية 🚀✨
#عيد_الأضحى  #عيد_مبارك  #WebMediaTunisie",5,0,,2026-05-26T15:16:07.000Z,https://www.instagram.com/p/DYznrKqFWp1/,"['عيد_الأضحى', 'عيد_مبارك', 'WebMediaTunisie']",ar,texte,Eid al-Adha,services digitaux,vœux de fête et promotion de futurs services numériques,"عيد_الأضحى, عيد_مبارك, WebMediaTunisie",positive
Emmak Prod,instagram,"الدكتورة أحلام قصابي أخصائية و معالجة النفسية.
الفرق بين المرض النفسي و العلاج النفسي.
من الشجاعة الإلتجاء لمختص نفسي.
#emmakprod #content #psychologie",6,0,,2026-03-29T18:25:44.000Z,https://www.instagram.com/p/DWenKoCj-Ub/,"['emmakprod', 'content', 'psychologie']",ar,texte,santé mentale,consultation psychologique,sensibilisation à la santé mentale et incitation à consulter un professionnel,"emmakprod, content, psychologie",positive
Digital Market,instagram,"🔴#هااام_جدااا:#للباعثين_الشبان_ورواد_الأعمال
#بتونس🇹🇳💱:
✅#فيما_يلي: منصة رقمية تونسية تأسست في مارس 2017 وتدعى:
https://tsindex.org/
تمثل أكبر #بنك_معطيات_ثري_جدااا حول #الشركات_الناشئة_بتونس:(les start-ups en Tunisie)💻💱🇹🇳 في مجال:
ريادة الأعمال بتونس/ مؤسسي الشركات الناشئة التونسية/ حجم الٱستثمارات/ رقم المعاملات ع الانترنات/ مسيرات الأعمال وحاضنات المشاريع/ المستثمرين وبرامج الدعم المالي والتقني والفني للشركات الناشئة بتونس/ فرص الإستثمار والشراكة وخدمات أخرى متطورة.
The #TSIndex, launched in March 2017, is a crowd-sourced online interactive platform that measures the impact of the Tunisian Startups on the local economy and tracks the startups’ entrepreneurial ecosystem evolution. It brings more transparency and insignts in the new rising pillar of the Tunisian economy. It gathers input data about the startups business activities, like mainly: Turnovers, Number of Employees, Export, Online transactions etc. and it aggregates the data in Numbers and Charts. It is also a tool that ables the startups to assess the business environment. 
The project is led by TunisianStartups and co-financed by The Friedrich Naumann Stiftung Für die Freiheit - Tunisia.",0,0,,2019-12-19T06:03:54.000Z,https://www.instagram.com/p/B6PkabqgWVt/,"['هااام_جدااا:', 'للباعثين_الشبان_ورواد_الأعمال', 'بتونس🇹🇳💱:', 'فيما_يلي:', 'بنك_معطيات_ثري_جدااا', 'الشركات_الناشئة_بتونس:(les', 'TSIndex,']",arabe,promotionnel,entrepreneuriat,plateforme de données TSIndex pour les startups tunisiennes,sensibiliser et promouvoir la plateforme TSIndex auprès des entrepreneurs et investisseurs,"هااام_جدااا, للباعثين_الشبان_ورواد_الأعمال, بتونس🇹🇳💱, فيما_يلي, بنك_معطيات_ثري_جدااا, الشركات_الناشئة_بتونس, TSIndex",positif
Ija Taw,instagram,"🎯 Rejoignez notre formation présentielle de 15 heures en marketing digital !
Découvrez les stratégies digitales essentielles pour optimiser votre présence en ligne, augmenter votre visibilité et booster vos ventes. 💼

Détails de la formation :
📍 Lieu : "" Ija Taw"" Sahloul - Sousse
⏳ Durée : 15 heures réparties sur plusieurs sessions

⚠️ Places très limitées ! Inscrivez-vous dès maintenant pour garantir votre place et démarrez votre transformation digitale.

#MarketingDigital #FormationProfessionnelle #IjaTaw #Sousse #FormationPrésentielle #StratégieDigitale",3,0,,2024-09-21T08:00:39.000Z,https://www.instagram.com/p/DAK_WVINMuj/,"['MarketingDigital', 'FormationProfessionnelle', 'IjaTaw', 'Sousse', 'FormationPrésentielle', 'StratégieDigitale']",fr,promotion,marketing digital,formation en marketing digital,générer des inscriptions à la formation,"MarketingDigital, FormationProfessionnelle, IjaTaw, Sousse, FormationPrésentielle, StratégieDigitale",positive
ACM Marketing Tunisie,instagram,"🎉✨ ACM Marketing vous souhaite une année 2024 pleine de succès, d'innovation et de prospérité numérique ! 

Que cette nouvelle année vous apporte de nouvelles opportunités et des réalisations exceptionnelles. 🎉✨

Merci de faire partie de notre aventure digitale ! 🚀🌐 

📞 73 367 402
💻 www.acm-marketing.tn
✉️ contact@acm-marketing.com
📌 Avenue yasser arafet sahloul, Sousse, Tunisia

#acmmarketing #bonneannée #RéussiteEnLigne #InnovationDigitale #Design #Visibilité #CroissanceDesAffaires #CréationDeSiteWeb #SiteWeb #PrésenceEnLigne #marketing #marketingtips #marketingtips #marketingagency #marketingonline #marketingdigital #marketingdigital #marketingstrategy #marketingstrategy #marketingstrategies #MarketingSuccess #marketingstrategies #marketingdigitalbrasil #digital #digital #digitalart #digitalartist",1,0,,2023-12-31T09:00:57.000Z,https://www.instagram.com/p/C1gvlSkq2TE/,"['acmmarketing', 'bonneannée', 'RéussiteEnLigne', 'InnovationDigitale', 'Design', 'Visibilité', 'CroissanceDesAffaires', 'CréationDeSiteWeb', 'SiteWeb', 'PrésenceEnLigne', 'marketing', 'marketingtips', 'marketingagency', 'marketingonline', 'marketingdigital', 'marketingstrategy', 'marketingstrategies', 'MarketingSuccess', 'marketingdigitalbrasil', 'digital', 'digitalart', 'digitalartist']",français,texte,vœux de nouvelle année,marketing digital,augmenter la visibilité et générer des leads,"acmmarketing, bonneannée, RéussiteEnLigne, InnovationDigitale, Design, Visibilité, CroissanceDesAffaires, CréationDeSiteWeb, SiteWeb, PrésenceEnLigne, marketing, marketingtips, marketingagency, marketingonline, marketingdigital, marketingstrategy, marketingstrategies, MarketingSuccess, marketingdigitalbrasil, digital, digitalart, digitalartist",positif
Mynds,instagram,"💡 We grow together.
At Mynds Team, creativity meets strategy to help brands shine brighter every day. ✨
From social media to design and digital campaigns , we turn ideas into impact. 🚀

📍 Le Belvédère, Tunis
📞 +216 29 543 202
✉️ contact@mynds-team.com

🌐 www.mynds-team.com

#MyndsTeam #CommunicationAgency #WeGrowTogether #DigitalMarketing #BrandStrategy #CreativeAgency #Tunis",4,0,,2025-11-02T23:25:09.000Z,https://www.instagram.com/p/DQkorqgDPUq/,"['MyndsTeam', 'CommunicationAgency', 'WeGrowTogether', 'DigitalMarketing', 'BrandStrategy', 'CreativeAgency', 'Tunis']",anglais,promotionnel,croissance,marketing digital,acquisition de clients,"MyndsTeam, CommunicationAgency, WeGrowTogether, DigitalMarketing, BrandStrategy, CreativeAgency, Tunis",positif
MUSE Agency,instagram,"Nous sommes ravis de lancer la campagne publicitaire Selimat 🚀

Ce projet a démarré par la modélisation 3D des produits, suivie du développement du site e-commerce, du référencement, de la gestion des réseaux sociaux, de l’achat média et de la création graphique, pour se conclure par une stratégie de marketing d’influence.

Nous remercions chaleureusement Selimat pour sa confiance.

#Selimat #MarketingDigital #Ecommerce #3DModeling #SocialMedia MediaBuying InfluenceMarketing CréationGraphique DigitalCampaign",7,0,,2026-01-24T18:44:01.000Z,https://www.instagram.com/p/DT52fOqCsHA/,"['Selimat', 'MarketingDigital', 'Ecommerce', '3DModeling', 'SocialMedia']",fr,annonce,lancement de campagne publicitaire,Marketing digital,Promotion de la campagne Selimat et visibilité de la marque,"Selimat, MarketingDigital, Ecommerce, 3DModeling, SocialMedia, MediaBuying, InfluenceMarketing, CréationGraphique, DigitalCampaign",positive
Ija Taw,instagram,"Découvrez les services que nous offrons chez Ija Taw ! 🎯 

⏭ Abonnez-vous maintenant pour suivre notre actualité
📞 Contactez-nous sur : +216 99 709 052
📍 Résidence Moussa, Rue de la Turquie, 1ᵉʳ étage, Sousse 4054, Tunisie
🌐 https://www.ijataw.com/

 #IjaTaw #AgenceDeMarketing #MarketingDigital #Services",1,0,,2024-10-20T20:00:30.000Z,https://www.instagram.com/p/DBW8yCsTxbg/,"['IjaTaw', 'AgenceDeMarketing', 'MarketingDigital', 'Services']",fr,promotionnel,présentation des services,Marketing digital,acquisition de clients,"IjaTaw, AgenceDeMarketing, MarketingDigital, Services",positif
Web Media Tunisie,instagram,"Dans un monde digital en constante évolution une bonne stratégie fait toujours la différence.
Chez Web Media-International nous transformons votre présence digitale en véritable levier de croissance 
✅ 𝐒𝐭𝐫𝐚𝐭𝐞́𝐠𝐢𝐞 𝐝𝐢𝐠𝐢𝐭𝐚𝐥𝐞 𝐬𝐮𝐫-𝐦𝐞𝐬𝐮𝐫𝐞
✅ 𝐂𝐨𝐧𝐭𝐞𝐧𝐮𝐬 𝐜𝐫𝐞́𝐚𝐭𝐢𝐟𝐬 𝐞𝐭 𝐩𝐞𝐫𝐟𝐨𝐫𝐦𝐚𝐧𝐭𝐬
✅ 𝐂𝐚𝐦𝐩𝐚𝐠𝐧𝐞𝐬 𝐜𝐢𝐛𝐥𝐞́𝐞𝐬 𝐚̀ 𝐟𝐨𝐫𝐭 𝐑𝐎𝐈
✅ 𝐀𝐜𝐜𝐨𝐦𝐩𝐚𝐠𝐧𝐞𝐦𝐞𝐧𝐭 𝟑𝟔𝟎°
💡 Votre succès digital commence par une décision
𝐏𝐫𝐞𝐧𝐞𝐳-𝐥𝐚 𝐚𝐮𝐣𝐨𝐮𝐫𝐝'𝐡𝐮𝐢
🌐 : www.webmedia-tunisie.com 
📩 : commercial@webmediatunisie.com
📞 : (+216) 25 4 72 5 25 /+216 29 888 079 

#stratégiedigitale #MarketingDigital #perfomance #croissance #webmediainternational",3,0,,2026-04-24T15:20:02.000Z,https://www.instagram.com/p/DXhOr8alq8Q/,"['stratégiedigitale', 'MarketingDigital', 'perfomance', 'croissance', 'webmediainternational']",fr,promotionnel,stratégie digitale,"Stratégie digitale, création de contenu, campagnes publicitaires, accompagnement 360°",Attirer de nouveaux clients et promouvoir les services de l'agence,"stratégiedigitale, MarketingDigital, perfomance, croissance, webmediainternational",positif
Ija Taw,instagram,"🚀 We Are Hiring! Join IJA TAW - Marketing Agency 🎯💡
IJA TAW is expanding and we’re looking for talented professionals to join our team in Sousse, Tunisia! If you're ready to take your career to the next level, we want to hear from you. Available Positions & Responsibilities:

📌 Business Development Manager
Identify and acquire new clients.
Lead negotiations, client onboarding, and relationship management.
Drive business growth with innovative client acquisition strategies.
Build and maintain long-term client relationships.

📌 Digital Marketing Specialist (SEO, Content Creation & Ads)
Create engaging content for social media and ads.
Manage and optimize paid ad campaigns (Google Ads, Facebook Ads).
Improve SEO to increase online visibility and traffic.

📌 Project Manager
Manage client accounts and oversee projects from start to finish.
Coordinate with the business development and marketing teams to ensure seamless project execution.
Ensure projects are delivered on time and meet client expectations.
Maintain high client satisfaction and successful project outcomes.

📌 Graphic Designer
Design captivating visual content for social media, branding, and marketing materials.
Create logos, brochures, and promotional materials.
Ensure consistency across all visual designs and uphold brand identity.

🔹 Full-time positions
🔹 Competitive salary
🔹 CVP contract

📩 Send your CV & Portfolio to: contact@ijataw.com
📲 Contact us on WhatsApp: +216 99 709 052
Be part of a dynamic, growing team, and help us shape the future of marketing! 🌟",1,0,,2025-02-03T10:36:01.000Z,https://www.instagram.com/p/DFm4cXwSajw/,[],en,job_offer,recruitment,digital marketing,recruitment,,positive
Mynds,instagram,"L’art du digital, signé MYNDS. ✨",1,0,,2025-02-24T18:00:16.000Z,https://www.instagram.com/p/DGdv-X2CxIS/,[],fr,image,digital art,branding,notoriété,,positive
24-7 Digital Design,instagram,"⭐️⭐️ Notre réalisation ⭐️⭐️ :
Carte de visite pour notre client 🎖 ORTHO-Services 🎖
Veuillez consulter nos projets réalisés sur notre site web:
🌐 www.24-7digital.com.tn
24-7 Digital Design est votre meilleur partenaire pour réaliser votre:
✅ Site Web.
✅ Application Web & Mobile
✅ Branding , logo et Charte graphique.
✅ Conception de vos supports de communication.
✅ Gestion de vos réseaux sociaux.
✅ Modélisation 3D et rendu réaliste de vos produits.
✅ Packaging design.
Pour toute étude personnalisée, veuillez contacter nos experts au :
Mobile + whatsapp : +216 96 357 457
Facebook : www.facebook.com/24.7.digital.design.tunisie
instagram : www.instagram.com/247digitaldesign/
Linkedin : www.linkedin.com/company/11547031/
#Webdesign #siteweb #logo #chartegraphique #graphicdesign #smo #conception3d #packaging #branding #sitevitrine #ecommerce Voir moin",0,0,,2024-09-21T09:00:36.000Z,https://www.instagram.com/p/DALGNbkMDNc/,"['Webdesign', 'siteweb', 'logo', 'chartegraphique', 'graphicdesign', 'smo', 'conception3d', 'packaging', 'branding', 'sitevitrine', 'ecommerce']",français,promotionnel,présentation de réalisation,branding,acquisition de clients,"Webdesign, siteweb, logo, chartegraphique, graphicdesign, smo, conception3d, packaging, branding, sitevitrine, ecommerce",positif
Mynds,instagram,"At MYNDS Creative Agency, we don't just create content—we build strategies that grow brands.

✨ What we bring to the table:
📱 Social Media Management
🎥 Content Creation
📊 Digital Strategy
🎯 Paid Media & Ads
🎨 Branding & Design

Every post, every campaign, every creative idea is designed with one goal: delivering real business impact.

📩 Ready to tell your brand story?
📧 contact@mynds-team.com
🌐 www.mynds-team.com
📞 +216 29 543 202

#MYNDS #CreativeAgency #DigitalMarketing #SocialMediaMarketing #BrandStrategy #ContentCreation #PaidAds #Branding #MarketingAgency #BusinessGrowth #CreativeMarketing #YourStoryNeedsMarketing",0,0,,2026-07-01T10:52:58.000Z,https://www.instagram.com/p/DaP2LU7nDAT/,"['MYNDS', 'CreativeAgency', 'DigitalMarketing', 'SocialMediaMarketing', 'BrandStrategy', 'ContentCreation', 'PaidAds', 'Branding', 'MarketingAgency', 'BusinessGrowth', 'CreativeMarketing', 'YourStoryNeedsMarketing']",English,promotion,Digital marketing services,"Social Media Management, Content Creation, Digital Strategy, Paid Media & Ads, Branding & Design",Lead generation and brand awareness,"MYNDS, CreativeAgency, DigitalMarketing, SocialMediaMarketing, BrandStrategy, ContentCreation, PaidAds, Branding, MarketingAgency, BusinessGrowth, CreativeMarketing, YourStoryNeedsMarketing",positive
Web Media Tunisie,instagram,"⭐⭐⭐⭐⭐Bonna Tunisie, GFB, Landor, Atoll Assurances… ils ont fait le choix de l'excellence.
Et vous ?
𝐍𝐨𝐭𝐫𝐞 𝐞́𝐪𝐮𝐢𝐩𝐞 𝐞𝐬𝐭 𝐩𝐫𝐞̂𝐭𝐞 𝐚̀ 𝐝𝐨𝐧𝐧𝐞𝐫 𝐯𝐢𝐞 𝐚̀ 𝐯𝐨𝐭𝐫𝐞 𝐩𝐫𝐨𝐣𝐞𝐭.
- 𝐒𝐢𝐭𝐞 𝐰𝐞𝐛 
- 𝐌𝐚𝐫𝐤𝐞𝐭𝐢𝐧𝐠 𝐝𝐢𝐠𝐢𝐭𝐚𝐥
- 𝐒𝐄𝐎 
- 𝐃𝐞𝐬𝐢𝐠𝐧 𝐠𝐫𝐚𝐩𝐡𝐢𝐪𝐮𝐞

👉 Demandez votre devis gratuit maintenant !
🌐 : www.webmedia-tunisie.com 
📩 : commercial@webmediatunisie.com
📞 : (+216) 25 4 72 5 25 /+216 29 888 079",8,0,,2026-04-22T17:32:12.000Z,https://www.instagram.com/p/DXcUOQ8FtzZ/,[],français,texte,promotion de services digitaux,"site web, marketing digital, SEO, design graphique",générer des leads et obtenir des devis,,positif
Kyubi Digital,instagram,"Votre marque mérite un contenu cohérent, impactant et efficace ...
Un contenu à sa hauteur !
👉 Parlons-en, Demandez votre audit !",7,0,,2026-04-03T13:32:42.000Z,https://www.instagram.com/p/DWq9tXpkXc2/,[],fr,texte,branding,audit de contenu,générer des leads,,positif
Ija Taw,instagram,"Préparez-vous à conquérir la semaine à venir 🚀
#DimancheInspiration #MarketingDigital #PlanificationStratégique #Productivité #DigitalSuccess",0,0,,2024-10-06T09:00:27.000Z,https://www.instagram.com/p/DAxuHbaMMuI/,"['DimancheInspiration', 'MarketingDigital', 'PlanificationStratégique', 'Productivité', 'DigitalSuccess']",fr,citation motivationnelle,inspiration,Marketing Digital,motivation et engagement,"DimancheInspiration, MarketingDigital, PlanificationStratégique, Productivité, DigitalSuccess",positif
Web Media Tunisie,instagram,"votre site perd des positions sur Google sans raison apparente ?
Dans 90% des cas ce ne sont pas les algorithmes le problème ce sont des erreurs évitables que beaucoup d'entreprises commettent sans s'en rendre compte.
Chez Web Media-International  nous auditons des dizaines de sites chaque mois et nous retrouvons toujours les mêmes freins 
❌ Une recherche de mots-clés inexistante ou mal ciblée
❌ Un contenu dupliqué ou sans réelle valeur ajoutée
❌ Des problèmes techniques invisibles qui bloquent Google
❌ Une stratégie de backlinks inexistante ou toxique
❌ Un maillage interne négligé
❌ Un SEO local complètement oublié
❌ Aucun suivi des performances via Search Console
Chaque erreur non corrigée est une opportunité offerte à vos concurrents.
👉 Ce carrousel vous donne une vision claire des erreurs les plus fréquentes et leurs solutions concrètes
pour obtenir un diagnostic précis de votre site notre équipe est disponible pour un audit SEO gratuit
📞 (+216) 29 5 95 64 / 29 8 88 0 79",7,0,,2026-04-08T19:01:20.000Z,https://www.instagram.com/p/DW4bS11AThV/,[],fr,carrousel,SEO audit,audit SEO gratuit,générer des leads pour des audits SEO,,positif
24-7 Digital Design,instagram,"⭐️⭐️ Notre réalisation ⭐️⭐️ :
Bloc Notes pour notre client 🎖 SOFNORD 🎖
Veuillez consulter nos projets réalisés sur notre site web: 
🌐 www.24-7digital.com.tn
24-7 Digital Design est votre meilleur partenaire pour réaliser votre: 
✅ Site Web. 
✅ Application Web & Mobile
✅ Branding , logo et Charte graphique. 
✅ Conception de vos supports de communication. 
✅ Gestion de vos réseaux sociaux. 
✅ Modélisation 3D et rendu réaliste de vos produits. 
✅ Packaging design.
Pour toute étude personnalisée, veuillez contacter nos experts au : 
Mobile + whatsapp : +216 96 357 457 
Facebook : www.facebook.com/24.7.digital.design.tunisie 
instagram : www.instagram.com/247digitaldesign/ 
Linkedin : www.linkedin.com/company/11547031/
#Webdesign #siteweb #logo #chartegraphique #graphicdesign #smo #conception3d #packaging #branding #sitevitrine #ecommerce",0,0,,2024-08-20T09:00:23.000Z,https://www.instagram.com/p/C-4svwQof3J/,"['Webdesign', 'siteweb', 'logo', 'chartegraphique', 'graphicdesign', 'smo', 'conception3d', 'packaging', 'branding', 'sitevitrine', 'ecommerce']",français,promotionnel,présentation de projet client,"développement web, applications mobiles, branding, design graphique, gestion des réseaux sociaux, modélisation 3D, packaging",générer des leads et promouvoir les services de l'agence,"Webdesign, siteweb, logo, chartegraphique, graphicdesign, smo, conception3d, packaging, branding, sitevitrine, ecommerce",positif
Ija Taw,instagram,Boostez votre business avec des stratégies de marketing digital efficaces ! 🚀 #MarketingDigital #Stratégie #VisibilitéEnLigne #Entrepreneur,0,0,,2024-09-30T07:00:40.000Z,https://www.instagram.com/p/DAiDoR_AP2K/,"['MarketingDigital', 'Stratégie', 'VisibilitéEnLigne', 'Entrepreneur']",fr,texte,marketing digital,stratégies de marketing digital,augmenter la visibilité et attirer des clients entrepreneurs,"MarketingDigital, Stratégie, VisibilitéEnLigne, Entrepreneur",positif
Jawhara PUB,instagram,"Comprenez votre public pour mieux prospérer💡 L'examen minutieux de votre groupe cible vous permet de cibler vos efforts marketing là où ils auront le plus d'impact.
Mail: 2021hagency@gmail.com
Infoline: 51 716 001
#Hagency #Tunisie #communication #digital #marketingdigital",0,0,,2024-04-24T16:31:32.000Z,https://www.instagram.com/p/C6Jqk3yoZtD/,"['Hagency', 'Tunisie', 'communication', 'digital', 'marketingdigital']",français,image,analyse du public,stratégie marketing,sensibilisation,"Hagency, Tunisie, communication, digital, marketingdigital",positif
Web Media Tunisie,instagram,"🚀 تحب موقعك يطلع في𝟏è𝐫𝐞 𝐩𝐨𝐬𝐢𝐭𝐢𝐨𝐧 𝐬𝐮𝐫 𝐆𝐨𝐨𝐠𝐥𝐞 ؟

مع خدمات 𝐫é𝐟é𝐫𝐞𝐧𝐜𝐞𝐦𝐞𝐧𝐭 𝐧𝐚𝐭𝐮𝐫𝐞𝐥 (𝐒𝐄𝐎) من 𝐖𝐞𝐛 𝐌𝐞𝐝𝐢𝐚، موقعك يولي أكثر 𝐯𝐢𝐬𝐢𝐛𝐢𝐥𝐢𝐭é ويجيبلك 𝐜𝐥𝐢𝐞𝐧𝐭𝐬 𝐪𝐮𝐚𝐥𝐢𝐟𝐢é𝐬 كل يوم 🔥

✔️ Optimisation SEO complète
✔️ Meilleur classement sur Google
✔️ Plus de trafic = plus de clients
✔️ Stratégie digitale efficace et durable

خلي 𝐛𝐮𝐬𝐢𝐧𝐞𝐬𝐬 متاعك يبان قبل المنافسين ✨
ومع 𝐖𝐞𝐛 𝐌𝐞𝐝𝐢𝐚… النجاح الرقمي يبدأ من 𝐆𝐨𝐨𝐠𝐥𝐞 👌

📩 ابعثولنا 𝐦𝐞𝐬𝐬𝐚𝐠𝐞 وخلّي فريقنا يطوّر 𝐩𝐫é𝐬𝐞𝐧𝐜𝐞 𝐝𝐢𝐠𝐢𝐭𝐚𝐥𝐞 متاعك.

#SEO #ReferencementNaturel #Google #WebMedia #MarketingDigital #AgenceWeb #Tunisie #DigitalMarketing",3,0,,2026-05-29T12:44:04.000Z,https://www.instagram.com/p/DY7EqIoFTOW/,"['SEO', 'ReferencementNaturel', 'Google', 'WebMedia', 'MarketingDigital', 'AgenceWeb', 'Tunisie', 'DigitalMarketing']",français,promotionnel,SEO,Référencement naturel (SEO),Acquisition de clients,"SEO, ReferencementNaturel, Google, WebMedia, MarketingDigital, AgenceWeb, Tunisie, DigitalMarketing",positif
Web Media Tunisie,instagram,"Dans un marché de plus en plus compétitif votre présence sur les 𝗿𝗲́𝘀𝗲𝗮𝘂𝘅 𝘀𝗼𝗰𝗶𝗮𝘂𝘅 reflète la valeur de votre entreprise 
Chez Web Media-International  nous accompagnons les entreprises dans la construction d'une image digitale forte et performante
𝗨𝗻𝗲 𝘀𝘁𝗿𝗮𝘁𝗲́𝗴𝗶𝗲 𝗱𝗲 𝗰𝗼𝗻𝘁𝗲𝗻𝘂 𝘀𝘂𝗿-𝗺𝗲𝘀𝘂𝗿𝗲
𝗨𝗻𝗲 𝗴𝗲𝘀𝘁𝗶𝗼𝗻 𝗽𝗿𝗼𝗳𝗲𝘀𝘀𝗶𝗼𝗻𝗻𝗲𝗹𝗹𝗲 𝗱𝗲 𝘃𝗼𝘀 𝗽𝗮𝗴𝗲𝘀
𝗗𝗲𝘀 𝗿𝗲́𝘀𝘂𝗹𝘁𝗮𝘁𝘀 𝗰𝗼𝗻𝗰𝗿𝗲𝘁𝘀 𝗲𝘁 𝗺𝗲𝘀𝘂𝗿𝗮𝗯𝗹𝗲𝘀
Vous voulez booster vos réseaux sociaux et attirer plus de clients ? On s'en charge pour vous 
📞 (+216) 29 5 95 64 / 29 8 88 0 79
🌐 www.webmedia-tunisie.com

#marketingdigital #WebMediaInternational #Tunisie #CommunityManagement #réseauxsociaux #TransformationDigitale",9,0,,2026-04-01T17:37:12.000Z,https://www.instagram.com/p/DWmQGaxjqFS/,"['marketingdigital', 'WebMediaInternational', 'Tunisie', 'CommunityManagement', 'réseauxsociaux', 'TransformationDigitale']",fr,promotionnel,marketing digital,Gestion des réseaux sociaux,Acquisition de clients,"marketingdigital, WebMediaInternational, Tunisie, CommunityManagement, réseauxsociaux, TransformationDigitale",positif
Ija Taw,instagram,"Que cette nouvelle semaine vous apporte réussite, inspiration et énergie pour atteindre vos objectifs 💪✨ 
#BonDébutDeSemaine #Motivation #Objectifs #Productivité #Réussite",2,0,,2024-09-23T08:00:44.000Z,https://www.instagram.com/p/DAQI8pTvZ7v/,"['BonDébutDeSemaine', 'Motivation', 'Objectifs', 'Productivité', 'Réussite']",fr,texte,Motivation,,Motiver l'audience,"BonDébutDeSemaine, Motivation, Objectifs, Productivité, Réussite",positive
Jawhara PUB,instagram,"🚀💬 Pour réussir en marketing digital, il faut être stratégique. Ne tirez pas dans le vide, visez juste chaque fois 💥
Mail: 2021hagency@gmail.com
Infoline: 51 716 001
#Hagency #Tunisie #communication #digital #marketingdigital",0,0,,2024-04-28T11:24:24.000Z,https://www.instagram.com/p/C6Tam2XoTKE/,"['Hagency', 'Tunisie', 'communication', 'digital', 'marketingdigital']",fr,texte,marketing digital,marketing digital,générer des leads,"Hagency, Tunisie, communication, digital, marketingdigital",positive
Vendra Tunisia,instagram,"🎨Une touche de créativité qui transforme des idées en réalité 😍 ! Voici l'une de nos dernières œuvres d'art design, conçue avec passion et dévouement.✨ #Design #Créativité #Réalisations #agencemarketing #transformation",4,0,,2023-09-15T19:48:08.000Z,https://www.instagram.com/p/CxOYkcrsvHr/,"['Design', 'Créativité', 'Réalisations', 'agencemarketing', 'transformation']",fr,image,design,design,promotion,"Design, Créativité, Réalisations, agencemarketing, transformation",positive
Emmak Prod,instagram,"نتشرّف في Emmak Prod بتوثيق أمسية تقديم رواية ""اليتيم"" للكاتب عبد الفتاح محمد سالمي، والتي احتضنها مقر جمعية اتحاد الثقافة بسوسة.

وفي سياق شغفنا العميق بالثقافة وإيماننا بدور الفكر المبدع في إضاءة المجتمعات، آمنّا بأن رقمنة الإبداع ليست ترفًا، بل رسالة نُخلص في أدائها: نُحيل الكلمة من الورق إلى الصورة، ونُلبس النصّ صوتًا وضوءًا، ليبلغ القلوب حيث كانت.

وقد كانت هذه المبادرة امتدادًا لهذا الإيمان، وجاءت تغطيتنا لهذه الأمسية بكل المحبة والتقدير، لنُفاجأ نحن أنفسنا بدفء الاستقبال وصدق الترحاب من القائمين على الجمعية، وفي مقدّمتهم الأستاذة نفيسة، تلك السيّدة النبيلة الخلوقة، التي شكّلت بحضورها لمسة إنسانية رفيعة، تليق بالمكان وروحه الثقافية.",2,0,,2025-06-23T20:02:53.000Z,https://www.instagram.com/p/DLQYh7aqOOh/,[],ar,texte,culture,production digitale,notoriété,,positive
Emmak Prod,instagram,"عبد الفتاح محمد سالمي نافذة على عمله الروائي ""اليتيم – جيل ما بعد الطوفان",3,0,,2025-06-24T20:51:48.000Z,https://www.instagram.com/p/DLTC8W-TUPC/,[],ar,texte,littérature,promotion,notoriété,,neutre
Vendra Tunisia,instagram,"les différentes personnalités 😎 au sein de notre équipe 🏢💼

#digital #work #instamoment",37,0,,2023-08-11T17:28:18.000Z,https://www.instagram.com/p/Cv0AiZQoCeb/,"['digital', 'work', 'instamoment']",fr,image,culture d'équipe,employer branding,augmenter l'engagement,"digital, work, instamoment",positive
Web Media Tunisie,instagram,"كل بروجي عندو ديستيناسيون...و ديستيناسيون متاعك أحنا 📍 𝐖𝐞𝐛 𝐌𝐞𝐝𝐢𝐚 𝐈𝐧𝐭𝐞𝐫𝐧𝐚𝐭𝐢𝐨𝐧𝐚𝐥 عنا لي ستحقو البزينس متاعك باش تنجم تربح في الديجيتال 
✅ 𝐒𝐢𝐭𝐞 𝐰𝐞𝐛 
✅ 𝐌𝐚𝐫𝐤𝐞𝐭𝐢𝐧𝐠 𝐝𝐢𝐠𝐢𝐭𝐚𝐥
✅𝐒𝐄𝐎 
✅𝐃𝐞𝐬𝐢𝐠𝐧 𝐠𝐫𝐚𝐩𝐡𝐢𝐪𝐮𝐞
خطوة بخطوة نتبعوك باش بروجي متاعك ينجح و تلقى نتيحة لي حاشتك بيها
 
 👉 ملا كنتكتينا توا و اطلب 𝐝𝐞𝐯𝐢𝐬 𝐠𝐫𝐚𝐭𝐮𝐢𝐭 
📩 : commercial@webmediatunisie.com
📞 : (+216) 29 595 564",5,0,,2026-04-27T14:47:56.000Z,https://www.instagram.com/p/DXo5W_jE8hE/,[],ar,promotionnel,marketing digital,"site web, marketing digital, SEO, design graphique",générer des leads et acquérir de nouveaux clients,,positive
Pi 2r,instagram,"Toute l'équipe de Pi 2r vous souhaite un Ramadan béni et rempli de paix, de joie et de bénédictions. 🤲
🌙🌟 Ramadan Mabrouk à vous et à vos proches !

#RamadanMoubarak #Pi_2r",4,0,,2025-03-01T14:48:10.000Z,https://www.instagram.com/p/DGqR9x8I7El/,"['RamadanMoubarak', 'Pi_2r']",fr,texte,Ramadan,community management,renforcer la relation client,"RamadanMoubarak, Pi_2r",positive
Kyubi Digital,instagram,"Yo, it’s that time again… Kyubi Wrapped 2025 dropped. 🎧✨
We cooked on social media 🍳📱, chased trends 🏃‍♀️💨, survived three algorithm shifts 😵‍💫🤖 and still had fun doing it 😄🔥
If your brand was on shuffle 🔀, trust us — we found the banger. 🎶💥😌

#KyubiDigital #KyubiWrapped2025 #Wrapped2025 #AgencyLife #SocialMediaAgency",20,0,,2025-12-09T16:47:14.000Z,https://www.instagram.com/p/DSDMjoyiPXe/,"['KyubiDigital', 'KyubiWrapped2025', 'Wrapped2025', 'AgencyLife', 'SocialMediaAgency']",en,post,agency recap,Social Media Management,brand awareness,"KyubiDigital, KyubiWrapped2025, Wrapped2025, AgencyLife, SocialMediaAgency",positive
Mynds,instagram,"Boostez votre présence en ligne avec MYNDS ! Transformez vos idées en réalité digitale. 🌐
#entrepreneurship #follow #love #photography #affiliatemarketing #businessowner #webdevelopment #content #like #art #b #emailmarketing #fashion #instagood #websitedesign #google #digitalmarketingstrategy #marketingonline #socialmediamanager #searchengineoptimization #facebook #digitalmarketer #empreendedorismo #workfromhome #copywriting",6,0,,2024-09-07T13:00:24.000Z,https://www.instagram.com/p/C_nehcwOZru/,"['entrepreneurship', 'follow', 'love', 'photography', 'affiliatemarketing', 'businessowner', 'webdevelopment', 'content', 'like', 'art', 'b', 'emailmarketing', 'fashion', 'instagood', 'websitedesign', 'google', 'digitalmarketingstrategy', 'marketingonline', 'socialmediamanager', 'searchengineoptimization', 'facebook', 'digitalmarketer', 'empreendedorismo', 'workfromhome', 'copywriting']",fr,image,digital marketing,web development,augmenter la visibilité en ligne,"entrepreneurship, follow, love, photography, affiliatemarketing, businessowner, webdevelopment, content, like, art, b, emailmarketing, fashion, instagood, websitedesign, google, digitalmarketingstrategy, marketingonline, socialmediamanager, searchengineoptimization, facebook, digitalmarketer, empreendedorismo, workfromhome, copywriting",positive
Mynds,instagram,Innovation et excellence avec MYNDS. Votre partenaire pour réussir dans le digital. 🔥,3,0,,2024-09-09T09:00:20.000Z,https://www.instagram.com/p/C_sMo5gNj09/,[],fr,texte,innovation,digital,notoriété,,positif
Mynds,instagram,"Développez votre avenir numérique avec MYNDS ! Expertise en IT et Web pour votre succès. 💻 Appelez-nous : www.mynds-tem.com | 00216 29 543 202 | contact@mynds-team.com
#smallbusiness #webdesign #graphicdesign #design #digitalmarketingtips #website #marketingagency",3,0,,2024-09-06T13:00:24.000Z,https://www.instagram.com/p/C_k5ul0PJrD/,"['smallbusiness', 'webdesign', 'graphicdesign', 'design', 'digitalmarketingtips', 'website', 'marketingagency']",fr,promotionnel,digital,IT et Web,acquisition de clients,"smallbusiness, webdesign, graphicdesign, design, digitalmarketingtips, website, marketingagency",positive
Vendra Tunisia,instagram,"It's time for another step ⬆️⏏️

We Create Value 💎

 #agencemarketingdigital #stratégiemarketing #strategimarketing #publicitè #wecreate",6,0,,2023-08-17T18:00:27.000Z,https://www.instagram.com/p/CwDhNfiII8a/,"['agencemarketingdigital', 'stratégiemarketing', 'strategimarketing', 'publicitè', 'wecreate']",en,image,marketing,marketing digital,notoriété,"agencemarketingdigital, stratégiemarketing, strategimarketing, publicitè, wecreate",positive
Vendra Tunisia,instagram,"كيف البليد تاع l'équipe يقلق 😕 #contentmarketing 
#team #marketingagency",45,8,,2023-06-15T19:50:57.000Z,https://www.instagram.com/p/CthfUBDIgZY/,"['contentmarketing', 'team', 'marketingagency']",ar,texte,team morale,content marketing,engagement,"contentmarketing, team, marketingagency",negative
Kyubi Digital,instagram,"While everyone celebrates 2026… 🎉
We’re already analysing it. 📊🔍",12,0,,2025-12-31T21:01:04.000Z,https://www.instagram.com/p/DS8TDMagUuF/,[],en,image,analyse de données,data analysis,brand awareness,,positive
Ija Taw,instagram,"Bienvenue chez "" Ija Taw "" votre partenaire en transformation digital 🤩

Nos expertises : Création de contenu | Développement web | Gestion stratégique des réseaux sociaux | Conseil et accompagnement | Formations professionnelles | Production audiovisuelle

Nous vous guidons vers l’excellence à chaque étape. 🚀

#IjaTaw #TransformationDigitale #DéveloppementWeb #StratégieDigitale #ProductionAudiovisuelle #FormationProfessionnelle #Accompagnement",2,0,,2024-09-19T18:32:07.000Z,https://www.instagram.com/p/DAG-BjwBMWn/,"['IjaTaw', 'TransformationDigitale', 'DéveloppementWeb', 'StratégieDigitale', 'ProductionAudiovisuelle', 'FormationProfessionnelle', 'Accompagnement']",fr,promotionnel,transformation digitale,"création de contenu, développement web, gestion des réseaux sociaux, conseil, formation professionnelle, production audiovisuelle",attirer de nouveaux clients et renforcer la notoriété de l'agence,"IjaTaw, TransformationDigitale, DéveloppementWeb, StratégieDigitale, ProductionAudiovisuelle, FormationProfessionnelle, Accompagnement",positif
MUSE Agency,instagram,"Nous sommes ravis de lancer la campagne publicitaire Selimat 🚀

Ce projet a démarré par la modélisation 3D des produits, suivie du développement du site e-commerce, du référencement, de la gestion des réseaux sociaux, de l’achat média et de la création graphique, pour se conclure par une stratégie de marketing d’influence @saydouda .

Nous remercions chaleureusement @selimat_matelas Selimat pour sa confiance.

#Selimat #MarketingDigital #Ecommerce #3DModeling #SocialMedia MediaBuying InfluenceMarketing CréationGraphique DigitalCampaign",18,2,,2026-01-24T18:37:05.000Z,https://www.instagram.com/p/DT51HouCqin/,"['Selimat', 'MarketingDigital', 'Ecommerce', '3DModeling', 'SocialMedia']",fr,promotionnel,lancement de campagne publicitaire,"modélisation 3D, développement e-commerce, référencement, gestion des réseaux sociaux, achat média, création graphique, marketing d'influence",augmenter la notoriété de la marque Selimat et mettre en avant les services de l'agence,"Selimat, MarketingDigital, Ecommerce, 3DModeling, SocialMedia",positive
Mynds,instagram,Boostons votre digital avec MYNDS. 💡,4,0,,2025-02-20T18:00:14.000Z,https://www.instagram.com/p/DGTcyz3Jodc/,[],fr,texte,digital,transformation digitale,promotion,,positif
Mynds,instagram,"Créativité & stratégie, c’est MYNDS. 🚀

#communicationdigitale #communication #marketingdigital #strategiedigitale #reseauxsociaux #communitymanager #businessenligne",5,0,,2025-02-18T17:00:08.000Z,https://www.instagram.com/p/DGOMUypv3o9/,"['communicationdigitale', 'communication', 'marketingdigital', 'strategiedigitale', 'reseauxsociaux', 'communitymanager', 'businessenligne']",fr,texte,communication digitale,stratégie digitale,notoriété de marque,"communicationdigitale, communication, marketingdigital, strategiedigitale, reseauxsociaux, communitymanager, businessenligne",positif
Pi 2r,instagram,"Vous vous êtes déjà demandé d'où vient le nom Pi 2r ? 😊
Ce nom n'a pas été choisi au hasard ! Il fait référence à la formule mathématique :
Périmètre d'un cercle = Pi (π) * 2r (le diamètre du cercle)
Mais que signifie cette formule pour notre agence ?
➿ Elle symbolise notre offre à 360°, couvrant l'ensemble des services marketing digital.
🤝 Elle représente notre volonté d'entourer nos clients pour un accompagnement de A à Z.
💡 Le cercle illustre aussi le cycle vertueux de nos valeurs fondamentales :
Engagement => Collaboration => Justesse => Qualité => Reconnaissance => Engagement
En choisissant Pi 2r, nous affirmons une approche complète, rigoureuse et créative pour votre réussite !
Prêt à intégrer ce cercle vertueux avec nous ? 😉
#Pi2r #Valeurs #ServicesSurMesure #ExpertiseMarketing #StrategieDigitale",2,0,,2024-06-11T20:01:08.000Z,https://www.instagram.com/p/C8For0bPqDd/,"['Pi2r', 'Valeurs', 'ServicesSurMesure', 'ExpertiseMarketing', 'StrategieDigitale']",fr,texte,branding et valeurs d'entreprise,marketing digital,renforcer la notoriété et attirer de nouveaux clients,"Pi2r, Valeurs, ServicesSurMesure, ExpertiseMarketing, StrategieDigitale",positif
MUSE Agency,instagram,"Fiers d’avoir contribué à la création et au développement de la marque Azima.

De l’identité et l’ADN de la marque au design du packaging, en passant par le choix d’une bouteille sobre et élégante avec une calligraphie sur mesure, chaque détail a été pensé pour refléter son positionnement premium.

Nous avons également accompagné la marque dans le développement de son site web et sa présence au Gulfood à Dubaï.

Azima, une signature forte, prête à rayonner à l’international.

#Branding #Packaging #OliveOil #MuseAgency #Gulfood",9,0,,2026-02-15T18:44:04.000Z,https://www.instagram.com/p/DUyfpg2CtnK/,"['Branding', 'Packaging', 'OliveOil', 'MuseAgency', 'Gulfood']",fr,image,Branding & Packaging,"Branding, Packaging Design, Web Development",Promouvoir le travail réalisé et renforcer la notoriété de l'agence,"Branding, Packaging, OliveOil, MuseAgency, Gulfood",positive
Web Media Tunisie,instagram,"Optimisez votre relation client avec un 𝗖𝗥𝗠 conçu sur mesure pour votre entreprise.
Chez Web Media-International  nous concevons des CRM sur mesure adaptés à vos processus métier et connectés à votre écosystème digital.
✅ 𝗖𝗲𝗻𝘁𝗿𝗮𝗹𝗶𝘀𝗮𝘁𝗶𝗼𝗻 𝗱𝗲𝘀 𝗱𝗼𝗻𝗻𝗲́𝗲𝘀 𝗰𝗹𝗶𝗲𝗻𝘁𝘀
✅ 𝗔𝘂𝘁𝗼𝗺𝗮𝘁𝗶𝘀𝗮𝘁𝗶𝗼𝗻 𝗱𝘂 𝘀𝘂𝗶𝘃𝗶 𝗰𝗼𝗺𝗺𝗲𝗿𝗰𝗶𝗮𝗹
✅ 𝗥𝗲𝗽𝗼𝗿𝘁𝗶𝗻𝗴 𝗲𝘁 𝗽𝗶𝗹𝗼𝘁𝗮𝗴𝗲 𝗲𝗻 𝘁𝗲𝗺𝗽𝘀 𝗿𝗲́𝗲𝗹
Contactez-nous 📞 (+216) 29 5 95 5 64 | 29 8 88 0 79
🌐 webmedia-tunisie.com

#CRM #WebMediaTunisie #GestionCommerciale",6,0,,2026-04-03T10:01:24.000Z,https://www.instagram.com/p/DWqlhzRAQTr/,"['CRM', 'WebMediaTunisie', 'GestionCommerciale']",fr,promotionnel,Gestion de la relation client,CRM sur mesure,Acquisition de leads,"CRM, WebMediaTunisie, GestionCommerciale",positif
Ija Taw,instagram,Le contenu est le moteur de votre marketing digital 💡💻 #MarketingDigital #StratégieDigitale #ContenuPertinent #MarketingDeContenu #ContentMarketing,2,0,,2024-10-03T10:00:54.000Z,https://www.instagram.com/p/DAqGnhwBADz/,"['MarketingDigital', 'StratégieDigitale', 'ContenuPertinent', 'MarketingDeContenu', 'ContentMarketing']",fr,texte,Marketing digital,Content Marketing,Sensibilisation,"MarketingDigital, StratégieDigitale, ContenuPertinent, MarketingDeContenu, ContentMarketing",positif
Vendra Tunisia,instagram,"Social media manager is always ready 😂

#socialmedia #viralvideos #digital",49,0,,2023-08-18T14:59:56.000Z,https://www.instagram.com/p/CwFxB0csnna/,"['socialmedia', 'viralvideos', 'digital']",en,texte,humour,social media management,engagement,"socialmedia, viralvideos, digital",positive
Web Media Tunisie,instagram,"🚀 𝗩𝗼𝘂𝘀 𝘃𝗼𝘂𝗹𝗲𝘇 ê𝘁𝗿𝗲 𝗡°𝟭 𝘀𝘂𝗿 𝗚𝗼𝗼𝗴𝗹𝗲 ? 𝗢𝗻 𝘀'𝗲𝗻 𝗼𝗰𝗰𝘂𝗽𝗲 !
Imaginez un client cherche votre service sur Google… et c'est VOUS qu'il trouve en premier. Pas votre concurrent. 
C'est exactement ce que fait Web Media International grâce à notre offre Puissance SEO !
🔍 Référencement naturel optimisé
📍 Visibilité locale boostée sur Google Maps
📈 Trafic qualifié qui se transforme en clients réels
🤖 Optimisation IA
💼 Résultats concrets et durables
Ne laissez plus vos concurrents prendre votre place sur Google.

👉𝗖𝗼𝗻𝘁𝗮𝗰𝘁𝗲𝘇-𝗻𝗼𝘂𝘀 𝗺𝗮𝗶𝗻𝘁𝗲𝗻𝗮𝗻𝘁 𝗽𝗼𝘂𝗿 𝘂𝗻 𝗮𝘂𝗱𝗶𝘁 𝗦𝗘𝗢 𝗚𝗥𝗔𝗧𝗨𝗜𝗧 !
📞+216 29 595 564 / 29 888 079

#SEO #RéférencementNaturel #WebMediaInternational #MarketingDigital",6,0,,2026-03-11T20:28:14.000Z,https://www.instagram.com/p/DVwe-t5DhJp/,"['SEO', 'RéférencementNaturel', 'WebMediaInternational', 'MarketingDigital']",fr,promotionnel,SEO et visibilité locale,Référencement naturel (SEO),Acquisition de prospects pour audit SEO gratuit et augmentation de la visibilité sur Google,"SEO, RéférencementNaturel, WebMediaInternational, MarketingDigital",positif
Web Media Tunisie,instagram,"🚀 𝐕𝐨𝐭𝐫𝐞 𝐛𝐮𝐬𝐢𝐧𝐞𝐬𝐬 𝐦é𝐫𝐢𝐭𝐞 𝐝'ê𝐭𝐫𝐞 𝐯𝐮 𝐩𝐚𝐫𝐭𝐨𝐮𝐭 !
Les réseaux sociaux ne sont plus une option, c'est votre levier de croissance le plus puissant. Chaque plateforme est une opportunité de toucher vos clients là où ils sont.
Chez Web Media International on gère votre présence digitale de A à Z pour que votre business décolle vraiment 📈
👉 Contactez-nous dès aujourd'hui et obtenez votre stratégie social media sur mesure !
📞 (+𝟮𝟭𝟲) 𝟮𝟵 𝟱 𝟵𝟱 𝟱 𝟲𝟰 | 🌐www.webmedia-tunisie.com",9,0,,2026-03-23T19:18:17.000Z,https://www.instagram.com/p/DWPQg4tCcms/,[],français,promotionnel,social media marketing,gestion de présence digitale,acquisition de clients,,positif
Web Media Tunisie,instagram,"𝗩𝗼𝘂𝘀 𝗰𝗵𝗲𝗿𝗰𝗵𝗲𝘇 𝘂𝗻𝗲 𝘀𝗼𝗹𝘂𝘁𝗶𝗼𝗻 𝗺𝗼𝗱𝗲𝗿𝗻𝗲, 𝗽𝗲𝗿𝗳𝗼𝗿𝗺𝗮𝗻𝘁𝗲 𝗲𝘁 𝗳𝗮𝗰𝗶𝗹𝗲 ?
Avril 2026 marque le début d'une nouvelle ère pour votre présence en ligne. 
✅ 𝐖𝐨𝐫𝐝𝐏𝐫𝐞𝐬𝐬 𝟕.𝟎 révolutionne la création web :
⚡ Vitesse de chargement ultra-rapide
🎨 Design plus intuitif que jamais
🔒 Sécurité renforcée pour votre business
📈 Optimisé pour le SEO & les conversions
🛠️ Gestion simplifiée, même sans compétences techniques

𝐂𝐨𝐧𝐭𝐚𝐜𝐭𝐞𝐳-𝐧𝐨𝐮𝐬 𝐝è𝐬 𝐚𝐮𝐣𝐨𝐮𝐫𝐝'𝐡𝐮𝐢 𝐞𝐭 𝐨𝐛𝐭𝐞𝐧𝐞𝐳 𝐯𝐨𝐭𝐫𝐞 𝐜𝐨𝐧𝐬𝐮𝐥𝐭𝐚𝐭𝐢𝐨𝐧 𝐆𝐑𝐀𝐓𝐔𝐈𝐓𝐄 !
🌐 : www.webmedia-tunisie.com 
📩 : commercial@webmediatunisie.com
📞 : (+216) 25 4 72 5 25 /+216 29 888 079

#siteweb #wordpress #agencedigitale #TransformationDigitale #webmedia",12,0,,2026-03-03T10:00:47.000Z,https://www.instagram.com/p/DVaw0ArCGLx/,"['siteweb', 'wordpress', 'agencedigitale', 'TransformationDigitale', 'webmedia']",fr,promotionnel,Transformation digitale,Création de site web,Générer des leads,"siteweb, wordpress, agencedigitale, TransformationDigitale, webmedia",positif
Jawhara PUB,instagram,"Besoin de développer votre communauté en ligne ? 💻 Notre équipe d'experts vous aide à comprendre les besoins et les intérêts de votre public pour des stratégies de croissance efficaces 📈 
Mail: 2021hagency@gmail.com
Infoline: 51 716 001
#Hagency #Tunisie #communication #digital #marketingdigital",0,0,,2024-04-18T14:01:49.000Z,https://www.instagram.com/p/C558rHOI9od/,"['Hagency', 'Tunisie', 'communication', 'digital', 'marketingdigital']",fr,promotionnel,développement de communauté,community management,acquisition de nouveaux abonnés,"Hagency, Tunisie, communication, digital, marketingdigital",positif
TSA Agence Com,instagram,"Chez TSA, on aime l’action, le terrain et les profils curieux 👀

On recrute des Enquêteurs Terrain dans la région du Sahel pour une mission de 2 semaines.

Si vous voulez vivre une expérience humaine, dynamique et pleine de découvertes, contactez-nous ! 

📩 contact@tsaagence.com

#TSA #TeamTSA  #MissionTerrain #TSAEtudes",3,0,,2025-11-10T18:01:19.000Z,https://www.instagram.com/p/DQ4p-34kUin/,"['TSA', 'TeamTSA', 'MissionTerrain', 'TSAEtudes']",fr,recrutement,emploi,enquête terrain,recruter des enquêteurs terrain,"TSA, TeamTSA, MissionTerrain, TSAEtudes",positive
Web Media Tunisie,instagram,"🎯 Votre business mérite plus qu'une simple présence en ligne.
Avec Web Media International, on transforme votre stratégie digitale en résultats concrets étape par étape 
✅ Une 𝗦𝘁𝗿𝗮𝘁𝗲́𝗴𝗶𝗲 pensée pour votre marché
⚡ Une 𝗣𝗲𝗿𝗳𝗼𝗿𝗺𝗮𝗻𝗰𝗲 mesurable et optimisée
📈 Des 𝗥𝗲́𝘀𝘂𝗹𝘁𝗮𝘁𝘀 qui font la différence
Depuis plus de 20 ans, nous accompagnons les entreprises tunisiennes et internationales dans leur croissance digitale : création de sites web, Conception des CRM sur mesure, SEO, marketing digital, applications mobiles et bien plus encore.

𝗖𝗼𝗻𝘁𝗮𝗰𝘁𝗲𝘇-𝗻𝗼𝘂𝘀 𝗱𝗲̀𝘀 𝗮𝘂𝗷𝗼𝘂𝗿𝗱'𝗵𝘂𝗶 𝗽𝗼𝘂𝗿 𝘂𝗻 𝗱𝗲𝘃𝗶𝘀 𝗴𝗿𝗮𝘁𝘂𝗶𝘁
🌐 : www.webmedia-tunisie.com 
📩 : commercial@webmediatunisie.com
📞 : (+216) 25 4 72 5 25 /+216 29 888 079",6,0,,2026-03-19T10:00:42.000Z,https://www.instagram.com/p/DWD9he7gXfm/,[],fr,promotionnel,transformation digitale,services digitaux,acquisition de clients,,positif
Mynds,instagram,"💡 Your vision, our guidance.
At Mynds Team, we don’t just execute — we advise, guide, and grow with you.
Our expertise turns ideas into strategies and strategies into success. 🚀

📍 Le Belvédère, Tunis
📞 29 543 202
✉️ contact@mynds-team.com

🌐 mynds-team.com

#MyndsTeam #WeGrowTogether #MarketingExperts #CreativeStrategy #DigitalAdvisors",6,0,,2025-11-02T23:42:44.000Z,https://www.instagram.com/p/DQkqsb5iFg0/,"['MyndsTeam', 'WeGrowTogether', 'MarketingExperts', 'CreativeStrategy', 'DigitalAdvisors']",English,promotionnel,Growth & Strategy,Conseil en stratégie digitale,Générer des leads,"MyndsTeam, WeGrowTogether, MarketingExperts, CreativeStrategy, DigitalAdvisors",positive
Web Media Tunisie,instagram,"⚠️ 𝐆𝐦𝐚𝐢𝐥 𝐯𝐚 𝐜𝐡𝐚𝐧𝐠𝐞𝐫 𝐥𝐞𝐬 𝐫𝐞̀𝐠𝐥𝐞𝐬 𝐝𝐮 𝐣𝐞𝐮 𝐝𝐞̀𝐬 𝟐𝟎𝟐𝟔
Google met fin à 𝐆𝐦𝐚𝐢𝐥𝐢𝐟𝐲 et au 𝗽𝗿𝗼𝘁𝗼𝗰𝗼𝗹𝗲 𝗣𝗢𝗣 ainsi qu'à la 𝘀𝘆𝗻𝗰𝗵𝗿𝗼𝗻𝗶𝘀𝗮𝘁𝗶𝗼𝗻 𝗮𝘂𝘁𝗼𝗺𝗮𝘁𝗶𝗾𝘂𝗲 des comptes externes ce changement peut sembler technique mais le risque des e-mails non reçus et les opportunités perdues est réel
Chez Web Media-International Media-International nous vous aidons à anticiper ce changement 
✅ Migration vers 𝗚𝗼𝗼𝗴𝗹𝗲 𝗪𝗼𝗿𝗸𝘀𝗽𝗮𝗰𝗲
✅ Configuration 𝗜𝗠𝗔𝗣 𝗲𝘁 𝗿𝗲𝗱𝗶𝗿𝗲𝗰𝘁𝗶𝗼𝗻𝘀
✅ Sécurisation complète de 𝘃𝗼𝘁𝗿𝗲 𝗺𝗲𝘀𝘀𝗮𝗴𝗲𝗿𝗶𝗲

Contactez-nous : 📞(+216) 29 5 95 5 64 | 29 8 88 0 79
🌐www.webmedia-tunisie.com",6,0,,2026-03-27T11:00:18.000Z,https://www.instagram.com/p/DWYqtExDx_B/,[],fr,promotionnel,technologie,migration Gmail vers Google Workspace,acquisition de clients,,positif
Mynds,instagram,MYNDS - Transformez vos ambitions digitales en réalité. Stratégies sur mesure pour des résultats exceptionnels. ✨ → contact@mynds-team.com,6,0,,2024-09-13T13:00:24.000Z,https://www.instagram.com/p/C_27StVNZ8K/,[],fr,promotion,transformation digitale,stratégie digitale sur mesure,acquisition de clients,,positive
Vendra Tunisia,instagram,"😊 When we ask our team this 👈 or that 👉
#thisorthat #thisorthatgame #wecreate #follow #game #storygames #thisorthatchallenge #challenge #funny",22,0,,2023-09-29T14:20:28.000Z,https://www.instagram.com/p/Cxx0TCYrlzz/,"['thisorthat', 'thisorthatgame', 'wecreate', 'follow', 'game', 'storygames', 'thisorthatchallenge', 'challenge', 'funny']",en,image,team engagement,social media,boost engagement,"thisorthat, thisorthatgame, wecreate, follow, game, storygames, thisorthatchallenge, challenge, funny",positive
,instagram,Webinaire : Meta ads 2026,14,0,,2026-01-18T20:03:30.000Z,https://www.instagram.com/p/DTqivI2jFbV/,[],fr,texte,publicité digitale,Meta Ads,promotion,,neutre
Web Media Tunisie,instagram,"🤖 𝐋'𝐈𝐀 𝐭𝐫𝐚𝐧𝐬𝐟𝐨𝐫𝐦𝐞 𝐥𝐞 𝐦𝐚𝐫𝐤𝐞𝐭𝐢𝐧𝐠 𝐝𝐢𝐠𝐢𝐭𝐚𝐥 𝐞𝐭 𝐯𝐨𝐭𝐫𝐞 𝐛𝐮𝐬𝐢𝐧𝐞𝐬𝐬 𝐚𝐮𝐬𝐬𝐢 !
Aujourd'hui, l'Intelligence Artificielle vous permet de :
✅ Automatiser vos tâches répétitives
✅ Personnaliser vos messages à grande échelle
✅ Analyser vos données en temps réel
✅ Créer du contenu intelligent et performant
Chatbots, automation, analyse prédictive, contenu intelligent… 𝑾𝒆𝒃 𝑴𝒆𝒅𝒊𝒂 𝑻𝒖𝒏𝒊𝒔𝒊𝒆 𝒗𝒐𝒖𝒔 𝒂𝒄𝒄𝒐𝒎𝒑𝒂𝒈𝒏𝒆 𝒑𝒐𝒖𝒓 𝒊𝒏𝒕é𝒈𝒓𝒆𝒓 𝒍'𝑰𝑨 𝒂𝒖 𝒄œ𝒖𝒓 𝒅𝒆 𝒗𝒐𝒕𝒓𝒆 𝒔𝒕𝒓𝒂𝒕é𝒈𝒊𝒆 𝒅𝒊𝒈𝒊𝒕𝒂𝒍𝒆. 
 
🌐 : www.webmedia-tunisie.com 
📩 : commercial@webmediatunisie.com
📞 : (+216) 25 4 72 5 25 /+216 29 888 079  #intelligenceartificielle  #ChatBot #Automation #AgenceWeb #marketingdigital",6,0,,2026-03-04T09:54:59.000Z,https://www.instagram.com/p/DVdU8hwDrIY/,"['intelligenceartificielle', 'ChatBot', 'Automation', 'AgenceWeb', 'marketingdigital']",fr,promotionnel,Intelligence Artificielle,Intégration IA,Promotion des services d'IA,"intelligenceartificielle, ChatBot, Automation, AgenceWeb, marketingdigital",positif
TSA Agence Com,instagram,"الفرحة فرحتين 😎
Happy new year و مبروك علينا الترشح 🎊
#Tsaagencecom #happynewyear2026 #CAN2025",2,0,,2025-12-31T17:09:21.000Z,https://www.instagram.com/p/DS74kzLEXwZ/,"['Tsaagencecom', 'happynewyear2026', 'CAN2025']",ar,texte,célébration,promotion agence,vœux du nouvel an et annonce de nomination,"Tsaagencecom, happynewyear2026, CAN2025",positif
TSA Agence Com,instagram,عيدكم مبروك 🫶,8,0,,2026-05-26T15:49:24.000Z,https://www.instagram.com/p/DYzrewXiqHJ/,[],ar,texte,fêtes,,souhaits,,positive
Mynds,instagram,Accélérez votre croissance avec MYNDS. Des solutions digitales adaptées à vos besoins. 🚀,6,0,,2024-09-11T09:00:21.000Z,https://www.instagram.com/p/C_xWO0iPV7I/,[],fr,texte,croissance digitale,solutions digitales,promotion,,positif
Vendra Tunisia,instagram,"كي يبدا العرف مسافر 🥰🛩 
#equipemarketing #manager #socialnetwork",24,3,,2023-05-31T16:16:11.000Z,https://www.instagram.com/p/Cs6euiFIKFs/,"['equipemarketing', 'manager', 'socialnetwork']",Arabic,texte,voyage,marketing digital,engagement,"equipemarketing, manager, socialnetwork",positive
TSA Agence Com,instagram,"BTS VIBES INCOMING 📸
Today’s playground: a full-on photo and video production with a very important client : Workman
But let’s get one thing straight We don’t shoot just to shoot😎
Every click, every frame, every take is thoughtful, strategic, and packed with purpose! 
We’re not just showcasing workwear, we’re translating features into feels, and functionality into story.
Because great content isn’t just pretty, it’s precise.
Stay tuned… more BTS tea is brewing 👀
 More work is coming, powered by ""The New Baby ""🤫
#TSAxWORKMANGROUP #BTS",5,0,,2025-08-04T18:35:23.000Z,https://www.instagram.com/p/DM8X7swICaN/,"['TSAxWORKMANGROUP', 'BTS']",en,bts,behind the scenes,photo and video production,brand awareness,"TSAxWORKMANGROUP, BTS",positive
Vendra Tunisia,instagram,"Put the emoji that describes your opinion on this video 😉 
👇🏻in comment 💬
#emoji #smile😊 #comment #trends",12,0,,2023-07-17T08:45:56.000Z,https://www.instagram.com/p/Cuys5SVIZp-/,"['emoji', 'smile😊', 'comment', 'trends']",en,video,engagement,community management,increase comments,"emoji, smile😊, comment, trends",positive
TSA Agence Com,instagram,"Happy new year 😒🥳
#Tsaagencecom #happynewyear2025",7,0,,2024-12-31T17:40:48.000Z,https://www.instagram.com/p/DEQGBt1o_dr/,"['Tsaagencecom', 'happynewyear2025']",anglais,texte,nouvel an,community management,engagement,"Tsaagencecom, happynewyear2025",neutre
TSA Agence Com,instagram,"Chez TSA, on fait plus que lancer une marque : on crée des histoires qui marquent.
🤝 Avec @kotis_tunisie, on a imaginé et déployé la stratégie 360° 🚀 qui a propulsé @kotis_baby_tunisia sur le marché des couches bébé.
Une vision sur plusieurs années, où chaque étape compte : du branding qui claque, au digital qui capte, jusqu’aux campagnes terrain qui marquent les esprits.
Ici, on ne se contente pas d’accompagner… on fait grandir, briller et durer.
 #TSA #KotisBaby #Marketing360 #BrandBuilding #GrowthStrategy #FromIdeaToImpact #LongTermVision #StorytellingDeMarque",6,0,,2025-08-09T19:55:24.000Z,https://www.instagram.com/p/DNJZHDMIMsN/,"['TSA', 'KotisBaby', 'Marketing360', 'BrandBuilding', 'GrowthStrategy', 'FromIdeaToImpact', 'LongTermVision', 'StorytellingDeMarque']",fr,image,branding et storytelling,stratégie marketing 360°,accroître notoriété et ventes de la marque Kotis Baby,"TSA, KotisBaby, Marketing360, BrandBuilding, GrowthStrategy, FromIdeaToImpact, LongTermVision, StorytellingDeMarque",positif
TSA Agence Com,instagram,"سنين دايمة ✨
#tsaagencecom #aidkommabrouk❤️",1,0,,2025-03-30T15:22:09.000Z,https://www.instagram.com/p/DH1A6DwIGTK/,"['tsaagencecom', 'aidkommabrouk❤️']",ar,texte,Eid,communication digitale,vœux d'Aïd,"tsaagencecom, aidkommabrouk❤️",positive
,instagram,#e-commerce #seo,9,0,,2025-12-26T21:38:33.000Z,https://www.instagram.com/p/DSvfT51DN-a/,"['e-commerce', 'seo']",fr,texte,e-commerce,SEO,générer de l'engagement,"e-commerce, seo",neutre
Ija Taw,instagram,"🚀🚀 Boostez la visibilité de votre entreprise avec NOS PACKS spécial 𝐆𝐄𝐒𝐓𝐈𝐎𝐍 𝐑𝐄́𝐒𝐄𝐀𝐔𝐗 𝐒𝐎𝐂𝐈𝐀𝐔𝐗 
👉 Création de contenu + Sponsoring 🎨💲
😍🥰 Découvrez nos 𝐏𝐚𝐜𝐤𝐬 𝐆𝐞𝐬𝐭𝐢𝐨𝐧 𝐑𝐞́𝐬𝐞𝐚𝐮𝐱 𝐒𝐨𝐜𝐢𝐚𝐮𝐱 𝐅𝐚𝐜𝐞𝐛𝐨𝐨𝐤 𝐞𝐭 𝐈𝐧𝐬𝐭𝐚𝐠𝐫𝐚𝐦
👉 Pack Essentiel ⭐
✔️ 8 Affiches professionnelles design et publication
✔️ 25💲 sponsoring Facebook et Instagram > Personnes touchées / Jour :  10,4 K - 30,2 K 
✔️ Création 1 compte réseau social (Facebook ou Instagram)
💼 Prix : 290 DT HT (au lieu de 390 dt)
👉 Pack Premium ⭐⭐
✔️ 12 Affiches professionnelles design et publication
✔️ 60💲 sponsoring Facebook et Instagram > Personnes touchées / Jour :  19,3 K - 55,6 K 
✔️ Création 1 Reel
✔️ Création 2 comptes réseaux sociaux (Facebook, Instagram)
✔️ Ciblage par âge, région, intérêt, activité...
💼 Prix :  390 DT HT (au lieu de 490 dt)
👉 Pack Professionnel 🏆🏆
✔️ 20 Affiches professionnelles design et publication
✔️ Création 3 comptes réseaux sociaux (Facebook, Instagram,Tiktok)
✔️ Création 2 Reels
✔️ 90 💲 sponsoring Facebook et Instagram > Personnes touchées / Jour :  26 K - 75,2 K 
✔️ Ciblage par âge, région, intérêt, activité...
💼 Prix :  690 DT HT (au lieu de 790 dt)
⭕ Non inclus dans les packs :
Création logo
Shooting produits / Shooting vidéos 
Montage vidéos
Animations Motion Design

📱 +216 51 630 079 ✉ info@ijataw.com
🌐https://www.ijataw.com/",1,0,,2025-04-21T15:22:35.000Z,https://www.instagram.com/p/DItqckXsexO/,[],fr,promotion,visibilité digitale,gestion des réseaux sociaux,augmenter la visibilité de l'entreprise et générer des leads,,positif
TSA Agence Com,instagram,"Merci à La FTTH Magazine - الجامعة التونسية للنسيج والملابس  pour votre confiance.
Bravo à toute l'équipe pour cet événement exceptionnel. Merci @haithem bouagila pour cette reconnaissance. Fiers d'être l'agence de communication d'un partenaire aussi inspirant.
#agencecom #tsa #FTTH #TEXAwards",10,0,,2025-12-12T20:34:22.000Z,https://www.instagram.com/p/DSLU4TgFSQ8/,"['agencecom', 'tsa', 'FTTH', 'TEXAwards']",français,remerciement,partenariat,communication,renforcer la notoriété de l'agence,"agencecom, tsa, FTHT, TEXAwards",positif
Mynds,instagram,#socialmedia #webdesign #marketing #agencedigitale,2,0,,2025-02-21T14:00:24.000Z,https://www.instagram.com/p/DGVmJGkMsxv/,"['socialmedia', 'webdesign', 'marketing', 'agencedigitale']",fr,texte,marketing digital,"social media, web design, marketing",promotion,"socialmedia, webdesign, marketing, agencedigitale",neutre
Ija Taw,instagram,"🌙🐑 Eid Mubarak from the marketing agency Ija Taw Team!
As we joyfully celebrate Eid al-Adha, may the spirit of sacrifice and devotion fill your hearts with blessings and joy. On this auspicious occasion, let us reflect on the values of compassion, generosity, and unity. In Tunisia and beyond, may the spirit of Eid al-Adha inspire us to extend a helping hand to those in need and strengthen the bonds of brotherhood and sisterhood in our communities. Wishing you and your loved ones a blessed Eid filled with happiness, peace, and prosperity.

🌟 Eid Mubarak! 🌟 #EidAlAdha #Celebration #Sacrifice #Peace #IjaTaw",2,0,,2024-06-15T12:25:54.000Z,https://www.instagram.com/p/C8PHzQ4s9um/,"['EidAlAdha', 'Celebration', 'Sacrifice', 'Peace', 'IjaTaw']",English,image,Eid al-Adha celebration,branding,community engagement,"EidAlAdha, Celebration, Sacrifice, Peace, IjaTaw",positive
Vendra Tunisia,instagram,"كي تكون ponctuel في وقت الخروج من البرو 😂😂
.
#worklife #marketingdigital #marketingagency",3,3,,2023-11-17T10:41:23.000Z,https://www.instagram.com/p/CzvnNUpMrjD/,"['worklife', 'marketingdigital', 'marketingagency']",Arabic,texte,worklife,marketing digital,engagement,"worklife, marketingdigital, marketingagency",positive
TSA Agence Com,instagram,"رمضانكم مبروك 🌙🤍
#ramadankareem #tsaagencecom",5,0,,2025-03-01T11:26:00.000Z,https://www.instagram.com/p/DGp6layo1ee/,"['ramadankareem', 'tsaagencecom']",français,texte,Ramadan,,vœux de Ramadan,"ramadankareem, tsaagencecom",positif
Ija Taw,instagram,بمناسبة المولد النبوي الشريف، نسأل الله أن يملأ قلوبكم بالحب والنور، وأن يكون هذا اليوم بداية لخير وبركة في حياتكم 🤲  #المولد_النبوي_الشريف #مناسبة_دينية #حب_النبي #نور_وبركة #تهاني #كل_عام_وأنتم_بخير #مولد_النور #ذكرى_المولد #احتفال,4,0,,2024-09-14T21:51:38.000Z,https://www.instagram.com/p/C_6c4Z1Ifau/,"['المولد_النبوي_الشريف', 'مناسبة_دينية', 'حب_النبي', 'نور_وبركة', 'تهاني', 'كل_عام_وأنتم_بخير', 'مولد_النور', 'ذكرى_المولد', 'احتفال']",ar,texte,religieux,,engagement,"المولد_النبوي_الشريف, مناسبة_دينية, حب_النبي, نور_وبركة, تهاني, كل_عام_وأنتم_بخير, مولد_النور, ذكرى_المولد, احتفال",positive
,instagram,Formation Traffic manager de 50 h,10,0,,2026-01-23T19:31:33.000Z,https://www.instagram.com/p/DT3XCAljBIq/,[],fr,texte,formation,traffic manager,promotion de la formation,,positive
Ija Taw,instagram,"Bienvenue chez "" Ija Taw "" votre partenaire en transformation digital 🤩

Nos expertises : Création de contenu | Développement web | Gestion stratégique des réseaux sociaux | Conseil et accompagnement | Formations professionnelles | Production audiovisuelle

Nous vous guidons vers l’excellence à chaque étape. 🚀

#IjaTaw #TransformationDigitale #DéveloppementWeb #StratégieDigitale #ProductionAudiovisuelle #FormationProfessionnelle #Accompagnement",2,0,,2024-09-19T18:30:08.000Z,https://www.instagram.com/p/DAG9zCIvnz5/,"['IjaTaw', 'TransformationDigitale', 'DéveloppementWeb', 'StratégieDigitale', 'ProductionAudiovisuelle', 'FormationProfessionnelle', 'Accompagnement']",fr,promotionnel,transformation digitale,"création de contenu, développement web, gestion des réseaux sociaux, conseil, formation professionnelle, production audiovisuelle",attirer de nouveaux clients et renforcer la notoriété de l'agence,"IjaTaw, TransformationDigitale, DéveloppementWeb, StratégieDigitale, ProductionAudiovisuelle, FormationProfessionnelle, Accompagnement",positif
Ija Taw,instagram,"Découvrez nos dernières affiches pour notre partenaire MGA de travaux ! 🌟Jetez un œil et laissez-vous inspirer ! 🎨🩷
#IJATAW #AffichesPublicitaires #AgenceDeMarketing  #DesignGraphique",2,0,,2024-04-05T09:00:33.000Z,https://www.instagram.com/p/C5X73Gcq98m/,"['IJATAW', 'AffichesPublicitaires', 'AgenceDeMarketing', 'DesignGraphique']",fr,image,AffichesPublicitaires,Design Graphique,Promotion du partenaire et inspiration du public,"IJATAW, AffichesPublicitaires, AgenceDeMarketing, DesignGraphique",positif
Ija Taw,instagram,"كل عام وعيدنا دايمًا مختلف 😂 💜
مغامرات أي حد في الـ Ija Taw من نهار ليوم لآخر نهار العيد 😂 😂
كل عام وأنت بخير واحكيلنا عن روتينك في عيد الفطر كيفنوا 😌

 #Ijataw #marketingagency",2,0,,2024-04-09T14:21:58.000Z,https://www.instagram.com/p/C5iz0xwoZfW/,"['Ijataw', 'marketingagency']",Arabic,text,Eid celebration,branding,engagement,"Ijataw, marketingagency",positive
TSA Agence Com,instagram,"Lights, camera… chaos (the good kind) 🎬

When TSA × @yokai_content_studio  join forces, you don’t just get a reel… you get something that sticks.

Two vibes. One vision. Zero limits. 🎥
@clinique_el_yosr_maternite

#TSA #YOKAI #CreativeEnergy  #ContentThatHits",7,0,,2026-05-02T11:17:24.000Z,https://www.instagram.com/p/DX1lJXBilHf/,"['TSA', 'YOKAI', 'CreativeEnergy', 'ContentThatHits']",anglais,vidéo,collaboration,création de contenu,notoriété,"TSA, YOKAI, CreativeEnergy, ContentThatHits",positif
TSA Agence Com,instagram,"إن شاء الله كل عام وانتوما حيين بخير 🤍
#tsaagencecom #eidmubarak",13,0,,2024-06-15T20:48:07.000Z,https://www.instagram.com/p/C8QBRjHKrLB/,"['tsaagencecom', 'eidmubarak']",ar,texte,vœux,,engagement,"tsaagencecom, eidmubarak",positive
TSA Agence Com,instagram,"Hey 👋
🚀 We're hiring a Senior Graphic Designer to join our dynamic team! If you're creative, passionate, and a real team player, we want to hear from you! 🎨 
Apply now and join us: contact@tsaagence.com 
 #TSA #GraphicDesigner #NowHiring",9,0,,2024-05-06T16:39:59.000Z,https://www.instagram.com/p/C6olFHRIsDq/,"['TSA', 'GraphicDesigner', 'NowHiring']",en,job_offer,recrutement,Graphic Design,recruter,"TSA, GraphicDesigner, NowHiring",positive
TSA Agence Com,instagram,"🎬 New project alert!

🚀 TSA Agence Com x FTTH
TEX AWARDS 2025 Campaign
TAC O TAC TEX Awards

🎥 In collaboration with our partner  @yokai_content_studio 

Dynamism, authenticity, and real insights :  the spirit of this new production, and the essence of what we create at TSA Agence Com.

👀 Stay tuned for more creative collabs coming soon!
#TEXAwards2025 #TSAAgenceCom #FTTH #Yokai",8,0,,2025-10-14T18:25:39.000Z,https://www.instagram.com/p/DPzLO39ES74/,"['TEXAwards2025', 'TSAAgenceCom', 'FTTH', 'Yokai']",fr,promotion,nouveau projet,communication digitale,augmenter la notoriété,"TEXAwards2025, TSAAgenceCom, FTTH, Yokai",positive
Ija Taw,instagram,"🌟 Citation du jour 🌟
#MarketingDigital #CitationDuJour #StratégieMarketing #SEO #BusinessTips #Entrepreneurship #SocialMediaMarketing",5,0,,2024-09-11T08:54:12.000Z,https://www.instagram.com/p/C_xVhufMhwy/,"['MarketingDigital', 'CitationDuJour', 'StratégieMarketing', 'SEO', 'BusinessTips', 'Entrepreneurship', 'SocialMediaMarketing']",fr,citation,Motivation,Marketing Digital,Engagement et notoriété,"MarketingDigital, CitationDuJour, StratégieMarketing, SEO, BusinessTips, Entrepreneurship, SocialMediaMarketing",positif
Ija Taw,instagram,"Bienvenue chez "" Ija Taw "" votre partenaire en transformation digital 🤩

Nos expertises : Création de contenu | Développement web | Gestion stratégique des réseaux sociaux | Conseil et accompagnement | Formations professionnelles | Production audiovisuelle

Nous vous guidons vers l’excellence à chaque étape. 🚀

#IjaTaw #TransformationDigitale #DéveloppementWeb #StratégieDigitale #ProductionAudiovisuelle #FormationProfessionnelle #Accompagnement",2,0,,2024-09-19T18:31:12.000Z,https://www.instagram.com/p/DAG961-vHz3/,"['IjaTaw', 'TransformationDigitale', 'DéveloppementWeb', 'StratégieDigitale', 'ProductionAudiovisuelle', 'FormationProfessionnelle', 'Accompagnement']",fr,promotionnel,transformation digitale,"création de contenu, développement web, gestion des réseaux sociaux, conseil, formation professionnelle, production audiovisuelle",attirer de nouveaux clients et renforcer la notoriété de l'agence,"IjaTaw, TransformationDigitale, DéveloppementWeb, StratégieDigitale, ProductionAudiovisuelle, FormationProfessionnelle, Accompagnement",positif
TSA Agence Com,instagram,"TSA recherche, pour le compte d'un de ses partenaires, un(e) Responsable Marketing dynamique et talentueux(se). Les principales missions incluent la planification, la gestion et le suivi des différentes actions marketing. Si vous êtes prêt(e) à relever ce défi, envoyez-nous votre CV à l'adresse suivante : contact@tsaagence.com.
#tsa #tsaagencecom #jobopportunity",9,0,,2023-12-21T17:27:49.000Z,https://www.instagram.com/p/C1H5prvIybG/,"['tsa', 'tsaagencecom', 'jobopportunity']",fr,offre d'emploi,recrutement,marketing,recruter un responsable marketing,"tsa, tsaagencecom, jobopportunity",positif
TSA Agence Com,instagram,"رمضان كريم 🌙
#CeaseFireNow 🍉",15,0,,2024-03-10T17:03:05.000Z,https://www.instagram.com/p/C4V2aeYK3Vi/,['CeaseFireNow'],français,texte,Ramadan,,engagement,CeaseFireNow,positif
TSA Agence Com,instagram,"🚀 Join Our Team - Project Manager/Community Manager Wanted! 🚀

Are you a dynamic and creative individual with a passion for marketing and community engagement? TSA Agence Com is on the lookout for a skilled Project Manager/Community Manager to join our growing team!
Send us your resume now at contact@tsaagence.com and be part of our digital journey! 
 #TSA #CommunityManager #MarketingDigital #JobOffer",3,0,,2023-12-25T20:36:49.000Z,https://www.instagram.com/p/C1Sida5Kbsx/,"['TSA', 'CommunityManager', 'MarketingDigital', 'JobOffer']",fr,offre_emploi,recrutement,Community Management,recruter un Project Manager/Community Manager,"TSA, CommunityManager, MarketingDigital, JobOffer",positive
TSA Agence Com,instagram,"🍉 
#FreedomForPalestine #newyear2024 #tsaagence #agencedecommunication",20,0,,2023-12-31T15:13:58.000Z,https://www.instagram.com/p/C1haSGrturK/,"['FreedomForPalestine', 'newyear2024', 'tsaagence', 'agencedecommunication']",fr,image,solidarity,communication digitale,sensibilisation,"FreedomForPalestine, newyear2024, tsaagence, agencedecommunication",positive
TSA Agence Com,instagram,"رمضان وفا، لكلنا on mange ✌️
ربي يحيينا لأمثالو و إن شاء الله عيدكم مبروك 🥰
#tsa #EidMubarak",19,0,,2024-04-09T18:42:12.000Z,https://www.instagram.com/p/C5jRmoAqaZ9/,"['tsa', 'EidMubarak']",français,texte,Eid/Ramadan,communication,engagement,"tsa, EidMubarak",positive
TSA Agence Com,instagram,"تحيا تونس 🇹🇳
#Tsa #9avril #martyrsday",8,0,,2024-04-09T12:06:49.000Z,https://www.instagram.com/p/C5ikWySodFh/,"['Tsa', '9avril', 'martyrsday']",ar,image,patriotic,community_management,brand_awareness,"Tsa, 9avril, martyrsday",positive
Vendra Tunisia,instagram,Getting ready for an important meeting with our client at their workplace. We love taking the time to connect with our clients in person and really understand their needs. Let's do this! 💪🏼 #ClientMeeting #BusinessStrategy #collaboration #wecreate #clients,27,0,,2023-02-15T13:05:30.000Z,https://www.instagram.com/p/Corx-y-I_lE/,"['ClientMeeting', 'BusinessStrategy', 'collaboration', 'wecreate', 'clients']",en,texte,client_meeting,business_strategy,engagement,"ClientMeeting, BusinessStrategy, collaboration, wecreate, clients",positive
Mynds,instagram,We know your AUDIENCE ... 💡,1,0,,2025-02-26T14:00:11.000Z,https://www.instagram.com/p/DGieF37s-kv/,[],en,texte,ciblage d'audience,analyse d'audience,notoriété,,positive
Vendra Tunisia,instagram,"Derrière chaque projet réussi, il y a une équipe dynamique et dévouée ! 
 #EquipeJeune #Ambitieuse #Créative #passionnée #agencemarketing",19,0,,2023-03-16T08:51:24.000Z,https://www.instagram.com/p/Cp1_8MFIbz8/,"['EquipeJeune', 'Ambitieuse', 'Créative', 'passionnée', 'agencemarketing']",fr,texte,motivation d'équipe,branding,engagement,"EquipeJeune, Ambitieuse, Créative, passionnée, agencemarketing",positif
Vendra Tunisia,instagram,All about Marketing Digital 💻✉️🌐 #digitalmarketing #agenceweb #marketingstrategy,11,0,,2023-05-04T20:55:44.000Z,https://www.instagram.com/p/Cr1dgIHIHPq/,"['digitalmarketing', 'agenceweb', 'marketingstrategy']",français,texte,marketing digital,marketing digital,notoriété,"digitalmarketing, agenceweb, marketingstrategy",positif
Vendra Tunisia,instagram,Today is our social media manager’s birthday. 🥳🎁🥰 we wish you  all the happiness @guirat_omaima ❤️,11,2,,2023-04-10T19:17:32.000Z,https://www.instagram.com/p/Cq3fLtAI6pa/,[],en,texte,anniversaire,community management,engagement,,positive
Vendra Tunisia,instagram,Second episode 🔥 #film #ourteam #teamo❤️ #photographylovers #scénario #agence #agencemarketingweb #agencedigitale #marketingdigital #webagency #communicationdigitale #action #atmosphere #ambiance #outside #work #hardteam💪,11,0,,2023-04-26T14:53:23.000Z,https://www.instagram.com/p/CrgMv9so-3n/,"['film', 'ourteam', 'teamo❤️', 'photographylovers', 'scénario', 'agence', 'agencemarketingweb', 'agencedigitale', 'marketingdigital', 'webagency', 'communicationdigitale', 'action', 'atmosphere', 'ambiance', 'outside', 'work', 'hardteam💪']",français,image,culture d'équipe,marketing digital,notoriété de la marque,"film, ourteam, teamo❤️, photographylovers, scénario, agence, agencemarketingweb, agencedigitale, marketingdigital, webagency, communicationdigitale, action, atmosphere, ambiance, outside, work, hardteam💪",positif
Vendra Tunisia,instagram,"Happy women’s day 🥰 
for our girls team 
#team #girls #femmes #happyday #womens #work #hardwomen #girl #happy",13,0,,2023-03-08T14:32:37.000Z,https://www.instagram.com/p/CpiAJBKoE6M/,"['team', 'girls', 'femmes', 'happyday', 'womens', 'work', 'hardwomen', 'girl', 'happy']",anglais,image,journée internationale des femmes,employer branding,célébrer les femmes de l'équipe et renforcer l'engagement,"team, girls, femmes, happyday, womens, work, hardwomen, girl, happy",positive
Web Media Tunisie,instagram,"🚀 𝗩𝗼𝘂𝘀 𝗱𝗲́𝗽𝗲𝗻𝘀𝗲𝘇 𝗲𝗻 𝗽𝘂𝗯 𝗺𝗮𝗶𝘀 𝗹𝗲𝘀 𝗰𝗹𝗶𝗲𝗻𝘁𝘀 𝗻𝗲 𝘀𝘂𝗶𝘃𝗲𝗻𝘁 𝗽𝗮𝘀 ?
Il est temps de changer ça. 
Chez Web Media-International nous concevons des campagnes Digital Ads sur-mesure, conçues pour maximiser votre ROI et transformer vos audiences en clients qualifiés.
Notre approche repose sur 3 piliers :
🎯 Un ciblage stratégique adapté à votre secteur
📸 Des créations visuelles à fort impact
📊 Un suivi analytique orienté résultats
𝗔𝗿𝗿𝗲̂𝘁𝗲𝘇 𝗱𝗲 𝗽𝗲𝗿𝗱𝗿𝗲 𝗱𝗲𝘀 𝗰𝗹𝗶𝗰𝘀, 𝗰𝗼𝗺𝗺𝗲𝗻𝗰𝗲𝘇 𝗮̀ 𝗴𝗮𝗴𝗻𝗲𝗿 𝗱𝗲𝘀 𝗰𝗹𝗶𝗲𝗻𝘁𝘀
𝗖𝗼𝗻𝘁𝗮𝗰𝘁𝗲𝘇-𝗻𝗼𝘂𝘀 📞+216 29 5 95 5 64 / 29 8 88 0 79
𝗼𝘂 𝘃𝗶𝘀𝗶𝘁𝗲𝘇 www.webmedia-tunisie.com

#MarketingDigital #WebMediaTunisie #GoogleAds #ROI #LeadGeneration #Conversion",7,0,,2026-03-25T19:07:31.000Z,https://www.instagram.com/p/DWUY3z9ji6u/,"['MarketingDigital', 'WebMediaTunisie', 'GoogleAds', 'ROI', 'LeadGeneration', 'Conversion']",fr,publicitaire,publicité digitale,Campagnes publicitaires digitales,Acquisition de clients,"MarketingDigital, WebMediaTunisie, GoogleAds, ROI, LeadGeneration, Conversion",positif
Vendra Tunisia,instagram,"😂 
#Team #work #communitymanager  #digitalmarketing #marketingagency",9,0,,2023-04-04T15:04:45.000Z,https://www.instagram.com/p/CqnloqxIAHs/,"['Team', 'work', 'communitymanager', 'digitalmarketing', 'marketingagency']",anglais,image,team spirit,community management,engagement,"Team, work, communitymanager, digitalmarketing, marketingagency",positive
Digital Market,instagram,"6 Characteristics of Highly Successful Digital Marketing Agencies 
#digitalmarketing #marketing #business #seo #socialmediamarketing #socialmedia #onlinemarketing  #marketingtips #marketingstrategy #sem #smm #digitalagency #marketingsolved #onlinebusiness #businessplan #icstartup",6,1,,2020-01-05T16:11:05.000Z,https://www.instagram.com/p/B68bZlBgmRk/,"['digitalmarketing', 'marketing', 'business', 'seo', 'socialmediamarketing', 'socialmedia', 'onlinemarketing', 'marketingtips', 'marketingstrategy', 'sem', 'smm', 'digitalagency', 'marketingsolved', 'onlinebusiness', 'businessplan', 'icstartup']",en,texte,digital marketing,digital marketing,educational,"digitalmarketing, marketing, business, seo, socialmediamarketing, socialmedia, onlinemarketing, marketingtips, marketingstrategy, sem, smm, digitalagency, marketingsolved, onlinebusiness, businessplan, icstartup",positive
Ija Taw,instagram,"📣Offre de stage Été 2024 :
Ija taw cherche des stagiaires.
Nous offrons aux étudiants l’opportunité de rejoindre notre équipe dans le cadre d’un stage d’été .
• Connaissances : Marketing, Communication, Designer, Business Developer, CM, SMM…
🗓️ Durée : 1 – 3 mois 
🎓 Diplômes : Licence / Master 
Stage basé à Sahloul/ Sousse
Vous êtes intéressés ! Postulez votre candidature à l’adresse email
📩 contact@ijataw.com",1,0,,2024-05-22T10:48:24.000Z,https://www.instagram.com/p/C7RJkK8MP_i/,[],français,annonce,recrutement,stage,recruter des stagiaires pour l'été 2024,,positif
Vendra Tunisia,instagram,"Showcasing the unique and special ways our team is spreading love this Valentine’s Day. ❤️
#TeamLove #CelebrateLove #agency #digital #special #speace",19,0,,2023-02-13T15:50:35.000Z,https://www.instagram.com/p/Com605VI28q/,"['TeamLove', 'CelebrateLove', 'agency', 'digital', 'special', 'speace']",en,image,Valentine's Day,digital marketing,brand awareness,"TeamLove, CelebrateLove, agency, digital, special, speace",positive
Web Media Tunisie,instagram,"🚀 𝐕𝐨𝐭𝐫𝐞 𝐬𝐢𝐭𝐞 𝐰𝐞𝐛, 𝐜𝐨𝐧ç𝐮 𝐚𝐮-𝐝𝐞𝐥à 𝐝𝐞 𝐥'𝐨𝐫𝐝𝐢𝐧𝐚𝐢𝐫𝐞.
Chez Web Media International, on ne fait pas dans la moyenne. On crée des sites web rapides, sécurisés et taillés pour faire grandir votre business.
✅ Design sur-mesure
✅ Performances optimisées
✅ Sécurité renforcée
✅ Résultats mesurables
💬𝐏𝐫ê𝐭 à 𝐩𝐚𝐬𝐬𝐞𝐫 𝐚𝐮 𝐧𝐢𝐯𝐞𝐚𝐮 𝐬𝐮𝐩é𝐫𝐢𝐞𝐮𝐫 ?
👉 Construisons ensemble
🌐 : www.webmedia-tunisie.com 
📩 : commercial@webmediatunisie.com
📞 : (+216) 25 4 72 5 25 /+216 29 888 079 

#DéveloppementWeb #SiteWeb #WebDesign #SiteWebProfessionnel #AgenceWeb",6,0,,2026-03-09T11:48:30.000Z,https://www.instagram.com/p/DVqZ6RLjsA0/,"['DéveloppementWeb', 'SiteWeb', 'WebDesign', 'SiteWebProfessionnel', 'AgenceWeb']",français,promotionnel,création de site web,développement et design de sites web,acquisition de clients,"DéveloppementWeb, SiteWeb, WebDesign, SiteWebProfessionnel, AgenceWeb",positif
Kyubi Digital,instagram,Un simple constat ;),18,0,,2026-02-02T15:52:15.000Z,https://www.instagram.com/p/DUQt--HDhMs/,[],fr,texte,réflexion,,engagement,,positive
TSA Agence Com,instagram,"Chez TSA, nous croyons que la communication n’est pas uniquement une question d’esthétisme, mais de vision. 
Pour ESTIM Business School, nous avons imaginé une campagne d’inscription 2025/2026 qui parle du futur du business : celui qui bouge, s’adapte, innove. 🚀💡
Un futur où l’IA bouscule les métiers , où la créativité prime sur le conformisme, et où les leaders se réinventent .
Future Business Leader — parce que les dirigeants de demain ne porteront pas forcément des cravates 👔, mais des idées fortes.

#FutureBusinessLeader #ESTIMBusinessSchool #TSA",5,0,,2025-10-18T14:01:30.000Z,https://www.instagram.com/p/DP9AQQEEayX/,"['FutureBusinessLeader', 'ESTIMBusinessSchool', 'TSA']",fr,image,innovation,campagne d'inscription,générer des inscriptions,"FutureBusinessLeader, ESTIMBusinessSchool, TSA",positif
Digiheurica Consulting,facebook,"Votre site web est bien plus qu’une simple vitrine : c’est votre meilleur commercial, disponible 24h/24 et 7j/7 !

Profitez de notre OFFRE SPÉCIALE DU MOIS DE JUILLET et bénéficiez de -20 % sur la création de votre site web. 🔥

Chez DIGIHEURICA CONSULTING, nous créons des sites web qui vous aident à :
✅ Attirer plus de clients
✅ Renforcer votre crédibilité
✅ Générer plus de demandes de devis
✅ Développer votre chiffre d’affaires

💻 Design moderne
📱 100 % responsive (mobile, tablette, PC)
📈 Optimisé pour le référencement (SEO)
🤝 Accompagnement personnalisé

⏳ Offre valable uniquement pendant le mois de juillet !

📞 Contactez-nous dès aujourd’hui au +216 29 282 645 et donnez à votre entreprise la présence digitale qu’elle mérite.

Votre succès commence par un site web performant. 

#SiteWeb #CréationSiteWeb #DigitalMarketing #BusinessEnLigne #SEO",6,1,0,2026-07-13T14:17:44.000Z,https://www.facebook.com/permalink.php?story_fbid=pfbid026JMXdFEaJpYBQdDXsCbSuZCHWfZJmRF6Vw5dSA7TGsz65cPXmb84fDgJqZ1rjAppl&id=61571397397574,,fr,promotion,site web,création de site web,acquisition de clients,"SiteWeb, CréationSiteWeb, DigitalMarketing, BusinessEnLigne, SEO",positif
Digiheurica Consulting,facebook,"📢 Publier ne suffit plus. Ce qui fait la différence, c'est la stratégie.

Créer du contenu sans objectif, sans identité visuelle et sans plan d'action, c'est simplement produire du bruit.

Chez DIGIHEURICA CONSULTING, nous transformons votre présence digitale en un véritable levier de croissance grâce à :

🎯 Une stratégie de contenu claire
📱 Une gestion professionnelle de vos réseaux sociaux
🎨 Des visuels qui captent l'attention
📈 Des campagnes pensées pour générer de l'engagement, des prospects et des ventes.

💡 Ne publiez plus au hasard. Construisez une marque qui inspire confiance et obtient des résultats.

📩 Contactez-nous et donnons ensemble une véritable direction à votre communication digitale.
TEL: +216 29 282 645

#ContentMarketing #SocialMediaStrategy #DigitalMarketing #Branding #MarketingTips",0,0,0,2026-07-10T21:00:12.000Z,https://www.facebook.com/permalink.php?story_fbid=pfbid0u3H524HCpPDAhUuvQyKmsex7qMyh4PVKhwxn2XQpjEwoZmz22tgbkLDj9rhdAcrsl&id=61571397397574,,fr,promotionnel,Stratégie de contenu,Consulting en marketing digital,Générer des prospects et des ventes,"ContentMarketing, SocialMediaStrategy, DigitalMarketing, Branding, MarketingTips",positif
Digiheurica Consulting,facebook,"👓 Votre magasin d'optique mérite une présence digitale à la hauteur de votre expertise.

Aujourd'hui, vos clients vous recherchent d'abord sur les réseaux sociaux et sur Google. Faites la différence avec une image professionnelle et une expérience digitale qui inspire confiance.

Chez DIGIHEURICA CONSULTING, nous accompagnons les magasins d'optique avec des solutions sur mesure :
✅ Gestion professionnelle de vos réseaux sociaux
🌐 Création de sites web modernes et optimisés
🛒 Intégration de boutiques e-commerce
📈 Stratégies digitales pour attirer plus de clients et développer vos ventes

🚀 Donnez une nouvelle dimension à votre activité et faites de votre présence en ligne un véritable levier de croissance.

📞 Contactez-nous dès aujourd'hui pour un accompagnement personnalisé.
Tel: +216 29 282 645

#DigitalMarketing #SocialMediaMarketing #WebDesign #BusinessGrowth #OpticalStore",3,2,0,2026-07-10T19:02:36.000Z,https://www.facebook.com/permalink.php?story_fbid=pfbid0d1FAVNbafU1wcBWHHgLLxhnzVvWw8WeSvzWDpY5jxBh4b4ikfujn7MxRDvP9dZFGl&id=61571397397574,,français,promotionnel,optique,marketing digital,attirer de nouveaux clients et augmenter les ventes,"DigitalMarketing, SocialMediaMarketing, WebDesign, BusinessGrowth, OpticalStore",positif
iBrand Tunisia,facebook,"👉 www.ibrandtunisia.tn
☎️ +216 51 65 69 69
📧 contact@ibrandtunisia.tn",0,0,0,2026-02-18T21:18:06.000Z,https://www.facebook.com/ibrandtunisiaofficiel/posts/pfbid0GnKyjV6z8cLJsRSuYrDnSCZrSRVUFwtoM2zkqpVgk5ULTY1S2jJm2buZ1v3RYqvSl,,fr,information,contact,N/A,générer des leads,,neutre
iBrand Tunisia,facebook,"👉 www.ibrandtunisia.tn
☎️ +216 51 65 69 69
📧 contact@ibrandtunisia.tn",0,0,0,2026-02-18T21:17:43.000Z,https://www.facebook.com/ibrandtunisiaofficiel/posts/pfbid02s8DAfxTM5H16xZt9Q1EUVT49awX3ELnk2pmS9Beq9vkgv897pEthmZC6hGUx4Y1vl,,fr,information,contact,N/A,générer des leads,,neutre
iBrand Tunisia,facebook,"👉 www.ibrandtunisia.tn
☎️ +216 51 65 69 69
📧 contact@ibrandtunisia.tn",0,0,0,2026-02-18T21:17:38.000Z,https://www.facebook.com/ibrandtunisiaofficiel/posts/pfbid022gLs4HEsDLfUdspEYneZRTXdRQadsoRf2pwKzJfZsUDmSWw2RqPaF4yhLvcPYcKKl,,fr,information,contact,N/A,générer des leads,,neutre
5 Sens Advertising,facebook,"📢 5 Sens Advertising recrute une Community Manager à Tunis !

Vous êtes créative, passionnée par les réseaux sociaux et toujours à l’affût des nouvelles tendances digitales ? Rejoignez notre équipe et donnez vie à des idées qui captent l’attention, créent de l’engagement et font grandir les marques. ✨

📍 Poste basé à Tunis – Centre Urbain Nord
📩 Envoyez votre CV à : recrutement@5sens.tn

Votre créativité peut faire la différence. Rejoignez 5 Sens Advertising !

#Hiring #recrutement #Tunis #5sensadvertising",1,0,0,2026-07-13T14:07:17.000Z,https://www.facebook.com/5sensadvertising/posts/pfbid0hzYRYEtZuuytxwgpmYuaZ196CzPj1Due9ZwjW5TNwf5thxGmsHz6K4nxm2k96m15l,,fr,offre d'emploi,recrutement,Community Management,recruter un Community Manager,"Hiring, recrutement, Tunis, 5sensadvertising",positive
5 Sens Advertising,facebook,"We're hiring!

Et si votre prochaine grande création commençait chez nous ?

5 Sens Advertising recrute un(e) Multimedia Designer pour rejoindre son équipe à Tunis – Centre Urbain Nord.

Vous maîtrisez Adobe Premiere Pro, After Effects, Photoshop, Illustrator et/ou DaVinci Resolve ?

Vous êtes créatif(ve), rigoureux(se) et passionné(e) par l’univers de la communication visuelle ?

Alors cette opportunité est faite pour vous !

Envoyez-nous votre CV et votre portfolio à : recrutement@5sens.tn

Votre talent mérite d’être vu. On vous attend !

#hiring #recrutement #Tunis #5sensadvertising",1,0,0,2026-07-09T13:21:29.000Z,https://www.facebook.com/5sensadvertising/posts/pfbid02TzTMXynH8Avu1mEMLNCg6LtqwEVyEbNbUEPyDzgSN8CJjdT1zYdQ5eQvVE7S8y3Ll,,français,recrutement,emploi,Multimedia Designer,attirer des candidatures pour le poste de Multimedia Designer,"hiring, recrutement, Tunis, 5sensadvertising",positif
5 Sens Advertising,facebook,"Joyeux anniversaire, 5 Sens Advertising. Et merci à toutes les belles âmes qui l’ont fait.

Derrière chaque campagne, chaque marque accompagnée, chaque idée qui a fini par marquer les esprits, il y a eu des femmes et des hommes qui y ont cru.

Cette vidéo, c’est pour eux. Pour celles et ceux qui sont passés par 5 Sens Advertising et qui ont laissé un peu d’eux dans ce que nous sommes devenus.

On ne devient pas une agence qui compte tout seul. On le devient grâce à des équipes qui donnent le meilleur, parfois bien au-delà de ce qu’on attendait.

Merci. Sincèrement. Ce que 5 Sens Advertising est aujourd’hui, c’est aussi — et surtout — votre histoire. 

Nous aidons les marques à se démarquer. Vous nous avez aidés à le faire.

#5SensAdvertising #Anniversaire #Communication #Tunisie #TeamSpirit",29,14,1,2026-07-01T13:55:10.000Z,https://www.facebook.com/reel/1541701300935027/,,français,anniversaire,remerciement,communication,renforcer la communauté et célébrer l'anniversaire,"#5SensAdvertising, #Anniversaire, #Communication, #Tunisie, #TeamSpirit",positif
Astronet,facebook,"🌙🌟 Offre spéciale Ramadan chez Astronet Digital Marketing Agency ! 🌟🌙
Profitez de notre offre exclusive pour le développement de votre site e-commerce jusqu'au 31 mars 2024 ! Pour célébrer le mois sacré du Ramadan, nous vous offrons une gamme complète de services pour vous aider à lancer votre boutique en ligne avec succès :
🛒 Développement de site e-commerce sur mesure.
🌐 Hébergement et nom de domaine pour la première année.
🔧 Maintenance et accompagnement gratuits pendant la première année.
💳 Intégration du module de paiement en ligne par CB ClicToPay.
📚 Formation complète sur la gestion de votre site.
🔐 Garantie du code pendant 2 ans.

Ne manquez pas cette opportunité unique de concrétiser vos projets e-commerce avec une équipe d'experts dévoués. Transformez votre vision en réalité et boostez vos ventes en ligne dès aujourd'hui !
Contactez-nous dès maintenant pour en savoir plus et réservez votre place dans notre calendrier chargé !

Ramadan Mubarak à tous !",17,0,3,2024-03-12T11:13:05.000Z,https://www.facebook.com/astronet.marketing/posts/pfbid02RhexcJPEPYTDCVqZzavTDoYSS3FfXR9q7fpe6gHDvY5pjgWNdpGUzUzC8zcADfw8l,,fr,promotion,Ramadan,"Développement de site e-commerce sur mesure, hébergement, nom de domaine, maintenance, intégration paiement, formation, garantie code","Attirer des clients pour lancer leur boutique en ligne, augmenter les ventes","#RamadanMubarak, #OffreSpéciale, #Ecommerce, #DigitalMarketing, #Astronet",positive
Astronet,facebook,"😍""Astronet Digital Marketing Agency "" Vous souhaite ""RAMADAN KARIM""",0,0,0,2022-04-02T10:00:02.000Z,https://www.facebook.com/astronet.marketing/posts/pfbid02tpHEziZrumb9wZjGmaURt4oYQkh7154Fqqoty79zbg3LBe7w4Y6B6doaQPyynZR2l,,fr,salutation,Ramadan,Digital Marketing Agency,celebration/engagement,,positive
Astronet,facebook,"😍""ASTRONET DIGITAL MARKETING AGENCY "" Vous souhaite une bonne année 2022  😍",1,0,0,2022-01-01T10:00:03.000Z,https://www.facebook.com/astronet.marketing/posts/pfbid0ZgVJQRrGFbsr381hmZQP4t2Jfdz6xifwf42DTf1JkpYVFdQK8YnaV3LGMSE6ApwBl,,fr,vœux,Bonne année,Digital Marketing Agency,engagement,,positif
E2BUSINESS CONSULTING,facebook,"Nous sommes extrêmement fiers de féliciter nos deux formidables stagiaires, hanin chouk et Ayoub Yatouji, pour l'obtention de leurs diplômes avec distinction ! 

C'est un véritable plaisir pour nous de voir l'impact de nos jeunes talents, qui ont choisi E2Business pour relever des défis innovants au carrefour de l'intelligence artificielle et du marketing digital.

👏 Félicitations à hanin chouk ! Hanin vient d'obtenir sa Licence en Gestion des TIC à l'ISET'Com avec la Mention Très Bien (note de 17,5/20). Son PFE s'est concentré sur le positionnement de l'entreprise sur les moteurs de recherche génératifs (IA), éveillant son intérêt pour la Data et l'IA. Un grand merci pour tes mots, Hanin, ce n'est que le début ! ✨
👏 Félicitations à Ayoub Yatouji ! qui a brillamment soutenu son Master en Distribution, Négociation et Commerce Digital à l'ESC Tunis, également avec la Mention Très Bien. Son projet, axé sur l'automatisation du SEO par l'IA, est le fruit d'une collaboration d'un an avec E2Business. Bravo pour ta persévérance et ta capacité à transformer une idée en un système concret !

Avis aux Recruteurs et Entreprises !

Le marché évolue vite, et ces deux profils possèdent exactement les compétences hybrides (Marketing Digital + IA) que vous recherchez pour booster vos performances. Ils ont l'esprit d'innovation, la rigueur et une expérience pratique de terrain acquise au sein de notre cabinet.

📩 N'hésitez pas à les contacter directement sur leurs réseaux ou à nous demander une mise en relation. Des talents comme Hanin et Ayoub n'attendent pas !

Un grand bravo à tous les deux. Votre réussite est la nôtre, et ce n'est que le début d'un parcours professionnel brillant ! ✨
hashtag#InsertionProfessionnelle hashtag#Employabilité hashtag#Recrutement hashtag#TalentsIA hashtag#MarketingDigital hashtag#SEO hashtag#IA hashtag#ISETCom hashtag#ESCTunis hashtag#E2Business hashtag#JeunesTalents hashtag#Tunisie",10,0,1,2026-07-01T19:11:50.000Z,https://www.facebook.com/e2businessconsultingandtraining/posts/pfbid02QK4L6jPZFXL4kPSYYLDrF16d2zsu4VW9Q85JgiAsQkVxgwGapMEpugeCtGTDg1wyl,,fr,Annonce de réussite,Diplômes et compétences,Recrutement de talents IA et marketing digital,Attirer recruteurs et promouvoir les compétences hybrides,"InsertionProfessionnelle, Employabilité, Recrutement, TalentsIA, MarketingDigital, SEO, IA, ISETCom, ESCTunis, E2Business, JeunesTalents, Tunisie",positif
E2BUSINESS CONSULTING,facebook,"Nous sommes extrêmement fiers de féliciter nos deux formidables stagiaires, hanin chouk et Ayoub Yatouji, pour l'obtention de leurs diplômes avec distinction ! 

C'est un véritable plaisir pour nous de voir l'impact de nos jeunes talents, qui ont choisi E2Business pour relever des défis innovants au carrefour de l'intelligence artificielle et du marketing digital.

👏 Félicitations à hanin chouk ! Hanin vient d'obtenir sa Licence en Gestion des TIC à l'ISET'Com avec la Mention Très Bien (note de 17,5/20). Son PFE s'est concentré sur le positionnement de l'entreprise sur les moteurs de recherche génératifs (IA), éveillant son intérêt pour la Data et l'IA. Un grand merci pour tes mots, Hanin, ce n'est que le début ! ✨
👏 Félicitations à Ayoub Yatouji ! qui a brillamment soutenu son Master en Distribution, Négociation et Commerce Digital à l'ESC Tunis, également avec la Mention Très Bien. Son projet, axé sur l'automatisation du SEO par l'IA, est le fruit d'une collaboration d'un an avec E2Business. Bravo pour ta persévérance et ta capacité à transformer une idée en un système concret !

Avis aux Recruteurs et Entreprises !

Le marché évolue vite, et ces deux profils possèdent exactement les compétences hybrides (Marketing Digital + IA) que vous recherchez pour booster vos performances. Ils ont l'esprit d'innovation, la rigueur et une expérience pratique de terrain acquise au sein de notre cabinet.

📩 N'hésitez pas à les contacter directement sur leurs réseaux ou à nous demander une mise en relation. Des talents comme Hanin et Ayoub n'attendent pas !

Un grand bravo à tous les deux. Votre réussite est la nôtre, et ce n'est que le début d'un parcours professionnel brillant ! ✨
hashtag#InsertionProfessionnelle hashtag#Employabilité hashtag#Recrutement hashtag#TalentsIA hashtag#MarketingDigital hashtag#SEO hashtag#IA hashtag#ISETCom hashtag#ESCTunis hashtag#E2Business hashtag#JeunesTalents hashtag#Tunisie",62,9,1,2026-07-01T18:10:06.000Z,https://www.facebook.com/e2businessconsultingandtraining/posts/pfbid02jdfR4Jj1FX7FqZZ2mbXSYXVPaeY1u1WENM5REchkmE565LFx7wJCAxuM271J9MEHl,,fr,félicitations et mise en avant de talents,éducation et carrière,recrutement et mise en relation,"attirer recruteurs, valoriser les compétences hybrides IA + marketing digital","#InsertionProfessionnelle, #Employabilité, #Recrutement, #TalentsIA, #MarketingDigital, #SEO, #IA, #ISETCom, #ESCTunis, #E2Business, #JeunesTalents, #Tunisie",positive
E2BUSINESS CONSULTING,facebook,"🎓 Toutes nos félicitations à notre #CEO et son épouse.

Toute l'équipe d'E2Business Consulting and Training tient à adresser ses plus vives félicitations à notre CEO, M. Kais Khenine , et son épouse Mme Salwa Ben Said Khenine.

C'est avec une immense fierté et beaucoup de joie que nous partageons leur bonheur familial à l'occasion de la réussite de leur fille au Baccalauréat. 📜

Une magnifique étape de franchie et un avenir prometteur qui s'ouvre devant elle. Bravo pour ce brillant succès.

#E2BConsulting #Félicitations #Baccalauréat #Fierté Succès TeamE2B FamilleE2B",1,1,1,2026-06-20T21:18:46.000Z,https://www.facebook.com/e2businessconsultingandtraining/posts/pfbid0kHT6yemBu7zwEKsCDqTM2kCZkVz9LQ5akaL3NUcdCncuxAuKoK2oRbaDb6WPd6Stl,,fr,félicitations,réussite scolaire familiale,none,engagement,"#CEO, #E2BConsulting, #Félicitations, #Baccalauréat, #Fierté, #Succès, #TeamE2B, #FamilleE2B",positif
TSA Agence Com,facebook,عيدكم مبروك 🫶,3,0,0,2026-05-26T15:49:19.000Z,https://www.facebook.com/TSAagencecom/posts/pfbid02bEuyLFWbM8jp8XY1erCx3rgEq65Y2SDj3erNbgY3CDxeWbVjDqGReUr5hTWTZPHKl,,Arabic,greeting,Eid,,engagement,,positive
TSA Agence Com,facebook,"Lights, camera… chaos (the good kind) 🎬

When TSA × @yokai_content_studio  join forces, you don’t just get a reel… you get something that sticks.

Two vibes. One vision. Zero limits. 🎥
@clinique_el_yosr_maternite

#TSA #YOKAI #CreativeEnergy  #ContentThatHits",345,1,4,2026-05-02T11:17:42.000Z,https://www.facebook.com/reel/2536392596822783/,,fr,promotion,création de contenu vidéo,production vidéo,promouvoir la collaboration et attirer l'attention sur le contenu vidéo,"#TSA, #YOKAI, #CreativeEnergy, #ContentThatHits",positive
MUSE Agency,facebook,"Quand une campagne dépasse les écrans, c’est qu’elle prend une nouvelle dimension.

Après le succès de notre lancement digital, la campagne Biolux 2026 poursuit son déploiement avec une présence en affichage urbain, afin de renforcer la visibilité de la marque et d’ancrer son message dans le quotidien des consommateurs.

Cette nouvelle étape est le fruit d’une collaboration bâtie sur la confiance, la vision et l’ambition.

Un immense merci à Biolux pour sa confiance renouvelée année après année. C’est un privilège de construire ensemble des campagnes qui allient créativité, impact et performance.

Fiers de cette nouvelle réalisation. Le meilleur reste à venir.

#Biolux #MuseTunisia #Campaign #OutdoorAdvertising #OOH",2,0,0,2026-06-26T22:47:52.000Z,https://www.facebook.com/MUSE.ideas.communications.results/posts/pfbid0qWHoVeeEGWYfiYGR4Yj2mbkMLYiczsLFjCnj6dS58MGBVNuBkDntcSUgH2xCPArJl,,fr,promotion,marketing digital,Outdoor Advertising,renforcer la visibilité de la marque,"#Biolux, #MuseTunisia, #Campaign, #OutdoorAdvertising, #OOH",positive
MUSE Agency,facebook,"🎬 Behind the Scenes – Video Biolux

Merci à toute l’équipe, aux acteurs, aux techniciens et à tous ceux qui ont contribué à cette belle aventure. 🙌

Un grand merci à @biolux_tunisie pour sa confiance.

✨ Derrière chaque belle campagne, il y a une équipe passionnée. 
@muse_man_ 
@muse_agency 
@aziz_ben_arfa 
@benarfa.production 
@salma_mhiri 

#BehindTheScenes #Biolux #TeamWork #MUSEAgency",2,0,0,2026-06-14T17:44:58.000Z,https://www.facebook.com/reel/1368713235131222/,,fr,video,behind the scenes,video production,promouvoir la collaboration et renforcer la notoriété de l'agence,"#BehindTheScenes, #Biolux, #TeamWork, #MUSEAgency",positif
Digital Market,facebook,"STOP au contenu IA froid ! 🥶 Notre stratégie pour l'authenticité.

On utilise l'IA pour la vitesse, mais l'équipe Digital Market est là pour y injecter l'âme et la pertinence locale. Sans la ""Touche Tunisienne"", vos posts seront ignorés par l'algo et le public.

Leçon n°1 : Le marketing digital est humain avant d'être robotique.

#marketingdigital  #authenticité  #entrepreneurtn  #Tendances2025 #Tunisie #tunisian #tunisie_تونس #IA",0,0,1,2025-11-20T09:00:34.000Z,https://www.facebook.com/digitalmarket.tn/posts/pfbid02BfiGZpLwFZkYkyYmVykeVsWZGgkBPyXNiQBUCSncgWghZ9BdZBwfTxfRd5cLEFu1l,,fr,post,authenticité,Digital Marketing,promouvoir l'authenticité locale et différencier l'agence,"#marketingdigital, #authenticité, #entrepreneurtn, #Tendances2025, #Tunisie, #tunisian, #tunisie_تونس, #IA",positif
Digital Market,facebook,"🌐 Les tendances web 2025 sont là !
Votre site web n’est plus seulement une vitrine… c’est votre meilleur vendeur ! 🚀

Chez Digital Market, nous créons des sites modernes, rapides et optimisés pour l’expérience utilisateur.
💡 Saviez-vous que :
- 88% des internautes ne reviendront pas sur un site au design médiocre ?
- 63% du trafic web provient des mobiles ?
- Les entreprises qui investissent dans l’UX voient jusqu’à +400% de conversion ?

✨ Passez au niveau supérieur et devenez un leader digital !
📩 Contactez-nous ou envoyez-nous un DM pour transformer votre présence en ligne.

#DigitalMarketing #WebDesign #UX #TendancesWeb2025 #CréationDeSite #LeaderDigital #MarketingDigital #SiteWebProfessionnel #InnovationWeb #tunisie #tunisia #dev #siteweb #developer",0,0,1,2025-11-18T10:00:41.000Z,https://www.facebook.com/digitalmarket.tn/posts/pfbid02fHiSvkYwW6J7wwNCHZCfNPEh9i4vLvnqJnBqXi6p2VMwVPfhowruRev9vhd4VLASl,,fr,promotionnel,tendances web 2025,création de sites web,convertir prospects en clients,"#DigitalMarketing, #WebDesign, #UX, #TendancesWeb2025, #CréationDeSite, #LeaderDigital, #MarketingDigital, #SiteWebProfessionnel, #InnovationWeb, #tunisie, #tunisia, #dev, #siteweb, #developer",positif
Digital Market,facebook,"🌟 Your Brand Deserves the Spotlight! 🌟

Join our Digital Brilliance Masterclass 2025 and learn how to grow your brand online.

✅ Improve your brand positioning
✅ Increase social media visibility
✅ Generate leads that convert

📍 Online Formation

Reserve your spot now → Link in bio
✨ Make your brand unforgettable! ✨",0,0,1,2025-11-12T09:00:48.000Z,https://www.facebook.com/digitalmarket.tn/posts/pfbid027VhiGhrMyzGcBmxjKcL7MsTwvT5eK7VXWnaSJbVosPpFdWVBdJvA9Eb74kZZhumHl,,English,promotion,digital marketing,Digital Brilliance Masterclass 2025,"grow brand online, improve positioning, increase visibility, generate leads",,positive
ACM Marketing Tunisie,facebook,"🌐🚀 La présence digitale est plus qu'une option, c'est une nécessité absolue !

Chez ACM Marketing, nous vous accompagnons dans cette transition vers le monde numérique pour assurer le succès de votre entreprise. 💼💡 

Contactez-nous dès maintenant pour franchir ce cap avec succès ! 

☎️ 73 367 402
💻 www.acm-marketing.tn
✉️ contact@acm-marketing.com
📌 Avenue yasser arafet sahloul, Sousse, Tunisia

#acmmarketing #PrésenceDigitale #successnumerique #PartenariatsStratégiques #Visibilité #CroissanceDesAffaires #CréationDeSiteWeb #SiteWeb #PrésenceEnLigne #marketing #marketingtips #marketingtips #marketingagency #marketingonline #marketingdigital #marketingdigital #marketingstrategy #marketingstrategy #marketingstrategies #MarketingSuccess #marketingstrategies #marketingdigitalbrasil #digital #digital #digitalart #digitalartist",2,0,0,2024-04-16T22:59:57.000Z,https://www.facebook.com/acm.marketing.tunisie/posts/pfbid02Gj3tnBZarKXTvHJstdghwGBdvjHhNH3DqYYm8fF9YtJbikMw5YeCX2Aj1xv89YBxl,,fr,promotionnel,présence digitale,accompagnement digital,générer des leads en incitant les entreprises à contacter l'agence,"acmmarketing, PrésenceDigitale, successnumerique, PartenariatsStratégiques, Visibilité, CroissanceDesAffaires, CréationDeSiteWeb, SiteWeb, PrésenceEnLigne, marketing, marketingtips, marketingagency, marketingonline, marketingdigital, marketingstrategy, marketingstrategies, MarketingSuccess, marketingdigitalbrasil, digital, digitalart, digitalartist",positif
ACM Marketing Tunisie,facebook,ACM Marketing تتمنالكم عيد مبارك 🌙🕌🤍,0,0,0,2024-04-10T06:00:22.000Z,https://www.facebook.com/acm.marketing.tunisie/posts/pfbid028cuFEw4v4Pd2cyajFLCadTMZpizCMAVCoXh9VxVLPN3yZGb3ycK2jBFtbAmnyERcl,,Arabic,Greeting,Eid,,Brand awareness / Engagement,,Positive
ACM Marketing Tunisie,facebook,"🇹🇳🎉 ACM Marketing souhaite une joyeuse journée de l'Indépendance à la Tunisie ! 🎉🇹🇳 En cette journée mémorable, nous célébrons la liberté, la souveraineté et le progrès de notre cher pays. Vive la Tunisie ! 🌟🚀 

📞 73 367 402
💻 www.acm-marketing.tn
✉️ contact@acm-marketing.com
📌 Avenue yasser arafet sahloul, Sousse, Tunisia

#JournéeDeLIndépendance #Tunisie #ACMMarketing 🇹🇳🎉",5,0,0,2024-03-20T11:48:39.000Z,https://www.facebook.com/acm.marketing.tunisie/posts/pfbid0B83R2GNTTQDpTopb2vN6EFfQPoTy3AVbyEazqy3hxjejpXjZzuexYvpKUKUvuvJLl,,fr,post de célébration,Indépendance de la Tunisie,none,engagement,"#JournéeDeLIndépendance, #Tunisie, #ACMMarketing",positive
BM Company,facebook,"Un site web sans visiteurs ? Ça ne sert à rien !
Si votre site n’apparaît pas dans les premiers résultats Google, vos clients ne vous trouveront jamais.

Chez BM Company, nous vous aidons à :
✔️ Optimiser votre site pour Google
✔️ Gagner en visibilité
✔️ Attirer plus de clients

Passez à l’action dès aujourd’hui !
Contactez-nous et commencez à booster votre trafic.
📞 +1 438-795-1418 | +216 58 651 200
📧 marketing@bm-company.com
🌐 bm-company.com
📅 https://buff.ly/YdxDnpY 

#SEO #Référencement #MarketingDigital #VisibilitéEnLigne #BMCompany #TraficWeb #BusinessGrowth #GoogleRanking",1,0,0,2025-07-28T15:01:08.000Z,https://www.facebook.com/permalink.php?story_fbid=pfbid02Cani3YnWGzWXMZmSCK4dCT2CxGC9pVnuJuccCAwGnJh7iEcykSh72VnxMT9NxC8Vl&id=61551041978944,,fr,post promotionnel,SEO et référencement,Optimisation SEO et visibilité en ligne,Augmenter le trafic et la visibilité du site web,"#SEO, #Référencement, #MarketingDigital, #VisibilitéEnLigne, #BMCompany, #TraficWeb, #BusinessGrowth, #GoogleRanking",positive
BM Company,facebook,"✅ Votre entreprise mérite mieux qu’une simple page Facebook !
Un site web professionnel, c’est votre carte de visite digitale, disponible 24h/24 pour convaincre et attirer des clients.

🚀 Avec un site optimisé :
✔️ Vous gagnez en crédibilité
✔️ Vous êtes visible sur Google
✔️ Vous pouvez vendre directement en ligne

🎯 Offrez à votre projet une vraie présence digitale dès aujourd’hui.
📩 Contactez-nous maintenant pour votre site web clé en main !
📞 +1 438-795-1418 | +216 58 651 200
📧 marketing@bm-company.com
🌐 bm-company.com
📅 https://buff.ly/YdxDnpY 

#SiteWeb #MarketingDigital #BMCompany #SEO #BusinessEnLigne",0,0,0,2025-07-25T10:13:17.000Z,https://www.facebook.com/permalink.php?story_fbid=pfbid02GRm8MVVAwJ5j1XastMoZM1KeRkFyMbNHK6ysxT28soZ1oMN1xuv6nJGNHsy8NkPl&id=61551041978944,,fr,promotion,site web professionnel,création de site web clé en main,inciter les entreprises à contacter pour un site web,"#SiteWeb, #MarketingDigital, #BMCompany, #SEO, #BusinessEnLigne",positif
BM Company,facebook,"📱 Vous manquez de temps pour gérer vos réseaux sociaux ?
Nous le faisons pour vous.

Chez BM Company, nous créons et publions du contenu pertinent, professionnel et engageant pour développer votre communauté et attirer de nouveaux clients.

🎯 Ce que nous vous proposons :
✔️ Gestion de vos pages Facebook, Linkedin et Instagram
✔️ Création de visuels attractifs
✔️ Rédaction de publications percutantes
✔️ Stratégie de contenu sur mesure
✔️ Rapports mensuels et suivi des performances

💼 Confiez-nous vos réseaux, concentrez-vous sur votre activité.

📩 Contactez-nous pour un accompagnement 100% personnalisé.
📞 +1 438-795-1418 | +216 58 651 200
📧 marketing@bm-company.com
🌐 bm-company.com
📅 https://buff.ly/YdxDnpY 

#GestionRéseauxSociaux #CommunityManager #MarketingDigital #VisibilitéEnLigne #FacebookMarketing #InstagramBusiness #BMCompany",2,0,0,2025-07-21T17:01:07.000Z,https://www.facebook.com/permalink.php?story_fbid=pfbid02MuVGJxUgdqSYqzu4JQiNqrQkRbV2TQNzU5ivmFBATKYBtHwdnf8A531b53watzvyl&id=61551041978944,,fr,promotion,gestion des réseaux sociaux,"gestion de réseaux sociaux (Facebook, LinkedIn, Instagram)",attirer de nouveaux clients et développer la communauté,"#GestionRéseauxSociaux, #CommunityManager, #MarketingDigital, #VisibilitéEnLigne, #FacebookMarketing, #InstagramBusiness, #BMCompany",positive
Digiheurica Consulting,facebook,"🚀 Votre présence sur les réseaux sociaux est votre meilleure vitrine. Faites-en un véritable moteur de croissance !

Chez Digiheurica Consulting, nous transformons vos réseaux sociaux en un puissant levier de visibilité, d'engagement et de conversion.

🎯 Nos services :
✅ Création de contenu créatif et impactant
✅ Gestion professionnelle de vos réseaux sociaux
✅ Planification et publication de vos posts
✅ Analyse des performances et rapports détaillés
✅ Stratégies digitales personnalisées pour accélérer votre croissance

💡 Ne laissez plus votre marque passer inaperçue. Construisons ensemble une présence digitale qui attire, engage et convertit vos futurs clients.

📞 Contactez-nous dès aujourd'hui :
📱 29 282 645
📧 digiheurica.consulting@outlook.com

#SocialMediaMarketing #DigitalGrowth #ContentStrategy #BrandSuccess #DigiheuricaConsulting",0,0,0,2026-07-03T08:42:02.000Z,https://www.facebook.com/permalink.php?story_fbid=pfbid02WPomzaphj1gRG8c87NW5L9pw8sFRjyDMML81ytMCCmm7kFaRvr1tGFf5sCM4ueX4l&id=61571397397574,,fr,promotion,social media marketing,"Content creation, social media management, scheduling, performance analysis, digital strategy","Accroître la visibilité, l'engagement et la conversion de la marque","#SocialMediaMarketing, #DigitalGrowth, #ContentStrategy, #BrandSuccess, #DigiheuricaConsulting",positive
Digiheurica Consulting,facebook,"💡 Vous avez une idée ? Un projet ? Une entreprise à digitaliser ?

Ne laissez plus vos ambitions attendre. 🚀

Chez DIGIHEURICA CONSULTING, nous transformons vos défis en opportunités grâce à des solutions digitales innovantes et sur mesure.

✅ Stratégie digitale
✅ Création de contenu professionnel
✅ Développement web
✅ Gestion des réseaux sociaux
✅ Accompagnement personnalisé

🎯 Faites le choix d'un partenaire qui vous aide à développer votre visibilité, attirer plus de clients et accélérer la croissance de votre activité.

📞 Contactez-nous dès aujourd'hui :
📱 +216 29 282 645
📧 digiheurica.consulting@outlook.com

✨ Votre réussite digitale commence ici. Confiez-nous votre projet et construisons ensemble votre succès !

#DigitalTransformation #DigitalMarketing #BusinessGrowth #Entrepreneur #Innovation",1,1,0,2026-07-01T15:39:45.000Z,https://www.facebook.com/permalink.php?story_fbid=pfbid0McZW1XkgL25aTuFteNRsThGjHgCn5ozz9LbawDyYkcexPqxj83arZhhervbpwQNdl&id=61571397397574,,fr,promotion,digital transformation,"Stratégie digitale, création de contenu, développement web, gestion des réseaux sociaux, accompagnement personnalisé","attirer plus de clients, augmenter la visibilité, accélérer la croissance","#DigitalTransformation, #DigitalMarketing, #BusinessGrowth, #Entrepreneur, #Innovation",positive
Digiheurica Consulting,facebook,"🚀 Votre présence digitale commence ici !

Vous souhaitez développer votre activité, attirer plus de clients et renforcer votre image professionnelle ? Chez Digiheurica Consulting, nous transformons vos idées en solutions digitales performantes.

💡 Nos services :
✅ Création de contenu professionnel
✅ Création de sites web modernes et responsives
✅ Développement d’applications mobiles
✅ Référencement SEO pour gagner en visibilité sur Google
✅ Gestion et optimisation de vos campagnes publicitaires

🎯 Notre objectif : vous aider à gagner en visibilité, générer plus de prospects et augmenter vos ventes grâce à une stratégie digitale adaptée à vos besoins.

Que vous soyez entrepreneur, commerçant ou entreprise, nous vous accompagnons dans chaque étape de votre transformation digitale.

📞 Contactez-nous dès aujourd’hui :
📱 29 282 645
📧 digiheurica.consulting@outlook.com

✨ Ensemble, construisons votre succès digital.

#DigiheuricaConsulting #MarketingDigital #CréationDeContenu #SEO #siteweb",2,1,1,2026-06-25T16:01:03.000Z,https://www.facebook.com/permalink.php?story_fbid=pfbid022gnCb6FxvemqiWoKnQiAGydu5Sp3Te6XTZFNK23TgDqDnnUs7XeN7iEtxnXe4Ywjl&id=61571397397574,,fr,promotionnel,Transformation digitale,"Création de contenu, création de sites web, développement d’applications mobiles, référencement SEO, gestion de campagnes publicitaires","gagner en visibilité, générer plus de prospects et augmenter les ventes","#DigiheuricaConsulting, #MarketingDigital, #CréationDeContenu, #SEO, #siteweb",positif
Ufuk connect,facebook,"🇹🇳🇸🇳 Retour en images sur le séminaire de présentation de l’application RecapLink, organisé en collaboration avec bbw.

À cette occasion, notre agence Ufuk Connect a présenté RecapLink, une solution digitale que nous avons conçue et développée dans le cadre du projet RECAP Tunisie – Sénégal, visant à optimiser la gestion et la valorisation des déchets plastiques.

Ce moment a permis de mettre en lumière les fonctionnalités de l’application à travers des démonstrations, tout en favorisant des échanges constructifs avec les participants et les acteurs du secteur.

Nous remercions bbw ainsi que l’ensemble des participants pour leur confiance et leur engagement.

Chez Ufuk Connect, nous accompagnons des projets à fort impact en développant des solutions digitales innovantes adaptées aux enjeux locaux et internationaux.

RecapLink s’inscrit pleinement dans cette dynamique, avec l’ambition de connecter durablement les acteurs du recyclage et de contribuer à une économie circulaire plus performante.
#ufuk_connect #recaplink 
Www.ufuk.tn
Ibrahim Lokmani",0,0,1,2026-06-18T20:11:10.000Z,https://www.facebook.com/ufuk.connect/posts/pfbid0VeLq79LZfYwFUVEeq3dpRpqxN53LPLHyJ2BnmYu6p3vsnAXJKTGtTogBR9SCW9Til,,fr,post,gestion des déchets plastiques,application RecapLink,promouvoir l’application RecapLink et renforcer les partenariats pour la gestion des déchets plastiques,"#ufuk_connect, #recaplink",positive
Ufuk connect,facebook,"✨💻 New Project – LAB-IT
A full branding package for a maintenance & IT services company:
📌 Logo, flyer, letterhead design.
📌 Custom pens, keychains & bags 🛍 — every detail for public presence
-----
🌐  Ufuk Connect! 🌐
""Connecting Your World"" – That’s our promise!
-----
Tel : ‪(+216 52 056 778‬)
Email : contact@ufuk.tn
Web site : www.ufuk.tn
Adresse : Sousse Medina 4000
LinkedIn  :https://www.linkedin.com/company/ufuk-connect
Instagram :https://www.instagram.com/ufukconnect/
Youtube:https://www.youtube.com/@UfukConnect  
 Ufuk Connect",0,0,1,2025-09-24T11:33:36.000Z,https://www.facebook.com/ufuk.connect/posts/pfbid02G1Dvbo9186k2rMcEpVg1g5GoL2czAhrLP1tWcVByzsMd62XHWVjspczXPcuhWdphl,,fr,Annonce de projet,Branding & Design,Full branding package,Promouvoir les services de branding pour une entreprise de maintenance & IT,,positive
Ufuk connect,facebook,"🖊 Project – BIBO
We created a complete catalogue for a premium pen collection:
📌 Elegant designs and thoughtful layout.
📌 A visually striking catalogue showcasing style and quality.
📌 Branding that elevates the art of writing
-----
🌐  Ufuk Connect! 🌐
""Connecting Your World"" – That’s our promise!
-----
Tel : ‪(+216 52 056 778‬)
Email : contact@ufuk.tn
Web site : www.ufuk.tn
Adresse : Sousse Medina 4000
LinkedIn  :https://www.linkedin.com/company/ufuk-connect
Instagram :https://www.instagram.com/ufukconnect/
Youtube:https://www.youtube.com/@UfukConnect  
 Ufuk Connect",0,0,1,2025-09-24T11:24:56.000Z,https://www.facebook.com/ufuk.connect/posts/pfbid02zRQ93J42WKMAKBn2owoZkdm3ew4zhJ3ePiMVXV928KNS3ZfhQZMsj8BMqgkz7fKzl,,fr,catalogue,premium pen collection,catalogue creation,promote catalogue and brand,,positive
Jawhara PUB,facebook,"Toute l'équipe Jawhara pub vous souhaite un joyeux AID ! 🇹🇳🐑🐏🎊🎊🎉🎉🎉

#",0,0,0,2026-05-27T12:19:15.000Z,https://www.facebook.com/jawharapub/posts/pfbid025EeiLjoun8a8CHxSJC8j7djPQQwFhZiKkfYc96E5GAXWBw1y49pYswPvtPzhBPGMl,,fr,salutation,Eid,publicité,engagement,,positif
Jawhara PUB,facebook,"Lancement de @omodajaecoo.tunisie 
Agence : @ulycom 
Event & technique : @jawhara_pub__events",5,0,0,2026-01-27T08:54:12.000Z,https://www.facebook.com/reel/1415507926972005/,,fr,Annonce,Lancement,omodajaecoo.tunisie,Promotion,,positive
Jawhara PUB,facebook,"Jawhara pub vous souhaite une bonne année. Merci de votre confiance. Restez connectés pour encore plus de succès  Merci à tous ceux qui participent à cette aventure.
Bonne année 2026🎉🎉🥳🎂🎊",4,0,0,2025-12-31T22:24:52.000Z,https://www.facebook.com/reel/1753178425372550/,,fr,Message de vœux,Bonne année,Publicité / Marketing digital,Renforcer la relation client / fidélisation,,positive
Web Media Tunisie,facebook,"🚀 تحب موقعك يطلع في𝟏è𝐫𝐞 𝐩𝐨𝐬𝐢𝐭𝐢𝐨𝐧 𝐬𝐮𝐫 𝐆𝐨𝐨𝐠𝐥𝐞 ؟

مع خدمات 𝐫é𝐟é𝐫𝐞𝐧𝐜𝐞𝐦𝐞𝐧𝐭 𝐧𝐚𝐭𝐮𝐫𝐞𝐥 (𝐒𝐄𝐎) من 𝐖𝐞𝐛 𝐌𝐞𝐝𝐢𝐚، موقعك يولي أكثر 𝐯𝐢𝐬𝐢𝐛𝐢𝐥𝐢𝐭é ويجيبلك 𝐜𝐥𝐢𝐞𝐧𝐭𝐬 𝐪𝐮𝐚𝐥𝐢𝐟𝐢é𝐬 كل يوم 🔥

✔️ Optimisation SEO complète
✔️ Meilleur classement sur Google
✔️ Plus de trafic = plus de clients
✔️ Stratégie digitale efficace et durable

خلي 𝐛𝐮𝐬𝐢𝐧𝐞𝐬𝐬 متاعك يبان قبل المنافسين ✨
ومع 𝐖𝐞𝐛 𝐌𝐞𝐝𝐢𝐚… النجاح الرقمي يبدأ من 𝐆𝐨𝐨𝐠𝐥𝐞 👌

📩 ابعثولنا 𝐦𝐞𝐬𝐬𝐚𝐠𝐞 وخلّي فريقنا يطوّر 𝐩𝐫é𝐬𝐞𝐧𝐜𝐞 𝐝𝐢𝐠𝐢𝐭𝐚𝐥𝐞 متاعك.

#SEO #ReferencementNaturel #Google #WebMedia #MarketingDigital #AgenceWeb #Tunisie #DigitalMarketing",1,0,0,2026-05-29T12:44:00.000Z,https://www.facebook.com/webmediainternational/posts/pfbid0Bkr4ToMc9xVRqJEPg4msGY1c7QRXTajSGPHmJmATQusnsTPrvhtEXcTFxmB3pprwl,,Arabic/French,promotion,SEO / Digital Marketing,SEO (Search Engine Optimization),Improve website ranking on Google and attract qualified clients,"#SEO, #ReferencementNaturel, #Google, #WebMedia, #MarketingDigital, #AgenceWeb, #Tunisie, #DigitalMarketing",positive
Web Media Tunisie,facebook,"✨ تتمنى لكم𝐖𝐞𝐛 𝐌𝐞𝐝𝐢𝐚 𝐓𝐮𝐧𝐢𝐬𝐢𝐞 عيد أضحى مبارك 🌙🐑
عيد مليان فرحة، نجاح و لحظات جميلة مع العائلة والأحباب 🤍

وإن شاء الله نرجعولكم بعد العيد بطاقة جديدة و أفكار أقوى لمرافقتكم في كل مشاريعكم الرقمية 🚀✨
#عيد_الأضحى  #عيد_مبارك  #WebMediaTunisie",1,0,0,2026-05-26T15:16:05.000Z,https://www.facebook.com/webmediainternational/posts/pfbid0zXdFL4yLrWUEUzNXGztsGQRMK2DxMKQ9XrGmneLGpBNd6u7xb5v97mjju3oYBeVTl,,Arabic,Message de vœux,Eid al-Adha,Digital projects / digital solutions,"Renforcer la relation client, promouvoir les services, fidélisation","#عيد_الأضحى, #عيد_مبارك, #WebMediaTunisie",Positive
Web Media Tunisie,facebook,Bonne Fête du Travail à celles et ceux qui nous font avancer chaque jour,2,0,0,2026-05-01T13:41:30.000Z,https://www.facebook.com/webmediainternational/posts/pfbid0pKAHcbXzT8xAkLqYh5ACbMC3F36uYMc5XoKNQeFFDRAWKbWWHrBkc2DpNjJRxme9l,,fr,texte,Fête du Travail,,reconnaissance et motivation,,positif
MSIT DIGITAL,facebook,"Core Web Vitals » : 3 indicateurs qui décident si Google (et vos visiteurs) vous aiment. On traduit 👇

🟢 LCP — le temps d'affichage du contenu principal. Objectif : moins de 2,5 secondes.
🟢 INP — la réactivité quand on clique. Objectif : moins de 200 millisecondes.
🟢 CLS — la stabilité visuelle (pas d'éléments qui « sautent »). Objectif : moins de 0,1.

En clair : votre site doit s'afficher vite, réagir vite, et rester stable.
👉Enregistrez : à ressortir à votre prochaine refonte de site.

#WebPerf #CoreWebVitals #DéveloppementWeb #UX #MSITDigital",1,0,0,2026-07-07T11:52:00.000Z,https://www.facebook.com/msit.digital/posts/pfbid02ppY6gf26unAj4fV2pNKXCam5n7M6TsH7zBZWFpQbazQeJJd3a2hhRERhZLGma3ANl,,fr,informationnel,performance web,développement web,éduquer les utilisateurs sur les Core Web Vitals et les inciter à optimiser leur site,"#WebPerf, #CoreWebVitals, #DéveloppementWeb, #UX, #MSITDigital",neutre
MSIT DIGITAL,facebook,"« Comment se faire citer par ChatGPT ? » 🤖

La réponse va surprendre ceux qui pensent que le SEO est mort :
→ 87 % des citations de ChatGPT correspondent au top 10 de Bing.
→ Environ 99 % des citations des Google AI Overviews pointent vers un résultat du top 10 organique.

Autrement dit : les IA ne piochent pas au hasard. Elles s'appuient massivement sur des contenus déjà bien référencés et bien structurés.

Ce qui fait la différence en GEO :
✅ une réponse claire dès les 40 premiers mots
✅ des faits sourcés et des chiffres
✅ une autorité confirmée par des mentions externes
✅ une structure que la machine comprend

La recette n'est pas magique : c'est de la rigueur éditoriale, appliquée à un nouveau terrain de jeu.

👉 Votre site répond-il clairement aux 10 questions que vos clients posent vraiment ?

#GEO #SEO #ContentMarketing #VisibilitéEnLigne #MSITDigital",1,0,0,2026-06-29T14:34:34.000Z,https://www.facebook.com/msit.digital/posts/pfbid02gTHLwXuR2s76rznvfnZHC6tkshqubqpn5XhuE6VupYKk6aHwh8prjTeDfp2AgzXl,,français,post,"SEO, IA, référencement",SEO,informer et inciter à améliorer le contenu pour le référencement,"#GEO, #SEO, #ContentMarketing, #VisibilitéEnLigne, #MSITDigital",positive
MSIT DIGITAL,facebook,"Publier 5 posts « moyens » par semaine ne sert plus à rien. 👇

2026 marque la fin de l'abondance de contenu. Les marques qui gagnent publient MOINS, mais avec un niveau d'exigence beaucoup plus élevé.

C'est ça, une ligne éditoriale « less is more » :
✅ des piliers de contenu clairs (3-4 thèmes max)
✅ un point de vue assumé sur chacun
✅ une cohérence dans la durée

#StratégieContenu #CommunityManagement #MarketingDigital #PME #MSITDigital",1,0,0,2026-06-23T11:13:56.000Z,https://www.facebook.com/msit.digital/posts/pfbid023PdDC8AmyeNaXk3B7NmmJg5b2vfLEWMt1oi4CeBfQE6eYvpE6LqMADS89XGtafM2l,,fr,post,Stratégie de contenu,Community Management,Informer les marques sur l'importance de publier moins mais de meilleure qualité,"#StratégieContenu, #CommunityManagement, #MarketingDigital, #PME, #MSITDigital",neutre
iBrand Tunisia,facebook,"👉 www.ibrandtunisia.tn
☎️ +216 51 65 69 69
📧 contact@ibrandtunisia.tn",0,0,0,2026-02-17T22:58:21.000Z,https://www.facebook.com/ibrandtunisiaofficiel/posts/pfbid0rPQCeVrkkDmRBPfHJTWD1SPqPfBnpF9aRfAqATnhuq28EoZXYFzTxyn6x13V8bvWl,,fr,link,contact,digital agency,lead generation,,neutral
iBrand Tunisia,facebook,رمضان كريم وكل عام وأنتم بخير 🌙✨,0,0,0,2026-02-17T22:15:28.000Z,https://www.facebook.com/reel/872794148920258/,,Arabic,greeting,Ramadan,,celebrate_Ramadan,,positive
iBrand Tunisia,facebook,"👉 www.ibrandtunisia.tn
☎️ +216 51 65 69 69
📧 contact@ibrandtunisia.tn",0,0,0,2026-02-03T23:30:29.000Z,https://www.facebook.com/ibrandtunisiaofficiel/posts/pfbid02nMUKDAKLkEo9MHkrdph92BErfqMkuaZZMTV4bWYQAcS7kyxxMQyVeXn3zeavbrPDl,,français,contact,contact,digital agency,lead generation,,neutral
5 Sens Advertising,facebook,"Faire oublier la souffrance des moustiques. Avec le sourire.

Pour le produit Lance, nous avons imaginé une campagne de communication intégrée portée par l'humoriste Karim Gharbi, dans l'esprit de Mr Bean et des sketchs cultes des années 90.
De l'humour pour créer le lien. Une démonstration claire pour convaincre. Et une diffusion sur tous les canaux : réseaux sociaux, Google Ads, influenceurs, affichage urbain, radio et télé.
Une seule marque, une seule voix, partout.
Production assurée par Comguru Production, que nous remercions.

Voilà notre métier.
Nous aidons les marques à se démarquer. 
https://5sens.tn/

#communicationintégrée #agencedecommunication #5sensadvertising",56,1,0,2026-06-17T10:54:47.000Z,https://www.facebook.com/reel/959357110468059/,,fr,post Facebook,lutte contre les moustiques,communication intégrée,promouvoir le produit Lance et faire oublier la souffrance des moustiques,"#communicationintégrée, #agencedecommunication, #5sensadvertising",positive
5 Sens Advertising,facebook,"5 Sens Advertising
 تتمنالكم عيد مبروك 🌙✨

وكل عام وأنتم بخير، إنتوما والعزاز عليكم ❤️ 

#AïdAlAdha #5sensadvertising",7,0,0,2026-05-26T16:01:24.000Z,https://www.facebook.com/reel/2128077474591354/,,Arabic/French,greeting,Eid Al-Adha,advertising,engagement,"#AïdAlAdha, #5sensadvertising",positive
5 Sens Advertising,facebook,"عيدكم مبروك، وكل عام وأنتم بخير 🌙

 #عيدكم_مبروك  #5sensadvertising",11,0,1,2026-03-19T19:16:04.000Z,https://www.facebook.com/reel/1504500711113780/,,Arabic,text,Eid celebration,advertising,engagement,"#عيدكم_مبروك, #5sensadvertising",positive
MUSE Agency,facebook,"⚡campagne publicitaire #VolvoTunisie 

#VolvoES90 #Volvo #UniversalMotors #MUSEsgency OutdoorCampaign",0,0,0,2026-06-02T19:51:38.000Z,https://www.facebook.com/MUSE.ideas.communications.results/posts/pfbid02prW7aJc3d1pds6eJQD45Tgh3tPtHFQFurFWGGoCMFM37ZmB99WWvVqd6RueZwQrel,,fr,publicité,automobile,campagne publicitaire extérieure,notoriété de marque,"VolvoTunisie, VolvoES90, Volvo, UniversalMotors, MUSEsgency, OutdoorCampaign",positive
MUSE Agency,facebook,"⚡ Quand l’élégance scandinave rencontre l’innovation électrique.
La nouvelle Volvo ES90 s’affiche en grand avec une campagne outdoor signée pour Universal Motors.

Une vision premium, audacieuse et tournée vers le futur.
Campagne imaginée et réalisée par MUSE.

#VolvoES90 #Volvo #UniversalMotors #MUSEsgency #OutdoorCampaign",1,0,0,2026-05-13T00:48:38.000Z,https://www.facebook.com/MUSE.ideas.communications.results/posts/pfbid0GHPSj1joxTc3T2h2cY1fvncYsydM5YUCPMgNGmpxk5EV59PeGGeX8kc8KMmRjTX8l,,français,publicité,luxe automobile,campagne outdoor,promouvoir la Volvo ES90,"#VolvoES90, #Volvo, #UniversalMotors, #MUSEsgency, #OutdoorCampaign",positif
MUSE Agency,facebook,"Remontez le temps et vibrez au rythme des années 90 🔥

Pour le 99e anniversaire de Volvo, nous avons recréé un univers rétro mêlant nostalgie, style et émotions.

Bienvenue dans l’expérience 90’s ✨

#Volvo99 #90sVibes #RetroExperience #ES90 #museagency",0,0,0,2026-04-25T11:38:58.000Z,https://www.facebook.com/reel/1189594369806336/,,fr,post promotionnel,anniversaire Volvo 99 et nostalgie années 90,marketing digital / communication,promouvoir l'anniversaire 99e de Volvo et renforcer l'image de marque,"#Volvo99, #90sVibes, #RetroExperience, #ES90, #museagency",positif
Astronet,facebook,"😍""Astronet Digital Marketing Agency"" Vous souhaite une bonne fête de la révolution 😍
🇹🇳🇹🇳🇹🇳🇹🇳🇹🇳",0,0,0,2021-12-17T10:00:05.000Z,https://www.facebook.com/astronet.marketing/posts/pfbid02XYRc4ya8BxrHv6M14nTyThTTLP1RA8M1Q7t6aUci5MFCauR46FqGC6EWnQYYUeH8l,,fr,promotion,fête de la révolution,Digital Marketing Agency,,,positive
Astronet,facebook,"😍""Astronet Digital Marketing Agency""  Vous souhaite Mouled Moubarak 😍",2,0,0,2021-10-18T10:00:43.000Z,https://www.facebook.com/astronet.marketing/posts/pfbid02mUgvCvN943oqasYZXnv3t19DVXYmdZZLhYJiW9ozLo9nK7oCaJUGRp5zyWxBdq1ml,,français,post de voeux,Mouled Moubarak,,engagement,,positif
Astronet,facebook,"😍""Astronet Digital Marketing Agency""  Vous souhaite une bonne fête de l'évacuation 😍 
🇹🇳🇹🇳🇹🇳🇹🇳🇹🇳🇹🇳🇹🇳",0,0,0,2021-10-15T10:27:14.000Z,https://www.facebook.com/astronet.marketing/posts/pfbid0yfAq3CeN7B8V36w9cbhkmjE7AN7V1v5eDadVtS11rmxMrkF7qiLqgGVvXStxRyeel,,fr,texte,fête,marketing digital,promotion,,positif
TSA Agence Com,facebook,"الفرحة فرحتين 😎
Happy new year و مبروك علينا الترشح 🎊
#Tsaagencecom #happynewyear2026 #CAN2025",1,0,0,2025-12-31T17:09:18.000Z,https://www.facebook.com/TSAagencecom/posts/pfbid09XsPNT1mkQ2r5v7NMC4FVpQNpyBRRu2VMBmiQegRa8tinZzL9X86viv9WUSKJqy9l,,Arabic,status,celebration,agency promotion,engagement,"#Tsaagencecom, #happynewyear2026, #CAN2025",positive
TSA Agence Com,facebook,"Merci à La FTTH Magazine - الجامعة التونسية للنسيج والملابس  pour votre confiance.
Bravo à toute l'équipe pour cet événement exceptionnel. Merci @Haithem Bouagila  pour cette reconnaissance. Fiers d'être l'agence de communication d'un partenaire aussi inspirant.
#agencecom #tsa #FTTH #TEXAwards",20,0,1,2025-12-12T20:34:23.000Z,https://www.facebook.com/reel/1454608913049626/,,fr,remerciement,remerciements et reconnaissance,communication,renforcer la relation client et valoriser l'agence,"agencecom, tsa, FTTH, TEXAwards",positif
TSA Agence Com,facebook,"Chez TSA, on aime l’action, le terrain et les profils curieux 👀

On recrute des Enquêteurs Terrain (H/F) dans la région du Sahel pour une mission de 2 semaines.

Si vous voulez vivre une expérience humaine, dynamique et pleine de découvertes, contactez-nous ! 

📩 contact@tsaagence.com

#TSA #TeamTSA  #MissionTerrain #TSAEtudes",0,0,0,2025-11-10T18:01:17.000Z,https://www.facebook.com/TSAagencecom/posts/pfbid029DjrMaq2D2DnyemAigeACpvzhhuXzQEAQXafSQqvkvGN31QWakBHvru46sA2qxKYl,,fr,recrutement,recrutement d'enquêteurs terrain,Enquêteurs Terrain,recruter des enquêteurs terrain,"#TSA, #TeamTSA, #MissionTerrain, #TSAEtudes",positive
Queen Bee Digital - Agence Marketing Digital & Web,facebook,🥳✨ في لامدا.. ديما محفلينها، وبنجاحنا مكملينها!✨🥳,0,0,0,2026-07-15T18:08:07.000Z,https://www.facebook.com/reel/1487513653041371/,,Arabic,text,celebration,social media marketing,engagement,,positive
Queen Bee Digital - Agence Marketing Digital & Web,facebook,"🏆 لامدا الساحلين.. إنجازٌ يترجم التميز: 100% نجاح في مناظرة ""النوفيام""! 
 ألف مبروك لكل الناجحين. 🎊

#مدرسة_لامدا_الساحلين #نوفيام2026 #نجاح_باهر #تميز #تعليم_خاص #الساحلين #نفتخر_بكم",0,0,0,2026-07-02T15:52:00.000Z,https://www.facebook.com/queenbeedigitalagency/posts/pfbid02zYHAipxj9y2ZKeECWtZiVDoH7hNPECNd1LPRNocm9BuuA92aKqknKKoXAH2VJEmcl,,ar,congratulatory,education,private education,celebration and promotion,"مدرسة_لامدا_الساحلين, نوفيام2026, نجاح_باهر, تميز, تعليم_خاص, الساحلين, نفتخر_بكم",positive
Queen Bee Digital - Agence Marketing Digital & Web,facebook,"🏆 لامدا الساحلين.. إنجازٌ يترجم التميز: 100% نجاح في مناظرة ""النوفيام""! 
 ألف مبروك لكل الناجحين. 🎊

#مدرسة_لامدا_الساحلين #نوفيام2026 #نجاح_باهر #تميز #تعليم_خاص #الساحلين #نفتخر_بكم",0,0,0,2026-07-02T15:51:02.000Z,https://www.facebook.com/reel/2199829370853149/,,ar,congratulatory,education,private school,promote school reputation and celebrate success,"مدرسة_لامدا_الساحلين, نوفيام2026, نجاح_باهر, تميز, تعليم_خاص, الساحلين, نفتخر_بكم",positive
Advery Agency,facebook,"You might think this carousel is about AI...

Keep swiping. 👀

When you reach the end, tell us:

💬 When did it click for you?

👇 Comment the slide number or the moment you understood the message.

No spoilers for the people who haven't finished yet. 😉",0,0,0,2026-07-10T13:03:31.000Z,https://www.facebook.com/reel/1542952050662795/,,English,carousel,AI,social media engagement,engagement,,neutral
Advery Agency,facebook,Viral doesn’t mean profitable 📈,3,0,0,2026-02-25T15:21:19.000Z,https://www.facebook.com/reel/1407641840587797/,,English,text,Social media marketing,,informative,,neutral
E2BUSINESS CONSULTING,facebook,"🎓 Toutes nos félicitations à notre #CEO et son épouse.

Toute l'équipe d'E2Business Consulting and Training tient à adresser ses plus vives félicitations à notre CEO, M. Kais Khenine , et son épouse Mme Salwa Ben Said Khenine.

C'est avec une immense fierté et beaucoup de joie que nous partageons leur bonheur familial à l'occasion de la réussite de leur fille au Baccalauréat. 📜

Une magnifique étape de franchie et un avenir prometteur qui s'ouvre devant elle. Bravo pour ce brillant succès.

#E2BConsulting #Félicitations #Baccalauréat #Fierté #Succès #TeamE2B #FamilleE2B",8,16,1,2026-06-20T21:16:11.000Z,https://www.facebook.com/e2businessconsultingandtraining/posts/pfbid0URuFmBtq2dTwAXPDip83DmiSnt6iCetuVhxyV4fypfqH8WjmUEwEEwfkm7PpBAGXl,,fr,félicitations,fierté familiale et réussite scolaire,consulting,renforcer l'engagement interne et l'image de marque,"#E2BConsulting, #Félicitations, #Baccalauréat, #Fierté, #Succès, #TeamE2B, #FamilleE2B",positif
E2BUSINESS CONSULTING,facebook,"💡 Le secret pour passer du ""bricolage de code"" au véritable Vibe Coding en entreprise.
La plupart des gens font la même erreur avec l’IA : ils demandent directement à Claude d'écrire une ligne de code. Résultat ? On passe plus de temps à corriger les bugs qu'à avancer.

Pour développer des agents IA performants et piloter des projets de Vibe Coding robustes en entreprise, il y a une règle d'or, un workflow incontournable :

🚀 Explore ➔ Plan ➔ Code ➔ Commit

Pour vous donner un avant-goût de notre approche, j'ai décidé de rendre une partie de notre cours accessible gratuitement sur notre plateforme dès aujourd'hui.
https://first-masterclass.com/courses/ia-agentique-pour-les-professionnels/lessons/prise-en-main-de-claude-code/topics/activer-le-workflow-explore-→-plan-→-code-→-commit-workflow/?-plan-%3F-code-%3F-commit-workflow%2F

Vous y découvrirez notamment :

🔍 Le Mode Plan de Claude Code : Comment forcer l'IA à analyser l'existant et proposer une stratégie avant d'écrire la moindre ligne de code (le meilleur moment pour redresser la barre !).

🛠️ L'optimisation de la phase de Code : Définir des critères de succès, intégrer des outils (comme l'extension Chrome) et automatiser les suites de tests.

👁️ La puissance des sous-agents : Pourquoi l'utilisation d'un sous-agent de Code Review (avec un regard neuf et impartial) change absolument tout avant le commit final.

📖 Envie de maîtriser ce workflow ?
👉 https://first-masterclass.com/courses/ia-agentique-pour-les-professionnels/lessons/prise-en-main-de-claude-code/topics/activer-le-workflow-explore-→-plan-→-code-→-commit-workflow/?-plan-%3F-code-%3F-commit-workflow%2F : Profitez de cet accès gratuit pour lire cet extrait exclusif et découvrir concrètement comment structurer le travail de vos développeurs avec l'IA.

🎯 Pour aller plus loin :
Ne subissez plus l'IA, apprenez à la manager comme un collaborateur stratégique. Les inscriptions pour notre prochaine session de Formation IA Agentique pour les Entreprises sont ouvertes.

Rejoignez-nous pour transformer vos méthodes de développement !

#VibeCoding #IAAgentique #ClaudeCode #IntelligenceArtificielle #Productivite #Innovation #DevOps",1,0,0,2026-05-28T10:54:11.000Z,https://www.facebook.com/reel/1007635741916110/,,fr,promotion,IA Agentique / Vibe Coding,Formation IA Agentique pour les Entreprises,Attirer des participants et promouvoir l'inscription,"#VibeCoding, #IAAgentique, #ClaudeCode, #IntelligenceArtificielle, #Productivite, #Innovation, #DevOps",positive
E2BUSINESS CONSULTING,facebook,"نتمنى لكم عيد اضحى مبارك 🐑 و كل عام و أنتم بخير 🌙 🕌 أعاده الله عليكم بالخير والبركة
#E2B #PublicitéDigitale #MarketingDigital #tunisie #عيدكم_مبارك",1,0,1,2026-05-26T19:00:16.000Z,https://www.facebook.com/e2businessconsultingandtraining/posts/pfbid02RjWfYyrW1U9kwWEAocpqwK8u6w7ieYxstJ8YQDdjs8GAcFqvLpuQfWDt1VUiSUSml,,ar,greeting,Eid al-Adha,Publicité Digitale,engagement,"#E2B, #PublicitéDigitale, #MarketingDigital, #tunisie, #عيدكم_مبارك",positive
ACM Marketing Tunisie,facebook,"🌐 Découvrez la solution à tous vos besoins digitaux ! 🚀✨
Chez ACM Marketing, nous sommes passionnés par l'innovation et déterminés à vous offrir des solutions digitales exceptionnelles. 💻
📲 Que ce soit pour la création de sites web, le marketing digital ou la gestion de vos réseaux sociaux, nous sommes là pour vous.

📞 73 367 402
💻 www.acm-marketing.tn
✉️ contact@acm-marketing.com
📌 Avenue yasser arafet sahloul, Sousse, Tunisia

#TransformationDigitale #SolutionsNumériques #PrésenceEnLigne #ACMMarketing #DéveloppementWeb #StratégieMarketing #GestionRéseauxSociaux #SolutionNumérique #PrésenceEnLigne #DigitalMarketing #BesoinsDigital",4,0,0,2024-03-07T11:14:16.000Z,https://www.facebook.com/acm.marketing.tunisie/posts/pfbid0mfwQ72167BTTXngDXkWmJ2wJQebKp9AHgvLEhZgZXn324Xqtz67y2uzCGrTqdnUcl,,fr,promotion,Transformation digitale,"Création de sites web, marketing digital, gestion des réseaux sociaux",Attirer de nouveaux clients,"#TransformationDigitale, #SolutionsNumériques, #PrésenceEnLigne, #ACMMarketing, #DéveloppementWeb, #StratégieMarketing, #GestionRéseauxSociaux, #SolutionNumérique, #DigitalMarketing, #BesoinsDigital",positive
ACM Marketing Tunisie,facebook,"💻💨 Tout ce dont vous avez besoin, c'est d'un coup de pouce digital ! Chez ACM Marketing, nous sommes là pour propulser votre présence en ligne vers de nouveaux sommets. Prêts à faire décoller votre entreprise ? Contactez-nous dès aujourd'hui ! 🚀✨ 

📞 73 367 402
💻 www.acm-marketing.tn
✉️ contact@acm-marketing.com
📌 Avenue yasser arafet sahloul, Sousse, Tunisia

#acmmarketing #acmmarketing #DigitalPush #SuccèsNumérique #Créativité #InnovationDigitale #RéussiteEnLigne #Design #Visibilité #CroissanceDesAffaires #CréationDeSiteWeb #SiteWeb #PrésenceEnLigne #marketing #marketingtips #marketingtips #marketingagency #marketingonline #marketingdigital #marketingdigital #marketingstrategy #marketingstrategy #marketingstrategies #MarketingSuccess #marketingstrategies #marketingdigitalbrasil #digital #digital #digitalart #digitalartist",1,0,0,2024-02-17T14:26:02.000Z,https://www.facebook.com/acm.marketing.tunisie/posts/pfbid02hMJQXudFugzzmmB11web8c6QkW9Msaon3fT2WZA5U2xCVrDZb4LUon678kAfWx4cl,,fr,promotion,marketing digital,digital marketing services,encourager les entreprises à contacter pour améliorer leur présence en ligne,"#acmmarketing, #acmmarketing, #DigitalPush, #SuccèsNumérique, #Créativité, #InnovationDigitale, #RéussiteEnLigne, #Design, #Visibilité, #CroissanceDesAffaires, #CréationDeSiteWeb, #SiteWeb, #PrésenceEnLigne, #marketing, #marketingtips, #marketingtips, #marketingagency, #marketingonline, #marketingdigital, #marketingdigital, #marketingstrategy, #marketingstrategy, #marketingstrategies, #MarketingSuccess, #marketingstrategies, #marketingdigitalbrasil, #digital, #digital, #digitalart, #digitalartist",positive
ACM Marketing Tunisie,facebook,"🏆 ACM Marketing : la référence en marketing digital à Sousse ! 💼💡 

🚀🌟 Avec notre expertise et notre créativité, nous sommes prêts à propulser votre entreprise vers de nouveaux sommets en ligne. Faites confiance à notre équipe pour des résultats exceptionnels !  🏆

📞 73 367 402
💻 www.acm-marketing.tn
✉️ contact@acm-marketing.com
📌 Avenue yasser arafet sahloul, Sousse, Tunisia

#acmmarketing #MeilleureAgence #Sousse #DigitalHeroes #PartenariatsStratégiques #Visibilité #CroissanceDesAffaires #CréationDeSiteWeb #SiteWeb #PrésenceEnLigne #marketing #marketingtips #marketingtips #marketingagency #marketingonline #marketingdigital #marketingdigital #marketingstrategy #marketingstrategy #marketingstrategies #MarketingSuccess #marketingstrategies #marketingdigitalbrasil #digital #digital #digitalart #digitalartist",16,0,2,2024-01-29T13:34:13.000Z,https://www.facebook.com/acm.marketing.tunisie/posts/pfbid0eQPSUij2buf5uns4Bn6uC1UGqP1cJaUZfLbw9fv7k4KUzAB8GKUR2CUToBZEZiZul,,fr,promotion,marketing digital,"marketing digital, création de site web","attirer de nouveaux clients, promouvoir l'agence","#acmmarketing, #MeilleureAgence, #Sousse, #DigitalHeroes, #PartenariatsStratégiques, #Visibilité, #CroissanceDesAffaires, #CréationDeSiteWeb, #SiteWeb, #PrésenceEnLigne, #marketing, #marketingtips, #marketingtips, #marketingagency, #marketingonline, #marketingdigital, #marketingdigital, #marketingstrategy, #marketingstrategy, #marketingstrategies, #MarketingSuccess, #marketingstrategies, #marketingdigitalbrasil, #digital, #digital, #digitalart, #digitalartist",positive
Ija Taw,facebook,"📣 Formation en ligne : Sponsoring Meta (Facebook & Instagram)
🚀 Apprenez à faire de la publicité qui vend !

Vous êtes entrepreneur, créateur de contenu, freelance ou simplement passionné par le digital ? Cette formation est faite pour vous !

👉 Ce que vous allez apprendre :
▪️Créer une campagne sponsorisée efficace
▪️Comprendre le Business Manager et les audiences
▪️Techniques avancées de ciblage
▪️Conseils pratiques pour booster vos ventes
▪️Comment obtenir une carte bancaire en devise pour sponsoriser

🎓 Pour qui ?
▪️Débutants & pros du digital
▪️Petites entreprises
▪️Ceux qui veulent gérer leur pub eux-mêmes

📍 Formation 100% en ligne | Durée : 24h (6 séances – weekends)
💸 Prix prévente : 79 DT (au lieu de 99 DT)
📲 Inscription sur WhatsApp : 99 70 90 52
📍 En collaboration avec Ija Taw Coworky Espace Coworking

🎁 Bonus : Accès au groupe privé WhatsApp pour questions & échanges !
⚠️ Places limitées – ne ratez pas cette opportunité !

#SponsoringMeta #PublicitéFacebook #FormationTunisie #IjaTawCoworky",19,0,6,2025-04-20T11:02:46.000Z,https://www.facebook.com/ijatawcoworky/posts/pfbid02SrGp7vmkh9k711jzYLHmve3iorAZv4fYNrXJ52g6KnT4kb8PQF97cLRKvBgpp6wtl,,fr,formation,marketing digital,formation en ligne Sponsoring Meta (Facebook & Instagram),apprendre à créer des campagnes sponsorisées efficaces et augmenter les ventes,"#SponsoringMeta, #PublicitéFacebook, #FormationTunisie, #IjaTawCoworky",positif
Ija Taw,facebook,"💥 دورة تدريبية في الSponsoring على فيسبوك وإنستغرام! 💥

هل أنت صاحب مشروع وتريد زيادة عدد المتابعين لصفحتك؟ 🚀 هل لديك منتج أو خدمة وتود الترويج لها عبر الإعلانات الممولة؟ 📈

🔥 تعرف كيف تقوم بحملات إعلانية فعّالة بنفسك و تفهم كل التفاصيل!

🔹 ماذا ستحصل من الدورة؟

تعلم كيفية إعداد حملات إعلانية مموّلة على فيسبوك و إنستغرام.
إستراتيجيات متقدمة لكتابة نصوص إعلانات جذابة تزيد من المبيعات.
فهم عميق لأدوات تحليلات الإعلانات لتحسين الأداء.
طرق فعّالة لحماية حساباتك الإعلانية من الحظر.
🎓 الدورة شاملة، مع تسجيل يدوم مدى الحياة ! 
 💡سعر العرض: 119 TND بدلاً من 319 TND! 
⏳ العرض ساري حتى 31/12/2024، لا تفوت الفرصة!

🌟 قم بتعلم كل شيء من الألف إلى الياء وكن خبيراً في الإعلانات الممولة مع هذه الدورة المميزة!

#FormationEnLigne #FacebookAds #Sponsoring #ApprendreFacilement #Promotion",0,0,1,2024-12-25T15:55:54.000Z,https://www.facebook.com/ijatawcoworky/posts/pfbid02A6jv8EHmkwZnpJwkgy7XTBMj7cdYmUCnCzVxA31112NgADp8f47nHPeUbAkqeAk3l,,ar,promotion,social media advertising,online training,increase engagement and sales through paid ads,"#FormationEnLigne, #FacebookAds, #Sponsoring, #ApprendreFacilement, #Promotion",positive
Ija Taw,facebook,"⚠️⚠️Bureau privé disponible ‼️
Pour un max de productivité ou pour vos rendez-vous VIP un bureau de 25m² entièrement équipé; chaise PDG, armoire + caisson à clé, connexion internet haut débit, climatisation...
Le tout dans un espace agréable et convivial avec en supplément du café et du thé à volonté  ☕️ 
N'hésitez pas à nous contacter pour plus d'informations ; 
📞Par whatsapp uniquement au +216 99 709 052
📧Par email :
ijataw.coworky@gmail.com

#coworking #coworkingspace #espacedecoworking #espacedetravail #évènement",7,6,7,2024-12-17T09:46:49.000Z,https://www.facebook.com/ijatawcoworky/posts/pfbid02Z4EHqvNvbjyGhSMTrZbjWjn93mYQfRRL3YqBfooL2myuno8A74p8wdd7LGtQiKfol,,fr,publicité,coworking,bureau privé,attirer des clients pour louer un bureau,"#coworking, #coworkingspace, #espacedecoworking, #espacedetravail, #évènement",positif
24-7 Digital Design,facebook,"✨ Toute l'équipe de 24-7 Digital Design vous souhaite une excellente année 2025 ! ✨

Que cette nouvelle année soit remplie de réussite, de bonheur et de sérénité.
Merci pour votre confiance tout au long de l'année passée. Nous sommes impatients de continuer à vous accompagner dans vos projets en 2025. 

Bonne Année 2025 et Meilleurs Vœux à tous ! 🎉",0,0,0,2024-12-31T20:54:25.000Z,https://www.facebook.com/24.7.digital.design.tunisie/posts/pfbid02ZsBzT4v1oNzRPS8VAMVwBEzeLJMuJEdngUe1fSeZw6EhpVCgV8iTckBynp6BGLozl,,fr,Message de vœux,Bonne année,Digital Design,Renforcer la relation client,,positif
24-7 Digital Design,facebook,"⭐️⭐️ Notre réalisation ⭐️⭐️ :
Roll up pour notre client 🎖 TRE POWER 🎖
Veuillez consulter nos projets réalisés sur notre site web:
🌐 www.24-7digital.com.tn

24-7 Digital Design est votre meilleur partenaire pour réaliser votre:
✅ Site Web.
✅ Application Web & Mobile
✅ Branding , logo et Charte graphique.
✅ Conception de vos supports de communication.
✅ Gestion de vos réseaux sociaux.
✅ Modélisation 3D et rendu réaliste de vos produits.
✅ Packaging design.

Pour toute étude personnalisée, veuillez contacter nos experts au :
Mobile + whatsapp : +216 96 357 457
Facebook : www.facebook.com/24.7.digital.design.tunisie
instagram : www.instagram.com/247digitaldesign/
Linkedin : www.linkedin.com/company/11547031/

#Webdesign #siteweb #logo #chartegraphique #graphicdesign #smo #conception3d #packaging #branding #sitevitrine #ecommerce Voir moins",1,0,1,2024-09-23T09:00:24.000Z,https://www.facebook.com/24.7.digital.design.tunisie/posts/pfbid0Kw9RyzAp4fkdYdp1CVbQP642oZcRergJkBP1Hmg9KeJ4VfUCY67VqEqNYCUZBJv7l,,fr,promotion,promotion de services de design digital,Roll up,promouvoir les services de l'agence et attirer de nouveaux clients,"#Webdesign, #siteweb, #logo, #chartegraphique, #graphicdesign, #smo, #conception3d, #packaging, #branding, #sitevitrine, #ecommerce",positif
24-7 Digital Design,facebook,"⭐️⭐️ Notre réalisation ⭐️⭐️ :
Carte de visite pour notre client 🎖 ORTHO-Services 🎖
Veuillez consulter nos projets réalisés sur notre site web:
🌐 www.24-7digital.com.tn
24-7 Digital Design est votre meilleur partenaire pour réaliser votre:
✅ Site Web.
✅ Application Web & Mobile
✅ Branding , logo et Charte graphique.
✅ Conception de vos supports de communication.
✅ Gestion de vos réseaux sociaux.
✅ Modélisation 3D et rendu réaliste de vos produits.
✅ Packaging design.
Pour toute étude personnalisée, veuillez contacter nos experts au :
Mobile + whatsapp : +216 96 357 457
Facebook : www.facebook.com/24.7.digital.design.tunisie
instagram : www.instagram.com/247digitaldesign/
Linkedin : www.linkedin.com/company/11547031/
#Webdesign #siteweb #logo #chartegraphique #graphicdesign #smo #conception3d #packaging #branding #sitevitrine #ecommerce Voir moin",0,0,0,2024-09-21T09:00:30.000Z,https://www.facebook.com/24.7.digital.design.tunisie/posts/pfbid0B8on8vHynvHvikBRSkhWyox6yvfBP2AQpwqXnMDHRroMepRiKUbmaE9MK5mDVpoMl,,fr,promotion,carte de visite / branding,Carte de visite,promouvoir les services de l'agence et générer des leads,"#Webdesign, #siteweb, #logo, #chartegraphique, #graphicdesign, #smo, #conception3d, #packaging, #branding, #sitevitrine, #ecommerce",positive
BM Company,facebook,"🎯 L’erreur n°1 que font 80 % des entreprises ?
👉 Elles pensent qu’avoir un site web suffit.

Elles le lancent... puis le laissent dormir.

❌ Pas de stratégie de visibilité
❌ Pas de référencement
❌ Aucun suivi des performances

📉 Résultat :
– Leur site est invisible sur Google
– Il ne génère aucun client
– Il devient un simple décor… au lieu d’un levier de croissance

💡 Un site web n’est pas une formalité.

C’est un outil stratégique pour attirer, convaincre et vendre.
Chez BM Company, nous créons des sites qui travaillent pour vous :

✔️ Design 100 % sur-mesure
✔️ SEO performant
✔️ Accompagnement et optimisation continue

🚀 Vous voulez un site qui génère des résultats ?

📩 Contactez-nous pour en parler.
📞 +1 438-795-1418 | +216 58 651 200
📧 marketing@bm-company.com
🌐 bm-company.com
📅 https://buff.ly/YdxDnpY 
#SiteWeb #MarketingDigital #SEO #StratégieDigitale #BMCompany #Entreprises #RéférencementNaturel #VisibilitéEnLigne #CroissanceDigitale",1,0,0,2025-07-11T15:02:43.000Z,https://www.facebook.com/permalink.php?story_fbid=pfbid02oqy1puhwrQXiuVHadyotViP9rSGEpDZqM8f4BFLZXmPGUqPyUBydYJJjp8d3AoaNl&id=61551041978944,,fr,post,"site web, visibilité, SEO","création de sites web, SEO, accompagnement",promouvoir les services de création de sites web et attirer des clients,"#SiteWeb, #MarketingDigital, #SEO, #StratégieDigitale, #BMCompany, #Entreprises, #RéférencementNaturel, #VisibilitéEnLigne, #CroissanceDigitale",positive
BM Company,facebook,"🔍 SEO en 2025 : ce qui marche vraiment

Le référencement naturel n’est pas mort.
Mais il a clairement évolué.

❌ Ce qui ne fonctionne plus :
– 🔑 Répéter les mots-clés
– 📄 Créer des pages sans valeur ajoutée
– 🔗 Acheter des backlinks douteux
– 🚀 Négliger la vitesse du site ou la version mobile

✅ Ce qui fonctionne réellement en 2025 :
– 📝 Un contenu utile, structuré et approfondi
– 🎯 Une bonne compréhension de l’intention de recherche
– ⚡ Un site rapide, optimisé et bien organisé
– 🔄 Une stratégie de maillage interne cohérente
– 📍 L’optimisation locale et l’utilisation de données structurées

🤖 Google devient de plus en plus intelligent.
Il privilégie les sites qui offrent de vraies réponses, avec une vraie valeur.

🚀 Vous voulez que votre site soit bien positionné et qu’il attire du trafic qualifié ?
Chez BM Company, nous vous aidons à mettre en place une stratégie SEO efficace, durable et orientée résultats.

📩 Contactez-nous et améliorons ensemble votre visibilité sur Google.
📞 +1 438-795-1418 | +216 58 651 200
📧 marketing@bm-company.com
🌐 bm-company.com
📅 https://buff.ly/YdxDnpY 
#SEO2025 #ReferencementNaturel #MarketingDigital #BMCompany #StratégieSEO #ContentMarketing #VisibilitéWeb #GoogleSearch",1,0,0,2025-07-10T17:00:42.000Z,https://www.facebook.com/permalink.php?story_fbid=pfbid02z2MbqJAUnGRdcERcYTa3QcB1JvyrC8qPg6FoH3sPiNMdjsnjuTkvi4LQ1QfpqjnLl&id=61551041978944,,fr,post,SEO et référencement naturel,Stratégie SEO,Améliorer le positionnement et attirer du trafic qualifié,"#SEO2025, #ReferencementNaturel, #MarketingDigital, #BMCompany, #StratégieSEO, #ContentMarketing, #VisibilitéWeb, #GoogleSearch",positive
BM Company,facebook,"🌍 Chez BM Company, nous accompagnons des clients au Québec, en Europe et en Tunisie.

💻 Nous concevons des sites web performants et aidons les PME à renforcer leur visibilité et à obtenir des résultats tangibles sur le web, quel que soit leur pays d’activité.

🚀 Découvrez une expérience de croissance marketing innovante avec BM Company, votre partenaire de confiance pour un développement digital durable.

Vous souhaitez collaborer avec une équipe rigoureuse et expérimentée ? Parlons-en.
📞 +1 438-795-1418 | +216 58 651 200
📧 marketing@bm-company.com
🌐 bm-company.com
📅 https://buff.ly/YdxDnpY
#CroissanceDigitale #MarketingDigital #PMETunisiennes #WebPerformance #BMCompany #VisibilitéEnLigne #DéveloppementDurable",0,0,0,2025-07-04T14:03:13.000Z,https://www.facebook.com/permalink.php?story_fbid=pfbid02d18mdwweJPYGUn3gnDTGBRWWgdxMmocY3dreXjSNgKnYdqgCniJ9vy6P9abrhAQVl&id=61551041978944,,fr,promotionnel,développement digital,"conception de sites web, marketing digital, visibilité en ligne",attirer de nouveaux clients et promouvoir les services de BM Company,"#CroissanceDigitale, #MarketingDigital, #PMETunisiennes, #WebPerformance, #BMCompany, #VisibilitéEnLigne, #DéveloppementDurable",positif
iBrand Tunisia,facebook,نتمنّى لكم و لجميع الأمّة الإسلاميّة عيد أضحى مبارك ✨🐑,2,0,0,2024-06-15T19:00:05.000Z,https://www.facebook.com/ibrandtunisiaofficiel/posts/pfbid035f1BEiDVNizaU2vmnuLCeWCnGFiwkS88aFNiyxGMMVGHdqjpeos6Tz2nCTTeVmcFl,,ar,greeting,Eid al-Adha,,community engagement,,positive
iBrand Tunisia,facebook,انشالله عيدكم مبروك 🌙🌹 تقبل الله منا ومنكم صالح الأعمال 😇 كل عام وانتم بالف خير ✨,2,0,1,2024-04-09T18:30:57.000Z,https://www.facebook.com/reel/279243735235225/,,Arabic,greeting,Eid,,engagement,,positive
Ufuk connect,facebook,"✨💍 New Project – Versailles
A complete identity for a wedding & event venue:
📌 Sophisticated logo & branding.
📌 Business cards, flyers & letterhead designed with elegance.
📌 A modern website that reflects the venue’s charm.

🎯 From concept to creation, Ufuk delivered everything a new brand needs to shine                                        🌐  Ufuk Connect! 🌐
""Connecting Your World"" – That’s our promise!
-----
Tel : ‪(+216 52 056 778‬)
Email : contact@ufuk.tn
Web site : www.ufuk.tn
Adresse : Sousse Medina 4000
LinkedIn  :https://www.linkedin.com/company/ufuk-connect
Instagram :https://www.instagram.com/ufukconnect/
Youtube:https://www.youtube.com/@UfukConnect  
 Ufuk Connect",2,0,1,2025-09-24T10:38:32.000Z,https://www.facebook.com/ufuk.connect/posts/pfbid0LfC4vn6weVPWt3qckhndYZXHMn2STiy9Dbsot9SeHinXRZLFxZaYoCba6roh71A2l,,fr,promotionnel,marriage & événement,design d'identité visuelle et création de site web,promouvoir les services de branding et attirer de nouveaux clients,,positive
Ufuk connect,facebook,"🎬 Iron Welding – Logo in Motion!
📌 Dynamic video bringing the logo to life.
📌 Showcasing our skills in branding & motion design.
📌 Professional and eye-catching for industrial projects.
💡 Check out our latest work with Iron Company                                                                                                          
-----
🌐  Ufuk Connect! 🌐
""Connecting Your World"" – That’s our promise!
-----
Tel : ‪(+216 52 056 778‬)
Email : contact@ufuk.tn
Web site : www.ufuk.tn
Adresse : Sousse Medina 4000
LinkedIn  :https://www.linkedin.com/company/ufuk-connect
Instagram :https://www.instagram.com/ufukconnect/
Youtube:https://www.youtube.com/@UfukConnect  
 Ufuk Connect",0,0,0,2025-09-23T12:37:17.000Z,https://www.facebook.com/reel/2018836682199290/,,français,vidéo,branding et motion design,motion design,promouvoir le service de motion design et attirer des clients industriels,,positif
Ufuk connect,facebook,"🛠 New Business Card! –  Iron Welding 
📌 Professional design showcasing Iron Welding identity.
📌 Clear, bold, and crafted to leave an impression.
-----
💡 Check out our latest work with Iron Company                                                                                                          🌐  Ufuk Connect! 🌐
""Connecting Your World"" – That’s our promise!
-----
Tel : ‪(+216 52 056 778‬)
Email : contact@ufuk.tn
Web site : www.ufuk.tn
Adresse : Sousse Medina 4000
LinkedIn  :https://www.linkedin.com/company/ufuk-connect
Instagram :https://www.instagram.com/ufukconnect/
Youtube:https://www.youtube.com/@UfukConnect  
 Ufuk Connect",1,0,1,2025-09-23T12:24:09.000Z,https://www.facebook.com/ufuk.connect/posts/pfbid0ERbaTkB9p8wentNiwy68enpk7FUsC1a32QYWLBm7j2ph7q1c6PYa5ZFSHXtyu2fYl,,fr,promotion,business card design,design graphique / identité visuelle,promouvoir le service de création de cartes de visite et attirer de nouveaux clients,,positive
MSIT DIGITAL,facebook,"عام هجري سعيد وكل عام وأنتم بخير. ✨🌙

#NouvelAnHegirien #AnneeHegirienne",2,0,0,2026-06-16T07:00:02.000Z,https://www.facebook.com/msit.digital/posts/pfbid025hBvMzD9NezUav5hdLdkR7gLUHia4dgeb88gHunBGTFmLnu3etezEf6o39RKz4mil,,ar,salutation,Nouvel An Hegirien,,engagement,"#NouvelAnHegirien, #AnneeHegirienne",positif
MSIT DIGITAL,facebook,"On mange d'abord avec les yeux. 🍽️✨

Pour le restaurant Le Bonheur, MSIT Digital a créé un branding complet taillé pour marquer les esprits :

✨ Logo unique
📖 Menu stratégique
📇 Carte de visite premium

Le design n'est pas un détail, c'est un levier de croissance. 📈

👉 Défilez pour voir le résultat ! Contactez-nous en DM. 🚀

#MSITDigital #Branding #Design #RestaurantMarketing #Logo",1,0,0,2026-06-11T13:55:19.000Z,https://www.facebook.com/msit.digital/posts/pfbid0QHrjnxdJK6wdc3Mf1sLpkk8g6J4JVEMVCVKW8vCXiQVTdNJ55uhCrXUn8TT7aBzTl,,fr,promotion,branding restaurant,"branding complet (logo, menu, carte de visite)",promouvoir le service de branding pour restaurants,"#MSITDigital, #Branding, #Design, #RestaurantMarketing, #Logo",positif
MSIT DIGITAL,facebook,"Une marque forte attire, inspire et reste en mémoire.

Nous transformons vos idées en une identité visuelle stratégique et cohérente. 🎯

📩 Donnez de la valeur à votre image.

#Branding #IdentiteVisuelle #GraphicDesign #Communication #StrategieDeMarque #msitdigital",2,0,0,2026-06-03T09:00:07.000Z,https://www.facebook.com/msit.digital/posts/pfbid0HNWaYvLSiSMdGtYSoNxXq3TZMdhBeuLz8ew3dnEYEzbnLWPTq8Vtg7UjswFQumLKl,,français,promotionnel,branding,identité visuelle,promouvoir les services de branding et attirer de nouveaux clients,"#Branding, #IdentiteVisuelle, #GraphicDesign, #Communication, #StrategieDeMarque, #msitdigital",positif
Web Media Tunisie,facebook,comment attirer des prospects qualifiés sur Internet ?,3,0,0,2026-04-28T15:42:30.000Z,https://www.facebook.com/webmediainternational/posts/pfbid0nWY8tSVu5A57WcCajnuT1jYUC2NFtw6VV2no6KqfHu8DmEgWNxBEe7hNjEwL7dAbl,,français,question,lead generation,consulting,engagement,,neutral
Web Media Tunisie,facebook,"كل بروجي عندو ديستيناسيون...و ديستيناسيون متاعك أحنا 📍 𝐖𝐞𝐛 𝐌𝐞𝐝𝐢𝐚 𝐈𝐧𝐭𝐞𝐫𝐧𝐚𝐭𝐢𝐨𝐧𝐚𝐥 عنا لي ستحقو البزينس متاعك باش تنجم تربح في الديجيتال 
✅ 𝐒𝐢𝐭𝐞 𝐰𝐞𝐛 
✅ 𝐌𝐚𝐫𝐤𝐞𝐭𝐢𝐧𝐠 𝐝𝐢𝐠𝐢𝐭𝐚𝐥
✅𝐒𝐄𝐎 
✅𝐃𝐞𝐬𝐢𝐠𝐧 𝐠𝐫𝐚𝐩𝐡𝐢𝐪𝐮𝐞
خطوة بخطوة نتبعوك باش بروجي متاعك ينجح و تلقى نتيحة لي حاشتك بيها
 
 👉 ملا كنتكتينا توا و اطلب 𝐝𝐞𝐯𝐢𝐬 𝐠𝐫𝐚𝐭𝐮𝐢𝐭  
📩 : commercial@webmediatunisie.com
📞 : (+216) 29 595 564",7,0,0,2026-04-27T14:48:21.000Z,https://www.facebook.com/reel/1464421292048628/,,ar,promotion,digital marketing,"['Site web', 'Marketing digital', 'SEO', 'Design graphique']",lead generation,,positive
Web Media Tunisie,facebook,"Dans un monde digital en constante évolution une bonne stratégie fait toujours la différence.
Chez Web Media-International nous transformons votre présence digitale en véritable levier de croissance 
✅ 𝐒𝐭𝐫𝐚𝐭𝐞́𝐠𝐢𝐞 𝐝𝐢𝐠𝐢𝐭𝐚𝐥𝐞 𝐬𝐮𝐫-𝐦𝐞𝐬𝐮𝐫𝐞
✅ 𝐂𝐨𝐧𝐭𝐞𝐧𝐮𝐬 𝐜𝐫𝐞́𝐚𝐭𝐢𝐟𝐬 𝐞𝐭 𝐩𝐞𝐫𝐟𝐨𝐫𝐦𝐚𝐧𝐭𝐬
✅ 𝐂𝐚𝐦𝐩𝐚𝐠𝐧𝐞𝐬 𝐜𝐢𝐛𝐥𝐞́𝐞𝐬 𝐚̀ 𝐟𝐨𝐫𝐭 𝐑𝐎𝐈
✅ 𝐀𝐜𝐜𝐨𝐦𝐩𝐚𝐠𝐧𝐞𝐦𝐞𝐧𝐭 𝟑𝟔𝟎°
💡 Votre succès digital commence par une décision
𝐏𝐫𝐞𝐧𝐞𝐳-𝐥𝐚 𝐚𝐮𝐣𝐨𝐮𝐫𝐝'𝐡𝐮𝐢 
📩 : commercial@webmediatunisie.com
📞 : (+216) 25 4 72 5 25 /+216 29 888 079     

#stratégiedigitale #MarketingDigital #perfomance #croissance #webmediainternational",7,0,1,2026-04-24T15:20:01.000Z,https://www.facebook.com/webmediainternational/posts/pfbid02gCTrpe65uZZEBwHTg7aaXmiXDGgEgyxq8MDCjWeYJC7GeJLJANcijcKqy47D1yQtl,,fr,promotion,digital strategy & growth,"digital strategy, content creation, performance campaigns, ROI","promote services, generate leads, encourage contact","#stratégiedigitale, #MarketingDigital, #perfomance, #croissance, #webmediainternational",positive
Digiheurica Consulting,facebook,"🚀 Boostez votre visibilité sur Google avec Digiheurica ! 

Votre site web mérite d’être vu par les bonnes personnes au bon moment. Grâce à notre expertise en SEO (Référencement Naturel), nous vous aidons à améliorer votre positionnement sur Google, attirer un trafic qualifié et transformer vos visiteurs en clients.

✅ Audit SEO complet
✅ Recherche et optimisation des mots-clés
✅ Optimisation On-Page et du contenu
✅ SEO Local
✅ Netlinking stratégique
✅ Suivi et amélioration continue des performances

📈 Augmentez votre visibilité, générez plus de prospects et développez votre activité avec une stratégie SEO adaptée à vos objectifs.

📞 Contactez-nous dès aujourd’hui pour bénéficier de votre audit SEO gratuit !

📧 digiheurica.consulting@outlook.com
📱 +216 29 282 645

#SEO #RéférencementNaturel #GoogleSEO #MarketingDigital #Digiheurica",3,2,0,2026-06-19T19:32:26.000Z,https://www.facebook.com/permalink.php?story_fbid=pfbid0f9k8tQzf1CRGmP8yXCwNsLbMpqogz6L1RtdaDJkhTDoosuMUbHkgwXbryxqihFtfl&id=61571397397574,,français,promotion,SEO,Audit SEO et optimisation,"Améliorer le positionnement Google, attirer trafic qualifié, convertir visiteurs en clients, augmenter visibilité, générer prospects","#SEO, #RéférencementNaturel, #GoogleSEO, #MarketingDigital, #Digiheurica",positif
Digiheurica Consulting,facebook,"📱✨ Chaque grande idée mérite une grande application !

Vous avez une idée innovante ? Nous la transformons en une application mobile performante, intuitive et adaptée à vos besoins.

Chez Digiheurica Consulting, nous concevons et développons des applications mobiles sur mesure pour accompagner les entreprises dans leur transformation digitale :

✅ Applications Android & iOS
✅ Design UX/UI moderne et intuitif
✅ Développement personnalisé
✅ Solutions adaptées à votre activité
✅ Performance, sécurité et évolutivité

Que vous soyez une startup, une PME ou une grande entreprise, notre équipe vous accompagne de la conception jusqu'au lancement de votre projet.

🚀 Donnez vie à vos idées et offrez à vos clients une expérience digitale exceptionnelle.

📞 29 282 645
📧 digiheurica.consulting@outlook.com

#mobileapps   #appdevelopment   #uxuidesign   #digitalinnovation   #TechStartup",7,0,1,2026-06-19T07:30:06.000Z,https://www.facebook.com/permalink.php?story_fbid=pfbid0J67uQ8taRU9fjbk8dT5SpviiQaZTxgLXhswuhkM78wWRYGrnKzKvdAR2gfTSw1cCl&id=61571397397574,,fr,promotion,développement d'applications mobiles,conception et développement d'applications mobiles sur mesure,promouvoir les services de développement d'applications mobiles et attirer de nouveaux clients,"#mobileapps, #appdevelopment, #uxuidesign, #digitalinnovation, #TechStartup",positif
Digiheurica Consulting,facebook,"🚀 Vos réseaux sociaux vous donnent du fil à retordre ? Nous avons la solution !

Gérer une présence efficace sur les réseaux sociaux demande du temps, de la stratégie et une expertise adaptée. Sans accompagnement, les résultats peuvent être décevants : faible engagement, publications irrégulières et manque de visibilité.

Avec Digiheurica Consulting, transformez vos réseaux sociaux en un véritable levier de croissance :

✅ Stratégie de contenu adaptée à votre activité
✅ Publications professionnelles et engageantes
✅ Image de marque cohérente et attractive
✅ Augmentation de votre visibilité et de votre communauté
✅ Suivi des performances et optimisation continue

📈 Plus d'engagement.
📈 Plus de visibilité.
📈 Plus de clients.
📈 Plus de résultats.

Confiez la gestion de vos réseaux sociaux à des professionnels et concentrez-vous sur le développement de votre activité.

📞 29 282 645
📧 digiheurica.consulting@outlook.com

#DigiheuricaConsulting #SocialMediaManagement #CommunityManagement #MarketingDigital #DigitalMarketing",2,1,0,2026-06-18T16:38:43.000Z,https://www.facebook.com/permalink.php?story_fbid=pfbid034ukpDDhduEes3ciB4yvjq9Hnn8aZ53U6hnWgTviQM1wm3ZEVzFRoCHSCxnwu83JBl&id=61571397397574,,fr,promotion,Gestion des réseaux sociaux,Gestion des réseaux sociaux,Acquérir de nouveaux clients,"#DigiheuricaConsulting, #SocialMediaManagement, #CommunityManagement, #MarketingDigital, #DigitalMarketing",positive
5 Sens Advertising,facebook,"5 Sens Advertising تتمنالكم رمضان مبروك 🌙✨
ان شاء الله كل عام وأنتوما حيين بألف خير💖

#Ramadan #ramadan2026",9,1,0,2026-02-18T07:36:10.000Z,https://www.facebook.com/5sensadvertising/posts/pfbid02WC1fDTfwcyXsmnfjo7XewGfgwpDSuw4tDvSTS437n17XfJMwNcZymhBoTEbVkvQil,,Arabic,message de vœux,Ramadan,publicité,renforcer la relation client,"Ramadan, ramadan2026",positif
5 Sens Advertising,facebook,"📢 5 Sens Advertising recrute : 
Assistante Administrative et Financière
📍 Poste basé à Kantaoui – Sousse

Dans le cadre du renforcement de notre équipe, 5 Sens Advertising recherche une Assistante Administrative et Financière rigoureuse et polyvalente pour accompagner la direction dans la gestion administrative et financière de l’agence.

🔎 Vos missions

Assister la direction dans la gestion quotidienne des tâches administratives.

Gérer les dossiers clients et fournisseurs (devis, bons de commande, négociation).

Établir et assurer le suivi des factures clients.

Assurer le suivi des paiements et des recouvrements.

Gérer les comptes fournisseurs et préparer les règlements.

Suivre les encaissements et les décaissements.

Participer au suivi de la trésorerie.

Préparer les documents comptables mensuels.

Garantir la confidentialité des informations sensibles.

🎓 Profil recherché

Mastère en gestion ou équivalent.

Excellente maîtrise du français (écrit et oral).

Expérience en gestion administrative et financière souhaitée.

Bonne maîtrise des outils bureautiques (Microsoft Office, Excel).

Forte capacité de négociation avec les fournisseurs et prestataires.

Rigueur, sens de l’organisation et capacité à gérer les priorités.

📩 Envoyez votre CV à : contact@5sens.tn

#hiring #recrutement #5sensadvertising",6,0,1,2026-02-11T11:02:59.000Z,https://www.facebook.com/5sensadvertising/posts/pfbid02C4RodCyABvnJMZkqpmqdZD9dFRBBGryLXxC2BbRGT3sVCJAPzhnQFeKjPUumKeUyl,,fr,offre d'emploi,emploi,recrutement,attirer des candidats,"#hiring, #recrutement, #5sensadvertising",positive
5 Sens Advertising,facebook,"5 Sens Advertising recrute un(e) Motion Designer / Monteur Vidéo passionné(e) par l’image, le mouvement et le storytelling visuel.
📍 Poste basé à Sousse – Kantaoui
🎬 Vos missions
- Concevoir et réaliser des animations en motion design
- Monter des vidéos créatives et dynamiques pour les réseaux sociaux, la publicité et les supports institutionnels
- Assurer le montage vidéo, le sound design et l’habillage graphique
- Collaborer étroitement avec l’équipe créative pour transformer les concepts en contenus visuels impactants

Compétences requises : 

- Excellente maîtrise de Adobe After Effects

- Très bonne maîtrise de Adobe Premiere Pro

👤 Profil recherché

- Minimum 2 ans d’expérience en motion design et montage vidéo

- Créatif(ve), autonome et force de proposition

- Capacité à gérer plusieurs projets et à respecter les deadlines

📩 Candidature

Portfolio & CV obligatoires
📧 Envoyez votre candidature à : contact@5sens.tn

#hiring #recrutement #5sensadvertising",0,0,0,2026-02-09T14:22:24.000Z,https://www.facebook.com/5sensadvertising/posts/pfbid0kuP5MZi9B1Dv3fMXwoUZ4Q5mUMqwSbyqgsyfHTYxAyptwA1TrZE5jGgRkBosaxHdl,,fr,offre d'emploi,recrutement,motion design & montage vidéo,recruter un(e) Motion Designer,"#hiring, #recrutement, #5sensadvertising",neutre
MUSE Agency,facebook,"✨ Reconnaissance & Gratitude ✨

C’est avec beaucoup d’émotion et de fierté que j’ai reçu le Trophée de la Reconnaissance lors de RamadhanESCOM 🏆

Après 25 années de parcours dans les univers de la communication, de la publicité et du marketing, cette distinction a une valeur toute particulière pour moi. Elle représente bien plus qu’un trophée : c’est une reconnaissance du chemin parcouru, des défis relevés et des collaborations enrichissantes qui ont marqué ces années.

Je tiens à adresser mes sincères remerciements à toute l’équipe de RamadhanESCOM, ainsi qu’à toutes les personnes qui ont cru en moi, accompagné mon parcours et contribué, de près ou de loin, à cette aventure professionnelle 🙏

Ce trophée, je le partage avec vous tous.
Et parce que chaque étape n’est qu’un nouveau départ, je regarde vers l’avenir avec ambition, passion et l’envie de continuer à créer, innover et inspirer 🚀

Le meilleur reste à venir.
#Gratitude #Reconnaissance #Communication #Marketing #Publicité #Leadership #Parcours",2,0,1,2026-04-04T00:08:11.000Z,https://www.facebook.com/reel/762207553490608/,,fr,annonce de prix / remerciement,reconnaissance et gratitude,communication,"renforcer l'image de marque personnelle, inspirer et remercier","Gratitude, Reconnaissance, Communication, Marketing, Publicité, Leadership, Parcours",positif
MUSE Agency,facebook,"Une installation immersive pour Volvo au Mall of Sousse 🚗✨

Design, expérience et émotion au cœur du dispositif, avec une activation Test Drive qui transforme la découverte en vraie expérience.

#Volvo #MallOfSousse #TestDrive #BrandExperience #MuseAgency",0,0,0,2026-04-03T20:53:54.000Z,https://www.facebook.com/reel/829203692873516/,,fr,texte,brand experience,activation Test Drive,promotion de la marque Volvo et création d'expérience immersive,"#Volvo, #MallOfSousse, #TestDrive, #BrandExperience, #MuseAgency",positif
TSA Agence Com,facebook,"Chez TSA, nous croyons que la communication n’est pas uniquement une question d’esthétisme, mais de vision. 
Pour ESTIM Business School, nous avons imaginé une campagne d’inscription 2025/2026 qui parle du futur du business : celui qui bouge, s’adapte, innove. 🚀💡
Un futur où l’IA bouscule les métiers , où la créativité prime sur le conformisme, et où les leaders se réinventent .
Future Business Leader — parce que les dirigeants de demain ne porteront pas forcément des cravates 👔 mais des idées fortes.

#FutureBusinessLeader #ESTIMBusinessSchool #TSA",8,0,0,2025-10-18T14:01:28.000Z,https://www.facebook.com/TSAagencecom/posts/pfbid032beS8LtPs1RFqmn17v9USHi66Kgc37ob3hPSX6bC14KjUZiWzxa12ezyrB7qjGqNl,,fr,promotion,futur du business et leadership,campagne d'inscription,promouvoir les inscriptions à l'ESTIM Business School 2025/2026,"#FutureBusinessLeader, #ESTIMBusinessSchool, #TSA",positif
TSA Agence Com,facebook,"🎬 New project alert!

🚀 TSA Agence Com x FTTH Magazine - الجامعة التونسية للنسيج والملابس
TEX AWARDS 2025 Campaign
TAC O TAC TEX Awards

🎥 In collaboration with our partner  Yōkai Content Studio

Dynamism, authenticity, and real insights :  the spirit of this new production, and the essence of what we create at TSA Agence Com.

👀 Stay tuned for more creative collabs coming soon!
#TEXAwards2025 #TSAAgenceCom #FTTH #Yokai",2,0,0,2025-10-14T18:26:31.000Z,https://www.facebook.com/reel/1295787875202446/,,English,promotion,TEX Awards 2025 Campaign,Digital Marketing / Creative Collaboration,Promote partnership and increase brand awareness,"#TEXAwards2025, #TSAAgenceCom, #FTTH, #Yokai",positive
TSA Agence Com,facebook,"Are you our next creative hero? 🎨 TSA is on the lookout for a CM / Junior PM who can bring ideas to life. 
sanity optional, creativity required! Apply now and join the adventure : 📩 contact@tsaagence.com",826,0,5,2025-08-22T17:00:57.000Z,https://www.facebook.com/TSAagencecom/posts/pfbid02zcDCW88caLMQ3544HVkFrB2c6shbyeSCN3txK1sxEF85wysTPEF7wDzMSEAoD68ul,,English,job posting,talent acquisition,CM / Junior PM,recruitment,,positive
Advery Agency,facebook,"Reality isn’t always filmed.
Sometimes, it’s built.

Most people think CGI is about making things look impressive.
In reality, 3D product visuals are about controlling perception.

When done right, CGI and 3D rendering allow brands to design intentional realism —
from lighting, angles, and textures
to movement and visual storytelling,
all shaping how a product is felt on screen.

For @algovita, the question wasn’t:
“How real can this look?”
It was: “What should this product feel like on screen?”

The result isn’t just a final render.
It’s a reusable 3D visual asset designed for Instagram, ads, websites, and e-commerce, built to support brand performance across platforms.

Huge shoutout to @loqmen_chaieb for turning strategy into pixels, frame by frame.",1,1,0,2026-01-13T10:31:31.000Z,https://www.facebook.com/reel/2344467919333544/,,English,text,CGI and 3D product visualization,3D rendering and visual asset creation,Showcase the impact of CGI on brand perception and promote Algovita’s 3D visual services,,positive
Advery Agency,facebook,"This year has been filled with core memories that shaped who we are, both as an agency and as a team. These moments define us as Advery. 😍

2025 is just a number. Here’s to many more milestones ahead.",3,1,1,2025-12-31T09:30:34.000Z,https://www.facebook.com/reel/816780871406320/,,English,texte,brand identity,,engagement,,positive
Advery Agency,facebook,A shooting day in our agency. The secret sauce is having fun while taking the best shots. 🤭,3,0,0,2025-12-15T16:13:34.000Z,https://www.facebook.com/reel/1194341558771470/,,English,text,behind the scenes,photography,engagement,,positive
E2BUSINESS CONSULTING,facebook,Un autre témoignage de notre formation IA agentqiue pour les entreprises. Durant cette session les participants ont vu comment l’IA les a aidé à gagner du temps et de productivité,4,0,0,2026-05-11T07:44:35.000Z,https://www.facebook.com/reel/1006575745271248/,,fr,témoignage,IA,formation IA,promouvoir la formation IA et démontrer ses bénéfices,"#IA, #FormationIA, #Productivité, #Témoignage",positif
E2BUSINESS CONSULTING,facebook,"Témoignage Formation IA Agentique, merci à toute l’équipe de la société Tunisie Silicone #Claude #anthropic #agentique",4,0,0,2026-05-04T21:01:32.000Z,https://www.facebook.com/reel/2009361879790627/,,fr,témoignage,IA Agentique,Formation IA Agentique,promotion,"Claude, anthropic, agentique",positive
E2BUSINESS CONSULTING,facebook,"𝐓𝐎𝐏 𝟐𝟎 𝐝𝐞𝐬 𝐬𝐢𝐭𝐞𝐬 𝐞-𝐜𝐨𝐦𝐦𝐞𝐫𝐜𝐞𝐬 𝐥𝐞𝐬 𝐩𝐥𝐮𝐬 𝐯𝐢𝐬𝐢𝐭𝐞́𝐬 𝐝𝐮𝐫𝐚𝐧𝐭 𝐥𝐞 𝐦𝐨𝐢𝐬 𝐝𝐞 𝐌𝐚𝐫𝐬 𝟐𝟎𝟐𝟔

Mars 2026 : Le e-commerce tunisien au rythme du Ramadan. Voilà maintenant 8 ans, depuis 2018, que nous scrutons et analysons le marché à travers ce 'Top 20'. Quelles mutations observons-nous dans les chiffres de cette édition spéciale ? Décryptage. 📊""

INSIGHT #1 — Le SEO ( dans le e-commerce) n'est pas mort:
- Mytek.tn : 1 763 000 visites. 65% SEO.
- Tunisianet : 1 356 000 visites. 64% SEO.

Ces deux acteurs cumulent ~3,1M visites/mois. À eux seuls, ils Représentent +28% du trafic total du Top 20.

INSIGHT #2 — Les sites e-commerce du secteur de l'habillement se basent sur les réseaux sociaux pour génèrer du traffic:
- Peaksports.tn : 76% social media → 802K visites. 
- Lamode.tn : 55% social.
- Drest.tn : 54% social 
- Dymes.tn 55,7% social

INSIGHT #3 — L'évolution du trafic direct, synonyme de notoriété :
- Takiacademy.com (#3) : 1 270 000 visites en trafic DIRECT.
- Wamia.tn (#15) aussi : direct à 43%.
Le trafic direct, c'est la mesure ultime de la notoriété de marque. Ces acteurs n'achètent pas leur audience — ils l'ont construite. 

INSIGHT #4 — La domination des solutions Open Source (Magento, PrestaShop, Wordpress) :
Magento 2 (Adobe Commerce) : Utilisé par les leaders comme Mytek, Batam, Wamia, Arkan et Carrefour.
Pourquoi ce choix ? C'est la solution de prédilection pour gérer des catalogues complexes, des intégrations ERP poussées et des montées en charge massives (très utile durant les pics du Ramadan). C'est un stack robuste mais qui demande une expertise technique élevée.
PrestaShop : Très présent chez Tunisianet, Spacenet, La Mode, Pharma-Shop et Decathlon.
Pourquoi ce choix ? C'est le compromis idéal entre flexibilité et performance SEO. En Tunisie, l'écosystème de développeurs PrestaShop est très mature, ce qui explique sa forte pénétration dans le Top 10.
L'émergence du SaaS (YouCan & Shopify)
On voit apparaître de nouveaux acteurs ou des acteurs agiles qui contournent l'hébergement classique :

INSIGHT #5 — Le marché tunisien se verticalise.
Tech, mode, sport, pharma/parapharmacie, formation, grande distribution, bébé...
La généraliste pure est de plus en plus challengée. Les verticaux spécialisés captent mieux leur audience et convertissent davantage 

📊 Méthodologie, données brutes et recommandations sectorielles détaillées dans notre analyse complète :
🔗 https://www.e2b-consulting.com/top-20-des-sites-e-commerce-les-plus-visites-en-tunisie-analyse-exclusive-mars-2026/

Mars 2026
hashtag#Ecommerce hashtag#Tunisie hashtag#SEO hashtag#DigitalMarketing hashtag#StratégieDigitale hashtag#MarketingPerformance hashtag#E2BConsulting hashtag#CRO hashtag#SocialMedia hashtag#MarketTunisien",36,0,20,2026-04-21T20:09:11.000Z,https://www.facebook.com/e2businessconsultingandtraining/posts/pfbid02U8yRPnehYGQS8h8BUXNhJh691RqtU6UJ8vFqvwiGj5gsxtUSDMutjSVyMdvb1RDhl,,fr,article,"e-commerce, SEO, social media, market analysis",consulting,inform and promote consulting services,"Ecommerce, Tunisie, SEO, DigitalMarketing, StratégieDigitale, MarketingPerformance, E2BConsulting, CRO, SocialMedia, MarketTunisien",neutral
Ija Taw,facebook,"#مولد_نبوي_شريف 
أدام الله عليكم نعمته وجعل هذه الذكرى العطرة سبيلًا للطاعات. كل عام وأنتم بخير🕋🌙",0,0,0,2024-09-15T14:39:20.000Z,https://www.facebook.com/ijatawcoworky/posts/pfbid0yXCTXeBvBBWXbqkk6sGxKNJGnnH9aPHoza8XYKQocLoWjr6V4K7jR4k7J5uB3kRDl,,Arabic,Religious/Spiritual,Prophet's Birthday Celebration,,Spread blessings and encourage piety,#مولد_نبوي_شريف,Positive
Ija Taw,facebook,"𝗙𝗼𝗿𝗺𝗮𝘁𝗶𝗼𝗻 𝗲𝗻 𝗠𝗮𝗿𝗸𝗲𝘁𝗶𝗻𝗴 𝗗𝗶𝗴𝗶𝘁𝗮𝗹 : 
Devenez un social media manager qualifié en développant vos connaissances et compétences grâce à notre 𝗳𝗼𝗿𝗺𝗮𝘁𝗶𝗼𝗻 𝗰𝗲𝗿𝘁𝗶𝗳𝗶𝗲́𝗲 et 100% 𝗱𝘂 𝗽𝗿𝗮𝘁𝗶𝗾𝘂𝗲. 🇹🇳
🎖𝗢𝗯𝗷𝗲𝗰𝘁𝗶𝗳𝘀 𝗱𝗲 𝗳𝗼𝗿𝗺𝗮𝘁𝗶𝗼𝗻 :
*Maitriser les stratégies digitales
*Maitriser les outils digitaux ( Facebook Business Suite, Facebook Ads Manager...) 
*Maitriser le sponsoring sur les réseaux sociaux
*Maitriser le Social Media Reporting
=> 𝗔𝘃𝗲𝗰 𝗱𝗲𝘀 𝗰𝗮𝘀 𝗽𝗿𝗮𝘁𝗶𝗾𝘂𝗲𝘀
👨‍💼 𝗙𝗼𝗿𝗺𝗮𝘁𝗲𝘂𝗿:
Une formatrice hautement qualifiée avec une expérience dans le monde professionnel : Mme Mejda Ben Mariem
⏳ 𝗗𝘂𝗿𝗲́𝗲 𝗱𝗲 𝗹𝗮 𝗳𝗼𝗿𝗺𝗮𝘁𝗶𝗼𝗻 : 𝟭𝟰 𝗵𝗲𝘂𝗿𝗲𝘀
*La formation se déroule en classe présentielle.
*Des pauses café pour discuter.
🎯 𝗣𝘂𝗯𝗹𝗶𝗰 𝗰𝗼𝗻𝗰𝗲𝗿𝗻𝗲́ :
Cette formation s'adresse aux étudiants et aux professionnels.
🕔 𝗛𝗼𝗿𝗮𝗶𝗿𝗲𝘀 :
Cours de weekend  21 & 22 Septembre 2024
📍𝗟𝗶𝗲𝘂𝘅 : 
Ija Taw Coworky, Sahloul, Sousse
👩‍💻 𝗟𝗲 𝗴𝗿𝗼𝘂𝗽𝗲 :
Le groupe est limité à 8 personnes.
🤝 𝗔𝗰𝗰𝗼𝗺𝗽𝗮𝗴𝗻𝗲𝗺𝗲𝗻𝘁 (𝗦𝘂𝗶𝘃𝗶 𝗽𝗼𝘀𝘁 𝗳𝗼𝗿𝗺𝗮𝘁𝗶𝗼𝗻)
*Séance de 60 minutes par ZOOM pour chaque participant.
*Réponses aux questions via Email : Ijataw.coworky@gmail.com
📱 𝗡𝘂𝗺𝗲́𝗿𝗼 𝗱𝗲 𝘁𝗲́𝗹𝗲́𝗽𝗵𝗼𝗻𝗲 :
99 709 052
𝗔𝗹𝗹𝗲𝘇 𝗿𝗲́𝘀𝗲𝗿𝘃𝗲𝘇 ,𝗹𝗲𝘀 𝗽𝗹𝗮𝗰𝗲𝘀 𝘀𝗼𝗻𝘁 𝗹𝗶𝗺𝗶𝘁𝗲́𝗲𝘀.👌

#formation #marketingdigital #socialmediamanagement",187,1,0,2024-09-14T12:07:17.000Z,https://www.facebook.com/ijatawcoworky/posts/pfbid02NByj7ZSepTt7rnYd7rMdhygu5PrhpV99jkZHepxMGe6FfPCKQWLY8L9xxJn28vncl,,fr,promotion,digital marketing,formation en marketing digital,former des professionnels du social media,"#formation, #marketingdigital, #socialmediamanagement",positive
Ija Taw,facebook,"📅 عندك réunion مع client وما تعرفش وين بش تقابلو؟
☕ وفي نفس الوقت متحبش تمشي للقهوة خاطر برشا حس وجوجما وماهيش بلاصة professionnelle؟
ما تقلقش، نوفرولك 🏢 salle de réunion bien équipée إلي تخليك مرتاح، بالإضافة إلى 🖥️ coworking space مثالي للعمل أو المراجعة، ومكاتب خاصة 🗄️ توفرلك الهدوء والتركيز. تمتع أيضاً بالمرونة في الاشتراكات 🔄 إلي تناسب احتياجاتك.

لأي استفسار، تنجم تكلمونا على Tél : +216 99 709 052  📞

Rue de la Turquie, 1ᵉʳ étage, Résidence Moussa, Sahloul 4054, Sousse.

مرحبا بيكم!

🌐 https://www.ijataw-coworky.tn/

#SalleDeRéunion #CoworkingSpace #BureauPrivé #Flexibilité #TravailEnÉquipe #Productivité #Professionnalisme",0,0,0,2024-08-28T13:57:54.000Z,https://www.facebook.com/ijatawcoworky/posts/pfbid0H7Yo79wKXTzp12uV6L5RTWJuprkS4RVzEW1T4XRBw1HPYcFR1apuXJAez6b6uRDjl,,Arabic,promotion,Meeting rooms & coworking,Meeting room rental and coworking space,Promote office space rentals,"#SalleDeRéunion, #CoworkingSpace, #BureauPrivé, #Flexibilité, #TravailEnÉquipe, #Productivité, #Professionnalisme",positive
Astronet,facebook,😎 https://www.astronetagency.tn/,1,0,0,2021-09-03T09:23:06.000Z,https://www.facebook.com/astronet.marketing/posts/pfbid0716DSq1aBYSA84RT3gkZXXhicQNhbLPRMEzEkwCDnPvrgUcfDAuZH7Y4zeq1Sw5Ul,,fr,lien,promotion,agence digitale,promouvoir le site web,,positif
Astronet,facebook,"En tant qu'entreprise, il ne faut pas remettre la création d'un site web à plus tard. 😉 Si l'existence de l'entreprise sur internet est limitée et que les gens doivent faire de longues recherches pour en savoir davantage sur les produits, les services et les coordonnées de celle-ci, sa portée sera limitée. 🙃 
Nous créons un site vitrine professionnel, 💯présente vos activités et vos services, 😎 tout en respectant les normes et les standards du développement et de création web.🤩✅
https://www.astronetagency.tn/",3,0,0,2021-09-01T09:00:08.000Z,https://www.facebook.com/astronet.marketing/posts/pfbid02U4iPTtDVLHg9qZGC1oLqRem4dyuRBB5xrz3vLRae8fXkGephRyeWzWf7m2K3ejd7l,,fr,post,présence en ligne,création de site vitrine,promouvoir le service de création de site vitrine,,positive
Astronet,facebook,"Marquez le web de votre empreinte ,🚀 Astronet vous accompagne dans la création de votre stratégie de community management sur le web social.🌐  qui consistent à : Construire, 🚀animer, 🤩 et  fidéliser votre communauté.💯
Une équipe professionnelle à votre disposition pour :
Définir votre ligne éditoriale✅
Animer vos réseaux sociaux au quotidien✅
Suivre et modérer les conversations avec les internautes✅
Conception des visuels ✅
Gestion des messageries et des commentaires ✅
https://www.astronetagency.tn/",2,0,1,2021-08-28T09:15:02.000Z,https://www.facebook.com/astronet.marketing/posts/pfbid02jvvEyZcVmpvcYWxDyzeQGZfQx5pmCZJ17mdt9hqtN59QnXNsc7gJTwV8vrU6LJyGl,,fr,promotion,community management,stratégie de community management,promouvoir les services d'Astronet et attirer de nouveaux clients,,positive
ACM Marketing Tunisie,facebook,"🎉 En cette Journée des Community Managers, ACM Marketing célèbre ces héros du digital qui construisent des communautés vibrantes et connectées ! Merci pour votre dévouement à créer, inspirer et engager. 💬✨ 🎉

☎️ 73 367 402
💻 www.acm-marketing.tn
✉️ contact@acm-marketing.com
📌 Avenue yasser arafet sahloul, Sousse, Tunisia

#JournéeDesCommunityManagers #acmmarketing #DigitalHeroes #PartenariatsStratégiques #Visibilité #CroissanceDesAffaires #CréationDeSiteWeb #SiteWeb #PrésenceEnLigne #marketing #marketingtips #marketingtips #marketingagency #marketingonline #marketingdigital #marketingdigital #marketingstrategy #marketingstrategy #marketingstrategies #MarketingSuccess #marketingstrategies #marketingdigitalbrasil #digital #digital #digitalart #digitalartist",9,0,0,2024-01-22T13:55:12.000Z,https://www.facebook.com/acm.marketing.tunisie/posts/pfbid02i2BMNpfvZuF5ZnGXdSfFtZbEQRuTpDcELHyRZa69cERH3k3rpcinjgYn6JsKxwU8l,,fr,celebration,Community Management,Community Management,Engagement & Brand Awareness,"JournéeDesCommunityManagers, acmmarketing, DigitalHeroes, PartenariatsStratégiques, Visibilité, CroissanceDesAffaires, CréationDeSiteWeb, SiteWeb, PrésenceEnLigne, marketing, marketingtips, marketingagency, marketingonline, marketingdigital, marketingstrategy, marketingstrategies, MarketingSuccess, marketingdigitalbrasil, digital, digitalart, digitalartist",positive
ACM Marketing Tunisie,facebook,"🌟 Tout ce dont vous avez besoin, c'est d'un élan créatif ! 🚀 Chez ACM Marketing, nous sommes là pour donner vie à vos idées et transformer votre présence en ligne. Prêts à créer ensemble ? 💡✨ 

📞 73 367 402
💻 www.acm-marketing.tn
✉️ contact@acm-marketing.com
📌 Avenue yasser arafet sahloul, Sousse, Tunisia

#acmmarketing #Créativité #InnovationDigitale #RéussiteEnLigne #InnovationDigitale #Design #Visibilité #CroissanceDesAffaires #CréationDeSiteWeb #SiteWeb #PrésenceEnLigne #marketing #marketingtips #marketingtips #marketingagency #marketingonline #marketingdigital #marketingdigital #marketingstrategy #marketingstrategy #marketingstrategies #MarketingSuccess #marketingstrategies #marketingdigitalbrasil #digital #digital #digitalart #digitalartist",13,0,0,2024-01-09T10:21:29.000Z,https://www.facebook.com/acm.marketing.tunisie/posts/pfbid0WBo5MWhf3AXi24fBv69Y6ki3HKwiB2gm2zvzrXJFQBr6ukjkP3f47NPmtKXXpKKTl,,fr,promotion,créativité et innovation digitale,"marketing digital, création de site web, stratégie marketing",encourager les prospects à contacter l'agence pour créer leur présence en ligne,"acmmarketing, Créativité, InnovationDigitale, RéussiteEnLigne, Design, Visibilité, CroissanceDesAffaires, CréationDeSiteWeb, SiteWeb, PrésenceEnLigne, marketing, marketingtips, marketingagency, marketingonline, marketingdigital, marketingstrategy, marketingstrategies, MarketingSuccess, marketingdigitalbrasil, digital, digitalart, digitalartist",positif
ACM Marketing Tunisie,facebook,"🎉✨ ACM Marketing vous souhaite une année 2024 pleine de succès, d'innovation et de prospérité numérique ! 

Que cette nouvelle année vous apporte de nouvelles opportunités et des réalisations exceptionnelles. 🎉✨

Merci de faire partie de notre aventure digitale ! 🚀🌐 

📞 73 367 402
💻 www.acm-marketing.tn
✉️ contact@acm-marketing.com
📌 Avenue yasser arafet sahloul, Sousse, Tunisia

#acmmarketing #bonneannée #RéussiteEnLigne #InnovationDigitale #Design #Visibilité #CroissanceDesAffaires #CréationDeSiteWeb #SiteWeb #PrésenceEnLigne #marketing #marketingtips #marketingtips #marketingagency #marketingonline #marketingdigital #marketingdigital #marketingstrategy #marketingstrategy #marketingstrategies #MarketingSuccess #marketingstrategies #marketingdigitalbrasil #digital #digital #digitalart #digitalartist",2,2,0,2023-12-31T09:00:47.000Z,https://www.facebook.com/acm.marketing.tunisie/videos/1050816522807164/,,fr,Message de vœux,Bonne année,Marketing digital,Renforcer la relation client et promouvoir la marque,"acmmarketing, bonneannée, RéussiteEnLigne, InnovationDigitale, Design, Visibilité, CroissanceDesAffaires, CréationDeSiteWeb, SiteWeb, PrésenceEnLigne, marketing, marketingtips, marketingagency, marketingonline, marketingdigital, marketingstrategy, marketingstrategies, MarketingSuccess, marketingdigitalbrasil, digital, digitalart, digitalartist",positif
Ufuk connect,facebook,"🛠 Iron Company – New Website!
📌 Selling machines, tools, and industrial accessories for all your business needs.
📌 Complete solutions for production and professionals.
📌 Designed to showcase products clearly and efficiently.

💡 Check out our latest work with Iron Company                                                                                                          🌐  Ufuk Connect! 🌐
""Connecting Your World"" – That’s our promise!
-----
Tel : ‪‪(+216 52 056 778‬‬)
Email : contact@ufuk.tn
Web site : ‪www.ufuk.tn‬
Adresse : Sousse Medina 4000
LinkedIn  :‪https://www.linkedin.com/company/ufuk-connect‬
Instagram :‪https://www.instagram.com/ufukconnect/‬
Youtube:‪https://www.youtube.com/@UfukConnect‬  
 Ufuk Connect",0,0,1,2025-09-22T12:35:57.000Z,https://www.facebook.com/ufuk.connect/posts/pfbid02vrSrdEq7FAt6NdytkyZh9FX3e6HLdD3pncYgeqyz6NbYTeREeVpctFUrK8bPS8KFl,,français,promotionnel,lancement de site web,développement web,promouvoir le nouveau site web et attirer des clients,,positif
Ufuk connect,facebook,"🌍♻ Green Punkt – New Website!
📌 Smart solutions in recycling for a cleaner future.
📌 Easy-to-use tools for managing eco-friendly processes.
📌 Designed to make sustainability simple and efficient.

💡 Showcasing our latest work with Green Punkt  
  🌐 Ufuk Connect! 🌐
""Connecting Your World"" – That’s our promise!
Tel : ‪(+216 52 056 778‬)
Email : contact@ufuk.tn
Web site : www.ufuk.tn
Adresse : Sousse Medina 4000
LinkedIn  :https://www.linkedin.com/company/ufuk-connect
Instagram :https://www.instagram.com/ufukconnect/
Youtube:https://www.youtube.com/@UfukConnect  
 Ufuk Connect",0,0,1,2025-09-22T12:33:45.000Z,https://www.facebook.com/ufuk.connect/posts/pfbid02oMF89cDDhBMrb5XPZomJnpZ8he1Fu5X4qAbMZ6p5681q73XZbbwWyz6Lgzisp5kpl,,fr,promotion,recycling & sustainability,Green Punkt – New Website (Ufuk Connect),promouvoir le nouveau site web et les solutions de recyclage,,positive
Ufuk connect,facebook,"🔗 جرّب الآن 👉 www.farik.tn 🎯🎯
Gagnez du temps et optimisez votre gestion des ressources humaines avec Farik.tn ! 🎯
📌 Gestion simplifiée des employés, paie, congés et performances.
📌 Interface intuitive et outils performants adaptés à vos besoins.
📌 Conformité et sécurité garanties pour une gestion sereine.
💡 Passez à une gestion RH moderne et efficace dès aujourd’hui !
✅ ابقَ مطمئنًا مع برنامج إدارة الرواتب!
مع Farik.tn، استفد من التحديثات الدورية، المتابعة القانونية الدقيقة، والتحديث التلقائي وفقًا لأحدث القوانين واللوائح. 📑⚖️
 حساب تلقائي للرواتب والمساهمات -
🔹 تحديثات منتظمة لضمان الامتثال القانوني ⚖️
🔹 واجهة سهلة الاستخدام لإدارة مبسطة
🚀 تجنب الغرامات وركّز على نمو شركتك!
🌐 Essayez Farik.tn 👉 www.farik.tn",0,0,0,2025-03-26T16:35:20.000Z,https://www.facebook.com/ufuk.connect/posts/pfbid0hF5PkLsAanjkK2Skhb8e1VTuS7wy3y42kBsUK6XKPgruxqCg9FRz9Hj3FKo4U9YQl,,Arabic,promotion,Human Resources Management,Farik.tn,Encourage adoption of HR management software,,positive
24-7 Digital Design,facebook,"⭐️⭐️ Notre réalisation ⭐️⭐️ :
Conception 3D Table TV
Veuillez consulter nos projets réalisés sur notre site web:
🌐 www.24-7digital.com.tn
24-7 Digital Design est votre meilleur partenaire pour réaliser votre:
✅ Site Web.
✅ Application Web & Mobile
✅ Branding , logo et Charte graphique.
✅ Conception de vos supports de communication.
✅ Gestion de vos réseaux sociaux.
✅ Modélisation 3D et rendu réaliste de vos produits.
✅ Packaging design.
Pour toute étude personnalisée, veuillez contacter nos experts au :
Mobile + whatsapp : +216 96 357 457
Facebook : www.facebook.com/24.7.digital.design.tunisie
instagram : www.instagram.com/247digitaldesign/
Linkedin : www.linkedin.com/company/11547031/
#Webdesign #siteweb #logo #chartegraphique #graphicdesign #smo #conception3d #packaging #branding #sitevitrine #ecommerce Voir moins",0,0,0,2024-09-19T09:00:21.000Z,https://www.facebook.com/24.7.digital.design.tunisie/posts/pfbid03G6DFMzVMNk6bcxpgLW2hyLnMyyTbkwLdTnzNQL1T9UgtySiybV4UwfpwoX8EUwFl,,fr,promotion,agence digitale,Modélisation 3D et rendu réaliste,promouvoir les services de l'agence et attirer des clients,"#Webdesign, #siteweb, #logo, #chartegraphique, #graphicdesign, #smo, #conception3d, #packaging, #branding, #sitevitrine, #ecommerce",positive
24-7 Digital Design,facebook,"⭐️⭐️ Notre réalisation ⭐️⭐️ :
Carte de visite pour notre client 🎖 SAPI BEAUX ARTS 🎖
Veuillez consulter nos projets réalisés sur notre site web:
🌐 https://24-7digital.com.tn/

24-7 Digital Design est votre meilleur partenaire pour réaliser votre:
✅ Site Web.
✅ Branding, logo et Charte graphique.
✅ Conception de vos supports de communication.
✅ Gestion de vos réseaux sociaux.
✅ Modélisation 3D et rendu réaliste de vos produits.
✅ Packaging design.

Pour toute étude personnalisée, veuillez contacter nos experts au :
Mobile + whatsapp : +216 96 357 457
Facebook : https://www.facebook.com/24.7.digital.design.tunisie
instagram : https://www.instagram.com/247digitaldesign/
Linkedin : https://www.linkedin.com/company/11547031/

#Webdesign #siteweb #logo #chartegraphique #graphicdesign #smo #conception3d #packaging #branding #sitevitrine #ecommerce Voir moins",1,0,0,2024-09-17T09:00:15.000Z,https://www.facebook.com/24.7.digital.design.tunisie/posts/pfbid0Zjyzev13xT9qVnmdLiEEG4JXafnxUpU8Pr6ZdAu6qut6KxUS6HGtuna41K2hnziFl,,fr,promotion,digital agency services,digital design services,promouvoir les services de l'agence,"#Webdesign, #siteweb, #logo, #chartegraphique, #graphicdesign, #smo, #conception3d, #packaging, #branding, #sitevitrine, #ecommerce",positive
24-7 Digital Design,facebook,"⭐️⭐️ Notre réalisation ⭐️⭐️ :
Roll up pour notre client 🎖 MC CONSULTING 🎖
Veuillez consulter nos projets réalisés sur notre site web:
🌐 www.24-7digital.com.tn

24-7 Digital Design est votre meilleur partenaire pour réaliser votre:
✅ Site Web.
✅ Application Web & Mobile
✅ Branding , logo et Charte graphique.
✅ Conception de vos supports de communication.
✅ Gestion de vos réseaux sociaux.
✅ Modélisation 3D et rendu réaliste de vos produits.
✅ Packaging design.

Pour toute étude personnalisée, veuillez contacter nos experts au :
Mobile + whatsapp : +216 96 357 457
Facebook : www.facebook.com/24.7.digital.design.tunisie
instagram : www.instagram.com/247digitaldesign/
Linkedin : www.linkedin.com/company/11547031/

#Webdesign #siteweb #logo #chartegraphique #graphicdesign #smo #conception3d #packaging #branding #sitevitrine #ecommerce Voir moins",0,0,0,2024-09-15T09:00:12.000Z,https://www.facebook.com/24.7.digital.design.tunisie/posts/pfbid0quzKZdRKiyeZievfeGTSsydTMaFYAF57wUqK7gsGFhsDhnojqVdhKnvPbSpXrUCxl,,fr,promotion,services numériques,Roll up,promouvoir l'agence et attirer de nouveaux clients,"#Webdesign, #siteweb, #logo, #chartegraphique, #graphicdesign, #smo, #conception3d, #packaging, #branding, #sitevitrine, #ecommerce",positive
MSIT DIGITAL,facebook,"Bonne fête à toutes les mamans ! 🤍

#FeteDesMeres #FeteDesMeres2026 #BonneFeteMaman",2,0,0,2026-05-31T06:00:37.000Z,https://www.facebook.com/msit.digital/posts/pfbid0v4UDw8z9qJeSmfYN8tCzjZ4PepEiwQgKu8BkM7TXNj3yn13E9MBNJwb41mCxT1jql,,fr,texte,Fête des Mères,,engagement,"#FeteDesMeres, #FeteDesMeres2026, #BonneFeteMaman",positive
MSIT DIGITAL,facebook,"عيدكم مبارك وسعيد!  تقبل الله طاعاتكم وأسعد أيامكم بكل خير وبركة. 🤍🌙

#Famille #Partage #AidMubarak #Eid2026",2,0,0,2026-05-26T19:00:07.000Z,https://www.facebook.com/msit.digital/posts/pfbid0rdAJt2xMioerrzGQ25GuC41EP3fomorHzGCLYAz2dwVXtiz4NqCZ71LpaNQ8tpdjl,,Arabic,Greeting,Eid al-Fitr,Social media marketing,Increase engagement and community bonding,"#Famille, #Partage, #AidMubarak, #Eid2026",Positive
MSIT DIGITAL,facebook,"L’IA crée des sites rapidement… mais la performance ne s'improvise pas. 🤖❌

Chez MSIT Digital, nous concevons des sites optimisés pour une seule chose : convertir vos visiteurs en clients. 💻🚀

Structure, stratégie, UX... chaque détail est pensé pour booster votre business.

📩 Prêt à vendre plus ? Contactez-nous en MP.

#MSITDigital #CreationSiteWeb #PerformanceWeb #Conversion #DigitalMarketing",0,0,0,2026-05-18T15:48:11.000Z,https://www.facebook.com/msit.digital/posts/pfbid0M2hvmwReNe84XnC2vQnGkxq4X9Q4cLhJEnoJZvPj2gBiMJqKTw7XG7JqF9Kdb3DAl,,fr,post Facebook,"digital marketing, création de sites web, performance web",création de sites web optimisés,convertir visiteurs en clients,"#MSITDigital, #CreationSiteWeb, #PerformanceWeb, #Conversion, #DigitalMarketing",positive
Queen Bee Digital - Agence Marketing Digital & Web,facebook,"عام هجري جديد ملؤه النجاح والتميز! 🌙 ✨

بمناسبة حلول السنة الهجرية الجديدة 1448، تتقدم وكالة 𝐐𝐮𝐞𝐞𝐧 𝐁𝐞𝐞 𝐃𝐢𝐠𝐢𝐭𝐚𝐥🐝، المتخصصة في التسويق التعليمي، بأحر التهاني وأصدق الأماني لكل الفاعلين في القطاع التربوي 👩‍🏫🧑‍🏫👩‍💼🧑‍💼👩‍💻🧑‍💻 من مؤسسات تعليمية، إطارات تربوية وإدارية، وأولياء أمور.

نستقبل هذا العام الهجري الجديد ونيتنا راسخة في مواصلة مرافقة شركائنا💼 من المدارس، المعاهد، ورياض الأطفال، لتقديم أفضل الاستراتيجيات الرقمية والحلول المبتكرة التي تليق بمستوى تطلعاتكم وتدعم نجاح مؤسساتكم.

نسأل الله أن يجعله عام خير، بركة، وتوفيق للجميع، وأن يكلل جهود الأسرة التربوية بالتميز والنجاح 🎓المستمر.

كل عام وأنتم ومؤسساتكم التعليمية، بألف خير وازدهار!

#السنة_الهجرية_الجديدة #عام_1448 
 #التسويق_التعليمي #EdTech #Queen_Bee_Digital 
#القطاع_التربوي #مؤسسات_تربوية",0,0,0,2026-06-15T21:09:13.000Z,https://www.facebook.com/queenbeedigitalagency/posts/pfbid029HzrrFd8aSUxGmYe582up19Bq3SwsmwGbZoaLSR9Ucwxcz1G7ByEMDgRLLXXujgjl,,ar,celebration,New Hijri year,educational marketing,congratulate and promote services,"#السنة_الهجرية_الجديدة, #عام_1448, #التسويق_التعليمي, #EdTech, #Queen_Bee_Digital, #القطاع_التربوي, #مؤسسات_تربوية",positive
Queen Bee Digital - Agence Marketing Digital & Web,facebook,"ميمونة يا ميمونة💃
تحب الصغار الكل🌹 
و الصغار يحبونها😍🥰
#ميمونة_الصغرونة",1,0,0,2026-06-15T17:47:01.000Z,https://www.facebook.com/reel/833860872884799/,,ar,texte,entertainment,promotion,engagement,#ميمونة_الصغرونة,positive
Queen Bee Digital - Agence Marketing Digital & Web,facebook,"ورشة تدريبية للأولياء 👫مع خبيرة التربية الإيجابية #ليليا_كمون #تسويق_للروضات 
#روضة #اشهار_للروضات #queenbeedigital",0,0,0,2026-06-06T18:20:12.000Z,https://www.facebook.com/reel/1267419325466908/,,Arabic,Event promotion,Parenting / Positive education,Training workshop,Promote workshop to parents,"#ليليا_كمون, #تسويق_للروضات, #روضة, #اشهار_للروضات, #queenbeedigital",positive
BM Company,facebook,"🎯 Une idée reçue qui persiste encore trop souvent :
« Une entreprise en Tunisie ne peut pas fournir un travail de qualité. »

🚫 C’est totalement faux.

Depuis plus de 12 ans, nous collaborons avec des agences internationales parmi les plus exigeantes.
Leur verdict ? Des résultats de haut niveau, conformes — et souvent supérieurs — à leurs attentes.

🌍 La qualité, la rigueur et l’expertise ne connaissent aucune frontière.

Nous en sommes la preuve concrète.

Vous souhaitez collaborer avec une équipe rigoureuse et expérimentée ? Parlons-en. 
📞 +1 438-795-1418 | +216 58 651 200
📧 marketing@bm-company.com
🌐 bm-company.com
📅 https://buff.ly/YdxDnpY

#BMCompany #WebAgency #ExcellenceTunisienne #SousTraitanceDeQualité #DigitalExcellence",1,0,0,2025-07-03T14:01:29.000Z,https://www.facebook.com/permalink.php?story_fbid=pfbid02TaY9GMrXyNqraWxYA9bdRCxnjWa4Vihoi6nfHMFf4R9rWPq7r9s7o7dRj4XXATPwl&id=61551041978944,,fr,promotionnel,qualité du travail en Tunisie,agence web / sous-traitance digitale,convaincre et générer des leads,"#BMCompany, #WebAgency, #ExcellenceTunisienne, #SousTraitanceDeQualité, #DigitalExcellence",positive
BM Company,facebook,"🌐 Votre site web est en ligne… mais reste invisible ?

🚫 Le problème ne vient peut-être pas de votre design, mais de votre référencement naturel (SEO).

Chez BM Company, nous aidons les entreprises à gagner en visibilité sur Google grâce à une stratégie SEO sur-mesure, adaptée à leurs objectifs.

Voici ce que nous mettons en place :
🔎 Audit SEO complet de votre site et de vos concurrents
⚙️ Optimisation technique et structurelle
✍️ Rédaction de contenus pertinents et optimisés
🎯 Stratégie de mots-clés ciblés
🔗 Création de liens (netlinking) pour renforcer votre autorité
📊 Suivi des performances avec des rapports clairs

🎯 Résultat : plus de visibilité, plus de clics, plus de clients.

⏳ Ne laissez pas votre site dormir dans l’ombre.
🤝 Confiez votre référencement à BM Company et atteignez la première page.

📩 Contactez-nous dès maintenant. 
📞 +1 438-795-1418 | +216 58 651 200
📧 marketing@bm-company.com
🌐 bm-company.com
📅 https://buff.ly/4fokcq0 

#SEO #RéférencementNaturel #VisibilitéWeb #AuditSEO #OptimisationSEO #ContentMarketing #Netlinking #StratégieSEO #BMCompany #MarketingDigital #PerformanceWeb #GoogleRanking #AcquisitionClients",1,0,0,2025-06-30T14:04:15.000Z,https://www.facebook.com/permalink.php?story_fbid=pfbid02Gs2KADJETjtfRhiNtujEzdF1DGLwZxiUZebBoTfDQmzGpEHfVDhHKc9VGsgJN2bZl&id=61551041978944,,fr,promotionnel,Référencement naturel (SEO),"Stratégie SEO sur-mesure, audit, optimisation, netlinking","Augmenter la visibilité et le trafic du site web, attirer plus de clients","#SEO, #RéférencementNaturel, #VisibilitéWeb, #AuditSEO, #OptimisationSEO, #ContentMarketing, #Netlinking, #StratégieSEO, #BMCompany, #MarketingDigital, #PerformanceWeb, #GoogleRanking, #AcquisitionClients",positif
BM Company,facebook,"💡 Voici 5 raisons de faire confiance à BM Company :

🎨 Un site 100 % unique, adapté à votre activité
🖱️ Une navigation fluide et une performance optimale
🔍 Un référencement SEO réellement efficace
🏢 Une image de marque professionnelle et cohérente
🤝 Un accompagnement complet, du brief à la mise en ligne

🚫 Arrêtez les modèles génériques mal optimisés.

✅ Faites le choix d’un site web conçu pour vos objectifs.
🚀 BM Company transforme vos idées en succès digital.

📩 Contactez-nous dès aujourd’hui. 
📞 +1 438-795-1418 | +216 58 651 200
📧 marketing@bm-company.com
🌐 bm-company.com
📅 https://buff.ly/4fokcq0 

#CréationSiteWeb #SiteSurMesure #SEO #PerformanceWeb #BMCompany #VisibilitéDigitale #ImageDeMarque #StratégieDigitale #AccompagnementWeb #SuccèsDigital #OptimisationWeb",1,0,0,2025-06-27T15:03:22.000Z,https://www.facebook.com/permalink.php?story_fbid=pfbid02Da1oCWdJuFJXr7UBXDFvECUDvFHgxxRATVHPYNkKBC5uaQ7BkLMEohes5NmpstiJl&id=61551041978944,,fr,promotionnel,Création de site web,Site web sur mesure,Encourager les prospects à choisir BM Company pour la création de site web sur mesure,"CréationSiteWeb, SiteSurMesure, SEO, PerformanceWeb, BMCompany, VisibilitéDigitale, ImageDeMarque, StratégieDigitale, AccompagnementWeb, SuccèsDigital, OptimisationWeb",positif
Web Media Tunisie,facebook,"⭐⭐⭐⭐⭐Bonna Tunisie, GFB, Landor, Atoll Assurances… ils ont fait le choix de l'excellence.
Et vous ?
𝐍𝐨𝐭𝐫𝐞 𝐞́𝐪𝐮𝐢𝐩𝐞 𝐞𝐬𝐭 𝐩𝐫𝐞̂𝐭𝐞 𝐚̀ 𝐝𝐨𝐧𝐧𝐞𝐫 𝐯𝐢𝐞 𝐚̀ 𝐯𝐨𝐭𝐫𝐞 𝐩𝐫𝐨𝐣𝐞𝐭.
- 𝐒𝐢𝐭𝐞 𝐰𝐞𝐛 
- 𝐌𝐚𝐫𝐤𝐞𝐭𝐢𝐧𝐠 𝐝𝐢𝐠𝐢𝐭𝐚𝐥
- 𝐒𝐄𝐎 
- 𝐃𝐞𝐬𝐢𝐠𝐧 𝐠𝐫𝐚𝐩𝐡𝐢𝐪𝐮𝐞

👉 Demandez votre devis gratuit maintenant !
📩 : commercial@webmediatunisie.com
📞 : (+216) 25 4 72 5 25 /+216 29 888 079",8,0,0,2026-04-22T17:32:09.000Z,https://www.facebook.com/webmediainternational/posts/pfbid02QiRsTLYRmEHx6EY2dCvZPHhop57z477pavnBQdL1n4of3ZVFeduYFKAuhgNQpa13l,,fr,promotion,digital marketing services,"['Site web', 'Marketing digital', 'SEO', 'Design graphique']",lead generation,,positive
Web Media Tunisie,facebook,Comment automatiser votre business avec l’IA N8N,6,0,0,2026-04-19T20:30:59.000Z,https://www.facebook.com/webmediainternational/posts/pfbid0gDzd5wCCB7h6cYUdRcY5BrUFxgTW75zFb4WY1F1TLoerv2zMAKUAC7eu8MkAE5Tpl,,fr,texte,automatisation,N8N,informer,,neutre
Web Media Tunisie,facebook,"كان عندك مشروع أو حتى فكرة  تحبوا يكبر؟🤔 تحب يكون عندك présence en ligne 🤔 نحنا هنا باش نحوّلوها لواقع رقمي 
❗❗𝐏𝐫𝐨𝐟𝐢𝐭𝐞𝐳 𝐝𝐞 𝐥'𝐨𝐩𝐩𝐨𝐫𝐭𝐮𝐧𝐢𝐭𝐞́ 𝐝𝐞 𝐦𝐞𝐭𝐭𝐫𝐞 𝐯𝐨𝐭𝐫𝐞 𝐛𝐮𝐬𝐢𝐧𝐞𝐬𝐬 𝐞𝐧 𝐥𝐢𝐠𝐧𝐞 𝐚̀ 𝐮𝐧 𝐩𝐫𝐢𝐱 𝐢𝐦𝐛𝐚𝐭𝐭𝐚𝐛𝐥𝐞 𝐜𝐡𝐞𝐳 Web Media-International 
نصممو مواقع sur mesure تجمع بين :
✅ الأداء العالي
✅ الأمان المتقدّم
✅ التصميم العصري 
 👉 Contactez-nous maintenant  
📩 : commercial@webmediatunisie.com
📞 : (+216) 25 4 72 5 25 /+216 29 888 079  

#SiteWeb #WebMediaInternational #DigitalTranslation",7,0,1,2026-04-16T18:00:15.000Z,https://www.facebook.com/webmediainternational/posts/pfbid02muG7LXBRwHGd1tMJMoVEXp6K23MHFzPNEbzbQThncqmAce1Hqb52qmGVX1ibDVc6l,,Arabic,promotion,digital presence,custom website development,generate leads,"#SiteWeb, #WebMediaInternational, #DigitalTranslation",positive
iBrand Tunisia,facebook,"رمضان كريم 🌙 🕌
النشاالله كل عام وانتم بألف خير ✨🌙",1,0,0,2024-03-10T20:00:57.000Z,https://www.facebook.com/reel/917808519889332/,,Arabic,texte,Ramadan,,engagement,,positive
iBrand Tunisia,facebook,"En cette nouvelle année, recevez tous nos voeux de bonheur, de santé et de réussite.",1,0,0,2023-12-31T17:59:08.000Z,https://www.facebook.com/reel/1084676472679139/,,français,message,Nouvel An,,engagement,,positive
iBrand Tunisia,facebook,"👉 www.ibrandtunisia.tn
☎️ +216 51 65 69 69 // +216 51 65 69 19
📧 contact@ibrandtunisia.tn",0,0,0,2023-12-31T17:48:06.000Z,https://www.facebook.com/ibrandtunisiaofficiel/posts/pfbid0cR4ZfwN85kHqimNFxJ17RdMgUSFAyw2byerF6YM1n56iU4k9SQTsJuW6fXyFip4Ll,,fr,contact,contact,contact,fournir les coordonnées de l'agence,,neutre
Emmak Prod,facebook,"🚀 𝐓𝐡𝐢𝐬 𝐒𝐞𝐚𝐬𝐨𝐧, 𝐖𝐞 𝐃𝐢𝐝𝐧’𝐭 𝐉𝐮𝐬𝐭 𝐂𝐨𝐦𝐩𝐞𝐭𝐞… 𝐖𝐞 𝐃𝐨𝐦𝐢𝐧𝐚𝐭𝐞𝐝. 🚀

From dusty All-Terrain tracks to high-speed Rocket League arenas, our team carried one mission everywhere: to leave a mark. And once again, our champions delivered unforgettable performances throughout the season. 🤖🔥

✨ 𝐅𝐈𝐑𝐒𝐓 𝐏𝐋𝐀𝐂𝐄 𝐀𝐂𝐇𝐈𝐄𝐕𝐄𝐌𝐄𝐍𝐓𝐒 ✨

🏆 ROBOCUP ENSI 8.0 – All-Terrain Challenge
🛠️ “MUFASSA” — Mohamed Rayen Bnouni

🏆 ENSIT Robots – All-Terrain Challenge
🛠️ “SCARFACE” — Chelly Mohamed

🏆 NPC 3.0 : National Polyrobots Competition – Magic Legacy – All-Terrain Challenge
🛠️ “CHARARA” — Mohamed Amin Herch

🏆 CarthaBot 1.0 – Rocket League Competition
🛠️ “MUFASSA” — Mohamed Rayen Bnouni

✨ 𝐒𝐄𝐂𝐎𝐍𝐃 𝐏𝐋𝐀𝐂𝐄 𝐀𝐂𝐇𝐈𝐄𝐕𝐄𝐌𝐄𝐍𝐓𝐒 ✨

⚡ ENIS Robot – All-Terrain Challenge
🛠️ “CHARARA” — Mohamed Amin Herch

⚡ ENSIT Robots – All-Terrain Challenge
🛠️ “MUFASSA” — Mohamed Rayen Bnouni

⚡ WolfBot 2.0 – All-Terrain Challenge
🛠️ “TUONNO” — Mohamed Ahmed Souid

✨ 𝐓𝐇𝐈𝐑𝐃 𝐏𝐋𝐀𝐂𝐄 𝐀𝐂𝐇𝐈𝐄𝐕𝐄𝐌𝐄𝐍𝐓𝐒 ✨

🚀 RobOlympix 4.0 – Rocket League Challenge
🛠️ “CHARARA” — Mohamed Amin Herch et Fedi Ben Ali 

💙 Behind every trophy lies sleepless nights, endless testing, failures turned into lessons, and a team spirit that never stopped growing stronger.

👏 To every competitor we faced this year: thank you for pushing us beyond our limits and making every challenge unforgettable. Respect to all teams who shared the arena with us.

🔥 The journey continues, the ambition grows, and the next challenge is already waiting.

⚙️ 𝐎𝐧𝐞 𝐓𝐞𝐚𝐦. 𝐎𝐧𝐞 𝐃𝐫𝐞𝐚𝐦. 𝐎𝐧𝐞 𝐋𝐞𝐠𝐚𝐜𝐲.

#oneteamonedream",42,8,4,2026-05-23T20:43:38.000Z,https://www.facebook.com/enisoteam/posts/pfbid0gsfticwLd4rYin7bY6CasKhrn6NjrTNiCJutj1bprRuULnRVYHFLAZXoZeGefxnrl,,English,achievement announcement,robotics competitions,robotics competition participation,celebrate achievements and promote team reputation,#oneteamonedream,positive
Emmak Prod,facebook,"كل عام و الامة الاسلامية بخير 🌙✨
عيدكم مبارك وسعيد، أعاده الله علينا وعليكم بالخير واليُمن والبركات 💙
نسأل الله أن يتقبل منا ومنكم صالح الأعمال، وأن يملأ أيامكم فرحًا وسعادة، وأن يديم المحبة بيننا جميعًا 🤲🏻 

#enisoteam
#oneteamonedrem",20,3,4,2026-03-20T06:27:26.000Z,https://www.facebook.com/enisoteam/posts/pfbid02LsroJJPjk6E7wfK5JVAAPJA8Y2A4o3iax8v4oenCamAGpdb5u8dkh4p6skKdU2VQl,,Arabic,greeting,Islamic New Year,,engagement,"enisoteam, oneteamonedrem",positive
Emmak Prod,facebook,"نبارك لكم قدوم شهر الرحمة والمغفرة، شهر تتضاعف فيه الحسنات وتُرفع فيه الدعوات. جعلنا الله وإياكم من صوّامه وقوّامه، وبلغنا تمامه ونحن في أحسن حال. 💙
رمضان كريم 🌙

#enisoteam
#oneteamonedream",24,4,2,2026-02-18T19:16:36.000Z,https://www.facebook.com/enisoteam/posts/pfbid0PX5hQdYbqh7ZqztM17trU7C3K2sLSiRu4wYxdaVGvaQ4sXcXpyDMzLy6DWVFhad9l,,Arabic,texte,Ramadan,social media marketing,engagement,"#enisoteam, #oneteamonedream",positive
Ija Taw,facebook,"عيد مبارك🌹على كل الأمة الاسلامية🤲
و كل عام و الجميع بخير ❤️أعاده الله علينا بالخير و البركة 🌹",1,0,0,2024-06-15T11:48:46.000Z,https://www.facebook.com/ijatawcoworky/posts/pfbid0K3VMv8BQwfie8CsGfFFYrcUBTWtGSjhyiF2Jo4uuUiQz5RS6ZwwSVq2U2DR9sUZXl,,Arabic,greeting,Eid,,engagement,,positive
Ija Taw,facebook,"عندك réunion مع client ومتعرفش  وين بش تقابلو وفي نفس الوقت متحبش تمشي للقهوة خاطر برشا حس و جوجما وماهيش بلاصة professionnel  
ماتخممش برشا أنا نوفرولك une salle de réunion bien équipée  إلي تخليك مرتاح
ولأي إستفسار تنجمو تكلمونا على : 052 709 99
مرحبا بيكم
https://www.ijataw-coworky.tn/",3,0,1,2024-05-22T10:28:04.000Z,https://www.facebook.com/ijatawcoworky/posts/pfbid02xZ4dJFMbZdhVem5q5fy4a5m6T9MvTpszcmBtZJLJT7WWMEixRYsNctjy6N9TXhYcl,,Arabic,promotion,meeting room,meeting room rental,promote service,,positive
Ija Taw,facebook,"HAPPY NEW YEAR 2024
May this New Year be filled with Happiness,Good Health and Countless Blessings ♥️.

#happynewyears2024",0,0,0,2023-12-31T17:51:48.000Z,https://www.facebook.com/ijatawcoworky/posts/pfbid02TrGHpnBBVjPeYXoDjeUwjHrBp6yKJeFAVVLr1raAFMpJ846ArsnWeWps1mB51gsyl,,English,Text,New Year,,Community engagement,#happynewyears2024,Positive
Digiheurica Consulting,facebook,عيد أضحى مبارك و كل عام و أنتم بخير,0,0,0,2026-05-27T16:42:03.000Z,https://www.facebook.com/permalink.php?story_fbid=pfbid0BvEoPEGDzibKAe7ER6EtUVtkWsndNZjzHPDiTTUgaZqiPS9o8kxwxaGMtUuqsSXwl&id=61571397397574,,Arabic,greeting,Eid al-Adha,,engagement,,positive
Digiheurica Consulting,facebook,"🚀🌐 𝐕𝐨𝐭𝐫𝐞 𝐬𝐢𝐭𝐞 𝐰𝐞𝐛 𝐞𝐬𝐭 𝐛𝐢𝐞𝐧 𝐩𝐥𝐮𝐬 𝐪𝐮’𝐮𝐧𝐞 𝐬𝐢𝐦𝐩𝐥𝐞 𝐯𝐢𝐭𝐫𝐢𝐧𝐞… 𝐜’𝐞𝐬𝐭 𝐥𝐞 𝐦𝐨𝐭𝐞𝐮𝐫 𝐝𝐞 𝐯𝐨𝐭𝐫𝐞 𝐜𝐫𝐨𝐢𝐬𝐬𝐚𝐧𝐜𝐞 𝐝𝐢𝐠𝐢𝐭𝐚𝐥𝐞 !

Chez 𝐃𝐈𝐆𝐈𝐇𝐄𝐔𝐑𝐈𝐂𝐀 𝐂𝐎𝐍𝐒𝐔𝐋𝐓𝐈𝐍𝐆 💙, nous créons des sites web modernes, rapides et performants qui reflètent votre image et attirent vos futurs clients 🎯✨

✅ 𝐃𝐞𝐬𝐢𝐠𝐧 𝐦𝐨𝐝𝐞𝐫𝐧𝐞 & 𝐬𝐮𝐫-𝐦𝐞𝐬𝐮𝐫𝐞
✅ 𝐑𝐞𝐬𝐩𝐨𝐧𝐬𝐢𝐯𝐞 𝐬𝐮𝐫 𝐭𝐨𝐮𝐬 𝐥𝐞𝐬 𝐚𝐩𝐩𝐚𝐫𝐞𝐢𝐥𝐬 📱💻
✅ 𝐎𝐩𝐭𝐢𝐦𝐢𝐬𝐞́ 𝐒𝐄𝐎 𝐩𝐨𝐮𝐫 𝐩𝐥𝐮𝐬 𝐝𝐞 𝐯𝐢𝐬𝐢𝐛𝐢𝐥𝐢𝐭𝐞́ 🔍
✅ 𝐄𝐱𝐩𝐞́𝐫𝐢𝐞𝐧𝐜𝐞 𝐮𝐭𝐢𝐥𝐢𝐬𝐚𝐭𝐞𝐮𝐫 𝐟𝐥𝐮𝐢𝐝𝐞 ⚡

💬 Donnez une nouvelle dimension à votre présence en ligne et démarquez-vous de la concurrence !

📞 𝐂𝐨𝐧𝐭𝐚𝐜𝐭 : +𝟐𝟏𝟔 𝟐𝟗 𝟐𝟖𝟐 𝟔𝟒𝟓
📩 𝐝𝐢𝐠𝐢𝐡𝐞𝐮𝐫𝐢𝐜𝐚.𝐜𝐨𝐧𝐬𝐮𝐥𝐭𝐢𝐧𝐠@𝐨𝐮𝐭𝐥𝐨𝐨𝐤.𝐜𝐨𝐦

#webdesign #digitalmarketing #sitewebprofessionnel #seo #digiheuricaconsulting",8,2,0,2026-05-12T13:04:25.000Z,https://www.facebook.com/permalink.php?story_fbid=pfbid02S72UXfu14KqBF9mwFaH2L11oK26N9xn2XtbTtnEtR7RTxpo9P9KE5SYzS5M2wW4nl&id=61571397397574,,fr,promotion,web design & digital marketing,"création de sites web modernes, responsive, SEO","attirer de nouveaux clients, améliorer visibilité en ligne","#webdesign, #digitalmarketing, #sitewebprofessionnel, #seo, #digiheuricaconsulting",positive
Advery Agency,facebook,"Escaping the ordinary, one campaign at a time.  #contentmarketing #adveryagency #marketingdigital",8,0,0,2025-08-14T14:35:09.000Z,https://www.facebook.com/advery.agency/videos/4047841338791082/,,English,Promotion,Content Marketing,Digital Marketing,Brand Awareness,"#contentmarketing, #adveryagency, #marketingdigital",Positive
Advery Agency,facebook,"Rebranding & Packaging Design for @antonio.coffeee ☕

@antonio.coffeee is a celebration of dual heritage, where the bold spirit of Tunisia meets the timeless elegance of Italy.
Based in Sousse, Tunisia, the brand captures the essence of authentic coffee culture with a modern identity.

Rooted in tradition and inspired by modern tastes, Café Antonio offers a curated range of coffee experiences:
💚 Pure Turkish Coffee
🤎 Turkish Blend
🖤 Express
☕ Moka Pot

From the logo to the packaging, every detail was crafted to reflect the warmth, intensity, and richness of Arabic coffee, with a contemporary twist.

This project felt like designing a story you can smell and taste.

I hope you love it as much as we do ❣️

#brand #branding #brandidentity #rebranding #packaging #design",7,1,2,2025-07-17T16:02:58.000Z,https://www.facebook.com/advery.agency/posts/pfbid02KkSczuJjeqcimXa7qdsr26YuWm5FvPBYeKaKUpUGcNvVQUgZ8B8NEJNhHCbgauBFl,,fr,promotion,rebranding,Rebranding & Packaging Design,promouvoir l'identité de marque et le packaging,"#brand, #branding, #brandidentity, #rebranding, #packaging, #design",positive
Advery Agency,facebook,"☕ Rebranding that hits different.
From bland to bold — here’s how we brewed a fresh identity for Café Antonio - قهوة أنطونيو 's coffee brand.
New look, new vibe, same great taste — now with a visual punch.

🎨✨ Watch the full transformation and see how strategy meets creativity.
👩‍🎨 Design by Khawla Ghribi 
🎤 Sirine Timoumi",10,3,4,2025-07-14T20:07:03.000Z,https://www.facebook.com/reel/2074458339744895/,,français,post promotionnel,rebranding,design graphique,promouvoir le nouveau branding,,positif
MUSE Agency,facebook,"@ MUSE agency We're still HIRING . 
GRAPHIC DESIGNER & VIDEO EDITOR 
CV & PORTFOLIO : info@muse-agency.net
MAIN OFFICE : SOUSSE FULL TIME  

@super fans @followers Association Tunisienne  des Professionnels du Marketing (ATPM)",0,0,1,2026-03-31T10:28:44.000Z,https://www.facebook.com/MUSE.ideas.communications.results/posts/pfbid0KGV731MVaiN8biuyH932wNcWYJJ6xAQW4Ra6ihnR5kmBPuU9FXwKQGrSW7iFGPnPl,,English,Job posting,Recruitment,Graphic Design and Video Editing,Recruitment,,positive
5 Sens Advertising,facebook,"De la réflexion stratégique à l’activation, chaque contenu est pensé pour faire la différence.
Chez 5 Sens Advertising, nous concevons des expériences visuelles à fort impact, alignées sur vos objectifs de marque.
Ceci n’est qu’un aperçu. 

#communicationdigitale #innovation #digitaladvertisingagency #creativeagency #showreel 
#5sensadvertising",6,0,2,2026-01-30T16:55:36.000Z,https://www.facebook.com/reel/1609851786786416/,,français,promotionnel,communication digitale,conception d'expériences visuelles,faire la différence et aligner sur objectifs de marque,"#communicationdigitale, #innovation, #digitaladvertisingagency, #creativeagency, #showreel, #5sensadvertising",positif
5 Sens Advertising,facebook,"Quand la Coupe d’Afrique devient un véritable terrain d’innovation.
Pour Laboratoires Tétra Hygiène (LTH), nous avons imaginé une vidéo, entièrement assistée et générée par l’intelligence artificielle, pour repousser les codes classiques du storytelling et créer un contenu à fort impact.

🎬 Vidéo conçue et optimisée par l’IA
⚡ Narration immersive, rythmée et engageante
📈 Message pensé pour maximiser visibilité, mémorisation et performance

Chez 5 Sens Advertising, nous combinons vision créative, stratégie et intelligence artificielle pour transformer les grands temps forts en contenus innovants, différenciants et résolument performants.

#communicationdigitale #innovation #digitaladvertisingagency #creativeagency 
#5sensadvertising",9,0,0,2026-01-22T16:33:10.000Z,https://www.facebook.com/reel/1441601057572757/,,fr,vidéo,innovation digitale et IA,production vidéo assistée par intelligence artificielle,"maximiser visibilité, mémorisation et performance marketing","#communicationdigitale, #innovation, #digitaladvertisingagency, #creativeagency, #5sensadvertising",positif
5 Sens Advertising,facebook,"Bonne année 2026

Toute l’équipe de 5 Sens Advertising vous souhaite une année inspirante, ambitieuse et porteuse de succès.
Merci à tous ceux qui nous ont accordé leur confiance et qui ont contribué à cette belle aventure créative.
En 2026, poursuivons ensemble cette dynamique : imaginer, innover et donner encore plus d’impact aux marques, sur tous les points de contact.
Une année de vision, de croissance et de réussite à venir. 

 #BonneAnnée2026  #HappyNewYear #5sensadvertising",4,0,0,2025-12-31T19:00:44.000Z,https://www.facebook.com/reel/855710663830272/,,fr,post de vœux,Bonne année,communication digitale,"renforcer la relation client, remercier et fidéliser","#BonneAnnée2026, #HappyNewYear, #5sensadvertising",positif
ACM Marketing Tunisie,facebook,"🚀 Chez ACM Marketing, nous concrétisons vos idées en succès palpables ! De la conception de campagnes percutantes à la création de sites web innovants, nous sommes là pour faire briller votre présence en ligne. 🚀

Rejoignez-nous dans cette aventure vers le succès ! 💼✨

Contactez-nous dès aujourd'hui pour découvrir comment nous pouvons vous aider ! 
📞 73 367 402
💻 www.acm-marketing.tn
✉️ contact@acm-marketing.com
📌 Avenue yasser arafet sahloul, Sousse, Tunisia

#acmmarketing #RéussiteEnLigne #InnovationDigitale #Design #Visibilité #CroissanceDesAffaires #CréationDeSiteWeb #SiteWeb #PrésenceEnLigne #marketing #marketingtips #marketingtips #marketingagency #marketingonline #marketingdigital #marketingdigital #marketingstrategy #marketingstrategy #marketingstrategies #MarketingSuccess #marketingstrategies #marketingdigitalbrasil #digital #digital #digitalart #digitalartist",10,0,1,2023-12-21T11:08:36.000Z,https://www.facebook.com/acm.marketing.tunisie/posts/pfbid02TZSoSLJngv4KGnXCab4gCqbzFtYc157FMpVpDPKA9g5Jn3VSw9ycndL6fkVMDep2l,,fr,promotionnel,Marketing digital,Campagne marketing & création de sites web,promouvoir les services et inciter à l'action,"#acmmarketing, #RéussiteEnLigne, #InnovationDigitale, #Design, #Visibilité, #CroissanceDesAffaires, #CréationDeSiteWeb, #SiteWeb, #PrésenceEnLigne, #marketing, #marketingtips, #marketingagency, #marketingonline, #marketingdigital, #marketingstrategy, #marketingstrategies, #MarketingSuccess, #marketingdigitalbrasil, #digital, #digitalart, #digitalartist",positif
ACM Marketing Tunisie,facebook,"🚀 Prêts à booster votre stratégie marketing ? 

Chez ACM Marketing, nous sommes là pour propulser votre présence en ligne vers de nouveaux sommets ! 💻💡 

☎️ 73 367 402
💻 www.acm-marketing.tn
✉️ contact@acm-marketing.com
📌 Avenue yasser arafet sahloul, Sousse, Tunisia

#ACMMarketing #StratégieMarketing #DigitalSuccess #Design #Visibilité #CroissanceDesAffaires #CréationDeSiteWeb #SiteWeb #PrésenceEnLigne #marketing #marketingtips #marketingtips #marketingagency #marketingonline #marketingdigital #marketingdigital #marketingstrategy #marketingstrategy #marketingstrategies #MarketingSuccess #marketingstrategies #marketingdigitalbrasil #digital #digital #digitalart #digitalartist",9,0,0,2023-11-27T08:52:37.000Z,https://www.facebook.com/acm.marketing.tunisie/posts/pfbid0Qpeyk7Tk7UvTudEqzKQh1Ze3rtXNt6FMJA95ojAqZHAXwHhP9G2q6RGVTLzjvy7Yl,,fr,promotion,marketing digital,marketing digital,booster la stratégie marketing et la présence en ligne,"#ACMMarketing, #StratégieMarketing, #DigitalSuccess, #Design, #Visibilité, #CroissanceDesAffaires, #CréationDeSiteWeb, #SiteWeb, #PrésenceEnLigne, #marketing, #marketingtips, #marketingagency, #marketingonline, #marketingdigital, #marketingstrategy, #marketingstrategies, #MarketingSuccess, #marketingdigitalbrasil, #digital, #digitalart, #digitalartist",positif
ACM Marketing Tunisie,facebook,"🎉 En cette Journée Internationale de l'Homme, ACM Marketing célèbre la force, la bienveillance et la contribution exceptionnelle des hommes qui font partie de notre équipe et de notre communauté. Merci pour votre engagement et votre impact positif ! 💪👨

☎️ 73 367 402
💻 www.acm-marketing.tn
✉️ contact@acm-marketing.com
📌 Avenue yasser arafet sahloul, Sousse, Tunisia

#ACMMarketing #JournéeDeLHomme #ACMMarketing #ForceEtBienveillance #Design #Visibilité #CroissanceDesAffaires #CréationDeSiteWeb #SiteWeb #PrésenceEnLigne #marketing #marketingtips #marketingtips #marketingagency #marketingonline #marketingdigital #marketingdigital #marketingstrategy #marketingstrategy #marketingstrategies #MarketingSuccess #marketingstrategies #marketingdigitalbrasil #digital #digital #digitalart #digitalartist",5,1,0,2023-11-19T06:00:10.000Z,https://www.facebook.com/acm.marketing.tunisie/posts/pfbid02iFW85YkRpzvEXJusMPdr8xAv4qasnrzWYeYc9RLWXxWpkTNk6ZEgVeLyaqboKzjZl,,fr,post de célébration,Journée Internationale de l'Homme,marketing digital,engagement et renforcement de la marque,"#ACMMarketing, #JournéeDeLHomme, #ForceEtBienveillance, #Design, #Visibilité, #CroissanceDesAffaires, #CréationDeSiteWeb, #SiteWeb, #PrésenceEnLigne, #marketing, #marketingtips, #marketingagency, #marketingonline, #marketingdigital, #marketingstrategy, #marketingstrategies, #MarketingSuccess, #marketingdigitalbrasil, #digital, #digitalart, #digitalartist",positif
TSA Agence Com,facebook,"Chez TSA, on fait plus que lancer une marque : on crée des histoires qui marquent.
🤝 Avec Kotis , on a imaginé et déployé la stratégie 360° 🚀 qui a propulsé Kotis Baby sur le marché des couches bébé.
Une vision sur plusieurs années, où chaque étape compte : du branding qui claque, au digital qui capte, jusqu’aux campagnes terrain qui marquent les esprits.
Ici, on ne se contente pas d’accompagner, on fait grandir, briller et durer.
 #TSA #KotisBaby #Marketing360 #BrandBuilding #GrowthStrategy #FromIdeaToImpact #LongTermVision #StorytellingDeMarque",113,8,4,2025-08-09T19:55:18.000Z,https://www.facebook.com/TSAagencecom/posts/pfbid02wPa6izvsq59U96WPgcNKMUja8aS3Q8tFtrR1Mzk8362G1D1dE43qbdKBgoj4HW7El,,fr,case study,Branding & storytelling,Stratégie marketing 360°,"Promouvoir Kotis Baby, augmenter la visibilité et générer des leads","#TSA, #KotisBaby, #Marketing360, #BrandBuilding, #GrowthStrategy, #FromIdeaToImpact, #LongTermVision, #StorytellingDeMarque",positive
TSA Agence Com,facebook,"BTS VIBES INCOMING 📸
Today’s playground: a full-on photo and video production with a very important client : Workman
But let’s get one thing straight We don’t shoot just to shoot😎
Every click, every frame, every take is thoughtful, strategic, and packed with purpose! 
We’re not just showcasing workwear, we’re translating features into feels, and functionality into story.
Because great content isn’t just pretty, it’s precise.
Stay tuned… more BTS tea is brewing 👀
 More work is coming, powered by ""The New Baby ""🤫
#TSAxWORKMANGROUP #BTS",6,0,0,2025-08-04T18:35:58.000Z,https://www.facebook.com/reel/524709640706019/,,English,Behind-the-scenes,Workwear promotion,Photo & Video Production,Promote production services and build anticipation,"#TSAxWORKMANGROUP, #BTS",Positive
TSA Agence Com,facebook,"عيدكم مبروك و سنين دايمة🐑
#tsaagencecom #eidkommabrouk",0,0,0,2025-06-06T11:17:24.000Z,https://www.facebook.com/TSAagencecom/videos/577405872084817/,,Arabic,Greeting / Celebration,Eid al-Fitr,Digital Agency Promotion,Brand Awareness / Engagement,"#tsaagencecom, #eidkommabrouk",Positive
Astronet,facebook,Profitez de l’efficacité de notre solution e-commerce pour créer votre site et accroître votre trafic !  🚀 découvrez plus les avantages de cette solution sur notre site web 🌐,2,0,0,2021-08-26T09:00:01.000Z,https://www.facebook.com/astronet.marketing/posts/pfbid036iNzNcNq7oAWVpFveC7B8pSHayuUQ3z7Mc7Lozsnj2B4FDKSmbjYtRM7PTxTqwkjl,,fr,promotion,e-commerce,solution e-commerce,promouvoir la création de site et augmenter le trafic,,positif
Astronet,facebook,"Vous avez envie d’accomplir une transformation digitale efficace et vous voulez être sûr d’asseoir votre e-réputation ?🚀 Astronet est l’agence de Content Marketing qu’il vous faut ! 😎 Nous faisons une analyse de vos contenus, 📊nous vous conseillons et nous vous aidons à élaborer une stratégie éditoriale qui vous assure la réussite de votre Marketing en ligne.🤩
https://www.astronetagency.tn/",3,0,1,2021-08-24T14:00:01.000Z,https://www.facebook.com/astronet.marketing/posts/pfbid02xzj8pe5XtYW53e2y5cJqtiexzcucSUUYrewSfTHkbMXTTiat5R8jY4bfSKJ6WTK4l,,français,promotionnel,transformation digitale et e-réputation,"Content Marketing, analyse de contenus, stratégie éditoriale",attirer de nouveaux clients pour l'agence Astronet,,positif
Astronet,facebook,"Vous souhaitez générer du trafic vers votre site,🚀 améliorer son référencement par Google et augmenter vos taux de conversion ? 😎
Créer du contenu de qualité est la réponse à ces trois problématiques.😇
https://www.astronetagency.tn/",2,0,0,2021-08-18T11:43:58.000Z,https://www.facebook.com/astronet.marketing/posts/pfbid02SLEurCDjPfjvcArz964jZGQczGAqfiL6P5SHDC5Qeey5mqAnccLEW37n4uQZK3nYl,,fr,texte,SEO & conversion,Content marketing,"Trafic, SEO, conversion",,positive
Ufuk connect,facebook,"🔥 Hisabk, la solution comptable que vous attendiez, arrive bientôt !
✅ Gérez votre comptabilité en toute simplicité.
📅 Restez à l'affût pour le lancement officiel !
#Hisabk_Accounting_Manager
#Your smart accounting manager
#comingsoon #NewApp #innovations #hisabk  #comptabilitéfacile
Created by our Creative Team : Roua Herguel",2,0,1,2025-03-16T12:00:32.000Z,https://www.facebook.com/ufuk.connect/posts/pfbid0NPLYPrqNoW2d5hXd3sHAbLUiEuuo6HJi3osxURZjqxtF6y7vFd9TEzidPrXXpwpXl,,français,annonce de lancement,comptabilité,Hisabk,promouvoir le lancement officiel,"#Hisabk_Accounting_Manager, #Your smart accounting manager, #comingsoon, #NewApp, #innovations, #hisabk, #comptabilitéfacile",positif
Ufuk connect,facebook,"🌐 Ufuk Connect! 🌐
""Connecting Your World"" – That’s our promise!
Our team is here to help you turn your idea and vision into a well-executed project with a rapid time to market.
👉 Visit our website now: https://ufuk.tn/
Like & follow us for the latest updates! 👍✨
#UfukConnect #WebDesign #GraphicDesign #ITSolutions #ConnectingYourWorld",2,0,0,2025-03-09T12:19:45.000Z,https://www.facebook.com/ufuk.connect/videos/645407261763778/,,English,promotion,digital agency services,"Web Design, Graphic Design, IT Solutions",drive traffic to website and increase brand awareness,"UfukConnect, WebDesign, GraphicDesign, ITSolutions, ConnectingYourWorld",positive
Ufuk connect,facebook,"🎉🎉Say hello to our new App! 🎉 🎉🎉
#Farik_RH_Manager
#Your HR Solutions
www.farik.tn
----
Created by our Creative Team : Wafa Kammoun",3,0,1,2025-03-06T15:52:54.000Z,https://www.facebook.com/ufuk.connect/posts/pfbid0hqUfLBcB22Cfu1jHHjX1c3BdtXgNiTYrRVr3Fj8P4M4A8Qij72g3HQwGp4QLb9yXl,,English,promotion,HR app launch,HR Manager App,promote new app,"#Farik_RH_Manager, #Your HR Solutions",positive
E2BUSINESS CONSULTING,facebook,Nouvelle édition du cycle Traffic manager version 2026,60,1,3,2026-04-05T19:58:58.000Z,https://www.facebook.com/reel/2754381921585849/,,français,Annonce,Formation en marketing digital,Formation Traffic Manager,Promouvoir la nouvelle édition du cycle Traffic Manager,,positive
E2BUSINESS CONSULTING,facebook,Offre : ai developer,1,0,0,2026-03-11T21:00:31.000Z,https://www.facebook.com/reel/799524015948428/,,fr,Offre d'emploi,Recrutement,Développement IA,Recruter un développeur AI,,neutre
Web Media Tunisie,facebook,"𝐕𝐨𝐭𝐫𝐞 𝐬𝐢𝐭𝐞 𝐞𝐬𝐭 𝐥𝐞𝐧𝐭 𝐨𝐮 𝐛𝐮𝐠𝐮𝐞́ ? 𝐕𝐨𝐬 𝐜𝐥𝐢𝐞𝐧𝐭𝐬 𝐩𝐚𝐫𝐭𝐞𝐧𝐭.
Web Media-International , Agence web avec présence en France 🇫🇷 et en Tunisie 🇹🇳s'occupe de tout.  
Nous assurons la maintenance complète de votre site :
✅ Correction des bugs
✅ Mise à jour du contenu et des plugins
✅ Optimisation des performances
✅ Sécurité & protection Anti-hack
✅ Référencement SEO sur Google
✅ Sauvegardes régulières
✅ Relooking graphique
𝐍𝐞 𝐥𝐚𝐢𝐬𝐬𝐞𝐳 𝐩𝐥𝐮𝐬 𝐯𝐨𝐭𝐫𝐞 𝐬𝐢𝐭𝐞 𝐯𝐨𝐮𝐬 𝐟𝐫𝐞𝐢𝐧𝐞𝐫. 𝐂𝐨𝐧𝐭𝐚𝐜𝐭𝐞𝐳-𝐍𝐨𝐮𝐬 𝐞𝐭 𝐨𝐛𝐭𝐞𝐧𝐞𝐳 𝐥𝐚 𝐩𝐫𝐞𝐦𝐢𝐞̀𝐫𝐞 𝐜𝐨𝐧𝐬𝐮𝐥𝐭𝐚𝐭𝐢𝐨𝐧 𝐆𝐑𝐀𝐓𝐔𝐈𝐓𝐄 !

📞  +𝟑𝟑 𝟔 𝟕𝟗 𝟔𝟒 𝟐𝟏 𝟖𝟔
📧 commercial@webmediatunisie.com
📧commercial@4wlh.fr

#WebMedia #4Webleshalles #MaintenanceWeb #SiteInternet #WordPress #AgenceWeb #SecurityWeb",10,0,0,2026-04-14T10:46:22.000Z,https://www.facebook.com/webmediainternational/posts/pfbid065aVJkq77uLj4JgbU9ykMH6Kq3YTGJi3tKXPFG5EovUHCru7FJ76am3grn2Cv8gcl,,fr,promotion,maintenance de site web,"maintenance complète de site web (bug fixing, mise à jour, optimisation, sécurité, SEO, sauvegardes, relaunch)",attirer de nouveaux clients pour services de maintenance web,"#WebMedia, #4Webleshalles, #MaintenanceWeb, #SiteInternet, #WordPress, #AgenceWeb, #SecurityWeb",positive
Web Media Tunisie,facebook,Comment automatiser votre business avec l’IA N8N,8,0,0,2026-04-12T13:48:33.000Z,https://www.facebook.com/webmediainternational/posts/pfbid02qDMy8FQ6n5yratv2sy4zEY3NzEEgVWYfEJ49Hwr3uPcAQUHAmDMScopM3AHQZtrTl,,fr,texte,automatisation,N8N,informer,,neutre
Web Media Tunisie,facebook,"🇹🇳 9 Avril 1938 - 9 Avril 2026 : Journée des Martyrs en Tunisie 🇹🇳 

chaque année nous honorons avec respect et reconnaissance la mémoire des courageux martyrs tunisiens qui ont sacrifié leur vie et combattu pour l'indépendance du pays.
🕊️ Souvenons-nous, rendons hommage, et transmettons leur héritage de liberté aux générations futures.

🇹🇳Vive la Tunisie💪Gloire à nos martyrs 💪
Gloire à nos martyrs 🇹🇳

#Resistance #FêteDesMartyrs #9Avril1938 #Histoire #tunisie  #webmedia",11,0,2,2026-04-09T08:08:36.000Z,https://www.facebook.com/webmediainternational/posts/pfbid0V2JYnGGwJdGiFkVWPnYFd9uCYGntgixVMs4yq5e37wMm94rmJ7mLJEUJVs2qVTL3l,,fr,texte,commémoration des martyrs,communication institutionnelle,sensibilisation et hommage,"Resistance, FêteDesMartyrs, 9Avril1938, Histoire, tunisie, webmedia",positive
24-7 Digital Design,facebook,"⭐️⭐️ Notre réalisation ⭐️⭐️ :
Conception 3D d'une Unité de vente mobile
Veuillez consulter nos projets réalisés sur notre site web:
🌐 www.24-7digital.com.tn
24-7 Digital Design est votre meilleur partenaire pour réaliser votre:
✅ Site Web.
✅ Application Web & Mobile
✅ Branding , logo et Charte graphique.
✅ Conception de vos supports de communication.
✅ Gestion de vos réseaux sociaux.
✅ Modélisation 3D et rendu réaliste de vos produits.
✅ Packaging design.
Pour toute étude personnalisée, veuillez contacter nos experts au :
Mobile + whatsapp : +216 96 357 457
Facebook : www.facebook.com/24.7.digital.design.tunisie
instagram : www.instagram.com/247digitaldesign/
Linkedin : www.linkedin.com/company/11547031/
#Webdesign #siteweb #logo #chartegraphique #graphicdesign #smo #conception3d #packaging #branding #sitevitrine #ecommerce Voir moins",0,0,0,2024-09-14T09:00:24.000Z,https://www.facebook.com/24.7.digital.design.tunisie/posts/pfbid02rpJLTV3CyxBUc349SQs7PaEFSQ8dfeG4VyrBPatXTiMRy5omYHYVyEuXwcmgFFcUl,,fr,promotion,services d'agence digitale,Conception 3D d'une unité de vente mobile,promouvoir les services de l'agence et inciter les prospects à visiter le site web,"#Webdesign, #siteweb, #logo, #chartegraphique, #graphicdesign, #smo, #conception3d, #packaging, #branding, #sitevitrine, #ecommerce",positive
24-7 Digital Design,facebook,"⭐️⭐️ Notre réalisation ⭐️⭐️ :
Carte de visite pour notre client 🎖 MEETING 🎖
Veuillez consulter nos projets réalisés sur notre site web:
🌐 www.24-7digital.com.tn
24-7 Digital Design est votre meilleur partenaire pour réaliser votre:
✅ Site Web.
✅ Application Web & Mobile
✅ Branding , logo et Charte graphique.
✅ Conception de vos supports de communication.
✅ Gestion de vos réseaux sociaux.
✅ Modélisation 3D et rendu réaliste de vos produits.
✅ Packaging design.
Pour toute étude personnalisée, veuillez contacter nos experts au :
Mobile + whatsapp : +216 96 357 457
Facebook : www.facebook.com/24.7.digital.design.tunisie
instagram : www.instagram.com/247digitaldesign/
Linkedin : www.linkedin.com/company/11547031/
#Webdesign #siteweb #logo #chartegraphique #graphicdesign #smo #conception3d #packaging #branding #sitevitrine #ecommerce Voir moins",0,0,0,2024-09-12T09:00:13.000Z,https://www.facebook.com/24.7.digital.design.tunisie/posts/pfbid02JwGEC7czkuVz7KfCnuJaLZV1i2M9LuAZxVhzCvg3SXUuYLAbeAvysEXMZfGRQeEml,,français,promotion,digital design,Carte de visite,promouvoir les services de l'agence,"#Webdesign, #siteweb, #logo, #chartegraphique, #graphicdesign, #smo, #conception3d, #packaging, #branding, #sitevitrine, #ecommerce",positive
iBrand Tunisia,facebook,"👉 www.ibrandtunisia.tn
☎️ +216 51 65 69 69 // +216 51 65 69 19
📧 contact@ibrandtunisia.tn",0,0,0,2023-12-31T17:47:45.000Z,https://www.facebook.com/ibrandtunisiaofficiel/posts/pfbid034gYQKw21QXCE6iX6sFsowZKVYCwbauaGdNYscx3MJAZSejJ36t8o2jCY17sVhJ7Yl,,français,contact,contact,digital marketing,lead generation,,neutral
iBrand Tunisia,facebook,"👉 www.ibrandtunisia.tn
☎️ +216 51 65 69 69 // +216 51 65 69 19
📧 contact@ibrandtunisia.tn",0,0,0,2023-12-31T17:47:09.000Z,https://www.facebook.com/ibrandtunisiaofficiel/posts/pfbid0V7mFvQ1fipHiRUDqPXXAoN1GHebsmYTk5xxQUJLgMSCgcQgk8UGPZzN5tgFfMsVMl,,fr,contact,contact,contact information,inform clients about contact details,,neutral
